feature_row_0based,sample_id,official_word_index,official_word,text_char_start_0based,text_char_end_exclusive,bert_token_positions_0based,bert_wordpieces,bert_subword_count,text_feature_valid_mask,final_primary_start_time_wav_s,final_primary_end_time_wav_s,final_primary_valid_mask,timestamp_status
0,-3g5yACwYnA$_$13,1,They've,0,7,1;2;3,they ' ve,3,1,,,0,official_word_unmatched_or_ambiguous_in_asr
1,-3g5yACwYnA$_$13,2,been,8,12,4,been,1,1,1.5800000429153442,1.7000000476837158,1,mfa_primary_unique_word_overlap_auto_qc_pass
2,-3g5yACwYnA$_$13,3,able,13,17,5,able,1,1,1.7000000476837158,1.909999966621399,1,mfa_primary_unique_word_overlap_auto_qc_pass
3,-3g5yACwYnA$_$13,4,to,18,20,6,to,1,1,1.909999966621399,2.049999952316284,1,mfa_primary_unique_word_overlap_auto_qc_pass
4,-3g5yACwYnA$_$13,5,find,21,25,7,find,1,1,2.049999952316284,2.4100000858306885,1,mfa_primary_unique_word_overlap_auto_qc_pass
5,-3g5yACwYnA$_$13,6,solutions,26,35,8,solutions,1,1,2.4100000858306885,2.9600000381469727,1,mfa_primary_unique_word_overlap_auto_qc_pass
6,-3g5yACwYnA$_$13,7,or,36,38,9,or,1,1,3.0999999046325684,3.1600000858306885,1,mfa_primary_unique_word_overlap_auto_qc_pass
7,-3g5yACwYnA$_$13,8,at,39,41,10,at,1,1,3.1600000858306885,3.259999990463257,1,mfa_primary_unique_word_overlap_auto_qc_pass
8,-3g5yACwYnA$_$13,9,least,42,47,11,least,1,1,3.259999990463257,3.4700000286102295,1,mfa_primary_unique_word_overlap_auto_qc_pass
9,-3g5yACwYnA$_$13,10,bring,48,53,12,bring,1,1,3.4700000286102295,3.75,1,mfa_primary_unique_word_overlap_auto_qc_pass
10,-3g5yACwYnA$_$13,11,some,54,58,13,some,1,1,3.75,4.010000228881836,1,mfa_primary_unique_word_overlap_auto_qc_pass
11,-3g5yACwYnA$_$13,12,answers,59,66,14,answers,1,1,4.010000228881836,4.369999885559082,1,mfa_primary_unique_word_overlap_auto_qc_pass
12,-3g5yACwYnA$_$13,13,to,67,69,15,to,1,1,4.369999885559082,4.539999961853027,1,mfa_primary_unique_word_overlap_auto_qc_pass
13,-3g5yACwYnA$_$13,14,the,70,73,16,the,1,1,4.599999904632568,4.659999847412109,1,mfa_primary_unique_word_overlap_auto_qc_pass
14,-3g5yACwYnA$_$13,15,table,74,79,17,table,1,1,4.659999847412109,4.869999885559082,1,mfa_primary_unique_word_overlap_auto_qc_pass
15,-3g5yACwYnA$_$3,1,We're,0,5,1;2;3,we ' re,3,1,,,0,mfa_whisper_discrepancy_over_0_5s_null_primary
16,-3g5yACwYnA$_$3,2,a,6,7,4,a,1,1,1.159999966621399,1.309999942779541,1,mfa_primary_unique_word_overlap_auto_qc_pass
17,-3g5yACwYnA$_$3,3,huge,8,12,5,huge,1,1,1.309999942779541,1.840000033378601,1,mfa_primary_unique_word_overlap_auto_qc_pass
18,-3g5yACwYnA$_$3,4,user,13,17,6,user,1,1,,,0,mfa_whisper_discrepancy_over_0_5s_null_primary
19,-3g5yACwYnA$_$3,5,of,18,20,7,of,1,1,2.940000057220459,3.0199999809265137,1,mfa_primary_unique_word_overlap_auto_qc_pass
20,-3g5yACwYnA$_$3,6,adhesives,21,30,8;9;10,ad ##hesive ##s,3,1,3.0199999809265137,3.490000009536743,1,mfa_primary_unique_word_overlap_auto_qc_pass
21,-3g5yACwYnA$_$3,7,for,31,34,11,for,1,1,,,0,mfa_whisper_discrepancy_over_0_5s_null_primary
22,-3g5yACwYnA$_$3,8,our,35,38,12,our,1,1,4.380000114440918,4.690000057220459,1,mfa_primary_unique_word_overlap_auto_qc_pass
23,-3g5yACwYnA$_$3,9,operation,39,48,13,operation,1,1,4.690000057220459,5.260000228881836,1,mfa_primary_unique_word_overlap_auto_qc_pass
24,-3g5yACwYnA$_$3,10,called,50,56,15,called,1,1,5.630000114440918,5.820000171661377,1,mfa_primary_unique_word_overlap_auto_qc_pass
25,-3g5yACwYnA$_$3,11,flocking,57,65,16;17,flock ##ing,2,1,5.820000171661377,6.289999961853027,1,mfa_primary_unique_word_overlap_auto_qc_pass
26,-3g5yACwYnA$_$3,12,and,67,70,19,and,1,1,6.420000076293945,6.809999942779541,1,mfa_primary_unique_word_overlap_auto_qc_pass
27,-3g5yACwYnA$_$3,13,we,71,73,20,we,1,1,6.960000038146973,7.110000133514404,1,mfa_primary_unique_word_overlap_auto_qc_pass
28,-3g5yACwYnA$_$3,14,don't,74,79,21;22;23,don ' t,3,1,7.110000133514404,7.25,1,mfa_primary_unique_word_overlap_auto_qc_pass
29,-3g5yACwYnA$_$3,15,have,80,84,24,have,1,1,7.25,7.349999904632568,1,mfa_primary_unique_word_overlap_auto_qc_pass
30,-3g5yACwYnA$_$3,16,the,85,88,25,the,1,1,7.349999904632568,7.429999828338623,1,mfa_primary_unique_word_overlap_auto_qc_pass
31,-3g5yACwYnA$_$3,17,technical,89,98,26,technical,1,1,7.429999828338623,8.050000190734863,1,mfa_primary_unique_word_overlap_auto_qc_pass
32,-3g5yACwYnA$_$3,18,inside,99,105,27,inside,1,1,,,0,official_word_unmatched_or_ambiguous_in_asr
33,-3g5yACwYnA$_$3,19,compounding,106,117,28;29,compound ##ing,2,1,9.369999885559082,10.029999732971191,1,mfa_primary_unique_word_overlap_auto_qc_pass
34,-3g5yACwYnA$_$3,20,or,118,120,30,or,1,1,10.0600004196167,10.300000190734863,1,mfa_primary_unique_word_overlap_auto_qc_pass
35,-3g5yACwYnA$_$3,21,the,121,124,31,the,1,1,10.300000190734863,10.380000114440918,1,mfa_primary_unique_word_overlap_auto_qc_pass
36,-3g5yACwYnA$_$3,22,technical,125,134,32,technical,1,1,10.380000114440918,10.789999961853027,1,mfa_primary_unique_word_overlap_auto_qc_pass
37,-3g5yACwYnA$_$3,23,expertise,135,144,33,expertise,1,1,10.789999961853027,11.279999732971191,1,mfa_primary_unique_word_overlap_auto_qc_pass
38,-3g5yACwYnA$_$3,24,to,145,147,34,to,1,1,11.279999732971191,11.369999885559082,1,mfa_primary_unique_word_overlap_auto_qc_pass
39,-3g5yACwYnA$_$3,25,do,148,150,35,do,1,1,11.369999885559082,11.489999771118164,1,mfa_primary_unique_word_overlap_auto_qc_pass
40,-3g5yACwYnA$_$3,26,these,151,156,36,these,1,1,11.489999771118164,11.710000038146973,1,mfa_primary_unique_word_overlap_auto_qc_pass
41,-3g5yACwYnA$_$3,27,types,157,162,37,types,1,1,11.710000038146973,11.970000267028809,1,mfa_primary_unique_word_overlap_auto_qc_pass
42,-3g5yACwYnA$_$3,28,of,163,165,38,of,1,1,11.970000267028809,12.0600004196167,1,mfa_primary_unique_word_overlap_auto_qc_pass
43,-3g5yACwYnA$_$3,29,things,166,172,39,things,1,1,12.0600004196167,12.399999618530273,1,mfa_primary_unique_word_overlap_auto_qc_pass
44,-3g5yACwYnA$_$2,1,Key,0,3,1,key,1,1,,,0,mfa_whisper_discrepancy_over_0_5s_null_primary
45,-3g5yACwYnA$_$2,2,Polymer,4,11,2,polymer,1,1,,,0,mfa_whisper_discrepancy_over_0_5s_null_primary
46,-3g5yACwYnA$_$2,3,brings,12,18,3,brings,1,1,,,0,mfa_whisper_discrepancy_over_0_5s_null_primary
47,-3g5yACwYnA$_$2,4,a,19,20,4,a,1,1,,,0,mfa_whisper_discrepancy_over_0_5s_null_primary
48,-3g5yACwYnA$_$2,5,technical,21,30,5,technical,1,1,,,0,mfa_whisper_discrepancy_over_0_5s_null_primary
49,-3g5yACwYnA$_$2,6,aspect,31,37,6,aspect,1,1,4.28000020980835,4.75,1,mfa_primary_exact_transcript_auto_qc_pass
50,-3g5yACwYnA$_$2,7,to,38,40,7,to,1,1,4.75,5.0,1,mfa_primary_exact_transcript_auto_qc_pass
51,-3g5yACwYnA$_$2,8,our,41,44,8,our,1,1,5.21999979019165,5.619999885559082,1,mfa_primary_exact_transcript_auto_qc_pass
52,-3g5yACwYnA$_$2,9,operation,45,54,9,operation,1,1,5.809999942779541,6.489999771118164,1,mfa_primary_exact_transcript_auto_qc_pass
53,-3g5yACwYnA$_$2,10,that,55,59,10,that,1,1,6.489999771118164,6.650000095367432,1,mfa_primary_exact_transcript_auto_qc_pass
54,-3g5yACwYnA$_$2,11,we,60,62,11,we,1,1,6.650000095367432,6.769999980926514,1,mfa_primary_exact_transcript_auto_qc_pass
55,-3g5yACwYnA$_$2,12,don't,63,68,12;13;14,don ' t,3,1,6.769999980926514,7.010000228881836,1,mfa_primary_exact_transcript_auto_qc_pass
56,-3g5yACwYnA$_$2,13,have,69,73,15,have,1,1,7.010000228881836,7.210000038146973,1,mfa_primary_exact_transcript_auto_qc_pass
57,-3g5yACwYnA$_$2,14,internally,74,84,16,internally,1,1,7.210000038146973,7.699999809265137,1,mfa_primary_exact_transcript_auto_qc_pass
58,-3g5yACwYnA$_$9,1,We,0,2,1,we,1,1,0.75,0.8999999761581421,1,mfa_primary_unique_word_overlap_auto_qc_pass
59,-3g5yACwYnA$_$9,2,have,3,7,2,have,1,1,0.8999999761581421,1.0800000429153442,1,mfa_primary_unique_word_overlap_auto_qc_pass
60,-3g5yACwYnA$_$9,3,many,8,12,3,many,1,1,1.0800000429153442,1.4700000286102295,1,mfa_primary_unique_word_overlap_auto_qc_pass
61,-3g5yACwYnA$_$9,4,new,13,16,4,new,1,1,1.6399999856948853,1.8899999856948853,1,mfa_primary_unique_word_overlap_auto_qc_pass
62,-3g5yACwYnA$_$9,5,opportunities,17,30,5,opportunities,1,1,1.8899999856948853,2.490000009536743,1,mfa_primary_unique_word_overlap_auto_qc_pass
63,-3g5yACwYnA$_$9,6,through,31,38,6,through,1,1,2.490000009536743,2.8299999237060547,1,mfa_primary_unique_word_overlap_auto_qc_pass
64,-3g5yACwYnA$_$9,7,the,39,42,7,the,1,1,,,0,mfa_whisper_discrepancy_over_0_5s_null_primary
65,-3g5yACwYnA$_$9,8,way,43,46,8,way,1,1,3.4200000762939453,3.630000114440918,1,mfa_primary_unique_word_overlap_auto_qc_pass
66,-3g5yACwYnA$_$9,9,things,47,53,9,things,1,1,3.630000114440918,3.890000104904175,1,mfa_primary_unique_word_overlap_auto_qc_pass
67,-3g5yACwYnA$_$9,10,have,54,58,10,have,1,1,3.890000104904175,3.990000009536743,1,mfa_primary_unique_word_overlap_auto_qc_pass
68,-3g5yACwYnA$_$9,11,changed,59,66,11,changed,1,1,3.990000009536743,4.300000190734863,1,mfa_primary_unique_word_overlap_auto_qc_pass
69,-3g5yACwYnA$_$9,12,through,67,74,12,through,1,1,4.300000190734863,4.429999828338623,1,mfa_primary_unique_word_overlap_auto_qc_pass
70,-3g5yACwYnA$_$9,13,the,75,78,13,the,1,1,4.429999828338623,4.519999980926514,1,mfa_primary_unique_word_overlap_auto_qc_pass
71,-3g5yACwYnA$_$9,14,years,79,84,14,years,1,1,4.519999980926514,4.980000019073486,1,mfa_primary_unique_word_overlap_auto_qc_pass
72,-3g5yACwYnA$_$9,15,looking,86,93,16,looking,1,1,5.630000114440918,5.849999904632568,1,mfa_primary_unique_word_overlap_auto_qc_pass
73,-3g5yACwYnA$_$9,16,for,94,97,17,for,1,1,5.849999904632568,6.0,1,mfa_primary_unique_word_overlap_auto_qc_pass
74,-3g5yACwYnA$_$9,17,new,98,101,18,new,1,1,6.0,6.199999809265137,1,mfa_primary_unique_word_overlap_auto_qc_pass
75,-3g5yACwYnA$_$9,18,niche,102,107,19,niche,1,1,6.199999809265137,6.610000133514404,1,mfa_primary_unique_word_overlap_auto_qc_pass
76,-3g5yACwYnA$_$9,19,high,108,112,20,high,1,1,6.639999866485596,6.829999923706055,1,mfa_primary_unique_word_overlap_auto_qc_pass
77,-3g5yACwYnA$_$9,20,end,113,116,22,end,1,1,6.829999923706055,7.050000190734863,1,mfa_primary_unique_word_overlap_auto_qc_pass
78,-3g5yACwYnA$_$9,21,value,118,123,24,value,1,1,7.050000190734863,7.449999809265137,1,mfa_primary_unique_word_overlap_auto_qc_pass
79,-3g5yACwYnA$_$9,22,added,124,129,26,added,1,1,7.449999809265137,7.639999866485596,1,mfa_primary_unique_word_overlap_auto_qc_pass
80,-3g5yACwYnA$_$9,23,products,130,138,27,products,1,1,7.639999866485596,8.130000114440918,1,mfa_primary_unique_word_overlap_auto_qc_pass
81,-3nNcZdcdvU$_$5,1,Noncompliance,0,13,1;2;3;4,non ##com ##pl ##iance,4,1,,,0,official_word_unmatched_or_ambiguous_in_asr
82,-3nNcZdcdvU$_$5,2,can,14,17,5,can,1,1,1.590000033378601,1.9500000476837158,1,mfa_primary_unique_word_overlap_auto_qc_pass
83,-3nNcZdcdvU$_$5,3,result,18,24,6,result,1,1,1.9500000476837158,2.6600000858306885,1,mfa_primary_unique_word_overlap_auto_qc_pass
84,-3nNcZdcdvU$_$5,4,in,25,27,7,in,1,1,2.6600000858306885,2.819999933242798,1,mfa_primary_unique_word_overlap_auto_qc_pass
85,-3nNcZdcdvU$_$5,5,legal,28,33,8,legal,1,1,2.819999933242798,3.069999933242798,1,mfa_primary_unique_word_overlap_auto_qc_pass
86,-3nNcZdcdvU$_$5,6,liability,34,43,9,liability,1,1,3.069999933242798,3.880000114440918,1,mfa_primary_unique_word_overlap_auto_qc_pass
87,-3nNcZdcdvU$_$5,7,to,44,46,10,to,1,1,3.9700000286102295,4.119999885559082,1,mfa_primary_unique_word_overlap_auto_qc_pass
88,-3nNcZdcdvU$_$5,8,you,47,50,11,you,1,1,4.119999885559082,4.610000133514404,1,mfa_primary_unique_word_overlap_auto_qc_pass
89,-3nNcZdcdvU$_$5,9,and,51,54,12,and,1,1,4.929999828338623,5.230000019073486,1,mfa_primary_unique_word_overlap_auto_qc_pass
90,-3nNcZdcdvU$_$5,10,to,55,57,13,to,1,1,5.230000019073486,5.349999904632568,1,mfa_primary_unique_word_overlap_auto_qc_pass
91,-3nNcZdcdvU$_$5,11,the,58,61,14,the,1,1,5.349999904632568,5.449999809265137,1,mfa_primary_unique_word_overlap_auto_qc_pass
92,-3nNcZdcdvU$_$5,12,school,62,68,15,school,1,1,5.449999809265137,5.739999771118164,1,mfa_primary_unique_word_overlap_auto_qc_pass
93,-3nNcZdcdvU$_$5,13,district,69,77,16,district,1,1,5.739999771118164,6.159999847412109,1,mfa_primary_unique_word_overlap_auto_qc_pass
94,-3nNcZdcdvU$_$5,14,in,78,80,17,in,1,1,6.159999847412109,6.239999771118164,1,mfa_primary_unique_word_overlap_auto_qc_pass
95,-3nNcZdcdvU$_$5,15,which,81,86,18,which,1,1,6.239999771118164,6.510000228881836,1,mfa_primary_unique_word_overlap_auto_qc_pass
96,-3nNcZdcdvU$_$5,16,you,87,90,19,you,1,1,6.510000228881836,6.630000114440918,1,mfa_primary_unique_word_overlap_auto_qc_pass
97,-3nNcZdcdvU$_$5,17,are,91,94,20,are,1,1,6.630000114440918,6.71999979019165,1,mfa_primary_unique_word_overlap_auto_qc_pass
98,-3nNcZdcdvU$_$5,18,employed,95,103,21,employed,1,1,6.71999979019165,7.230000019073486,1,mfa_primary_unique_word_overlap_auto_qc_pass
99,-HwX2H8Z4hY$_$2,1,President,3,12,3,president,1,1,,,0,official_word_unmatched_or_ambiguous_in_asr
100,-HwX2H8Z4hY$_$2,2,Ronald,13,19,4,ronald,1,1,,,0,official_word_unmatched_or_ambiguous_in_asr
101,-HwX2H8Z4hY$_$2,3,Reagan,20,26,5,reagan,1,1,,,0,official_word_unmatched_or_ambiguous_in_asr
102,-HwX2H8Z4hY$_$2,4,Look,30,34,9,look,1,1,2.6700000762939453,2.859999895095825,1,mfa_primary_unique_word_overlap_auto_qc_pass
103,-HwX2H8Z4hY$_$2,5,at,35,37,10,at,1,1,2.859999895095825,2.9200000762939453,1,mfa_primary_unique_word_overlap_auto_qc_pass
104,-HwX2H8Z4hY$_$2,6,the,38,41,11,the,1,1,2.9200000762939453,3.009999990463257,1,mfa_primary_unique_word_overlap_auto_qc_pass
105,-HwX2H8Z4hY$_$2,7,record,42,48,12,record,1,1,3.009999990463257,3.4200000762939453,1,mfa_primary_unique_word_overlap_auto_qc_pass
106,-HwX2H8Z4hY$_$5,1,President,2,11,2,president,1,1,,,0,mfa_whisper_discrepancy_over_0_5s_null_primary
107,-HwX2H8Z4hY$_$5,2,Ronald,12,18,3,ronald,1,1,1.2999999523162842,1.6200000047683716,1,mfa_primary_exact_transcript_auto_qc_pass
108,-HwX2H8Z4hY$_$5,3,Reagan,19,25,4,reagan,1,1,1.6200000047683716,2.119999885559082,1,mfa_primary_exact_transcript_auto_qc_pass
109,-HwX2H8Z4hY$_$5,4,blamed,26,32,5,blamed,1,1,2.119999885559082,2.5299999713897705,1,mfa_primary_exact_transcript_auto_qc_pass
110,-HwX2H8Z4hY$_$5,5,the,33,36,6,the,1,1,2.5299999713897705,2.7100000381469727,1,mfa_primary_exact_transcript_auto_qc_pass
111,-HwX2H8Z4hY$_$5,6,professional,37,49,7,professional,1,1,2.7100000381469727,3.390000104904175,1,mfa_primary_exact_transcript_auto_qc_pass
112,-HwX2H8Z4hY$_$5,7,bureaucracy,50,61,8,bureaucracy,1,1,3.390000104904175,4.230000019073486,1,mfa_primary_exact_transcript_auto_qc_pass
113,-HwX2H8Z4hY$_$5,8,of,62,64,9,of,1,1,4.230000019073486,4.389999866485596,1,mfa_primary_exact_transcript_auto_qc_pass
114,-HwX2H8Z4hY$_$5,9,education,65,74,10,education,1,1,4.389999866485596,5.099999904632568,1,mfa_primary_exact_transcript_auto_qc_pass
115,-HwX2H8Z4hY$_$6,1,And,0,3,1,and,1,1,,,0,mfa_whisper_discrepancy_over_0_5s_null_primary
116,-HwX2H8Z4hY$_$6,2,in,4,6,2,in,1,1,0.6499999761581421,0.7400000095367432,1,mfa_primary_unique_word_overlap_auto_qc_pass
117,-HwX2H8Z4hY$_$6,3,part,7,11,3,part,1,1,0.7400000095367432,1.1799999475479126,1,mfa_primary_unique_word_overlap_auto_qc_pass
118,-HwX2H8Z4hY$_$6,4,Al,13,15,5,al,1,1,1.4500000476837158,1.6399999856948853,1,mfa_primary_unique_word_overlap_auto_qc_pass
119,-HwX2H8Z4hY$_$6,5,Shanker,16,23,6;7,shan ##ker,2,1,,,0,official_word_unmatched_or_ambiguous_in_asr
120,-HwX2H8Z4hY$_$6,6,did,24,27,8,did,1,1,2.259999990463257,2.490000009536743,1,mfa_primary_unique_word_overlap_auto_qc_pass
121,-HwX2H8Z4hY$_$6,7,too,28,31,9,too,1,1,2.490000009536743,2.7799999713897705,1,mfa_primary_unique_word_overlap_auto_qc_pass
122,-HwX2H8Z4hY$_$9,1,It,0,2,1,it,1,1,,,0,mfa_whisper_discrepancy_over_0_5s_null_primary
123,-HwX2H8Z4hY$_$9,2,is,3,5,2,is,1,1,0.6200000047683716,0.7599999904632568,1,mfa_primary_unique_word_overlap_auto_qc_pass
124,-HwX2H8Z4hY$_$9,3,a,6,7,3,a,1,1,0.7599999904632568,0.8500000238418579,1,mfa_primary_unique_word_overlap_auto_qc_pass
125,-HwX2H8Z4hY$_$9,4,word,8,12,4,word,1,1,0.8500000238418579,1.2400000095367432,1,mfa_primary_unique_word_overlap_auto_qc_pass
126,-HwX2H8Z4hY$_$9,5,which,13,18,5,which,1,1,1.409999966621399,1.649999976158142,1,mfa_primary_unique_word_overlap_auto_qc_pass
127,-HwX2H8Z4hY$_$9,6,the,19,22,6,the,1,1,1.649999976158142,1.7599999904632568,1,mfa_primary_unique_word_overlap_auto_qc_pass
128,-HwX2H8Z4hY$_$9,7,administrator,23,36,7,administrator,1,1,1.7599999904632568,2.490000009536743,1,mfa_primary_unique_word_overlap_auto_qc_pass
129,-HwX2H8Z4hY$_$9,8,uses,37,41,8,uses,1,1,2.490000009536743,2.9700000286102295,1,mfa_primary_unique_word_overlap_auto_qc_pass
130,-HwX2H8Z4hY$_$9,9,when,42,46,9,when,1,1,,,0,mfa_whisper_discrepancy_over_0_5s_null_primary
131,-HwX2H8Z4hY$_$9,10,he,47,49,10,he,1,1,,,0,mfa_whisper_discrepancy_over_0_5s_null_primary
132,-HwX2H8Z4hY$_$9,11,turns,50,55,11,turns,1,1,,,0,mfa_whisper_discrepancy_over_0_5s_null_primary
133,-HwX2H8Z4hY$_$9,12,around,56,62,12,around,1,1,4.320000171661377,4.800000190734863,1,mfa_primary_unique_word_overlap_auto_qc_pass
134,-HwX2H8Z4hY$_$9,13,anything,63,71,13,anything,1,1,4.869999885559082,5.5,1,mfa_primary_unique_word_overlap_auto_qc_pass
135,-HwX2H8Z4hY$_$9,14,which,72,77,14,which,1,1,5.5,5.639999866485596,1,mfa_primary_unique_word_overlap_auto_qc_pass
136,-HwX2H8Z4hY$_$9,15,he,78,80,15,he,1,1,5.639999866485596,5.730000019073486,1,mfa_primary_unique_word_overlap_auto_qc_pass
137,-HwX2H8Z4hY$_$9,16,doesn't,81,88,16;17;18,doesn ' t,3,1,5.730000019073486,6.019999980926514,1,mfa_primary_unique_word_overlap_auto_qc_pass
138,-HwX2H8Z4hY$_$9,17,like,89,93,19,like,1,1,6.019999980926514,6.260000228881836,1,mfa_primary_unique_word_overlap_auto_qc_pass
139,-HwX2H8Z4hY$_$9,18,that,94,98,20,that,1,1,,,0,official_word_unmatched_or_ambiguous_in_asr
140,-HwX2H8Z4hY$_$9,19,the,99,102,21,the,1,1,6.260000228881836,6.389999866485596,1,mfa_primary_unique_word_overlap_auto_qc_pass
141,-HwX2H8Z4hY$_$9,20,teacher,103,110,22,teacher,1,1,6.389999866485596,6.760000228881836,1,mfa_primary_unique_word_overlap_auto_qc_pass
142,-HwX2H8Z4hY$_$9,21,is,111,113,23,is,1,1,6.760000228881836,6.869999885559082,1,mfa_primary_unique_word_overlap_auto_qc_pass
143,-HwX2H8Z4hY$_$9,22,doing,114,119,24,doing,1,1,6.869999885559082,7.210000038146973,1,mfa_primary_unique_word_overlap_auto_qc_pass
144,-NFrJFQijFE$_$1,1,Structural,0,10,1,structural,1,1,,,0,asr_empty_no_timestamp
145,-NFrJFQijFE$_$1,2,mounts,11,17,2,mounts,1,1,,,0,asr_empty_no_timestamp
146,-NFrJFQijFE$_$1,3,inside,18,24,3,inside,1,1,,,0,asr_empty_no_timestamp
147,-NFrJFQijFE$_$1,4,have,25,29,4,have,1,1,,,0,asr_empty_no_timestamp
148,-NFrJFQijFE$_$1,5,to,30,32,5,to,1,1,,,0,asr_empty_no_timestamp
149,-NFrJFQijFE$_$1,6,be,33,35,6,be,1,1,,,0,asr_empty_no_timestamp
150,-NFrJFQijFE$_$1,7,properly,36,44,7,properly,1,1,,,0,asr_empty_no_timestamp
151,-NFrJFQijFE$_$1,8,stress,45,51,8,stress,1,1,,,0,asr_empty_no_timestamp
152,-NFrJFQijFE$_$1,9,analyzed,52,60,9,analyzed,1,1,,,0,asr_empty_no_timestamp
153,-NFrJFQijFE$_$1,10,so,61,63,10,so,1,1,,,0,asr_empty_no_timestamp
154,-NFrJFQijFE$_$1,11,we,64,66,11,we,1,1,,,0,asr_empty_no_timestamp
155,-NFrJFQijFE$_$1,12,make,67,71,12,make,1,1,,,0,asr_empty_no_timestamp
156,-NFrJFQijFE$_$1,13,sure,72,76,13,sure,1,1,,,0,asr_empty_no_timestamp
157,-NFrJFQijFE$_$1,14,all,77,80,14,all,1,1,,,0,asr_empty_no_timestamp
158,-NFrJFQijFE$_$1,15,that,81,85,15,that,1,1,,,0,asr_empty_no_timestamp
159,-NFrJFQijFE$_$1,16,happens,86,93,16,happens,1,1,,,0,asr_empty_no_timestamp
160,-NFrJFQijFE$_$2,1,So,0,2,1,so,1,1,,,0,official_word_unmatched_or_ambiguous_in_asr
161,-NFrJFQijFE$_$2,2,we,3,5,2,we,1,1,,,0,official_word_unmatched_or_ambiguous_in_asr
162,-NFrJFQijFE$_$2,3,coordinate,6,16,3,coordinate,1,1,,,0,official_word_unmatched_or_ambiguous_in_asr
163,-NFrJFQijFE$_$2,4,with,17,21,4,with,1,1,,,0,official_word_unmatched_or_ambiguous_in_asr
164,-NFrJFQijFE$_$2,5,all,22,25,5,all,1,1,,,0,official_word_unmatched_or_ambiguous_in_asr
165,-NFrJFQijFE$_$2,6,the,26,29,6,the,1,1,,,0,official_word_unmatched_or_ambiguous_in_asr
166,-NFrJFQijFE$_$2,7,proper,30,36,7,proper,1,1,,,0,official_word_unmatched_or_ambiguous_in_asr
167,-NFrJFQijFE$_$2,8,technical,37,46,8,technical,1,1,,,0,official_word_unmatched_or_ambiguous_in_asr
168,-NFrJFQijFE$_$2,9,fields,47,53,9,fields,1,1,,,0,official_word_unmatched_or_ambiguous_in_asr
169,-NFrJFQijFE$_$2,10,to,54,56,10,to,1,1,,,0,official_word_unmatched_or_ambiguous_in_asr
170,-NFrJFQijFE$_$2,11,get,57,60,11,get,1,1,,,0,official_word_unmatched_or_ambiguous_in_asr
171,-NFrJFQijFE$_$2,12,ready,61,66,12,ready,1,1,,,0,official_word_unmatched_or_ambiguous_in_asr
172,-NFrJFQijFE$_$2,13,for,67,70,13,for,1,1,,,0,official_word_unmatched_or_ambiguous_in_asr
173,-NFrJFQijFE$_$2,14,the,71,74,14,the,1,1,,,0,official_word_unmatched_or_ambiguous_in_asr
174,-NFrJFQijFE$_$2,15,instrument,75,85,15,instrument,1,1,,,0,official_word_unmatched_or_ambiguous_in_asr
175,-NFrJFQijFE$_$2,16,to,86,88,16,to,1,1,,,0,official_word_unmatched_or_ambiguous_in_asr
176,-NFrJFQijFE$_$2,17,arrive,89,95,17,arrive,1,1,,,0,official_word_unmatched_or_ambiguous_in_asr
177,-NFrJFQijFE$_$2,18,here,96,100,18,here,1,1,,,0,official_word_unmatched_or_ambiguous_in_asr
178,-THoVjtIkeU$_$12,1,What,0,4,1,what,1,1,,,0,official_word_unmatched_or_ambiguous_in_asr
179,-THoVjtIkeU$_$12,2,ever,5,9,2,ever,1,1,,,0,official_word_unmatched_or_ambiguous_in_asr
180,-THoVjtIkeU$_$12,3,we,10,12,3,we,1,1,1.590000033378601,1.7400000095367432,1,mfa_primary_unique_word_overlap_auto_qc_pass
181,-THoVjtIkeU$_$12,4,turn,13,17,4,turn,1,1,1.7400000095367432,1.909999966621399,1,mfa_primary_unique_word_overlap_auto_qc_pass
182,-THoVjtIkeU$_$12,5,our,18,21,5,our,1,1,1.909999966621399,2.0399999618530273,1,mfa_primary_unique_word_overlap_auto_qc_pass
183,-THoVjtIkeU$_$12,6,attention,22,31,6,attention,1,1,2.0399999618530273,2.690000057220459,1,mfa_primary_unique_word_overlap_auto_qc_pass
184,-THoVjtIkeU$_$12,7,to,32,34,7,to,1,1,2.690000057220459,2.890000104904175,1,mfa_primary_unique_word_overlap_auto_qc_pass
185,-THoVjtIkeU$_$12,8,is,35,37,8,is,1,1,2.990000009536743,3.3299999237060547,1,mfa_primary_unique_word_overlap_auto_qc_pass
186,-THoVjtIkeU$_$12,9,what,38,42,9,what,1,1,3.3299999237060547,3.509999990463257,1,mfa_primary_unique_word_overlap_auto_qc_pass
187,-THoVjtIkeU$_$12,10,grows,43,48,10,grows,1,1,3.509999990463257,3.9700000286102295,1,mfa_primary_unique_word_overlap_auto_qc_pass
188,-THoVjtIkeU$_$12,11,and,49,52,11,and,1,1,4.349999904632568,4.489999771118164,1,mfa_primary_unique_word_overlap_auto_qc_pass
189,-THoVjtIkeU$_$12,12,so,53,55,12,so,1,1,4.489999771118164,4.679999828338623,1,mfa_primary_unique_word_overlap_auto_qc_pass
190,-THoVjtIkeU$_$12,13,if,56,58,13,if,1,1,4.679999828338623,4.849999904632568,1,mfa_primary_unique_word_overlap_auto_qc_pass
191,-THoVjtIkeU$_$12,14,we,59,61,14,we,1,1,4.849999904632568,4.980000019073486,1,mfa_primary_unique_word_overlap_auto_qc_pass
192,-THoVjtIkeU$_$12,15,believe,62,69,15,believe,1,1,4.980000019073486,5.630000114440918,1,mfa_primary_unique_word_overlap_auto_qc_pass
193,-THoVjtIkeU$_$12,16,that,70,74,16,that,1,1,5.630000114440918,5.760000228881836,1,mfa_primary_unique_word_overlap_auto_qc_pass
194,-THoVjtIkeU$_$12,17,anything,75,83,17,anything,1,1,5.800000190734863,6.130000114440918,1,mfa_primary_unique_word_overlap_auto_qc_pass
195,-THoVjtIkeU$_$12,18,is,84,86,18,is,1,1,6.130000114440918,6.239999771118164,1,mfa_primary_unique_word_overlap_auto_qc_pass
196,-THoVjtIkeU$_$12,19,possible,87,95,19,possible,1,1,6.239999771118164,6.730000019073486,1,mfa_primary_unique_word_overlap_auto_qc_pass
197,-THoVjtIkeU$_$12,20,if,97,99,21,if,1,1,6.730000019073486,6.860000133514404,1,mfa_primary_unique_word_overlap_auto_qc_pass
198,-THoVjtIkeU$_$12,21,we,100,102,22,we,1,1,6.860000133514404,7.199999809265137,1,mfa_primary_unique_word_overlap_auto_qc_pass
199,-THoVjtIkeU$_$12,22,believe,103,110,23,believe,1,1,7.539999961853027,8.210000038146973,1,mfa_primary_unique_word_overlap_auto_qc_pass
200,-THoVjtIkeU$_$12,23,that,111,115,24,that,1,1,,,0,mfa_whisper_discrepancy_over_0_5s_null_primary
201,-THoVjtIkeU$_$12,24,social,116,122,25,social,1,1,,,0,mfa_whisper_discrepancy_over_0_5s_null_primary
202,-THoVjtIkeU$_$12,25,justice,123,130,26,justice,1,1,9.720000267028809,10.140000343322754,1,mfa_primary_unique_word_overlap_auto_qc_pass
203,-THoVjtIkeU$_$12,26,can,131,134,27,can,1,1,10.140000343322754,10.390000343322754,1,mfa_primary_unique_word_overlap_auto_qc_pass
204,-THoVjtIkeU$_$12,27,be,135,137,28,be,1,1,10.390000343322754,10.510000228881836,1,mfa_primary_unique_word_overlap_auto_qc_pass
205,-THoVjtIkeU$_$12,28,achieved,138,146,29,achieved,1,1,10.510000228881836,10.979999542236328,1,mfa_primary_unique_word_overlap_auto_qc_pass
206,-THoVjtIkeU$_$12,29,and,147,150,30,and,1,1,10.979999542236328,11.069999694824219,1,mfa_primary_unique_word_overlap_auto_qc_pass
207,-THoVjtIkeU$_$12,30,if,151,153,31,if,1,1,11.069999694824219,11.170000076293945,1,mfa_primary_unique_word_overlap_auto_qc_pass
208,-THoVjtIkeU$_$12,31,we,154,156,32,we,1,1,11.170000076293945,11.25,1,mfa_primary_unique_word_overlap_auto_qc_pass
209,-THoVjtIkeU$_$12,32,believe,157,164,33,believe,1,1,11.25,11.829999923706055,1,mfa_primary_unique_word_overlap_auto_qc_pass
210,-THoVjtIkeU$_$12,33,in,165,167,34,in,1,1,11.829999923706055,12.039999961853027,1,mfa_primary_unique_word_overlap_auto_qc_pass
211,-THoVjtIkeU$_$12,34,youth,168,173,35,youth,1,1,12.039999961853027,12.470000267028809,1,mfa_primary_unique_word_overlap_auto_qc_pass
212,-THoVjtIkeU$_$12,35,they,175,179,37,they,1,1,13.09000015258789,13.220000267028809,1,mfa_primary_unique_word_overlap_auto_qc_pass
213,-THoVjtIkeU$_$12,36,will,180,184,38,will,1,1,13.220000267028809,13.3100004196167,1,mfa_primary_unique_word_overlap_auto_qc_pass
214,-THoVjtIkeU$_$12,37,believe,185,192,39,believe,1,1,13.3100004196167,13.579999923706055,1,mfa_primary_unique_word_overlap_auto_qc_pass
215,-THoVjtIkeU$_$12,38,in,193,195,40,in,1,1,13.579999923706055,13.65999984741211,1,mfa_primary_unique_word_overlap_auto_qc_pass
216,-THoVjtIkeU$_$12,39,themselves,196,206,41,themselves,1,1,13.65999984741211,14.289999961853027,1,mfa_primary_unique_word_overlap_auto_qc_pass
217,-THoVjtIkeU$_$2,1,I,0,1,1,i,1,1,0.029999999329447746,0.09000000357627869,1,mfa_primary_exact_transcript_auto_qc_pass
218,-THoVjtIkeU$_$2,2,think,2,7,2,think,1,1,0.09000000357627869,0.46000000834465027,1,mfa_primary_exact_transcript_auto_qc_pass
219,-THoVjtIkeU$_$2,3,social,8,14,3,social,1,1,0.46000000834465027,0.9100000262260437,1,mfa_primary_exact_transcript_auto_qc_pass
220,-THoVjtIkeU$_$2,4,justice,15,22,4,justice,1,1,1.1299999952316284,1.690000057220459,1,mfa_primary_exact_transcript_auto_qc_pass
221,-THoVjtIkeU$_$2,5,is,23,25,5,is,1,1,1.690000057220459,1.9199999570846558,1,mfa_primary_exact_transcript_auto_qc_pass
222,-THoVjtIkeU$_$2,6,extremely,26,35,6,extremely,1,1,1.9199999570846558,2.359999895095825,1,mfa_primary_exact_transcript_auto_qc_pass
223,-THoVjtIkeU$_$2,7,important,36,45,7,important,1,1,2.359999895095825,2.819999933242798,1,mfa_primary_exact_transcript_auto_qc_pass
224,-THoVjtIkeU$_$2,8,for,46,49,8,for,1,1,2.819999933242798,3.0199999809265137,1,mfa_primary_exact_transcript_auto_qc_pass
225,-THoVjtIkeU$_$2,9,young,50,55,9,young,1,1,3.0199999809265137,3.259999990463257,1,mfa_primary_exact_transcript_auto_qc_pass
226,-THoVjtIkeU$_$2,10,people,56,62,10,people,1,1,3.259999990463257,3.7200000286102295,1,mfa_primary_exact_transcript_auto_qc_pass
227,-THoVjtIkeU$_$6,1,You,0,3,1,you,1,1,,,0,official_word_unmatched_or_ambiguous_in_asr
228,-THoVjtIkeU$_$6,2,know,4,8,2,know,1,1,,,0,official_word_unmatched_or_ambiguous_in_asr
229,-THoVjtIkeU$_$6,3,that,9,13,3,that,1,1,,,0,official_word_unmatched_or_ambiguous_in_asr
230,-THoVjtIkeU$_$6,4,I,14,15,4,i,1,1,0.28999999165534973,0.3199999928474426,1,mfa_primary_unique_word_overlap_auto_qc_pass
231,-THoVjtIkeU$_$6,5,think,16,21,5,think,1,1,0.49000000953674316,0.8999999761581421,1,mfa_primary_unique_word_overlap_auto_qc_pass
232,-THoVjtIkeU$_$6,6,listening,22,31,6,listening,1,1,1.3799999952316284,1.899999976158142,1,mfa_primary_unique_word_overlap_auto_qc_pass
233,-THoVjtIkeU$_$6,7,to,32,34,7,to,1,1,1.899999976158142,2.0199999809265137,1,mfa_primary_unique_word_overlap_auto_qc_pass
234,-THoVjtIkeU$_$6,8,young,35,40,8,young,1,1,2.0199999809265137,2.25,1,mfa_primary_unique_word_overlap_auto_qc_pass
235,-THoVjtIkeU$_$6,9,people,41,47,9,people,1,1,2.25,2.609999895095825,1,mfa_primary_unique_word_overlap_auto_qc_pass
236,-THoVjtIkeU$_$6,10,taking,49,55,11,taking,1,1,2.609999895095825,3.0399999618530273,1,mfa_primary_unique_word_overlap_auto_qc_pass
237,-THoVjtIkeU$_$6,11,in,56,58,12,in,1,1,3.0399999618530273,3.2100000381469727,1,mfa_primary_unique_word_overlap_auto_qc_pass
238,-THoVjtIkeU$_$6,12,what,59,63,13,what,1,1,3.2100000381469727,3.390000104904175,1,mfa_primary_unique_word_overlap_auto_qc_pass
239,-THoVjtIkeU$_$6,13,they,64,68,14,they,1,1,3.390000104904175,3.5199999809265137,1,mfa_primary_unique_word_overlap_auto_qc_pass
240,-THoVjtIkeU$_$6,14,have,69,73,15,have,1,1,3.5199999809265137,3.740000009536743,1,mfa_primary_unique_word_overlap_auto_qc_pass
241,-THoVjtIkeU$_$6,15,to,74,76,16,to,1,1,3.740000009536743,3.859999895095825,1,mfa_primary_unique_word_overlap_auto_qc_pass
242,-THoVjtIkeU$_$6,16,say,77,80,17,say,1,1,3.859999895095825,4.159999847412109,1,mfa_primary_unique_word_overlap_auto_qc_pass
243,-THoVjtIkeU$_$6,17,because,81,88,18,because,1,1,4.159999847412109,4.489999771118164,1,mfa_primary_unique_word_overlap_auto_qc_pass
244,-THoVjtIkeU$_$6,18,what,89,93,19,what,1,1,4.829999923706055,5.0,1,mfa_primary_unique_word_overlap_auto_qc_pass
245,-THoVjtIkeU$_$6,19,we,94,96,20,we,1,1,,,0,official_word_unmatched_or_ambiguous_in_asr
246,-THoVjtIkeU$_$6,20,have,97,101,21,have,1,1,,,0,official_word_unmatched_or_ambiguous_in_asr
247,-THoVjtIkeU$_$6,21,seen,102,106,22,seen,1,1,5.179999828338623,5.460000038146973,1,mfa_primary_unique_word_overlap_auto_qc_pass
248,-THoVjtIkeU$_$6,22,all,107,110,23,all,1,1,5.460000038146973,5.710000038146973,1,mfa_primary_unique_word_overlap_auto_qc_pass
249,-THoVjtIkeU$_$6,23,around,111,117,24,around,1,1,5.710000038146973,5.940000057220459,1,mfa_primary_unique_word_overlap_auto_qc_pass
250,-THoVjtIkeU$_$6,24,the,118,121,25,the,1,1,5.940000057220459,6.019999980926514,1,mfa_primary_unique_word_overlap_auto_qc_pass
251,-THoVjtIkeU$_$6,25,world,122,127,26,world,1,1,6.019999980926514,6.409999847412109,1,mfa_primary_unique_word_overlap_auto_qc_pass
252,-THoVjtIkeU$_$6,26,is,128,130,27,is,1,1,6.449999809265137,6.579999923706055,1,mfa_primary_unique_word_overlap_auto_qc_pass
253,-THoVjtIkeU$_$6,27,the,131,134,28,the,1,1,6.579999923706055,6.650000095367432,1,mfa_primary_unique_word_overlap_auto_qc_pass
254,-THoVjtIkeU$_$6,28,power,135,140,29,power,1,1,6.650000095367432,7.070000171661377,1,mfa_primary_unique_word_overlap_auto_qc_pass
255,-THoVjtIkeU$_$6,29,of,141,143,30,of,1,1,7.070000171661377,7.190000057220459,1,mfa_primary_unique_word_overlap_auto_qc_pass
256,-THoVjtIkeU$_$6,30,youth,144,149,31,youth,1,1,7.190000057220459,7.599999904632568,1,mfa_primary_unique_word_overlap_auto_qc_pass
257,-UuX1xuaiiE$_$1,1,And,1,4,2,and,1,1,0.4399999976158142,0.5899999737739563,1,mfa_primary_exact_transcript_auto_qc_pass
258,-UuX1xuaiiE$_$1,2,all,5,8,3,all,1,1,0.5899999737739563,0.8199999928474426,1,mfa_primary_exact_transcript_auto_qc_pass
259,-UuX1xuaiiE$_$1,3,of,9,11,4,of,1,1,0.8199999928474426,0.9200000166893005,1,mfa_primary_exact_transcript_auto_qc_pass
260,-UuX1xuaiiE$_$1,4,them,12,16,5,them,1,1,0.9200000166893005,1.1100000143051147,1,mfa_primary_exact_transcript_auto_qc_pass
261,-UuX1xuaiiE$_$1,5,are,17,20,6,are,1,1,1.1100000143051147,1.2799999713897705,1,mfa_primary_exact_transcript_auto_qc_pass
262,-UuX1xuaiiE$_$1,6,really,21,27,7,really,1,1,1.2799999713897705,1.6399999856948853,1,mfa_primary_exact_transcript_auto_qc_pass
263,-UuX1xuaiiE$_$1,7,being,28,33,8,being,1,1,,,0,mfa_whisper_discrepancy_over_0_5s_null_primary
264,-UuX1xuaiiE$_$1,8,able,34,38,9,able,1,1,,,0,mfa_whisper_discrepancy_over_0_5s_null_primary
265,-UuX1xuaiiE$_$1,9,to,39,41,10,to,1,1,2.7300000190734863,2.890000104904175,1,mfa_primary_exact_transcript_auto_qc_pass
266,-UuX1xuaiiE$_$1,10,explore,42,49,11,explore,1,1,2.890000104904175,3.680000066757202,1,mfa_primary_exact_transcript_auto_qc_pass
267,-UuX1xuaiiE$_$1,11,these,51,56,13,these,1,1,,,0,mfa_whisper_discrepancy_over_0_5s_null_primary
268,-UuX1xuaiiE$_$1,12,different,57,66,14,different,1,1,4.53000020980835,4.860000133514404,1,mfa_primary_exact_transcript_auto_qc_pass
269,-UuX1xuaiiE$_$1,13,areas,67,72,15,areas,1,1,4.860000133514404,5.179999828338623,1,mfa_primary_exact_transcript_auto_qc_pass
270,-UuX1xuaiiE$_$1,14,in,73,75,16,in,1,1,5.460000038146973,6.0,1,mfa_primary_exact_transcript_auto_qc_pass
271,-UuX1xuaiiE$_$1,15,depth,76,81,17,depth,1,1,6.0,6.440000057220459,1,mfa_primary_exact_transcript_auto_qc_pass
272,-UuX1xuaiiE$_$1,16,in,83,85,19,in,1,1,6.440000057220459,6.630000114440918,1,mfa_primary_exact_transcript_auto_qc_pass
273,-UuX1xuaiiE$_$1,17,a,86,87,20,a,1,1,6.630000114440918,6.699999809265137,1,mfa_primary_exact_transcript_auto_qc_pass
274,-UuX1xuaiiE$_$1,18,way,88,91,21,way,1,1,6.699999809265137,6.96999979019165,1,mfa_primary_exact_transcript_auto_qc_pass
275,-UuX1xuaiiE$_$1,19,that,92,96,22,that,1,1,6.96999979019165,7.28000020980835,1,mfa_primary_exact_transcript_auto_qc_pass
276,-UuX1xuaiiE$_$1,20,really,97,103,23,really,1,1,7.28000020980835,7.489999771118164,1,mfa_primary_exact_transcript_auto_qc_pass
277,-UuX1xuaiiE$_$1,21,wasn't,104,110,24;25;26,wasn ' t,3,1,7.489999771118164,7.820000171661377,1,mfa_primary_exact_transcript_auto_qc_pass
278,-UuX1xuaiiE$_$1,22,available,111,120,27,available,1,1,7.820000171661377,8.289999961853027,1,mfa_primary_exact_transcript_auto_qc_pass
279,-UuX1xuaiiE$_$1,23,before,122,128,29,before,1,1,8.289999961853027,8.699999809265137,1,mfa_primary_exact_transcript_auto_qc_pass
280,-UuX1xuaiiE$_$1,24,the,129,132,30,the,1,1,8.699999809265137,8.789999961853027,1,mfa_primary_exact_transcript_auto_qc_pass
281,-UuX1xuaiiE$_$1,25,center,133,139,31,center,1,1,8.789999961853027,9.180000305175781,1,mfa_primary_exact_transcript_auto_qc_pass
282,-UuX1xuaiiE$_$1,26,was,140,143,32,was,1,1,9.180000305175781,9.350000381469727,1,mfa_primary_exact_transcript_auto_qc_pass
283,-UuX1xuaiiE$_$1,27,here,144,148,33,here,1,1,9.350000381469727,9.779999732971191,1,mfa_primary_exact_transcript_auto_qc_pass
284,-UuX1xuaiiE$_$0,1,it's,1,5,2;3;4,it ' s,3,1,0.0,0.14000000059604645,1,mfa_primary_exact_transcript_auto_qc_pass
285,-UuX1xuaiiE$_$0,2,amazing,6,13,5,amazing,1,1,0.14000000059604645,0.800000011920929,1,mfa_primary_exact_transcript_auto_qc_pass
286,-UuX1xuaiiE$_$0,3,to,14,16,6,to,1,1,0.800000011920929,1.100000023841858,1,mfa_primary_exact_transcript_auto_qc_pass
287,-UuX1xuaiiE$_$0,4,see,17,20,7,see,1,1,1.100000023841858,1.2799999713897705,1,mfa_primary_exact_transcript_auto_qc_pass
288,-UuX1xuaiiE$_$0,5,their,21,26,8,their,1,1,1.2799999713897705,1.4800000190734863,1,mfa_primary_exact_transcript_auto_qc_pass
289,-UuX1xuaiiE$_$0,6,enthusiasm,27,37,9,enthusiasm,1,1,1.4800000190734863,2.2899999618530273,1,mfa_primary_exact_transcript_auto_qc_pass
290,-UuX1xuaiiE$_$0,7,and,38,41,10,and,1,1,2.2899999618530273,2.4100000858306885,1,mfa_primary_exact_transcript_auto_qc_pass
291,-UuX1xuaiiE$_$0,8,their,42,47,11,their,1,1,2.4100000858306885,2.5,1,mfa_primary_exact_transcript_auto_qc_pass
292,-UuX1xuaiiE$_$0,9,passion,48,55,12,passion,1,1,2.5,3.359999895095825,1,mfa_primary_exact_transcript_auto_qc_pass
293,-UuX1xuaiiE$_$3,1,My,0,2,1,my,1,1,0.0,0.6600000262260437,1,mfa_primary_exact_transcript_auto_qc_pass
294,-UuX1xuaiiE$_$3,2,goal,3,7,2,goal,1,1,0.6899999976158142,1.0199999809265137,1,mfa_primary_exact_transcript_auto_qc_pass
295,-UuX1xuaiiE$_$3,3,is,8,10,3,is,1,1,1.0199999809265137,1.3700000047683716,1,mfa_primary_exact_transcript_auto_qc_pass
296,-UuX1xuaiiE$_$3,4,to,11,13,4,to,1,1,1.3700000047683716,1.649999976158142,1,mfa_primary_exact_transcript_auto_qc_pass
297,-UuX1xuaiiE$_$3,5,become,14,20,5,become,1,1,,,0,mfa_whisper_discrepancy_over_0_5s_null_primary
298,-UuX1xuaiiE$_$3,6,a,21,22,6,a,1,1,,,0,mfa_whisper_discrepancy_over_0_5s_null_primary
299,-UuX1xuaiiE$_$3,7,human,23,28,7,human,1,1,2.619999885559082,2.9200000762939453,1,mfa_primary_exact_transcript_auto_qc_pass
300,-UuX1xuaiiE$_$3,8,rights,29,35,8,rights,1,1,2.9200000762939453,3.2300000190734863,1,mfa_primary_exact_transcript_auto_qc_pass
301,-UuX1xuaiiE$_$3,9,lawyer,36,42,9,lawyer,1,1,3.2300000190734863,3.680000066757202,1,mfa_primary_exact_transcript_auto_qc_pass
302,-UuX1xuaiiE$_$6,1,I,0,1,1,i,1,1,,,0,mfa_whisper_discrepancy_over_0_5s_null_primary
303,-UuX1xuaiiE$_$6,2,ended,2,7,2,ended,1,1,0.6399999856948853,0.800000011920929,1,mfa_primary_unique_word_overlap_auto_qc_pass
304,-UuX1xuaiiE$_$6,3,up,8,10,3,up,1,1,0.800000011920929,0.8899999856948853,1,mfa_primary_unique_word_overlap_auto_qc_pass
305,-UuX1xuaiiE$_$6,4,going,11,16,4,going,1,1,0.8899999856948853,1.1299999952316284,1,mfa_primary_unique_word_overlap_auto_qc_pass
306,-UuX1xuaiiE$_$6,5,to,17,19,5,to,1,1,1.1299999952316284,1.2100000381469727,1,mfa_primary_unique_word_overlap_auto_qc_pass
307,-UuX1xuaiiE$_$6,6,work,20,24,6,work,1,1,1.2100000381469727,1.4700000286102295,1,mfa_primary_unique_word_overlap_auto_qc_pass
308,-UuX1xuaiiE$_$6,7,for,25,28,7,for,1,1,1.4700000286102295,1.809999942779541,1,mfa_primary_unique_word_overlap_auto_qc_pass
309,-UuX1xuaiiE$_$6,8,the,29,32,8,the,1,1,1.809999942779541,1.909999966621399,1,mfa_primary_unique_word_overlap_auto_qc_pass
310,-UuX1xuaiiE$_$6,9,US,33,35,9,us,1,1,,,0,official_word_unmatched_or_ambiguous_in_asr
311,-UuX1xuaiiE$_$6,10,government,36,46,10,government,1,1,2.2100000381469727,2.7699999809265137,1,mfa_primary_unique_word_overlap_auto_qc_pass
312,-UuX1xuaiiE$_$6,11,as,47,49,11,as,1,1,2.7699999809265137,2.9700000286102295,1,mfa_primary_unique_word_overlap_auto_qc_pass
313,-UuX1xuaiiE$_$6,12,an,50,52,12,an,1,1,2.9700000286102295,3.0399999618530273,1,mfa_primary_unique_word_overlap_auto_qc_pass
314,-UuX1xuaiiE$_$6,13,intelligence,53,65,13,intelligence,1,1,3.0399999618530273,3.509999990463257,1,mfa_primary_unique_word_overlap_auto_qc_pass
315,-UuX1xuaiiE$_$6,14,analyst,66,73,14,analyst,1,1,3.509999990463257,4.110000133514404,1,mfa_primary_unique_word_overlap_auto_qc_pass
316,-UuX1xuaiiE$_$6,15,specializing,75,87,16,specializing,1,1,4.949999809265137,5.639999866485596,1,mfa_primary_unique_word_overlap_auto_qc_pass
317,-UuX1xuaiiE$_$6,16,in,88,90,17,in,1,1,5.639999866485596,5.920000076293945,1,mfa_primary_unique_word_overlap_auto_qc_pass
318,-UuX1xuaiiE$_$6,17,war,91,94,18,war,1,1,5.920000076293945,6.070000171661377,1,mfa_primary_unique_word_overlap_auto_qc_pass
319,-UuX1xuaiiE$_$6,18,crimes,95,101,19,crimes,1,1,6.070000171661377,6.400000095367432,1,mfa_primary_unique_word_overlap_auto_qc_pass
320,-UuX1xuaiiE$_$6,19,and,102,105,20,and,1,1,6.400000095367432,6.489999771118164,1,mfa_primary_unique_word_overlap_auto_qc_pass
321,-UuX1xuaiiE$_$6,20,human,106,111,21,human,1,1,6.489999771118164,6.679999828338623,1,mfa_primary_unique_word_overlap_auto_qc_pass
322,-UuX1xuaiiE$_$6,21,rights,112,118,22,rights,1,1,6.679999828338623,6.929999828338623,1,mfa_primary_unique_word_overlap_auto_qc_pass
323,-UuX1xuaiiE$_$6,22,issues,119,125,23,issues,1,1,6.929999828338623,7.420000076293945,1,mfa_primary_unique_word_overlap_auto_qc_pass
324,-a55Q6RWvTA$_$3,1,And,0,3,1,and,1,1,,,0,mfa_whisper_discrepancy_over_0_5s_null_primary
325,-a55Q6RWvTA$_$3,2,if,4,6,2,if,1,1,0.9300000071525574,1.2100000381469727,1,mfa_primary_exact_transcript_auto_qc_pass
326,-a55Q6RWvTA$_$3,3,you,7,10,3,you,1,1,1.2100000381469727,1.350000023841858,1,mfa_primary_exact_transcript_auto_qc_pass
327,-a55Q6RWvTA$_$3,4,clip,11,15,4,clip,1,1,1.350000023841858,1.7200000286102295,1,mfa_primary_exact_transcript_auto_qc_pass
328,-a55Q6RWvTA$_$3,5,coupons,16,23,5;6,coup ##ons,2,1,1.7200000286102295,2.630000114440918,1,mfa_primary_exact_transcript_auto_qc_pass
329,-a55Q6RWvTA$_$3,6,if,25,27,8,if,1,1,2.630000114440918,2.8299999237060547,1,mfa_primary_exact_transcript_auto_qc_pass
330,-a55Q6RWvTA$_$3,7,you,28,31,9,you,1,1,2.8299999237060547,2.9100000858306885,1,mfa_primary_exact_transcript_auto_qc_pass
331,-a55Q6RWvTA$_$3,8,don't,32,37,10;11;12,don ' t,3,1,2.9100000858306885,3.2799999713897705,1,mfa_primary_exact_transcript_auto_qc_pass
332,-a55Q6RWvTA$_$3,9,go,38,40,13,go,1,1,3.2799999713897705,3.4700000286102295,1,mfa_primary_exact_transcript_auto_qc_pass
333,-a55Q6RWvTA$_$3,10,out,41,44,14,out,1,1,3.4700000286102295,3.690000057220459,1,mfa_primary_exact_transcript_auto_qc_pass
334,-a55Q6RWvTA$_$3,11,for,45,48,15,for,1,1,3.690000057220459,3.859999895095825,1,mfa_primary_exact_transcript_auto_qc_pass
335,-a55Q6RWvTA$_$3,12,dinner,49,55,16,dinner,1,1,3.859999895095825,4.380000114440918,1,mfa_primary_exact_transcript_auto_qc_pass
336,-a55Q6RWvTA$_$3,13,and,56,59,17,and,1,1,4.380000114440918,4.639999866485596,1,mfa_primary_exact_transcript_auto_qc_pass
337,-a55Q6RWvTA$_$3,14,movies,60,66,18,movies,1,1,4.639999866485596,5.210000038146973,1,mfa_primary_exact_transcript_auto_qc_pass
338,-a55Q6RWvTA$_$3,15,and,67,70,19,and,1,1,5.210000038146973,5.380000114440918,1,mfa_primary_exact_transcript_auto_qc_pass
339,-a55Q6RWvTA$_$3,16,things,71,77,20,things,1,1,5.380000114440918,5.590000152587891,1,mfa_primary_exact_transcript_auto_qc_pass
340,-a55Q6RWvTA$_$3,17,of,78,80,21,of,1,1,5.590000152587891,5.650000095367432,1,mfa_primary_exact_transcript_auto_qc_pass
341,-a55Q6RWvTA$_$3,18,that,81,85,22,that,1,1,5.650000095367432,5.820000171661377,1,mfa_primary_exact_transcript_auto_qc_pass
342,-a55Q6RWvTA$_$3,19,nature,86,92,23,nature,1,1,5.820000171661377,6.429999828338623,1,mfa_primary_exact_transcript_auto_qc_pass
343,-a55Q6RWvTA$_$3,20,and,93,96,24,and,1,1,6.869999885559082,7.119999885559082,1,mfa_primary_exact_transcript_auto_qc_pass
344,-a55Q6RWvTA$_$3,21,try,97,100,25,try,1,1,7.119999885559082,7.329999923706055,1,mfa_primary_exact_transcript_auto_qc_pass
345,-a55Q6RWvTA$_$3,22,to,101,103,26,to,1,1,7.329999923706055,7.429999828338623,1,mfa_primary_exact_transcript_auto_qc_pass
346,-a55Q6RWvTA$_$3,23,take,104,108,27,take,1,1,7.429999828338623,7.679999828338623,1,mfa_primary_exact_transcript_auto_qc_pass
347,-a55Q6RWvTA$_$3,24,up,109,111,28,up,1,1,7.679999828338623,7.869999885559082,1,mfa_primary_exact_transcript_auto_qc_pass
348,-a55Q6RWvTA$_$3,25,things,112,118,29,things,1,1,7.869999885559082,8.3100004196167,1,mfa_primary_exact_transcript_auto_qc_pass
349,-a55Q6RWvTA$_$3,26,in,119,121,30,in,1,1,8.3100004196167,8.40999984741211,1,mfa_primary_exact_transcript_auto_qc_pass
350,-a55Q6RWvTA$_$3,27,life,122,126,31,life,1,1,8.40999984741211,8.84000015258789,1,mfa_primary_exact_transcript_auto_qc_pass
351,-a55Q6RWvTA$_$3,28,that,127,131,32,that,1,1,8.84000015258789,9.039999961853027,1,mfa_primary_exact_transcript_auto_qc_pass
352,-a55Q6RWvTA$_$3,29,well,133,137,34,well,1,1,9.039999961853027,9.359999656677246,1,mfa_primary_exact_transcript_auto_qc_pass
353,-a55Q6RWvTA$_$3,30,they,139,143,36,they,1,1,9.359999656677246,9.59000015258789,1,mfa_primary_exact_transcript_auto_qc_pass
354,-a55Q6RWvTA$_$3,31,always,144,150,37,always,1,1,9.59000015258789,9.899999618530273,1,mfa_primary_exact_transcript_auto_qc_pass
355,-a55Q6RWvTA$_$3,32,say,151,154,38,say,1,1,9.899999618530273,10.170000076293945,1,mfa_primary_exact_transcript_auto_qc_pass
356,-a55Q6RWvTA$_$3,33,the,157,160,41,the,1,1,10.170000076293945,10.270000457763672,1,mfa_primary_exact_transcript_auto_qc_pass
357,-a55Q6RWvTA$_$3,34,best,161,165,42,best,1,1,10.270000457763672,10.579999923706055,1,mfa_primary_exact_transcript_auto_qc_pass
358,-a55Q6RWvTA$_$3,35,things,166,172,43,things,1,1,10.579999923706055,10.800000190734863,1,mfa_primary_exact_transcript_auto_qc_pass
359,-a55Q6RWvTA$_$3,36,in,173,175,44,in,1,1,10.800000190734863,10.880000114440918,1,mfa_primary_exact_transcript_auto_qc_pass
360,-a55Q6RWvTA$_$3,37,life,176,180,45,life,1,1,10.880000114440918,11.220000267028809,1,mfa_primary_exact_transcript_auto_qc_pass
361,-a55Q6RWvTA$_$3,38,are,181,184,46,are,1,1,11.220000267028809,11.300000190734863,1,mfa_primary_exact_transcript_auto_qc_pass
362,-a55Q6RWvTA$_$3,39,free,185,189,47,free,1,1,11.300000190734863,11.850000381469727,1,mfa_primary_exact_transcript_auto_qc_pass
363,-a55Q6RWvTA$_$3,40,Reading,192,199,50,reading,1,1,12.359999656677246,12.720000267028809,1,mfa_primary_exact_transcript_auto_qc_pass
364,-a55Q6RWvTA$_$3,41,a,200,201,51,a,1,1,12.720000267028809,12.789999961853027,1,mfa_primary_exact_transcript_auto_qc_pass
365,-a55Q6RWvTA$_$3,42,book,202,206,52,book,1,1,12.789999961853027,13.210000038146973,1,mfa_primary_exact_transcript_auto_qc_pass
366,-a55Q6RWvTA$_$3,43,going,208,213,54,going,1,1,13.739999771118164,14.300000190734863,1,mfa_primary_exact_transcript_auto_qc_pass
367,-a55Q6RWvTA$_$3,44,for,214,217,55,for,1,1,14.300000190734863,14.4399995803833,1,mfa_primary_exact_transcript_auto_qc_pass
368,-a55Q6RWvTA$_$3,45,a,218,219,56,a,1,1,14.4399995803833,14.470000267028809,1,mfa_primary_exact_transcript_auto_qc_pass
369,-a55Q6RWvTA$_$3,46,nice,220,224,57,nice,1,1,14.470000267028809,14.680000305175781,1,mfa_primary_exact_transcript_auto_qc_pass
370,-a55Q6RWvTA$_$3,47,walk,225,229,58,walk,1,1,14.680000305175781,15.140000343322754,1,mfa_primary_exact_transcript_auto_qc_pass
371,-a55Q6RWvTA$_$3,48,and,231,234,60,and,1,1,15.140000343322754,15.539999961853027,1,mfa_primary_exact_transcript_auto_qc_pass
372,-a55Q6RWvTA$_$3,49,of,236,238,62,of,1,1,15.539999961853027,15.649999618530273,1,mfa_primary_exact_transcript_auto_qc_pass
373,-a55Q6RWvTA$_$3,50,course,239,245,63,course,1,1,15.649999618530273,15.920000076293945,1,mfa_primary_exact_transcript_auto_qc_pass
374,-a55Q6RWvTA$_$3,51,combining,247,256,65,combining,1,1,15.920000076293945,16.540000915527344,1,mfa_primary_exact_transcript_auto_qc_pass
375,-a55Q6RWvTA$_$3,52,exercise,257,265,66,exercise,1,1,16.540000915527344,17.219999313354492,1,mfa_primary_exact_transcript_auto_qc_pass
376,-a55Q6RWvTA$_$3,53,and,266,269,67,and,1,1,17.219999313354492,17.329999923706055,1,mfa_primary_exact_transcript_auto_qc_pass
377,-a55Q6RWvTA$_$3,54,various,270,277,68,various,1,1,17.329999923706055,17.670000076293945,1,mfa_primary_exact_transcript_auto_qc_pass
378,-a55Q6RWvTA$_$3,55,things,278,284,69,things,1,1,17.670000076293945,17.8700008392334,1,mfa_primary_exact_transcript_auto_qc_pass
379,-a55Q6RWvTA$_$3,56,of,285,287,70,of,1,1,17.8700008392334,17.950000762939453,1,mfa_primary_exact_transcript_auto_qc_pass
380,-a55Q6RWvTA$_$3,57,that,288,292,71,that,1,1,17.950000762939453,18.110000610351562,1,mfa_primary_exact_transcript_auto_qc_pass
381,-a55Q6RWvTA$_$3,58,nature,293,299,72,nature,1,1,18.110000610351562,18.6299991607666,1,mfa_primary_exact_transcript_auto_qc_pass
382,-a55Q6RWvTA$_$3,59,where,300,305,73,where,1,1,18.940000534057617,19.059999465942383,1,mfa_primary_exact_transcript_auto_qc_pass
383,-a55Q6RWvTA$_$3,60,you're,306,312,74;75;76,you ' re,3,1,19.059999465942383,19.170000076293945,1,mfa_primary_exact_transcript_auto_qc_pass
384,-a55Q6RWvTA$_$3,61,not,313,316,77,not,1,1,19.170000076293945,19.440000534057617,1,mfa_primary_exact_transcript_auto_qc_pass
385,-a55Q6RWvTA$_$3,62,spending,317,325,78,spending,1,1,19.440000534057617,20.110000610351562,1,mfa_primary_exact_transcript_auto_qc_pass
386,-a55Q6RWvTA$_$3,63,money,326,331,79,money,1,1,20.110000610351562,20.729999542236328,1,mfa_primary_exact_transcript_auto_qc_pass
387,-a55Q6RWvTA$_$3,64,per,332,335,80,per,1,1,20.799999237060547,21.100000381469727,1,mfa_primary_exact_transcript_auto_qc_pass
388,-a55Q6RWvTA$_$3,65,se,336,338,81,se,1,1,21.100000381469727,21.59000015258789,1,mfa_primary_exact_transcript_auto_qc_pass
389,-aNfi7CP8vM$_$7,1,Maybe,0,5,1,maybe,1,1,0.5,0.7400000095367432,1,mfa_primary_exact_transcript_auto_qc_pass
390,-aNfi7CP8vM$_$7,2,they,6,10,2,they,1,1,0.7400000095367432,0.8899999856948853,1,mfa_primary_exact_transcript_auto_qc_pass
391,-aNfi7CP8vM$_$7,3,have,11,15,3,have,1,1,0.8899999856948853,1.1100000143051147,1,mfa_primary_exact_transcript_auto_qc_pass
392,-aNfi7CP8vM$_$7,4,no,16,18,4,no,1,1,1.1100000143051147,2.140000104904175,1,mfa_primary_exact_transcript_auto_qc_pass
393,-aNfi7CP8vM$_$7,5,political,19,28,5,political,1,1,2.1700000762939453,2.619999885559082,1,mfa_primary_exact_transcript_auto_qc_pass
394,-aNfi7CP8vM$_$7,6,party,29,34,6,party,1,1,2.619999885559082,3.0,1,mfa_primary_exact_transcript_auto_qc_pass
395,-aNfi7CP8vM$_$7,7,affiliation,35,46,7,affiliation,1,1,3.0,3.950000047683716,1,mfa_primary_exact_transcript_auto_qc_pass
396,-aNfi7CP8vM$_$7,8,they're,48,55,9;10;11,they ' re,3,1,4.269999980926514,4.429999828338623,1,mfa_primary_exact_transcript_auto_qc_pass
397,-aNfi7CP8vM$_$7,9,not,56,59,12,not,1,1,4.429999828338623,4.739999771118164,1,mfa_primary_exact_transcript_auto_qc_pass
398,-aNfi7CP8vM$_$7,10,interested,60,70,13,interested,1,1,4.739999771118164,5.199999809265137,1,mfa_primary_exact_transcript_auto_qc_pass
399,-aNfi7CP8vM$_$7,11,in,71,73,14,in,1,1,5.199999809265137,5.289999961853027,1,mfa_primary_exact_transcript_auto_qc_pass
400,-aNfi7CP8vM$_$7,12,politics,74,82,15,politics,1,1,5.289999961853027,5.96999979019165,1,mfa_primary_exact_transcript_auto_qc_pass
401,-aNfi7CP8vM$_$7,13,they,84,88,17,they,1,1,5.96999979019165,6.130000114440918,1,mfa_primary_exact_transcript_auto_qc_pass
402,-aNfi7CP8vM$_$7,14,could,89,94,18,could,1,1,6.130000114440918,6.300000190734863,1,mfa_primary_exact_transcript_auto_qc_pass
403,-aNfi7CP8vM$_$7,15,care,95,99,19,care,1,1,6.300000190734863,6.519999980926514,1,mfa_primary_exact_transcript_auto_qc_pass
404,-aNfi7CP8vM$_$7,16,less,100,104,20,less,1,1,6.519999980926514,6.860000133514404,1,mfa_primary_exact_transcript_auto_qc_pass
405,-aNfi7CP8vM$_$7,17,about,105,110,21,about,1,1,6.860000133514404,7.159999847412109,1,mfa_primary_exact_transcript_auto_qc_pass
406,-aNfi7CP8vM$_$7,18,politics,111,119,22,politics,1,1,7.159999847412109,8.0,1,mfa_primary_exact_transcript_auto_qc_pass
407,-aqamKhZ1Ec$_$0,1,In,0,2,1,in,1,1,0.03999999910593033,0.10000000149011612,1,mfa_primary_unique_word_overlap_auto_qc_pass
408,-aqamKhZ1Ec$_$0,2,2008,3,7,2,2008,1,1,0.10000000149011612,0.9399999976158142,1,mfa_primary_unique_word_overlap_auto_qc_pass
409,-aqamKhZ1Ec$_$0,3,there,9,14,4,there,1,1,,,0,mfa_whisper_discrepancy_over_0_5s_null_primary
410,-aqamKhZ1Ec$_$0,4,were,15,19,5,were,1,1,2.990000009536743,3.059999942779541,1,mfa_primary_unique_word_overlap_auto_qc_pass
411,-aqamKhZ1Ec$_$0,5,very,20,24,6,very,1,1,3.059999942779541,3.5199999809265137,1,mfa_primary_unique_word_overlap_auto_qc_pass
412,-aqamKhZ1Ec$_$0,6,serious,25,32,7,serious,1,1,3.5199999809265137,4.099999904632568,1,mfa_primary_unique_word_overlap_auto_qc_pass
413,-aqamKhZ1Ec$_$0,7,tribal,33,39,8,tribal,1,1,4.099999904632568,4.449999809265137,1,mfa_primary_unique_word_overlap_auto_qc_pass
414,-aqamKhZ1Ec$_$0,8,warfare,40,47,9,warfare,1,1,4.769999980926514,5.210000038146973,1,mfa_primary_unique_word_overlap_auto_qc_pass
415,-aqamKhZ1Ec$_$0,9,in,48,50,10,in,1,1,,,0,mfa_whisper_discrepancy_over_0_5s_null_primary
416,-aqamKhZ1Ec$_$0,10,Kenya,51,56,11,kenya,1,1,5.929999828338623,6.289999961853027,1,mfa_primary_unique_word_overlap_auto_qc_pass
417,-aqamKhZ1Ec$_$0,11,following,57,66,12,following,1,1,7.889999866485596,9.359999656677246,1,mfa_primary_unique_word_overlap_auto_qc_pass
418,-aqamKhZ1Ec$_$0,12,a,67,68,13,a,1,1,9.359999656677246,9.40999984741211,1,mfa_primary_unique_word_overlap_auto_qc_pass
419,-aqamKhZ1Ec$_$0,13,disputed,69,77,14,disputed,1,1,9.40999984741211,9.930000305175781,1,mfa_primary_unique_word_overlap_auto_qc_pass
420,-aqamKhZ1Ec$_$0,14,election,78,86,15,election,1,1,9.930000305175781,10.380000114440918,1,mfa_primary_unique_word_overlap_auto_qc_pass
421,-dxfTGcXJoc$_$1,1,For,0,3,1,for,1,1,0.49000000953674316,0.6299999952316284,1,mfa_primary_unique_word_overlap_auto_qc_pass
422,-dxfTGcXJoc$_$1,2,the,4,7,2,the,1,1,0.6299999952316284,0.7099999785423279,1,mfa_primary_unique_word_overlap_auto_qc_pass
423,-dxfTGcXJoc$_$1,3,10th,8,12,3,10th,1,1,,,0,official_word_unmatched_or_ambiguous_in_asr
424,-dxfTGcXJoc$_$1,4,straight,13,21,4,straight,1,1,1.0399999618530273,1.4700000286102295,1,mfa_primary_unique_word_overlap_auto_qc_pass
425,-dxfTGcXJoc$_$1,5,year,22,26,5,year,1,1,1.4700000286102295,1.8200000524520874,1,mfa_primary_unique_word_overlap_auto_qc_pass
426,-dxfTGcXJoc$_$1,6,some,28,32,7,some,1,1,2.140000104904175,2.5999999046325684,1,mfa_primary_unique_word_overlap_auto_qc_pass
427,-dxfTGcXJoc$_$1,7,of,33,35,8,of,1,1,2.5999999046325684,2.7300000190734863,1,mfa_primary_unique_word_overlap_auto_qc_pass
428,-dxfTGcXJoc$_$1,8,Kentucky's,36,46,9;10;11,kentucky ' s,3,1,2.7300000190734863,3.2699999809265137,1,mfa_primary_unique_word_overlap_auto_qc_pass
429,-dxfTGcXJoc$_$1,9,best,47,51,12,best,1,1,3.2699999809265137,3.7899999618530273,1,mfa_primary_unique_word_overlap_auto_qc_pass
430,-dxfTGcXJoc$_$1,10,and,52,55,13,and,1,1,3.8299999237060547,4.039999961853027,1,mfa_primary_unique_word_overlap_auto_qc_pass
431,-dxfTGcXJoc$_$1,11,most,56,60,14,most,1,1,4.039999961853027,4.320000171661377,1,mfa_primary_unique_word_overlap_auto_qc_pass
432,-dxfTGcXJoc$_$1,12,innovative,61,71,15,innovative,1,1,4.369999885559082,4.909999847412109,1,mfa_primary_unique_word_overlap_auto_qc_pass
433,-dxfTGcXJoc$_$1,13,biotech,72,79,16;17,bio ##tech,2,1,4.909999847412109,5.460000038146973,1,mfa_primary_unique_word_overlap_auto_qc_pass
434,-dxfTGcXJoc$_$1,14,companies,80,89,18,companies,1,1,5.539999961853027,6.03000020980835,1,mfa_primary_unique_word_overlap_auto_qc_pass
435,-dxfTGcXJoc$_$1,15,and,90,93,19,and,1,1,6.03000020980835,6.199999809265137,1,mfa_primary_unique_word_overlap_auto_qc_pass
436,-dxfTGcXJoc$_$1,16,technologies,94,106,20,technologies,1,1,6.199999809265137,7.0,1,mfa_primary_unique_word_overlap_auto_qc_pass
437,-dxfTGcXJoc$_$1,17,were,107,111,21,were,1,1,7.309999942779541,7.539999961853027,1,mfa_primary_unique_word_overlap_auto_qc_pass
438,-dxfTGcXJoc$_$1,18,on,112,114,22,on,1,1,7.539999961853027,7.800000190734863,1,mfa_primary_unique_word_overlap_auto_qc_pass
439,-dxfTGcXJoc$_$1,19,display,115,122,23,display,1,1,7.800000190734863,8.550000190734863,1,mfa_primary_unique_word_overlap_auto_qc_pass
440,-dxfTGcXJoc$_$1,20,at,123,125,24,at,1,1,8.550000190734863,8.770000457763672,1,mfa_primary_unique_word_overlap_auto_qc_pass
441,-dxfTGcXJoc$_$1,21,the,126,129,25,the,1,1,8.770000457763672,8.979999542236328,1,mfa_primary_unique_word_overlap_auto_qc_pass
442,-dxfTGcXJoc$_$1,22,annual,130,136,26,annual,1,1,8.979999542236328,9.5,1,mfa_primary_unique_word_overlap_auto_qc_pass
443,-dxfTGcXJoc$_$1,23,BIO,137,140,27,bio,1,1,9.5600004196167,10.149999618530273,1,mfa_primary_unique_word_overlap_auto_qc_pass
444,-dxfTGcXJoc$_$1,24,International,141,154,28,international,1,1,10.180000305175781,10.779999732971191,1,mfa_primary_unique_word_overlap_auto_qc_pass
445,-dxfTGcXJoc$_$1,25,Convention,155,165,29,convention,1,1,10.779999732971191,11.329999923706055,1,mfa_primary_unique_word_overlap_auto_qc_pass
446,-dxfTGcXJoc$_$1,26,which,167,172,31,which,1,1,11.84000015258789,12.079999923706055,1,mfa_primary_unique_word_overlap_auto_qc_pass
447,-dxfTGcXJoc$_$1,27,I,173,174,32,i,1,1,12.130000114440918,12.489999771118164,1,mfa_primary_unique_word_overlap_auto_qc_pass
448,-dxfTGcXJoc$_$1,28,and,175,178,33,and,1,1,12.489999771118164,12.6899995803833,1,mfa_primary_unique_word_overlap_auto_qc_pass
449,-dxfTGcXJoc$_$1,29,other,179,184,34,other,1,1,12.6899995803833,12.949999809265137,1,mfa_primary_unique_word_overlap_auto_qc_pass
450,-dxfTGcXJoc$_$1,30,state,185,190,35,state,1,1,12.949999809265137,13.210000038146973,1,mfa_primary_unique_word_overlap_auto_qc_pass
451,-dxfTGcXJoc$_$1,31,officials,191,200,36,officials,1,1,13.210000038146973,13.710000038146973,1,mfa_primary_unique_word_overlap_auto_qc_pass
452,-dxfTGcXJoc$_$1,32,attended,201,209,37,attended,1,1,13.710000038146973,14.170000076293945,1,mfa_primary_unique_word_overlap_auto_qc_pass
453,-dxfTGcXJoc$_$1,33,this,210,214,38,this,1,1,14.170000076293945,14.380000114440918,1,mfa_primary_unique_word_overlap_auto_qc_pass
454,-dxfTGcXJoc$_$1,34,week,215,219,39,week,1,1,14.380000114440918,14.729999542236328,1,mfa_primary_unique_word_overlap_auto_qc_pass
455,-dxfTGcXJoc$_$1,35,in,220,222,40,in,1,1,14.779999732971191,14.920000076293945,1,mfa_primary_unique_word_overlap_auto_qc_pass
456,-dxfTGcXJoc$_$1,36,Chicago,223,230,41,chicago,1,1,14.920000076293945,15.520000457763672,1,mfa_primary_unique_word_overlap_auto_qc_pass
457,-dxfTGcXJoc$_$0,1,This,0,4,1,this,1,1,,,0,mfa_alignment_output_missing
458,-dxfTGcXJoc$_$0,2,is,5,7,2,is,1,1,,,0,mfa_alignment_output_missing
459,-dxfTGcXJoc$_$0,3,Governor,8,16,3,governor,1,1,,,0,mfa_alignment_output_missing
460,-dxfTGcXJoc$_$0,4,Steve,17,22,4,steve,1,1,,,0,mfa_alignment_output_missing
461,-dxfTGcXJoc$_$0,5,Beshear,23,30,5;6;7,be ##sh ##ear,3,1,,,0,mfa_alignment_output_missing
462,-dxfTGcXJoc$_$0,6,About,35,40,11,about,1,1,,,0,mfa_alignment_output_missing
463,-dxfTGcXJoc$_$0,7,Kentucky,41,49,12,kentucky,1,1,,,0,mfa_alignment_output_missing
464,-dxfTGcXJoc$_$0,8,Our,50,53,13,our,1,1,,,0,mfa_alignment_output_missing
465,-dxfTGcXJoc$_$0,9,state,54,59,14,state,1,1,,,0,mfa_alignment_output_missing
466,-dxfTGcXJoc$_$0,10,is,60,62,15,is,1,1,,,0,mfa_alignment_output_missing
467,-dxfTGcXJoc$_$0,11,home,63,67,16,home,1,1,,,0,mfa_alignment_output_missing
468,-dxfTGcXJoc$_$0,12,to,68,70,17,to,1,1,,,0,mfa_alignment_output_missing
469,-dxfTGcXJoc$_$0,13,more,71,75,18,more,1,1,,,0,mfa_alignment_output_missing
470,-dxfTGcXJoc$_$0,14,than,76,80,19,than,1,1,,,0,mfa_alignment_output_missing
471,-dxfTGcXJoc$_$0,15,1,81,82,20,1,1,1,,,0,mfa_alignment_output_missing
472,-dxfTGcXJoc$_$0,16,500,83,86,22,500,1,1,,,0,mfa_alignment_output_missing
473,-dxfTGcXJoc$_$0,17,bioscience,87,97,23;24;25,bio ##sc ##ience,3,1,,,0,mfa_alignment_output_missing
474,-dxfTGcXJoc$_$0,18,and,98,101,26,and,1,1,,,0,mfa_alignment_output_missing
475,-dxfTGcXJoc$_$0,19,lifescience,102,113,27;28;29,life ##sc ##ience,3,1,,,0,mfa_alignment_output_missing
476,-dxfTGcXJoc$_$0,20,companies,114,123,30,companies,1,1,,,0,mfa_alignment_output_missing
477,-dxfTGcXJoc$_$0,21,and,124,127,31,and,1,1,,,0,mfa_alignment_output_missing
478,-dxfTGcXJoc$_$0,22,more,128,132,32,more,1,1,,,0,mfa_alignment_output_missing
479,-dxfTGcXJoc$_$0,23,than,133,137,33,than,1,1,,,0,mfa_alignment_output_missing
480,-dxfTGcXJoc$_$0,24,100,138,141,34,100,1,1,,,0,mfa_alignment_output_missing
481,-dxfTGcXJoc$_$0,25,000,142,145,36,000,1,1,,,0,mfa_alignment_output_missing
482,-dxfTGcXJoc$_$0,26,people,146,152,37,people,1,1,,,0,mfa_alignment_output_missing
483,-dxfTGcXJoc$_$0,27,who,153,156,38,who,1,1,,,0,mfa_alignment_output_missing
484,-dxfTGcXJoc$_$0,28,work,157,161,39,work,1,1,,,0,mfa_alignment_output_missing
485,-dxfTGcXJoc$_$0,29,for,162,165,40,for,1,1,,,0,mfa_alignment_output_missing
486,-dxfTGcXJoc$_$0,30,these,166,171,41,these,1,1,,,0,mfa_alignment_output_missing
487,-dxfTGcXJoc$_$0,31,firms,172,177,42,firms,1,1,,,0,mfa_alignment_output_missing
488,-dxfTGcXJoc$_$0,32,in,179,181,44,in,1,1,,,0,mfa_alignment_output_missing
489,-dxfTGcXJoc$_$0,33,areas,182,187,45,areas,1,1,,,0,mfa_alignment_output_missing
490,-dxfTGcXJoc$_$0,34,from,188,192,46,from,1,1,,,0,mfa_alignment_output_missing
491,-dxfTGcXJoc$_$0,35,nutrigenomics,193,206,47;48;49;50,nut ##ri ##gen ##omics,4,1,,,0,mfa_alignment_output_missing
492,-dxfTGcXJoc$_$0,36,and,207,210,51,and,1,1,,,0,mfa_alignment_output_missing
493,-dxfTGcXJoc$_$0,37,pharmaceuticals,211,226,52,pharmaceuticals,1,1,,,0,mfa_alignment_output_missing
494,-dxfTGcXJoc$_$0,38,to,227,229,53,to,1,1,,,0,mfa_alignment_output_missing
495,-dxfTGcXJoc$_$0,39,nanotechnology,230,244,54;55;56,nano ##tech ##nology,3,1,,,0,mfa_alignment_output_missing
496,-dxfTGcXJoc$_$0,40,and,245,248,57,and,1,1,,,0,mfa_alignment_output_missing
497,-dxfTGcXJoc$_$0,41,medical,249,256,58,medical,1,1,,,0,mfa_alignment_output_missing
498,-dxfTGcXJoc$_$0,42,devices,257,264,59,devices,1,1,,,0,mfa_alignment_output_missing
499,-dxfTGcXJoc$_$2,1,An,0,2,1,an,1,1,,,0,mfa_whisper_discrepancy_over_0_5s_null_primary
500,-dxfTGcXJoc$_$2,2,estimated,3,12,2,estimated,1,1,0.6600000262260437,1.350000023841858,1,mfa_primary_exact_transcript_auto_qc_pass
501,-dxfTGcXJoc$_$2,3,20,13,15,3,20,1,1,1.350000023841858,1.649999976158142,1,mfa_primary_exact_transcript_auto_qc_pass
502,-dxfTGcXJoc$_$2,4,000,16,19,5,000,1,1,1.649999976158142,2.259999990463257,1,mfa_primary_exact_transcript_auto_qc_pass
503,-dxfTGcXJoc$_$2,5,biotech,20,27,6;7,bio ##tech,2,1,2.259999990463257,2.950000047683716,1,mfa_primary_exact_transcript_auto_qc_pass
504,-dxfTGcXJoc$_$2,6,scientists,28,38,8,scientists,1,1,2.950000047683716,3.700000047683716,1,mfa_primary_exact_transcript_auto_qc_pass
505,-dxfTGcXJoc$_$2,7,executives,40,50,10,executives,1,1,3.819999933242798,4.599999904632568,1,mfa_primary_exact_transcript_auto_qc_pass
506,-dxfTGcXJoc$_$2,8,and,51,54,11,and,1,1,4.599999904632568,4.889999866485596,1,mfa_primary_exact_transcript_auto_qc_pass
507,-dxfTGcXJoc$_$2,9,industry,55,63,12,industry,1,1,4.949999809265137,5.489999771118164,1,mfa_primary_exact_transcript_auto_qc_pass
508,-dxfTGcXJoc$_$2,10,experts,64,71,13,experts,1,1,5.489999771118164,6.099999904632568,1,mfa_primary_exact_transcript_auto_qc_pass
509,-dxfTGcXJoc$_$2,11,from,72,76,14,from,1,1,6.360000133514404,6.570000171661377,1,mfa_primary_exact_transcript_auto_qc_pass
510,-dxfTGcXJoc$_$2,12,more,77,81,15,more,1,1,6.570000171661377,6.78000020980835,1,mfa_primary_exact_transcript_auto_qc_pass
511,-dxfTGcXJoc$_$2,13,than,82,86,16,than,1,1,6.78000020980835,6.940000057220459,1,mfa_primary_exact_transcript_auto_qc_pass
512,-dxfTGcXJoc$_$2,14,50,87,89,17,50,1,1,6.940000057220459,7.309999942779541,1,mfa_primary_exact_transcript_auto_qc_pass
513,-dxfTGcXJoc$_$2,15,nations,90,97,18,nations,1,1,7.309999942779541,7.849999904632568,1,mfa_primary_exact_transcript_auto_qc_pass
514,-dxfTGcXJoc$_$2,16,were,98,102,19,were,1,1,8.0600004196167,8.239999771118164,1,mfa_primary_exact_transcript_auto_qc_pass
515,-dxfTGcXJoc$_$2,17,at,103,105,20,at,1,1,8.270000457763672,8.520000457763672,1,mfa_primary_exact_transcript_auto_qc_pass
516,-dxfTGcXJoc$_$2,18,the,106,109,21,the,1,1,8.520000457763672,8.600000381469727,1,mfa_primary_exact_transcript_auto_qc_pass
517,-dxfTGcXJoc$_$2,19,BIO,110,113,22,bio,1,1,8.600000381469727,8.979999542236328,1,mfa_primary_exact_transcript_auto_qc_pass
518,-dxfTGcXJoc$_$2,20,conference,114,124,23,conference,1,1,8.979999542236328,9.5600004196167,1,mfa_primary_exact_transcript_auto_qc_pass
519,-dxfTGcXJoc$_$2,21,to,125,127,24,to,1,1,9.5600004196167,9.6899995803833,1,mfa_primary_exact_transcript_auto_qc_pass
520,-dxfTGcXJoc$_$2,22,learn,128,133,25,learn,1,1,9.6899995803833,10.130000114440918,1,mfa_primary_exact_transcript_auto_qc_pass
521,-dxfTGcXJoc$_$2,23,about,134,139,26,about,1,1,10.130000114440918,10.4399995803833,1,mfa_primary_exact_transcript_auto_qc_pass
522,-dxfTGcXJoc$_$2,24,the,140,143,27,the,1,1,10.4399995803833,10.520000457763672,1,mfa_primary_exact_transcript_auto_qc_pass
523,-dxfTGcXJoc$_$2,25,latest,144,150,28,latest,1,1,10.520000457763672,10.949999809265137,1,mfa_primary_exact_transcript_auto_qc_pass
524,-dxfTGcXJoc$_$2,26,scientific,151,161,29,scientific,1,1,10.949999809265137,11.470000267028809,1,mfa_primary_exact_transcript_auto_qc_pass
525,-dxfTGcXJoc$_$2,27,advances,162,170,30,advances,1,1,11.470000267028809,12.170000076293945,1,mfa_primary_exact_transcript_auto_qc_pass
526,-dxfTGcXJoc$_$2,28,and,172,175,32,and,1,1,,,0,mfa_whisper_discrepancy_over_0_5s_null_primary
527,-dxfTGcXJoc$_$2,29,to,176,178,33,to,1,1,12.670000076293945,12.75,1,mfa_primary_exact_transcript_auto_qc_pass
528,-dxfTGcXJoc$_$2,30,exchange,179,187,34,exchange,1,1,12.75,13.359999656677246,1,mfa_primary_exact_transcript_auto_qc_pass
529,-dxfTGcXJoc$_$2,31,ideas,188,193,35,ideas,1,1,13.359999656677246,14.020000457763672,1,mfa_primary_exact_transcript_auto_qc_pass
530,-dxfTGcXJoc$_$2,32,and,194,197,36,and,1,1,14.15999984741211,14.289999961853027,1,mfa_primary_exact_transcript_auto_qc_pass
531,-dxfTGcXJoc$_$2,33,establish,198,207,37,establish,1,1,14.289999961853027,14.789999961853027,1,mfa_primary_exact_transcript_auto_qc_pass
532,-dxfTGcXJoc$_$2,34,business,208,216,38,business,1,1,14.789999961853027,15.239999771118164,1,mfa_primary_exact_transcript_auto_qc_pass
533,-dxfTGcXJoc$_$2,35,relationships,217,230,39,relationships,1,1,15.239999771118164,16.110000610351562,1,mfa_primary_exact_transcript_auto_qc_pass
534,-dxfTGcXJoc$_$6,1,Kentucky's,0,10,1;2;3,kentucky ' s,3,1,0.4099999964237213,0.9100000262260437,1,mfa_primary_exact_transcript_auto_qc_pass
535,-dxfTGcXJoc$_$6,2,participation,11,24,4,participation,1,1,0.9100000262260437,1.840000033378601,1,mfa_primary_exact_transcript_auto_qc_pass
536,-dxfTGcXJoc$_$6,3,at,25,27,5,at,1,1,1.840000033378601,2.0,1,mfa_primary_exact_transcript_auto_qc_pass
537,-dxfTGcXJoc$_$6,4,the,28,31,6,the,1,1,2.0,2.2100000381469727,1,mfa_primary_exact_transcript_auto_qc_pass
538,-dxfTGcXJoc$_$6,5,annual,32,38,7,annual,1,1,2.2100000381469727,2.6500000953674316,1,mfa_primary_exact_transcript_auto_qc_pass
539,-dxfTGcXJoc$_$6,6,BIO,39,42,8,bio,1,1,2.6500000953674316,3.119999885559082,1,mfa_primary_exact_transcript_auto_qc_pass
540,-dxfTGcXJoc$_$6,7,International,43,56,9,international,1,1,3.119999885559082,3.7200000286102295,1,mfa_primary_exact_transcript_auto_qc_pass
541,-dxfTGcXJoc$_$6,8,Convention,57,67,10,convention,1,1,3.7200000286102295,4.340000152587891,1,mfa_primary_exact_transcript_auto_qc_pass
542,-dxfTGcXJoc$_$6,9,is,68,70,11,is,1,1,,,0,mfa_whisper_discrepancy_over_0_5s_null_primary
543,-dxfTGcXJoc$_$6,10,the,71,74,12,the,1,1,4.980000019073486,5.119999885559082,1,mfa_primary_exact_transcript_auto_qc_pass
544,-dxfTGcXJoc$_$6,11,primary,75,82,13,primary,1,1,5.119999885559082,5.71999979019165,1,mfa_primary_exact_transcript_auto_qc_pass
545,-dxfTGcXJoc$_$6,12,means,83,88,14,means,1,1,5.71999979019165,6.210000038146973,1,mfa_primary_exact_transcript_auto_qc_pass
546,-dxfTGcXJoc$_$6,13,by,89,91,15,by,1,1,6.210000038146973,6.409999847412109,1,mfa_primary_exact_transcript_auto_qc_pass
547,-dxfTGcXJoc$_$6,14,which,92,97,16,which,1,1,6.409999847412109,6.75,1,mfa_primary_exact_transcript_auto_qc_pass
548,-dxfTGcXJoc$_$6,15,our,98,101,17,our,1,1,6.829999923706055,7.159999847412109,1,mfa_primary_exact_transcript_auto_qc_pass
549,-dxfTGcXJoc$_$6,16,high,102,106,18,high,1,1,7.159999847412109,7.380000114440918,1,mfa_primary_exact_transcript_auto_qc_pass
550,-dxfTGcXJoc$_$6,17,tech,107,111,20,tech,1,1,7.380000114440918,7.71999979019165,1,mfa_primary_exact_transcript_auto_qc_pass
551,-dxfTGcXJoc$_$6,18,companies,112,121,21,companies,1,1,7.71999979019165,8.239999771118164,1,mfa_primary_exact_transcript_auto_qc_pass
552,-dxfTGcXJoc$_$6,19,and,122,125,22,and,1,1,8.239999771118164,8.380000114440918,1,mfa_primary_exact_transcript_auto_qc_pass
553,-dxfTGcXJoc$_$6,20,institutions,126,138,23,institutions,1,1,8.380000114440918,9.220000267028809,1,mfa_primary_exact_transcript_auto_qc_pass
554,-dxfTGcXJoc$_$6,21,can,139,142,24,can,1,1,9.359999656677246,9.59000015258789,1,mfa_primary_exact_transcript_auto_qc_pass
555,-dxfTGcXJoc$_$6,22,reach,143,148,25,reach,1,1,9.59000015258789,9.880000114440918,1,mfa_primary_exact_transcript_auto_qc_pass
556,-dxfTGcXJoc$_$6,23,out,149,152,26,out,1,1,9.880000114440918,10.260000228881836,1,mfa_primary_exact_transcript_auto_qc_pass
557,-dxfTGcXJoc$_$6,24,to,153,155,27,to,1,1,10.260000228881836,10.350000381469727,1,mfa_primary_exact_transcript_auto_qc_pass
558,-dxfTGcXJoc$_$6,25,the,156,159,28,the,1,1,10.350000381469727,10.470000267028809,1,mfa_primary_exact_transcript_auto_qc_pass
559,-dxfTGcXJoc$_$6,26,global,160,166,29,global,1,1,10.470000267028809,10.930000305175781,1,mfa_primary_exact_transcript_auto_qc_pass
560,-dxfTGcXJoc$_$6,27,scientific,167,177,30,scientific,1,1,10.930000305175781,11.579999923706055,1,mfa_primary_exact_transcript_auto_qc_pass
561,-dxfTGcXJoc$_$6,28,community,178,187,31,community,1,1,11.579999923706055,12.119999885559082,1,mfa_primary_exact_transcript_auto_qc_pass
562,-egA8-b7-3M$_$26,1,We're,0,5,1;2;3,we ' re,3,1,,,0,official_word_unmatched_or_ambiguous_in_asr
563,-egA8-b7-3M$_$26,2,updating,6,14,4;5,up ##dating,2,1,0.6499999761581421,0.8999999761581421,1,mfa_primary_unique_word_overlap_auto_qc_pass
564,-egA8-b7-3M$_$26,3,it,15,17,6,it,1,1,0.8999999761581421,1.2899999618530273,1,mfa_primary_unique_word_overlap_auto_qc_pass
565,-egA8-b7-3M$_$26,4,all,18,21,7,all,1,1,1.2899999618530273,1.5399999618530273,1,mfa_primary_unique_word_overlap_auto_qc_pass
566,-egA8-b7-3M$_$26,5,the,22,25,8,the,1,1,1.5399999618530273,1.6399999856948853,1,mfa_primary_unique_word_overlap_auto_qc_pass
567,-egA8-b7-3M$_$26,6,time,26,30,9,time,1,1,1.6399999856948853,2.119999885559082,1,mfa_primary_unique_word_overlap_auto_qc_pass
568,-egA8-b7-3M$_$26,7,and,31,34,10,and,1,1,2.450000047683716,2.609999895095825,1,mfa_primary_unique_word_overlap_auto_qc_pass
569,-egA8-b7-3M$_$26,8,looking,35,42,11,looking,1,1,2.609999895095825,2.9200000762939453,1,mfa_primary_unique_word_overlap_auto_qc_pass
570,-egA8-b7-3M$_$26,9,forward,43,50,12,forward,1,1,2.9200000762939453,3.3399999141693115,1,mfa_primary_unique_word_overlap_auto_qc_pass
571,-egA8-b7-3M$_$26,10,to,51,53,13,to,1,1,3.3399999141693115,3.4600000381469727,1,mfa_primary_unique_word_overlap_auto_qc_pass
572,-egA8-b7-3M$_$26,11,your,54,58,14,your,1,1,3.4600000381469727,3.680000066757202,1,mfa_primary_unique_word_overlap_auto_qc_pass
573,-egA8-b7-3M$_$26,12,comments,59,67,15,comments,1,1,3.680000066757202,4.309999942779541,1,mfa_primary_unique_word_overlap_auto_qc_pass
574,-egA8-b7-3M$_$26,13,on,68,70,16,on,1,1,4.309999942779541,4.539999961853027,1,mfa_primary_unique_word_overlap_auto_qc_pass
575,-egA8-b7-3M$_$26,14,our,71,74,17,our,1,1,4.539999961853027,4.679999828338623,1,mfa_primary_unique_word_overlap_auto_qc_pass
576,-egA8-b7-3M$_$26,15,videos,75,81,18,videos,1,1,4.679999828338623,5.380000114440918,1,mfa_primary_unique_word_overlap_auto_qc_pass
577,-egA8-b7-3M$_$17,1,As,0,2,1,as,1,1,,,0,mfa_whisper_discrepancy_over_0_5s_null_primary
578,-egA8-b7-3M$_$17,2,you,3,6,2,you,1,1,0.7900000214576721,0.8999999761581421,1,mfa_primary_exact_transcript_auto_qc_pass
579,-egA8-b7-3M$_$17,3,have,7,11,3,have,1,1,0.8999999761581421,1.1200000047683716,1,mfa_primary_exact_transcript_auto_qc_pass
580,-egA8-b7-3M$_$17,4,more,12,16,4,more,1,1,1.1200000047683716,1.3600000143051147,1,mfa_primary_exact_transcript_auto_qc_pass
581,-egA8-b7-3M$_$17,5,experience,17,27,5,experience,1,1,1.3600000143051147,2.319999933242798,1,mfa_primary_exact_transcript_auto_qc_pass
582,-egA8-b7-3M$_$17,6,you,29,32,7,you,1,1,3.2200000286102295,3.3299999237060547,1,mfa_primary_exact_transcript_auto_qc_pass
583,-egA8-b7-3M$_$17,7,have,33,37,8,have,1,1,3.3299999237060547,3.549999952316284,1,mfa_primary_exact_transcript_auto_qc_pass
584,-egA8-b7-3M$_$17,8,more,38,42,9,more,1,1,3.549999952316284,3.759999990463257,1,mfa_primary_exact_transcript_auto_qc_pass
585,-egA8-b7-3M$_$17,9,times,43,48,10,times,1,1,3.759999990463257,4.239999771118164,1,mfa_primary_exact_transcript_auto_qc_pass
586,-egA8-b7-3M$_$17,10,exhibiting,49,59,11,exhibiting,1,1,4.239999771118164,5.010000228881836,1,mfa_primary_exact_transcript_auto_qc_pass
587,-egA8-b7-3M$_$17,11,you,61,64,13,you,1,1,5.239999771118164,5.340000152587891,1,mfa_primary_exact_transcript_auto_qc_pass
588,-egA8-b7-3M$_$17,12,get,65,68,14,get,1,1,5.340000152587891,5.539999961853027,1,mfa_primary_exact_transcript_auto_qc_pass
589,-egA8-b7-3M$_$17,13,to,69,71,15,to,1,1,5.539999961853027,5.639999866485596,1,mfa_primary_exact_transcript_auto_qc_pass
590,-egA8-b7-3M$_$17,14,know,72,76,16,know,1,1,5.639999866485596,5.869999885559082,1,mfa_primary_exact_transcript_auto_qc_pass
591,-egA8-b7-3M$_$17,15,more,77,81,17,more,1,1,5.869999885559082,6.099999904632568,1,mfa_primary_exact_transcript_auto_qc_pass
592,-egA8-b7-3M$_$17,16,people,82,88,18,people,1,1,6.099999904632568,6.579999923706055,1,mfa_primary_exact_transcript_auto_qc_pass
593,-egA8-b7-3M$_$18,1,It,0,2,1,it,1,1,,,0,mfa_whisper_discrepancy_over_0_5s_null_primary
594,-egA8-b7-3M$_$18,2,becomes,3,10,2,becomes,1,1,0.6800000071525574,1.2799999713897705,1,mfa_primary_exact_transcript_auto_qc_pass
595,-egA8-b7-3M$_$18,3,easier,11,17,3,easier,1,1,1.2799999713897705,1.8200000524520874,1,mfa_primary_exact_transcript_auto_qc_pass
596,-egA8-b7-3M$_$18,4,at,18,20,4,at,1,1,1.8200000524520874,2.0799999237060547,1,mfa_primary_exact_transcript_auto_qc_pass
597,-egA8-b7-3M$_$18,5,each,21,25,5,each,1,1,2.0799999237060547,2.390000104904175,1,mfa_primary_exact_transcript_auto_qc_pass
598,-egA8-b7-3M$_$18,6,one,26,29,6,one,1,1,2.390000104904175,2.5799999237060547,1,mfa_primary_exact_transcript_auto_qc_pass
599,-egA8-b7-3M$_$18,7,of,30,32,7,of,1,1,2.5799999237060547,2.690000057220459,1,mfa_primary_exact_transcript_auto_qc_pass
600,-egA8-b7-3M$_$18,8,these,33,38,8,these,1,1,2.690000057220459,2.9000000953674316,1,mfa_primary_exact_transcript_auto_qc_pass
601,-egA8-b7-3M$_$18,9,conferences,39,50,9,conferences,1,1,2.9000000953674316,3.759999990463257,1,mfa_primary_exact_transcript_auto_qc_pass
602,-egA8-b7-3M$_$18,10,to,51,53,10,to,1,1,,,0,mfa_whisper_discrepancy_over_0_5s_null_primary
603,-egA8-b7-3M$_$18,11,connect,54,61,11,connect,1,1,4.179999828338623,4.650000095367432,1,mfa_primary_exact_transcript_auto_qc_pass
604,-egA8-b7-3M$_$18,12,with,62,66,12,with,1,1,4.650000095367432,4.860000133514404,1,mfa_primary_exact_transcript_auto_qc_pass
605,-egA8-b7-3M$_$18,13,people,67,73,13,people,1,1,4.860000133514404,5.210000038146973,1,mfa_primary_exact_transcript_auto_qc_pass
606,-egA8-b7-3M$_$18,14,that,74,78,14,that,1,1,5.210000038146973,5.329999923706055,1,mfa_primary_exact_transcript_auto_qc_pass
607,-egA8-b7-3M$_$18,15,you've,79,85,15;16;17,you ' ve,3,1,5.329999923706055,5.619999885559082,1,mfa_primary_exact_transcript_auto_qc_pass
608,-egA8-b7-3M$_$18,16,met,86,89,18,met,1,1,5.619999885559082,5.920000076293945,1,mfa_primary_exact_transcript_auto_qc_pass
609,-egA8-b7-3M$_$18,17,or,90,92,19,or,1,1,6.369999885559082,6.53000020980835,1,mfa_primary_exact_transcript_auto_qc_pass
610,-egA8-b7-3M$_$18,18,that,93,97,20,that,1,1,6.53000020980835,6.699999809265137,1,mfa_primary_exact_transcript_auto_qc_pass
611,-egA8-b7-3M$_$18,19,you're,98,104,21;22;23,you ' re,3,1,6.699999809265137,6.809999942779541,1,mfa_primary_exact_transcript_auto_qc_pass
612,-egA8-b7-3M$_$18,20,doing,105,110,24,doing,1,1,6.809999942779541,7.110000133514404,1,mfa_primary_exact_transcript_auto_qc_pass
613,-egA8-b7-3M$_$18,21,business,111,119,25,business,1,1,7.110000133514404,7.639999866485596,1,mfa_primary_exact_transcript_auto_qc_pass
614,-egA8-b7-3M$_$18,22,with,120,124,26,with,1,1,7.639999866485596,7.809999942779541,1,mfa_primary_exact_transcript_auto_qc_pass
615,-egA8-b7-3M$_$16,1,Third,0,5,1,third,1,1,0.3700000047683716,0.800000011920929,1,mfa_primary_exact_transcript_auto_qc_pass
616,-egA8-b7-3M$_$16,2,another,7,14,3,another,1,1,0.800000011920929,1.2599999904632568,1,mfa_primary_exact_transcript_auto_qc_pass
617,-egA8-b7-3M$_$16,3,big,15,18,4,big,1,1,1.2599999904632568,1.5199999809265137,1,mfa_primary_exact_transcript_auto_qc_pass
618,-egA8-b7-3M$_$16,4,benefit,19,26,5,benefit,1,1,1.5199999809265137,1.9700000286102295,1,mfa_primary_exact_transcript_auto_qc_pass
619,-egA8-b7-3M$_$16,5,of,27,29,6,of,1,1,1.9700000286102295,2.0999999046325684,1,mfa_primary_exact_transcript_auto_qc_pass
620,-egA8-b7-3M$_$16,6,exhibiting,30,40,7,exhibiting,1,1,2.0999999046325684,2.7200000286102295,1,mfa_primary_exact_transcript_auto_qc_pass
621,-egA8-b7-3M$_$16,7,is,41,43,8,is,1,1,2.7200000286102295,2.9200000762939453,1,mfa_primary_exact_transcript_auto_qc_pass
622,-egA8-b7-3M$_$16,8,connecting,44,54,9,connecting,1,1,2.9200000762939453,3.5299999713897705,1,mfa_primary_exact_transcript_auto_qc_pass
623,-egA8-b7-3M$_$16,9,with,55,59,10,with,1,1,3.5299999713897705,3.700000047683716,1,mfa_primary_exact_transcript_auto_qc_pass
624,-egA8-b7-3M$_$16,10,existing,60,68,11,existing,1,1,3.700000047683716,4.309999942779541,1,mfa_primary_exact_transcript_auto_qc_pass
625,-egA8-b7-3M$_$16,11,clients,69,76,12,clients,1,1,4.309999942779541,5.010000228881836,1,mfa_primary_exact_transcript_auto_qc_pass
626,-egA8-b7-3M$_$13,1,What,0,4,1,what,1,1,,,0,mfa_whisper_discrepancy_over_0_5s_null_primary
627,-egA8-b7-3M$_$13,2,are,5,8,2,are,1,1,0.6600000262260437,0.6899999976158142,1,mfa_primary_exact_transcript_auto_qc_pass
628,-egA8-b7-3M$_$13,3,you,9,12,3,you,1,1,0.6899999976158142,0.8299999833106995,1,mfa_primary_exact_transcript_auto_qc_pass
629,-egA8-b7-3M$_$13,4,doing,13,18,4,doing,1,1,0.8299999833106995,1.159999966621399,1,mfa_primary_exact_transcript_auto_qc_pass
630,-egA8-b7-3M$_$13,5,that's,19,25,5;6;7,that ' s,3,1,1.159999966621399,1.3899999856948853,1,mfa_primary_exact_transcript_auto_qc_pass
631,-egA8-b7-3M$_$13,6,different,26,35,8,different,1,1,1.3899999856948853,1.7999999523162842,1,mfa_primary_exact_transcript_auto_qc_pass
632,-egA8-b7-3M$_$13,7,They,38,42,11,they,1,1,2.319999933242798,2.4700000286102295,1,mfa_primary_exact_transcript_auto_qc_pass
633,-egA8-b7-3M$_$13,8,always,43,49,12,always,1,1,2.4700000286102295,2.7699999809265137,1,mfa_primary_exact_transcript_auto_qc_pass
634,-egA8-b7-3M$_$13,9,want,50,54,13,want,1,1,2.7699999809265137,2.990000009536743,1,mfa_primary_exact_transcript_auto_qc_pass
635,-egA8-b7-3M$_$13,10,an,55,57,14,an,1,1,2.990000009536743,3.0999999046325684,1,mfa_primary_exact_transcript_auto_qc_pass
636,-egA8-b7-3M$_$13,11,answer,58,64,15,answer,1,1,3.0999999046325684,3.559999942779541,1,mfa_primary_exact_transcript_auto_qc_pass
637,-egA8-b7-3M$_$1,1,I,0,1,1,i,1,1,,,0,mfa_whisper_discrepancy_over_0_5s_null_primary
638,-egA8-b7-3M$_$1,2,started,2,9,2,started,1,1,1.190000057220459,1.690000057220459,1,mfa_primary_unique_word_overlap_auto_qc_pass
639,-egA8-b7-3M$_$1,3,a,10,11,3,a,1,1,1.690000057220459,1.7400000095367432,1,mfa_primary_unique_word_overlap_auto_qc_pass
640,-egA8-b7-3M$_$1,4,successful,12,22,4,successful,1,1,1.7400000095367432,2.4800000190734863,1,mfa_primary_unique_word_overlap_auto_qc_pass
641,-egA8-b7-3M$_$1,5,Legal,23,28,5,legal,1,1,2.4800000190734863,2.7100000381469727,1,mfa_primary_unique_word_overlap_auto_qc_pass
642,-egA8-b7-3M$_$1,6,Nurse,29,34,6,nurse,1,1,2.7100000381469727,3.0299999713897705,1,mfa_primary_unique_word_overlap_auto_qc_pass
643,-egA8-b7-3M$_$1,7,Consulting,35,45,7,consulting,1,1,3.0299999713897705,3.549999952316284,1,mfa_primary_unique_word_overlap_auto_qc_pass
644,-egA8-b7-3M$_$1,8,Business,46,54,8,business,1,1,3.549999952316284,4.179999828338623,1,mfa_primary_unique_word_overlap_auto_qc_pass
645,-egA8-b7-3M$_$1,9,in,55,57,9,in,1,1,,,0,mfa_whisper_discrepancy_over_0_5s_null_primary
646,-egA8-b7-3M$_$1,10,1989,58,62,10,1989,1,1,4.570000171661377,5.820000171661377,1,mfa_primary_unique_word_overlap_auto_qc_pass
647,-egA8-b7-3M$_$1,11,I,64,65,12,i,1,1,6.340000152587891,6.420000076293945,1,mfa_primary_unique_word_overlap_auto_qc_pass
648,-egA8-b7-3M$_$1,12,mentor,66,72,13,mentor,1,1,6.420000076293945,6.849999904632568,1,mfa_primary_unique_word_overlap_auto_qc_pass
649,-egA8-b7-3M$_$1,13,nurses,73,79,14,nurses,1,1,6.849999904632568,7.360000133514404,1,mfa_primary_unique_word_overlap_auto_qc_pass
650,-egA8-b7-3M$_$1,14,who,80,83,15,who,1,1,7.360000133514404,7.46999979019165,1,mfa_primary_unique_word_overlap_auto_qc_pass
651,-egA8-b7-3M$_$1,15,want,84,88,16,want,1,1,7.46999979019165,7.809999942779541,1,mfa_primary_unique_word_overlap_auto_qc_pass
652,-egA8-b7-3M$_$1,16,to,89,91,17,to,1,1,7.809999942779541,7.889999866485596,1,mfa_primary_unique_word_overlap_auto_qc_pass
653,-egA8-b7-3M$_$1,17,become,92,98,18,become,1,1,7.889999866485596,8.329999923706055,1,mfa_primary_unique_word_overlap_auto_qc_pass
654,-egA8-b7-3M$_$1,18,Legal,99,104,19,legal,1,1,8.329999923706055,8.529999732971191,1,mfa_primary_unique_word_overlap_auto_qc_pass
655,-egA8-b7-3M$_$1,19,Nurse,105,110,20,nurse,1,1,8.529999732971191,8.8100004196167,1,mfa_primary_unique_word_overlap_auto_qc_pass
656,-egA8-b7-3M$_$1,20,Consultants,111,122,21,consultants,1,1,8.8100004196167,9.710000038146973,1,mfa_primary_unique_word_overlap_auto_qc_pass
657,-egA8-b7-3M$_$6,1,First,0,5,1,first,1,1,0.47999998927116394,0.9200000166893005,1,mfa_primary_exact_transcript_auto_qc_pass
658,-egA8-b7-3M$_$6,2,exhibiting,6,16,2,exhibiting,1,1,0.949999988079071,1.590000033378601,1,mfa_primary_exact_transcript_auto_qc_pass
659,-egA8-b7-3M$_$6,3,is,17,19,3,is,1,1,1.590000033378601,1.7400000095367432,1,mfa_primary_exact_transcript_auto_qc_pass
660,-egA8-b7-3M$_$6,4,a,20,21,4,a,1,1,1.7400000095367432,1.809999942779541,1,mfa_primary_exact_transcript_auto_qc_pass
661,-egA8-b7-3M$_$6,5,wonderful,22,31,5,wonderful,1,1,1.809999942779541,2.4200000762939453,1,mfa_primary_exact_transcript_auto_qc_pass
662,-egA8-b7-3M$_$6,6,opportunity,32,43,6,opportunity,1,1,2.4200000762939453,3.200000047683716,1,mfa_primary_exact_transcript_auto_qc_pass
663,-egA8-b7-3M$_$6,7,to,44,46,7,to,1,1,3.200000047683716,3.380000114440918,1,mfa_primary_exact_transcript_auto_qc_pass
664,-egA8-b7-3M$_$6,8,network,47,54,8,network,1,1,3.380000114440918,3.950000047683716,1,mfa_primary_exact_transcript_auto_qc_pass
665,-egA8-b7-3M$_$6,9,with,55,59,9,with,1,1,3.950000047683716,4.110000133514404,1,mfa_primary_exact_transcript_auto_qc_pass
666,-egA8-b7-3M$_$6,10,other,60,65,10,other,1,1,4.150000095367432,4.46999979019165,1,mfa_primary_exact_transcript_auto_qc_pass
667,-egA8-b7-3M$_$6,11,legal,66,71,11,legal,1,1,4.46999979019165,4.900000095367432,1,mfa_primary_exact_transcript_auto_qc_pass
668,-egA8-b7-3M$_$6,12,vendors,72,79,12,vendors,1,1,4.900000095367432,5.650000095367432,1,mfa_primary_exact_transcript_auto_qc_pass
669,-egA8-b7-3M$_$9,1,Secondly,0,8,1,secondly,1,1,0.44999998807907104,1.090000033378601,1,mfa_primary_exact_transcript_auto_qc_pass
670,-egA8-b7-3M$_$9,2,another,10,17,3,another,1,1,1.090000033378601,1.6100000143051147,1,mfa_primary_exact_transcript_auto_qc_pass
671,-egA8-b7-3M$_$9,3,goal,18,22,4,goal,1,1,1.6100000143051147,1.909999966621399,1,mfa_primary_exact_transcript_auto_qc_pass
672,-egA8-b7-3M$_$9,4,of,23,25,5,of,1,1,1.909999966621399,2.0299999713897705,1,mfa_primary_exact_transcript_auto_qc_pass
673,-egA8-b7-3M$_$9,5,exhibiting,26,36,6,exhibiting,1,1,2.0299999713897705,2.5999999046325684,1,mfa_primary_exact_transcript_auto_qc_pass
674,-egA8-b7-3M$_$9,6,is,38,40,7,is,1,1,2.5999999046325684,2.8299999237060547,1,mfa_primary_exact_transcript_auto_qc_pass
675,-egA8-b7-3M$_$9,7,building,41,49,8,building,1,1,2.8299999237060547,3.299999952316284,1,mfa_primary_exact_transcript_auto_qc_pass
676,-egA8-b7-3M$_$9,8,your,50,54,9,your,1,1,3.299999952316284,3.4200000762939453,1,mfa_primary_exact_transcript_auto_qc_pass
677,-egA8-b7-3M$_$9,9,company,55,62,10,company,1,1,3.4200000762939453,3.9100000858306885,1,mfa_primary_exact_transcript_auto_qc_pass
678,-egA8-b7-3M$_$9,10,image,63,68,11,image,1,1,3.9100000858306885,4.440000057220459,1,mfa_primary_exact_transcript_auto_qc_pass
679,-egA8-b7-3M$_$20,1,Now,0,3,1,now,1,1,0.49000000953674316,0.75,1,mfa_primary_exact_transcript_auto_qc_pass
680,-egA8-b7-3M$_$20,2,you've,4,10,2;3;4,you ' ve,3,1,0.75,0.9300000071525574,1,mfa_primary_exact_transcript_auto_qc_pass
681,-egA8-b7-3M$_$20,3,got,11,14,5,got,1,1,0.9300000071525574,1.1399999856948853,1,mfa_primary_exact_transcript_auto_qc_pass
682,-egA8-b7-3M$_$20,4,a,15,16,6,a,1,1,1.1399999856948853,1.1799999475479126,1,mfa_primary_exact_transcript_auto_qc_pass
683,-egA8-b7-3M$_$20,5,face,17,21,7,face,1,1,1.1799999475479126,1.6100000143051147,1,mfa_primary_exact_transcript_auto_qc_pass
684,-egA8-b7-3M$_$20,6,that,22,26,8,that,1,1,1.6100000143051147,1.7599999904632568,1,mfa_primary_exact_transcript_auto_qc_pass
685,-egA8-b7-3M$_$20,7,you,27,30,9,you,1,1,1.7599999904632568,1.8700000047683716,1,mfa_primary_exact_transcript_auto_qc_pass
686,-egA8-b7-3M$_$20,8,can,31,34,10,can,1,1,1.8700000047683716,2.0799999237060547,1,mfa_primary_exact_transcript_auto_qc_pass
687,-egA8-b7-3M$_$20,9,connect,35,42,11,connect,1,1,2.0799999237060547,2.5299999713897705,1,mfa_primary_exact_transcript_auto_qc_pass
688,-egA8-b7-3M$_$20,10,with,43,47,12,with,1,1,2.5299999713897705,2.7100000381469727,1,mfa_primary_exact_transcript_auto_qc_pass
689,-egA8-b7-3M$_$20,11,a,48,49,13,a,1,1,2.7100000381469727,2.759999990463257,1,mfa_primary_exact_transcript_auto_qc_pass
690,-egA8-b7-3M$_$20,12,voice,50,55,14,voice,1,1,2.759999990463257,3.4800000190734863,1,mfa_primary_exact_transcript_auto_qc_pass
691,-egA8-b7-3M$_$20,13,and,57,60,16,and,1,1,,,0,mfa_whisper_discrepancy_over_0_5s_null_primary
692,-egA8-b7-3M$_$20,14,that,61,65,17,that,1,1,4.099999904632568,4.28000020980835,1,mfa_primary_exact_transcript_auto_qc_pass
693,-egA8-b7-3M$_$20,15,makes,66,71,18,makes,1,1,4.28000020980835,4.559999942779541,1,mfa_primary_exact_transcript_auto_qc_pass
694,-egA8-b7-3M$_$20,16,you,72,75,19,you,1,1,4.559999942779541,4.630000114440918,1,mfa_primary_exact_transcript_auto_qc_pass
695,-egA8-b7-3M$_$20,17,closer,76,82,20,closer,1,1,4.630000114440918,5.139999866485596,1,mfa_primary_exact_transcript_auto_qc_pass
696,-egA8-b7-3M$_$20,18,to,83,85,21,to,1,1,5.139999866485596,5.289999961853027,1,mfa_primary_exact_transcript_auto_qc_pass
697,-egA8-b7-3M$_$20,19,that,86,90,22,that,1,1,5.289999961853027,5.610000133514404,1,mfa_primary_exact_transcript_auto_qc_pass
698,-egA8-b7-3M$_$20,20,client,91,97,23,client,1,1,5.610000133514404,5.96999979019165,1,mfa_primary_exact_transcript_auto_qc_pass
699,-iRBcNs9oI8$_$3,1,Well,0,4,1,well,1,1,,,0,official_word_unmatched_or_ambiguous_in_asr
700,-iRBcNs9oI8$_$3,2,it,6,8,3,it,1,1,,,0,official_word_unmatched_or_ambiguous_in_asr
701,-iRBcNs9oI8$_$3,3,is,9,11,4,is,1,1,0.36000001430511475,0.5299999713897705,1,mfa_primary_unique_word_overlap_auto_qc_pass
702,-iRBcNs9oI8$_$3,4,the,12,15,5,the,1,1,,,0,official_word_unmatched_or_ambiguous_in_asr
703,-iRBcNs9oI8$_$3,5,secret,16,22,6,secret,1,1,,,0,official_word_unmatched_or_ambiguous_in_asr
704,-iRBcNs9oI8$_$3,6,of,23,25,7,of,1,1,,,0,official_word_unmatched_or_ambiguous_in_asr
705,-iRBcNs9oI8$_$3,7,power,26,31,8,power,1,1,,,0,official_word_unmatched_or_ambiguous_in_asr
706,-iRBcNs9oI8$_$3,8,pose,32,36,9,pose,1,1,,,0,official_word_unmatched_or_ambiguous_in_asr
707,-iRBcNs9oI8$_$7,1,Well,0,4,1,well,1,1,,,0,official_word_unmatched_or_ambiguous_in_asr
708,-iRBcNs9oI8$_$7,2,for,6,9,3,for,1,1,,,0,official_word_unmatched_or_ambiguous_in_asr
709,-iRBcNs9oI8$_$7,3,starters,10,18,4,starters,1,1,,,0,official_word_unmatched_or_ambiguous_in_asr
710,-iRBcNs9oI8$_$7,4,let's,20,25,6;7;8,let ' s,3,1,,,0,official_word_unmatched_or_ambiguous_in_asr
711,-iRBcNs9oI8$_$7,5,look,26,30,9,look,1,1,,,0,official_word_unmatched_or_ambiguous_in_asr
712,-iRBcNs9oI8$_$7,6,at,31,33,10,at,1,1,,,0,official_word_unmatched_or_ambiguous_in_asr
713,-iRBcNs9oI8$_$7,7,the,34,37,11,the,1,1,,,0,official_word_unmatched_or_ambiguous_in_asr
714,-iRBcNs9oI8$_$7,8,word,38,42,12,word,1,1,,,0,official_word_unmatched_or_ambiguous_in_asr
715,-iRBcNs9oI8$_$7,9,power,44,49,14,power,1,1,,,0,official_word_unmatched_or_ambiguous_in_asr
716,-iRBcNs9oI8$_$6,1,What,0,4,1,what,1,1,,,0,official_word_unmatched_or_ambiguous_in_asr
717,-iRBcNs9oI8$_$6,2,is,5,7,2,is,1,1,,,0,official_word_unmatched_or_ambiguous_in_asr
718,-iRBcNs9oI8$_$6,3,a,8,9,3,a,1,1,,,0,official_word_unmatched_or_ambiguous_in_asr
719,-iRBcNs9oI8$_$6,4,power,10,15,4,power,1,1,,,0,official_word_unmatched_or_ambiguous_in_asr
720,-iRBcNs9oI8$_$6,5,pose,16,20,5,pose,1,1,,,0,official_word_unmatched_or_ambiguous_in_asr
721,-iRBcNs9oI8$_$9,1,Power,0,5,1,power,1,1,,,0,mfa_whisper_discrepancy_over_0_5s_null_primary
722,-iRBcNs9oI8$_$9,2,is,6,8,2,is,1,1,,,0,official_word_unmatched_or_ambiguous_in_asr
723,-iRBcNs9oI8$_$9,3,similar,9,16,3,similar,1,1,,,0,official_word_unmatched_or_ambiguous_in_asr
724,-iRBcNs9oI8$_$9,4,to,17,19,4,to,1,1,,,0,official_word_unmatched_or_ambiguous_in_asr
725,-iRBcNs9oI8$_$9,5,strength,20,28,5,strength,1,1,,,0,official_word_unmatched_or_ambiguous_in_asr
726,-iRBcNs9oI8$_$8,1,I've,0,4,1;2;3,i ' ve,3,1,,,0,official_word_unmatched_or_ambiguous_in_asr
727,-iRBcNs9oI8$_$8,2,drawn,5,10,4,drawn,1,1,,,0,official_word_unmatched_or_ambiguous_in_asr
728,-iRBcNs9oI8$_$8,3,this,11,15,5,this,1,1,,,0,official_word_unmatched_or_ambiguous_in_asr
729,-iRBcNs9oI8$_$8,4,man,16,19,6,man,1,1,,,0,official_word_unmatched_or_ambiguous_in_asr
730,-iRBcNs9oI8$_$8,5,here,20,24,7,here,1,1,,,0,official_word_unmatched_or_ambiguous_in_asr
731,-iRBcNs9oI8$_$8,6,and,26,29,9,and,1,1,,,0,official_word_unmatched_or_ambiguous_in_asr
732,-iRBcNs9oI8$_$8,7,if,30,32,10,if,1,1,,,0,official_word_unmatched_or_ambiguous_in_asr
733,-iRBcNs9oI8$_$8,8,you,33,36,11,you,1,1,5.380000114440918,5.559999942779541,1,mfa_primary_unique_word_overlap_auto_qc_pass
734,-iRBcNs9oI8$_$8,9,can,37,40,12,can,1,1,,,0,official_word_unmatched_or_ambiguous_in_asr
735,-iRBcNs9oI8$_$8,10,tell,41,45,13,tell,1,1,,,0,official_word_unmatched_or_ambiguous_in_asr
736,-iRBcNs9oI8$_$8,11,he,47,49,15,he,1,1,,,0,official_word_unmatched_or_ambiguous_in_asr
737,-iRBcNs9oI8$_$8,12,has,50,53,16,has,1,1,,,0,official_word_unmatched_or_ambiguous_in_asr
738,-iRBcNs9oI8$_$8,13,a,54,55,17,a,1,1,,,0,official_word_unmatched_or_ambiguous_in_asr
739,-iRBcNs9oI8$_$8,14,lot,56,59,18,lot,1,1,,,0,official_word_unmatched_or_ambiguous_in_asr
740,-iRBcNs9oI8$_$8,15,of,60,62,19,of,1,1,,,0,official_word_unmatched_or_ambiguous_in_asr
741,-iRBcNs9oI8$_$8,16,big,63,66,20,big,1,1,,,0,official_word_unmatched_or_ambiguous_in_asr
742,-iRBcNs9oI8$_$8,17,muscles,67,74,21,muscles,1,1,,,0,official_word_unmatched_or_ambiguous_in_asr
743,-iRBcNs9oI8$_$8,18,he,76,78,23,he,1,1,,,0,official_word_unmatched_or_ambiguous_in_asr
744,-iRBcNs9oI8$_$8,19,looks,79,84,24,looks,1,1,,,0,official_word_unmatched_or_ambiguous_in_asr
745,-iRBcNs9oI8$_$8,20,very,85,89,25,very,1,1,,,0,official_word_unmatched_or_ambiguous_in_asr
746,-iRBcNs9oI8$_$8,21,strong,90,96,26,strong,1,1,,,0,official_word_unmatched_or_ambiguous_in_asr
747,-lzEya4AM_4$_$5,1,If,0,2,1,if,1,1,0.47999998927116394,0.6299999952316284,1,mfa_primary_unique_word_overlap_auto_qc_pass
748,-lzEya4AM_4$_$5,2,it,3,5,2,it,1,1,0.6299999952316284,0.699999988079071,1,mfa_primary_unique_word_overlap_auto_qc_pass
749,-lzEya4AM_4$_$5,3,falls,6,11,3,falls,1,1,0.699999988079071,1.0199999809265137,1,mfa_primary_unique_word_overlap_auto_qc_pass
750,-lzEya4AM_4$_$5,4,into,12,16,4,into,1,1,1.0199999809265137,1.5199999809265137,1,mfa_primary_unique_word_overlap_auto_qc_pass
751,-lzEya4AM_4$_$5,5,oh,17,19,5,oh,1,1,,,0,official_word_unmatched_or_ambiguous_in_asr
752,-lzEya4AM_4$_$5,6,any,20,23,6,any,1,1,1.5700000524520874,1.7699999809265137,1,mfa_primary_unique_word_overlap_auto_qc_pass
753,-lzEya4AM_4$_$5,7,of,24,26,7,of,1,1,1.7699999809265137,1.8799999952316284,1,mfa_primary_unique_word_overlap_auto_qc_pass
754,-lzEya4AM_4$_$5,8,those,27,32,8,those,1,1,1.8799999952316284,2.109999895095825,1,mfa_primary_unique_word_overlap_auto_qc_pass
755,-lzEya4AM_4$_$5,9,three,33,38,9,three,1,1,2.109999895095825,2.2699999809265137,1,mfa_primary_unique_word_overlap_auto_qc_pass
756,-lzEya4AM_4$_$5,10,categories,39,49,10,categories,1,1,2.2699999809265137,2.990000009536743,1,mfa_primary_unique_word_overlap_auto_qc_pass
757,-lzEya4AM_4$_$5,11,inducing,51,59,12,inducing,1,1,,,0,mfa_whisper_discrepancy_over_0_5s_null_primary
758,-lzEya4AM_4$_$5,12,nausea,60,66,13,nausea,1,1,4.989999771118164,5.46999979019165,1,mfa_primary_unique_word_overlap_auto_qc_pass
759,-lzEya4AM_4$_$5,13,and,67,70,14,and,1,1,5.46999979019165,5.570000171661377,1,mfa_primary_unique_word_overlap_auto_qc_pass
760,-lzEya4AM_4$_$5,14,vomiting,71,79,15,vomiting,1,1,5.570000171661377,6.019999980926514,1,mfa_primary_unique_word_overlap_auto_qc_pass
761,-lzEya4AM_4$_$5,15,would,80,85,16,would,1,1,6.239999771118164,6.360000133514404,1,mfa_primary_unique_word_overlap_auto_qc_pass
762,-lzEya4AM_4$_$5,16,be,86,88,17,be,1,1,6.360000133514404,6.440000057220459,1,mfa_primary_unique_word_overlap_auto_qc_pass
763,-lzEya4AM_4$_$5,17,your,89,93,18,your,1,1,6.440000057220459,6.570000171661377,1,mfa_primary_unique_word_overlap_auto_qc_pass
764,-lzEya4AM_4$_$5,18,next,94,98,19,next,1,1,6.570000171661377,6.809999942779541,1,mfa_primary_unique_word_overlap_auto_qc_pass
765,-lzEya4AM_4$_$5,19,step,99,103,20,step,1,1,6.809999942779541,7.170000076293945,1,mfa_primary_unique_word_overlap_auto_qc_pass
766,-lzEya4AM_4$_$6,1,If,0,2,1,if,1,1,,,0,mfa_whisper_discrepancy_over_0_5s_null_primary
767,-lzEya4AM_4$_$6,2,the,3,6,2,the,1,1,0.699999988079071,0.7799999713897705,1,mfa_primary_unique_word_overlap_auto_qc_pass
768,-lzEya4AM_4$_$6,3,product,7,14,3,product,1,1,0.7799999713897705,1.350000023841858,1,mfa_primary_unique_word_overlap_auto_qc_pass
769,-lzEya4AM_4$_$6,4,or,15,17,4,or,1,1,1.5199999809265137,1.6299999952316284,1,mfa_primary_unique_word_overlap_auto_qc_pass
770,-lzEya4AM_4$_$6,5,poison,18,24,5,poison,1,1,1.6299999952316284,2.1500000953674316,1,mfa_primary_unique_word_overlap_auto_qc_pass
771,-lzEya4AM_4$_$6,6,is,25,27,6,is,1,1,2.1500000953674316,2.240000009536743,1,mfa_primary_unique_word_overlap_auto_qc_pass
772,-lzEya4AM_4$_$6,7,some,28,32,7,some,1,1,2.240000009536743,2.440000057220459,1,mfa_primary_unique_word_overlap_auto_qc_pass
773,-lzEya4AM_4$_$6,8,type,33,37,8,type,1,1,2.440000057220459,2.690000057220459,1,mfa_primary_unique_word_overlap_auto_qc_pass
774,-lzEya4AM_4$_$6,9,of,38,40,9,of,1,1,2.690000057220459,2.869999885559082,1,mfa_primary_unique_word_overlap_auto_qc_pass
775,-lzEya4AM_4$_$6,10,petroleum,41,50,10,petroleum,1,1,2.869999885559082,3.390000104904175,1,mfa_primary_unique_word_overlap_auto_qc_pass
776,-lzEya4AM_4$_$6,11,product,51,58,11,product,1,1,3.390000104904175,3.8499999046325684,1,mfa_primary_unique_word_overlap_auto_qc_pass
777,-lzEya4AM_4$_$6,12,or,59,61,12,or,1,1,4.170000076293945,4.28000020980835,1,mfa_primary_unique_word_overlap_auto_qc_pass
778,-lzEya4AM_4$_$6,13,corrosive,62,71,13;14;15,co ##rro ##sive,3,1,4.28000020980835,4.840000152587891,1,mfa_primary_unique_word_overlap_auto_qc_pass
779,-lzEya4AM_4$_$6,14,product,72,79,16,product,1,1,4.840000152587891,5.289999961853027,1,mfa_primary_unique_word_overlap_auto_qc_pass
780,-lzEya4AM_4$_$6,15,you,81,84,18,you,1,1,5.78000020980835,5.909999847412109,1,mfa_primary_unique_word_overlap_auto_qc_pass
781,-lzEya4AM_4$_$6,16,would,85,90,19,would,1,1,5.909999847412109,6.070000171661377,1,mfa_primary_unique_word_overlap_auto_qc_pass
782,-lzEya4AM_4$_$6,17,not,91,94,20,not,1,1,6.070000171661377,6.289999961853027,1,mfa_primary_unique_word_overlap_auto_qc_pass
783,-lzEya4AM_4$_$6,18,attempt,95,102,21,attempt,1,1,6.400000095367432,6.889999866485596,1,mfa_primary_unique_word_overlap_auto_qc_pass
784,-lzEya4AM_4$_$6,19,to,103,105,22,to,1,1,7.159999847412109,7.570000171661377,1,mfa_primary_unique_word_overlap_auto_qc_pass
785,-lzEya4AM_4$_$6,20,induce,106,112,23,induce,1,1,7.570000171661377,7.929999828338623,1,mfa_primary_unique_word_overlap_auto_qc_pass
786,-lzEya4AM_4$_$6,21,vomiting,113,121,24,vomiting,1,1,7.929999828338623,8.470000267028809,1,mfa_primary_unique_word_overlap_auto_qc_pass
787,-lzEya4AM_4$_$6,22,and,122,125,25,and,1,1,8.539999961853027,8.699999809265137,1,mfa_primary_unique_word_overlap_auto_qc_pass
788,-lzEya4AM_4$_$6,23,nausea,126,132,26,nausea,1,1,8.699999809265137,9.100000381469727,1,mfa_primary_unique_word_overlap_auto_qc_pass
789,-lzEya4AM_4$_$6,24,as,134,136,28,as,1,1,,,0,official_word_unmatched_or_ambiguous_in_asr
790,-lzEya4AM_4$_$6,25,as,137,139,29,as,1,1,,,0,official_word_unmatched_or_ambiguous_in_asr
791,-lzEya4AM_4$_$6,26,the,140,143,30,the,1,1,9.819999694824219,9.90999984741211,1,mfa_primary_unique_word_overlap_auto_qc_pass
792,-lzEya4AM_4$_$6,27,product,144,151,31,product,1,1,9.90999984741211,10.34000015258789,1,mfa_primary_unique_word_overlap_auto_qc_pass
793,-lzEya4AM_4$_$6,28,burned,152,158,32,burned,1,1,10.34000015258789,10.710000038146973,1,mfa_primary_unique_word_overlap_auto_qc_pass
794,-lzEya4AM_4$_$6,29,on,159,161,33,on,1,1,10.710000038146973,10.829999923706055,1,mfa_primary_unique_word_overlap_auto_qc_pass
795,-lzEya4AM_4$_$6,30,the,162,165,34,the,1,1,10.829999923706055,10.899999618530273,1,mfa_primary_unique_word_overlap_auto_qc_pass
796,-lzEya4AM_4$_$6,31,way,166,169,35,way,1,1,10.899999618530273,11.079999923706055,1,mfa_primary_unique_word_overlap_auto_qc_pass
797,-lzEya4AM_4$_$6,32,down,170,174,36,down,1,1,11.079999923706055,11.520000457763672,1,mfa_primary_unique_word_overlap_auto_qc_pass
798,-lzEya4AM_4$_$6,33,it,175,177,37,it,1,1,11.770000457763672,11.869999885559082,1,mfa_primary_unique_word_overlap_auto_qc_pass
799,-lzEya4AM_4$_$6,34,could,178,183,38,could,1,1,11.869999885559082,12.010000228881836,1,mfa_primary_unique_word_overlap_auto_qc_pass
800,-lzEya4AM_4$_$6,35,cause,184,189,39,cause,1,1,12.010000228881836,12.300000190734863,1,mfa_primary_unique_word_overlap_auto_qc_pass
801,-lzEya4AM_4$_$6,36,damage,190,196,40,damage,1,1,12.300000190734863,12.729999542236328,1,mfa_primary_unique_word_overlap_auto_qc_pass
802,-lzEya4AM_4$_$6,37,and,197,200,41,and,1,1,,,0,official_word_unmatched_or_ambiguous_in_asr
803,-lzEya4AM_4$_$6,38,burning,201,208,42,burning,1,1,12.850000381469727,13.300000190734863,1,mfa_primary_unique_word_overlap_auto_qc_pass
804,-lzEya4AM_4$_$6,39,on,209,211,43,on,1,1,13.40999984741211,13.539999961853027,1,mfa_primary_unique_word_overlap_auto_qc_pass
805,-lzEya4AM_4$_$6,40,the,212,215,44,the,1,1,13.539999961853027,13.600000381469727,1,mfa_primary_unique_word_overlap_auto_qc_pass
806,-lzEya4AM_4$_$6,41,way,216,219,45,way,1,1,13.600000381469727,13.75,1,mfa_primary_unique_word_overlap_auto_qc_pass
807,-lzEya4AM_4$_$6,42,back,220,224,46,back,1,1,13.75,14.020000457763672,1,mfa_primary_unique_word_overlap_auto_qc_pass
808,-lzEya4AM_4$_$6,43,up,225,227,47,up,1,1,14.020000457763672,14.3100004196167,1,mfa_primary_unique_word_overlap_auto_qc_pass
809,-mJ2ud6oKI8$_$1,1,There,0,5,1,there,1,1,,,0,official_word_unmatched_or_ambiguous_in_asr
810,-mJ2ud6oKI8$_$1,2,are,6,9,2,are,1,1,,,0,official_word_unmatched_or_ambiguous_in_asr
811,-mJ2ud6oKI8$_$1,3,a,10,11,3,a,1,1,,,0,official_word_unmatched_or_ambiguous_in_asr
812,-mJ2ud6oKI8$_$1,4,dozen,12,17,4,dozen,1,1,,,0,official_word_unmatched_or_ambiguous_in_asr
813,-mJ2ud6oKI8$_$1,5,or,18,20,5,or,1,1,,,0,official_word_unmatched_or_ambiguous_in_asr
814,-mJ2ud6oKI8$_$1,6,more,21,25,6,more,1,1,,,0,official_word_unmatched_or_ambiguous_in_asr
815,-mJ2ud6oKI8$_$1,7,hands,26,31,7,hands,1,1,,,0,official_word_unmatched_or_ambiguous_in_asr
816,-mJ2ud6oKI8$_$1,8,on,32,34,8,on,1,1,,,0,official_word_unmatched_or_ambiguous_in_asr
817,-mJ2ud6oKI8$_$1,9,techniques,35,45,9,techniques,1,1,,,0,official_word_unmatched_or_ambiguous_in_asr
818,-mJ2ud6oKI8$_$1,10,that,46,50,10,that,1,1,,,0,official_word_unmatched_or_ambiguous_in_asr
819,-mJ2ud6oKI8$_$1,11,we,51,53,11,we,1,1,,,0,official_word_unmatched_or_ambiguous_in_asr
820,-mJ2ud6oKI8$_$1,12,can,54,57,12,can,1,1,,,0,official_word_unmatched_or_ambiguous_in_asr
821,-mJ2ud6oKI8$_$1,13,do,58,60,13,do,1,1,,,0,official_word_unmatched_or_ambiguous_in_asr
822,-mJ2ud6oKI8$_$2,1,So,0,2,1,so,1,1,,,0,official_word_unmatched_or_ambiguous_in_asr
823,-mJ2ud6oKI8$_$2,2,physical,3,11,2,physical,1,1,,,0,official_word_unmatched_or_ambiguous_in_asr
824,-mJ2ud6oKI8$_$2,3,therapists,12,22,3;4,therapist ##s,2,1,,,0,official_word_unmatched_or_ambiguous_in_asr
825,-mJ2ud6oKI8$_$2,4,and,23,26,5,and,1,1,,,0,official_word_unmatched_or_ambiguous_in_asr
826,-mJ2ud6oKI8$_$2,5,chiropractors,27,40,6;7;8;9,chi ##rop ##rac ##tors,4,1,,,0,official_word_unmatched_or_ambiguous_in_asr
827,-mJ2ud6oKI8$_$2,6,will,41,45,10,will,1,1,,,0,official_word_unmatched_or_ambiguous_in_asr
828,-mJ2ud6oKI8$_$2,7,do,46,48,11,do,1,1,,,0,official_word_unmatched_or_ambiguous_in_asr
829,-mJ2ud6oKI8$_$2,8,joint,49,54,12,joint,1,1,,,0,official_word_unmatched_or_ambiguous_in_asr
830,-mJ2ud6oKI8$_$2,9,manipulations,55,68,13;14,manipulation ##s,2,1,,,0,official_word_unmatched_or_ambiguous_in_asr
831,-mJ2ud6oKI8$_$2,10,and,69,72,15,and,1,1,,,0,official_word_unmatched_or_ambiguous_in_asr
832,-mJ2ud6oKI8$_$2,11,mobilizations,73,86,16;17,mobilization ##s,2,1,,,0,official_word_unmatched_or_ambiguous_in_asr
833,-mJ2ud6oKI8$_$6,1,They,0,4,1,they,1,1,,,0,official_word_unmatched_or_ambiguous_in_asr
834,-mJ2ud6oKI8$_$6,2,are,5,8,2,are,1,1,,,0,official_word_unmatched_or_ambiguous_in_asr
835,-mJ2ud6oKI8$_$6,3,all,9,12,3,all,1,1,0.4300000071525574,0.7400000095367432,1,mfa_primary_unique_word_overlap_auto_qc_pass
836,-mJ2ud6oKI8$_$6,4,very,13,17,4,very,1,1,,,0,official_word_unmatched_or_ambiguous_in_asr
837,-mJ2ud6oKI8$_$6,5,safe,18,22,5,safe,1,1,,,0,official_word_unmatched_or_ambiguous_in_asr
838,-mJ2ud6oKI8$_$9,1,It's,0,4,1;2;3,it ' s,3,1,,,0,official_word_unmatched_or_ambiguous_in_asr
839,-mJ2ud6oKI8$_$9,2,safe,5,9,4,safe,1,1,,,0,official_word_unmatched_or_ambiguous_in_asr
840,-mJ2ud6oKI8$_$9,3,and,10,13,5,and,1,1,,,0,official_word_unmatched_or_ambiguous_in_asr
841,-mJ2ud6oKI8$_$9,4,the,14,17,6,the,1,1,,,0,official_word_unmatched_or_ambiguous_in_asr
842,-mJ2ud6oKI8$_$9,5,person,18,24,7,person,1,1,,,0,official_word_unmatched_or_ambiguous_in_asr
843,-mJ2ud6oKI8$_$9,6,will,25,29,8,will,1,1,,,0,official_word_unmatched_or_ambiguous_in_asr
844,-mJ2ud6oKI8$_$9,7,feel,30,34,9,feel,1,1,,,0,official_word_unmatched_or_ambiguous_in_asr
845,-mJ2ud6oKI8$_$9,8,better,35,41,10,better,1,1,,,0,official_word_unmatched_or_ambiguous_in_asr
846,-mJ2ud6oKI8$_$9,9,later,42,47,11,later,1,1,,,0,official_word_unmatched_or_ambiguous_in_asr
847,-mJ2ud6oKI8$_$9,10,on,48,50,12,on,1,1,,,0,official_word_unmatched_or_ambiguous_in_asr
848,-mJ2ud6oKI8$_$9,11,but,52,55,14,but,1,1,2.940000057220459,3.0399999618530273,1,mfa_primary_unique_word_overlap_auto_qc_pass
849,-mJ2ud6oKI8$_$9,12,it's,56,60,15;16;17,it ' s,3,1,,,0,official_word_unmatched_or_ambiguous_in_asr
850,-mJ2ud6oKI8$_$9,13,sort,61,65,18,sort,1,1,,,0,official_word_unmatched_or_ambiguous_in_asr
851,-mJ2ud6oKI8$_$9,14,of,66,68,19,of,1,1,,,0,official_word_unmatched_or_ambiguous_in_asr
852,-mJ2ud6oKI8$_$9,15,like,69,73,20,like,1,1,,,0,official_word_unmatched_or_ambiguous_in_asr
853,-mJ2ud6oKI8$_$9,16,flossing,74,82,21;22;23,fl ##oss ##ing,3,1,,,0,official_word_unmatched_or_ambiguous_in_asr
854,-mJ2ud6oKI8$_$9,17,your,83,87,24,your,1,1,6.769999980926514,6.90875,1,mfa_primary_unique_word_overlap_auto_qc_pass
855,-mJ2ud6oKI8$_$9,18,teeth,88,93,25,teeth,1,1,,,0,official_word_unmatched_or_ambiguous_in_asr
856,-mJ2ud6oKI8$_$9,19,for,94,97,26,for,1,1,,,0,official_word_unmatched_or_ambiguous_in_asr
857,-mJ2ud6oKI8$_$9,20,the,98,101,27,the,1,1,,,0,official_word_unmatched_or_ambiguous_in_asr
858,-mJ2ud6oKI8$_$9,21,first,102,107,28,first,1,1,,,0,official_word_unmatched_or_ambiguous_in_asr
859,-mJ2ud6oKI8$_$9,22,time,108,112,29,time,1,1,,,0,official_word_unmatched_or_ambiguous_in_asr
860,-mJ2ud6oKI8$_$8,1,Sometimes,0,9,1,sometimes,1,1,,,0,official_word_unmatched_or_ambiguous_in_asr
861,-mJ2ud6oKI8$_$8,2,we,10,12,2,we,1,1,0.7799999713897705,0.8700000047683716,1,mfa_primary_unique_word_overlap_auto_qc_pass
862,-mJ2ud6oKI8$_$8,3,have,13,17,3,have,1,1,,,0,official_word_unmatched_or_ambiguous_in_asr
863,-mJ2ud6oKI8$_$8,4,to,18,20,4,to,1,1,,,0,official_word_unmatched_or_ambiguous_in_asr
864,-mJ2ud6oKI8$_$8,5,stretch,21,28,5,stretch,1,1,,,0,official_word_unmatched_or_ambiguous_in_asr
865,-mJ2ud6oKI8$_$8,6,that,29,33,6,that,1,1,,,0,official_word_unmatched_or_ambiguous_in_asr
866,-mJ2ud6oKI8$_$8,7,joint,34,39,7,joint,1,1,,,0,official_word_unmatched_or_ambiguous_in_asr
867,-mJ2ud6oKI8$_$8,8,that,40,44,8,that,1,1,,,0,official_word_unmatched_or_ambiguous_in_asr
868,-mJ2ud6oKI8$_$8,9,is,45,47,9,is,1,1,,,0,official_word_unmatched_or_ambiguous_in_asr
869,-mJ2ud6oKI8$_$8,10,already,48,55,10,already,1,1,,,0,official_word_unmatched_or_ambiguous_in_asr
870,-mJ2ud6oKI8$_$8,11,irritated,56,65,11,irritated,1,1,,,0,official_word_unmatched_or_ambiguous_in_asr
871,-mqbVkbCndg$_$0,1,How,0,3,1,how,1,1,0.05000000074505806,0.550000011920929,1,mfa_primary_exact_transcript_auto_qc_pass
872,-mqbVkbCndg$_$0,2,at,5,7,3,at,1,1,0.8199999928474426,0.9399999976158142,1,mfa_primary_exact_transcript_auto_qc_pass
873,-mqbVkbCndg$_$0,3,a,8,9,4,a,1,1,0.9399999976158142,0.9800000190734863,1,mfa_primary_exact_transcript_auto_qc_pass
874,-mqbVkbCndg$_$0,4,particular,10,20,5,particular,1,1,0.9800000190734863,1.5499999523162842,1,mfa_primary_exact_transcript_auto_qc_pass
875,-mqbVkbCndg$_$0,5,moment,21,27,6,moment,1,1,1.5499999523162842,2.049999952316284,1,mfa_primary_exact_transcript_auto_qc_pass
876,-mqbVkbCndg$_$0,6,in,28,30,7,in,1,1,2.049999952316284,2.180000066757202,1,mfa_primary_exact_transcript_auto_qc_pass
877,-mqbVkbCndg$_$0,7,time,31,35,8,time,1,1,2.180000066757202,2.5799999237060547,1,mfa_primary_exact_transcript_auto_qc_pass
878,-mqbVkbCndg$_$0,8,our,36,39,10,our,1,1,2.5799999237060547,2.6500000953674316,1,mfa_primary_exact_transcript_auto_qc_pass
879,-mqbVkbCndg$_$0,9,moment,40,46,11,moment,1,1,2.6500000953674316,3.450000047683716,1,mfa_primary_exact_transcript_auto_qc_pass
880,-mqbVkbCndg$_$0,10,in,47,49,12,in,1,1,3.450000047683716,3.619999885559082,1,mfa_primary_exact_transcript_auto_qc_pass
881,-mqbVkbCndg$_$0,11,time,50,54,13,time,1,1,3.619999885559082,4.019999980926514,1,mfa_primary_exact_transcript_auto_qc_pass
882,-mqbVkbCndg$_$0,12,are,55,58,15,are,1,1,4.46999979019165,4.630000114440918,1,mfa_primary_exact_transcript_auto_qc_pass
883,-mqbVkbCndg$_$0,13,they,59,63,16,they,1,1,4.630000114440918,4.989999771118164,1,mfa_primary_exact_transcript_auto_qc_pass
884,-mqbVkbCndg$_$0,14,limited,64,71,17,limited,1,1,5.329999923706055,6.0,1,mfa_primary_exact_transcript_auto_qc_pass
885,-t217m2on-s$_$2,1,But,0,3,1,but,1,1,,,0,mfa_whisper_discrepancy_over_0_5s_null_primary
886,-t217m2on-s$_$2,2,a,4,5,2,a,1,1,0.7099999785423279,1.0800000429153442,1,mfa_primary_exact_transcript_auto_qc_pass
887,-t217m2on-s$_$2,3,good,6,10,3,good,1,1,1.4199999570846558,1.600000023841858,1,mfa_primary_exact_transcript_auto_qc_pass
888,-t217m2on-s$_$2,4,thing,11,16,4,thing,1,1,1.600000023841858,1.75,1,mfa_primary_exact_transcript_auto_qc_pass
889,-t217m2on-s$_$2,5,to,17,19,5,to,1,1,1.75,1.8200000524520874,1,mfa_primary_exact_transcript_auto_qc_pass
890,-t217m2on-s$_$2,6,do,20,22,6,do,1,1,1.8200000524520874,1.9500000476837158,1,mfa_primary_exact_transcript_auto_qc_pass
891,-t217m2on-s$_$2,7,is,23,25,7,is,1,1,1.9500000476837158,2.0899999141693115,1,mfa_primary_exact_transcript_auto_qc_pass
892,-t217m2on-s$_$2,8,yawning,26,33,8;9;10,ya ##wn ##ing,3,1,2.0899999141693115,2.619999885559082,1,mfa_primary_exact_transcript_auto_qc_pass
893,-t217m2on-s$_$2,9,chewing,35,42,12,chewing,1,1,,,0,mfa_whisper_discrepancy_over_0_5s_null_primary
894,-t217m2on-s$_$2,10,gum,43,46,13,gum,1,1,3.6500000953674316,3.759999990463257,1,mfa_primary_exact_transcript_auto_qc_pass
895,-t217m2on-s$_$2,11,is,47,49,14,is,1,1,3.759999990463257,4.409999847412109,1,mfa_primary_exact_transcript_auto_qc_pass
896,-t217m2on-s$_$2,12,effective,50,59,15,effective,1,1,4.409999847412109,5.050000190734863,1,mfa_primary_exact_transcript_auto_qc_pass
897,-t217m2on-s$_$7,1,If,0,2,1,if,1,1,,,0,mfa_whisper_discrepancy_over_0_5s_null_primary
898,-t217m2on-s$_$7,2,you,3,6,2,you,1,1,0.6700000166893005,0.7300000190734863,1,mfa_primary_exact_transcript_auto_qc_pass
899,-t217m2on-s$_$7,3,find,7,11,3,find,1,1,0.7300000190734863,1.149999976158142,1,mfa_primary_exact_transcript_auto_qc_pass
900,-t217m2on-s$_$7,4,that,12,16,4,that,1,1,1.149999976158142,1.3799999952316284,1,mfa_primary_exact_transcript_auto_qc_pass
901,-t217m2on-s$_$7,5,your,17,21,5,your,1,1,1.3799999952316284,1.5199999809265137,1,mfa_primary_exact_transcript_auto_qc_pass
902,-t217m2on-s$_$7,6,ears,22,26,6,ears,1,1,1.5199999809265137,2.2899999618530273,1,mfa_primary_exact_transcript_auto_qc_pass
903,-t217m2on-s$_$7,7,consistently,27,39,7,consistently,1,1,,,0,mfa_whisper_discrepancy_over_0_5s_null_primary
904,-t217m2on-s$_$7,8,do,40,42,8,do,1,1,,,0,mfa_whisper_discrepancy_over_0_5s_null_primary
905,-t217m2on-s$_$7,9,this,43,47,9,this,1,1,4.460000038146973,4.78000020980835,1,mfa_primary_exact_transcript_auto_qc_pass
906,-t217m2on-s$_$7,10,and,48,51,10,and,1,1,4.78000020980835,4.880000114440918,1,mfa_primary_exact_transcript_auto_qc_pass
907,-t217m2on-s$_$7,11,you,52,55,11,you,1,1,4.880000114440918,4.960000038146973,1,mfa_primary_exact_transcript_auto_qc_pass
908,-t217m2on-s$_$7,12,can't,56,61,12;13;14,can ' t,3,1,4.960000038146973,5.53000020980835,1,mfa_primary_exact_transcript_auto_qc_pass
909,-t217m2on-s$_$7,13,pop,62,65,15,pop,1,1,5.53000020980835,5.880000114440918,1,mfa_primary_exact_transcript_auto_qc_pass
910,-t217m2on-s$_$7,14,them,66,70,16,them,1,1,5.880000114440918,6.050000190734863,1,mfa_primary_exact_transcript_auto_qc_pass
911,-t217m2on-s$_$7,15,often,71,76,17,often,1,1,6.050000190734863,6.519999980926514,1,mfa_primary_exact_transcript_auto_qc_pass
912,-t217m2on-s$_$7,16,you'll,78,84,19;20;21,you ' ll,3,1,6.940000057220459,7.039999961853027,1,mfa_primary_exact_transcript_auto_qc_pass
913,-t217m2on-s$_$7,17,definitely,85,95,22,definitely,1,1,7.039999961853027,7.699999809265137,1,mfa_primary_exact_transcript_auto_qc_pass
914,-t217m2on-s$_$7,18,need,96,100,23,need,1,1,7.730000019073486,7.929999828338623,1,mfa_primary_exact_transcript_auto_qc_pass
915,-t217m2on-s$_$7,19,to,101,103,24,to,1,1,7.929999828338623,7.989999771118164,1,mfa_primary_exact_transcript_auto_qc_pass
916,-t217m2on-s$_$7,20,see,104,107,25,see,1,1,7.989999771118164,8.199999809265137,1,mfa_primary_exact_transcript_auto_qc_pass
917,-t217m2on-s$_$7,21,a,108,109,26,a,1,1,8.199999809265137,8.260000228881836,1,mfa_primary_exact_transcript_auto_qc_pass
918,-t217m2on-s$_$7,22,physician,110,119,27,physician,1,1,8.260000228881836,8.970000267028809,1,mfa_primary_exact_transcript_auto_qc_pass
919,-t217m2on-s$_$7,23,regarding,120,129,28,regarding,1,1,,,0,mfa_whisper_discrepancy_over_0_5s_null_primary
920,-t217m2on-s$_$7,24,those,130,135,29,those,1,1,9.949999809265137,10.140000343322754,1,mfa_primary_exact_transcript_auto_qc_pass
921,-t217m2on-s$_$7,25,things,136,142,30,things,1,1,10.140000343322754,10.649999618530273,1,mfa_primary_exact_transcript_auto_qc_pass
922,-t217m2on-s$_$7,26,it,144,146,32,it,1,1,10.84000015258789,10.989999771118164,1,mfa_primary_exact_transcript_auto_qc_pass
923,-t217m2on-s$_$7,27,could,147,152,33,could,1,1,10.989999771118164,11.199999809265137,1,mfa_primary_exact_transcript_auto_qc_pass
924,-t217m2on-s$_$7,28,be,153,155,34,be,1,1,11.199999809265137,11.3100004196167,1,mfa_primary_exact_transcript_auto_qc_pass
925,-t217m2on-s$_$7,29,something,156,165,35,something,1,1,11.3100004196167,11.720000267028809,1,mfa_primary_exact_transcript_auto_qc_pass
926,-t217m2on-s$_$7,30,more,166,170,36,more,1,1,11.720000267028809,11.979999542236328,1,mfa_primary_exact_transcript_auto_qc_pass
927,-t217m2on-s$_$7,31,of,171,173,37,of,1,1,11.979999542236328,12.050000190734863,1,mfa_primary_exact_transcript_auto_qc_pass
928,-t217m2on-s$_$7,32,a,174,175,38,a,1,1,12.050000190734863,12.109999656677246,1,mfa_primary_exact_transcript_auto_qc_pass
929,-t217m2on-s$_$7,33,nasal,176,181,39,nasal,1,1,12.109999656677246,12.520000457763672,1,mfa_primary_exact_transcript_auto_qc_pass
930,-t217m2on-s$_$7,34,infection,182,191,40,infection,1,1,12.520000457763672,13.15999984741211,1,mfa_primary_exact_transcript_auto_qc_pass
931,-t217m2on-s$_$7,35,or,192,194,41,or,1,1,13.15999984741211,13.430000305175781,1,mfa_primary_exact_transcript_auto_qc_pass
932,-t217m2on-s$_$7,36,a,195,196,42,a,1,1,13.430000305175781,13.479999542236328,1,mfa_primary_exact_transcript_auto_qc_pass
933,-t217m2on-s$_$7,37,sinus,197,202,43;44,sin ##us,2,1,13.479999542236328,13.970000267028809,1,mfa_primary_exact_transcript_auto_qc_pass
934,-t217m2on-s$_$7,38,infection,203,212,45,infection,1,1,13.970000267028809,14.6899995803833,1,mfa_primary_exact_transcript_auto_qc_pass
935,-t217m2on-s$_$7,39,that,213,217,46,that,1,1,,,0,mfa_whisper_discrepancy_over_0_5s_null_primary
936,-t217m2on-s$_$7,40,he,218,220,47,he,1,1,15.300000190734863,15.5,1,mfa_primary_exact_transcript_auto_qc_pass
937,-t217m2on-s$_$7,41,would,221,226,48,would,1,1,15.5,15.770000457763672,1,mfa_primary_exact_transcript_auto_qc_pass
938,-t217m2on-s$_$7,42,need,227,231,49,need,1,1,15.770000457763672,15.960000038146973,1,mfa_primary_exact_transcript_auto_qc_pass
939,-t217m2on-s$_$7,43,to,232,234,50,to,1,1,15.960000038146973,16.020000457763672,1,mfa_primary_exact_transcript_auto_qc_pass
940,-t217m2on-s$_$7,44,deal,235,239,51,deal,1,1,16.020000457763672,16.31999969482422,1,mfa_primary_exact_transcript_auto_qc_pass
941,-t217m2on-s$_$7,45,with,240,244,52,with,1,1,16.31999969482422,16.469999313354492,1,mfa_primary_exact_transcript_auto_qc_pass
942,-tANM6ETl_M$_$3,1,The,0,3,1,the,1,1,,,0,mfa_whisper_discrepancy_over_0_5s_null_primary
943,-tANM6ETl_M$_$3,2,first,4,9,2,first,1,1,0.6100000143051147,0.9900000095367432,1,mfa_primary_unique_word_overlap_auto_qc_pass
944,-tANM6ETl_M$_$3,3,place,10,15,3,place,1,1,0.9900000095367432,1.340000033378601,1,mfa_primary_unique_word_overlap_auto_qc_pass
945,-tANM6ETl_M$_$3,4,is,16,18,4,is,1,1,1.340000033378601,1.5099999904632568,1,mfa_primary_unique_word_overlap_auto_qc_pass
946,-tANM6ETl_M$_$3,5,either,19,25,5,either,1,1,1.5099999904632568,1.7599999904632568,1,mfa_primary_unique_word_overlap_auto_qc_pass
947,-tANM6ETl_M$_$3,6,you,26,29,6,you,1,1,1.7599999904632568,1.9700000286102295,1,mfa_primary_unique_word_overlap_auto_qc_pass
948,-tANM6ETl_M$_$3,7,have,30,34,7,have,1,1,1.9700000286102295,2.200000047683716,1,mfa_primary_unique_word_overlap_auto_qc_pass
949,-tANM6ETl_M$_$3,8,a,35,36,8,a,1,1,2.200000047683716,2.2699999809265137,1,mfa_primary_unique_word_overlap_auto_qc_pass
950,-tANM6ETl_M$_$3,9,prospect,37,45,9,prospect,1,1,2.2699999809265137,2.930000066757202,1,mfa_primary_unique_word_overlap_auto_qc_pass
951,-tANM6ETl_M$_$3,10,or,47,49,11,or,1,1,2.930000066757202,3.0199999809265137,1,mfa_primary_unique_word_overlap_auto_qc_pass
952,-tANM6ETl_M$_$3,11,a,50,51,12,a,1,1,3.0199999809265137,3.069999933242798,1,mfa_primary_unique_word_overlap_auto_qc_pass
953,-tANM6ETl_M$_$3,12,customer,52,60,13,customer,1,1,3.069999933242798,3.509999990463257,1,mfa_primary_unique_word_overlap_auto_qc_pass
954,-tANM6ETl_M$_$3,13,who's,61,66,14;15;16,who ' s,3,1,3.509999990463257,3.7100000381469727,1,mfa_primary_unique_word_overlap_auto_qc_pass
955,-tANM6ETl_M$_$3,14,never,67,72,17,never,1,1,3.7100000381469727,4.190000057220459,1,mfa_primary_unique_word_overlap_auto_qc_pass
956,-tANM6ETl_M$_$3,15,done,73,77,18,done,1,1,4.190000057220459,4.460000038146973,1,mfa_primary_unique_word_overlap_auto_qc_pass
957,-tANM6ETl_M$_$3,16,it,78,80,19,it,1,1,4.460000038146973,4.619999885559082,1,mfa_primary_unique_word_overlap_auto_qc_pass
958,-tANM6ETl_M$_$3,17,before,81,87,20,before,1,1,4.619999885559082,5.099999904632568,1,mfa_primary_unique_word_overlap_auto_qc_pass
959,-tANM6ETl_M$_$3,18,or,89,91,22,or,1,1,,,0,official_word_unmatched_or_ambiguous_in_asr
960,-tANM6ETl_M$_$3,19,they've,92,99,23;24;25,they ' ve,3,1,5.099999904632568,5.309999942779541,1,mfa_primary_unique_word_overlap_auto_qc_pass
961,-tANM6ETl_M$_$3,20,never,100,105,26,never,1,1,5.309999942779541,5.650000095367432,1,mfa_primary_unique_word_overlap_auto_qc_pass
962,-tANM6ETl_M$_$3,21,tried,106,111,27,tried,1,1,5.650000095367432,5.989999771118164,1,mfa_primary_unique_word_overlap_auto_qc_pass
963,-tANM6ETl_M$_$3,22,it,112,114,28,it,1,1,5.989999771118164,6.090000152587891,1,mfa_primary_unique_word_overlap_auto_qc_pass
964,-tPCytz4rww$_$11,1,Make,0,4,1,make,1,1,0.5,0.6399999856948853,1,mfa_primary_unique_word_overlap_auto_qc_pass
965,-tPCytz4rww$_$11,2,sure,5,9,2,sure,1,1,0.6399999856948853,0.8700000047683716,1,mfa_primary_unique_word_overlap_auto_qc_pass
966,-tPCytz4rww$_$11,3,that,10,14,3,that,1,1,0.8700000047683716,1.0199999809265137,1,mfa_primary_unique_word_overlap_auto_qc_pass
967,-tPCytz4rww$_$11,4,your,15,19,4,your,1,1,,,0,official_word_unmatched_or_ambiguous_in_asr
968,-tPCytz4rww$_$11,5,using,20,25,5,using,1,1,1.149999976158142,1.5199999809265137,1,mfa_primary_unique_word_overlap_auto_qc_pass
969,-tPCytz4rww$_$11,6,comps,26,31,6;7,com ##ps,2,1,1.5199999809265137,1.899999976158142,1,mfa_primary_unique_word_overlap_auto_qc_pass
970,-tPCytz4rww$_$11,7,that,32,36,8,that,1,1,1.899999976158142,2.059999942779541,1,mfa_primary_unique_word_overlap_auto_qc_pass
971,-tPCytz4rww$_$11,8,are,37,40,9,are,1,1,2.059999942779541,2.140000104904175,1,mfa_primary_unique_word_overlap_auto_qc_pass
972,-tPCytz4rww$_$11,9,not,41,44,10,not,1,1,,,0,official_word_unmatched_or_ambiguous_in_asr
973,-tPCytz4rww$_$11,10,larger,45,51,11,larger,1,1,,,0,official_word_unmatched_or_ambiguous_in_asr
974,-tPCytz4rww$_$11,11,no,53,55,13,no,1,1,2.140000104904175,2.3399999141693115,1,mfa_primary_unique_word_overlap_auto_qc_pass
975,-tPCytz4rww$_$11,12,larger,56,62,14,larger,1,1,2.3399999141693115,2.9100000858306885,1,mfa_primary_unique_word_overlap_auto_qc_pass
976,-tPCytz4rww$_$11,13,than,63,67,15,than,1,1,,,0,mfa_whisper_discrepancy_over_0_5s_null_primary
977,-tPCytz4rww$_$11,14,twelve,68,74,16,twelve,1,1,,,0,official_word_unmatched_or_ambiguous_in_asr
978,-tPCytz4rww$_$11,15,hundred,75,82,17,hundred,1,1,,,0,official_word_unmatched_or_ambiguous_in_asr
979,-tPCytz4rww$_$11,16,square,83,89,18,square,1,1,4.389999866485596,4.599999904632568,1,mfa_primary_unique_word_overlap_auto_qc_pass
980,-tPCytz4rww$_$11,17,feet,90,94,19,feet,1,1,4.599999904632568,4.860000133514404,1,mfa_primary_unique_word_overlap_auto_qc_pass
981,-tPCytz4rww$_$10,1,Say,0,3,1,say,1,1,0.5400000214576721,0.7400000095367432,1,mfa_primary_unique_word_overlap_auto_qc_pass
982,-tPCytz4rww$_$10,2,twenty,4,10,2,twenty,1,1,,,0,official_word_unmatched_or_ambiguous_in_asr
983,-tPCytz4rww$_$10,3,percent,11,18,3,percent,1,1,,,0,official_word_unmatched_or_ambiguous_in_asr
984,-tPCytz4rww$_$10,4,so,19,21,4,so,1,1,1.5199999809265137,1.8600000143051147,1,mfa_primary_unique_word_overlap_auto_qc_pass
985,-tPCytz4rww$_$10,5,if,22,24,5,if,1,1,1.8600000143051147,2.069999933242798,1,mfa_primary_unique_word_overlap_auto_qc_pass
986,-tPCytz4rww$_$10,6,you've,25,31,6;7;8,you ' ve,3,1,2.069999933242798,2.190000057220459,1,mfa_primary_unique_word_overlap_auto_qc_pass
987,-tPCytz4rww$_$10,7,got,32,35,9,got,1,1,2.190000057220459,2.3299999237060547,1,mfa_primary_unique_word_overlap_auto_qc_pass
988,-tPCytz4rww$_$10,8,a,36,37,10,a,1,1,2.3299999237060547,2.380000114440918,1,mfa_primary_unique_word_overlap_auto_qc_pass
989,-tPCytz4rww$_$10,9,thousand,38,46,11,thousand,1,1,2.380000114440918,2.759999990463257,1,mfa_primary_unique_word_overlap_auto_qc_pass
990,-tPCytz4rww$_$10,10,square,47,53,12,square,1,1,2.759999990463257,3.0199999809265137,1,mfa_primary_unique_word_overlap_auto_qc_pass
991,-tPCytz4rww$_$10,11,foot,54,58,13,foot,1,1,3.0199999809265137,3.359999895095825,1,mfa_primary_unique_word_overlap_auto_qc_pass
992,-tPCytz4rww$_$10,12,condo,59,64,14,condo,1,1,3.6500000953674316,4.150000095367432,1,mfa_primary_unique_word_overlap_auto_qc_pass
993,-tPCytz4rww$_$12,1,No,0,2,1,no,1,1,0.49000000953674316,0.6600000262260437,1,mfa_primary_unique_word_overlap_auto_qc_pass
994,-tPCytz4rww$_$12,2,less,3,7,2,less,1,1,0.6600000262260437,0.8999999761581421,1,mfa_primary_unique_word_overlap_auto_qc_pass
995,-tPCytz4rww$_$12,3,than,8,12,3,than,1,1,0.8999999761581421,1.2000000476837158,1,mfa_primary_unique_word_overlap_auto_qc_pass
996,-tPCytz4rww$_$12,4,eight,13,18,4,eight,1,1,,,0,official_word_unmatched_or_ambiguous_in_asr
997,-tPCytz4rww$_$12,5,hundred,19,26,5,hundred,1,1,,,0,official_word_unmatched_or_ambiguous_in_asr
998,-tPCytz4rww$_$12,6,squire,27,33,6,squire,1,1,,,0,official_word_unmatched_or_ambiguous_in_asr
999,-tPCytz4rww$_$12,7,feet,34,38,7,feet,1,1,1.9800000190734863,2.259999990463257,1,mfa_primary_unique_word_overlap_auto_qc_pass
1000,-tPCytz4rww$_$12,8,and,39,42,8,and,1,1,2.5999999046325684,2.9600000381469727,1,mfa_primary_unique_word_overlap_auto_qc_pass
1001,-tPCytz4rww$_$12,9,going,43,48,9,going,1,1,,,0,mfa_whisper_discrepancy_over_0_5s_null_primary
1002,-tPCytz4rww$_$12,10,to,49,51,10,to,1,1,,,0,mfa_whisper_discrepancy_over_0_5s_null_primary
1003,-tPCytz4rww$_$12,11,similar,52,59,11,similar,1,1,,,0,official_word_unmatched_or_ambiguous_in_asr
1004,-tPCytz4rww$_$12,12,in,60,62,12,in,1,1,,,0,official_word_unmatched_or_ambiguous_in_asr
1005,-tPCytz4rww$_$12,13,similar,64,71,14,similar,1,1,,,0,official_word_unmatched_or_ambiguous_in_asr
1006,-tPCytz4rww$_$12,14,with,72,76,15,with,1,1,,,0,mfa_whisper_discrepancy_over_0_5s_null_primary
1007,-tPCytz4rww$_$12,15,bedrooms,77,85,16,bedrooms,1,1,5.889999866485596,6.28000020980835,1,mfa_primary_unique_word_overlap_auto_qc_pass
1008,-tPCytz4rww$_$12,16,and,86,89,17,and,1,1,6.28000020980835,6.380000114440918,1,mfa_primary_unique_word_overlap_auto_qc_pass
1009,-tPCytz4rww$_$12,17,bathrooms,90,99,18,bathrooms,1,1,6.380000114440918,6.909999847412109,1,mfa_primary_unique_word_overlap_auto_qc_pass
1010,-tPCytz4rww$_$12,18,as,100,102,19,as,1,1,6.909999847412109,7.03000020980835,1,mfa_primary_unique_word_overlap_auto_qc_pass
1011,-tPCytz4rww$_$12,19,well,103,107,20,well,1,1,7.03000020980835,7.380000114440918,1,mfa_primary_unique_word_overlap_auto_qc_pass
1012,-tPCytz4rww$_$12,20,and,108,111,21,and,1,1,7.690000057220459,8.09000015258789,1,mfa_primary_unique_word_overlap_auto_qc_pass
1013,-tPCytz4rww$_$12,21,hopefully,112,121,22,hopefully,1,1,8.09000015258789,8.760000228881836,1,mfa_primary_unique_word_overlap_auto_qc_pass
1014,-tPCytz4rww$_$12,22,the,122,125,23,the,1,1,8.760000228881836,9.270000457763672,1,mfa_primary_unique_word_overlap_auto_qc_pass
1015,-tPCytz4rww$_$12,23,complexes,126,135,24,complexes,1,1,9.270000457763672,9.869999885559082,1,mfa_primary_unique_word_overlap_auto_qc_pass
1016,-tPCytz4rww$_$12,24,have,136,140,25,have,1,1,9.869999885559082,10.079999923706055,1,mfa_primary_unique_word_overlap_auto_qc_pass
1017,-tPCytz4rww$_$12,25,similar,141,148,26,similar,1,1,10.079999923706055,10.529999732971191,1,mfa_primary_unique_word_overlap_auto_qc_pass
1018,-tPCytz4rww$_$12,26,amenities,149,158,27,amenities,1,1,10.529999732971191,11.199999809265137,1,mfa_primary_unique_word_overlap_auto_qc_pass
1019,-tPCytz4rww$_$16,1,So,0,2,1,so,1,1,0.5,0.8500000238418579,1,mfa_primary_unique_word_overlap_auto_qc_pass
1020,-tPCytz4rww$_$16,2,make,3,7,2,make,1,1,0.8500000238418579,1.100000023841858,1,mfa_primary_unique_word_overlap_auto_qc_pass
1021,-tPCytz4rww$_$16,3,sure,8,12,3,sure,1,1,1.100000023841858,1.3799999952316284,1,mfa_primary_unique_word_overlap_auto_qc_pass
1022,-tPCytz4rww$_$16,4,to,13,15,4,to,1,1,1.3799999952316284,1.8300000429153442,1,mfa_primary_unique_word_overlap_auto_qc_pass
1023,-tPCytz4rww$_$16,5,get,16,19,5,get,1,1,1.8300000429153442,2.0399999618530273,1,mfa_primary_unique_word_overlap_auto_qc_pass
1024,-tPCytz4rww$_$16,6,a,20,21,6,a,1,1,2.0399999618530273,2.0799999237060547,1,mfa_primary_unique_word_overlap_auto_qc_pass
1025,-tPCytz4rww$_$16,7,through,22,29,7,through,1,1,,,0,official_word_unmatched_or_ambiguous_in_asr
1026,-tPCytz4rww$_$16,8,or,30,32,8,or,1,1,,,0,mfa_whisper_discrepancy_over_0_5s_null_primary
1027,-tPCytz4rww$_$16,9,to,33,35,9,to,1,1,3.819999933242798,4.03000020980835,1,mfa_primary_unique_word_overlap_auto_qc_pass
1028,-tPCytz4rww$_$16,10,do,36,38,10,do,1,1,4.03000020980835,4.579999923706055,1,mfa_primary_unique_word_overlap_auto_qc_pass
1029,-tPCytz4rww$_$16,11,a,39,40,11,a,1,1,4.579999923706055,4.659999847412109,1,mfa_primary_unique_word_overlap_auto_qc_pass
1030,-tPCytz4rww$_$16,12,through,41,48,12,through,1,1,,,0,official_word_unmatched_or_ambiguous_in_asr
1031,-tPCytz4rww$_$16,13,cleaning,49,57,13,cleaning,1,1,5.090000152587891,5.659999847412109,1,mfa_primary_unique_word_overlap_auto_qc_pass
1032,-tPCytz4rww$_$16,14,of,58,60,14,of,1,1,5.730000019073486,5.940000057220459,1,mfa_primary_unique_word_overlap_auto_qc_pass
1033,-tPCytz4rww$_$16,15,the,61,64,15,the,1,1,5.940000057220459,6.059999942779541,1,mfa_primary_unique_word_overlap_auto_qc_pass
1034,-tPCytz4rww$_$16,16,property,65,73,16,property,1,1,6.059999942779541,6.579999923706055,1,mfa_primary_unique_word_overlap_auto_qc_pass
1035,-tPCytz4rww$_$18,1,Do,0,2,1,do,1,1,,,0,mfa_alignment_output_missing
1036,-tPCytz4rww$_$18,2,so,3,5,2,so,1,1,,,0,mfa_alignment_output_missing
1037,-tPCytz4rww$_$18,3,and,6,9,3,and,1,1,,,0,mfa_alignment_output_missing
1038,-tPCytz4rww$_$18,4,as,10,12,4,as,1,1,,,0,mfa_alignment_output_missing
1039,-tPCytz4rww$_$18,5,well,13,17,5,well,1,1,,,0,mfa_alignment_output_missing
1040,-tPCytz4rww$_$18,6,you'll,18,24,6;7;8,you ' ll,3,1,,,0,mfa_alignment_output_missing
1041,-tPCytz4rww$_$18,7,also,25,29,9,also,1,1,,,0,mfa_alignment_output_missing
1042,-tPCytz4rww$_$18,8,want,30,34,10,want,1,1,,,0,mfa_alignment_output_missing
1043,-tPCytz4rww$_$18,9,to,35,37,11,to,1,1,,,0,mfa_alignment_output_missing
1044,-tPCytz4rww$_$18,10,remove,38,44,12,remove,1,1,,,0,mfa_alignment_output_missing
1045,-tPCytz4rww$_$18,11,any,45,48,13,any,1,1,,,0,mfa_alignment_output_missing
1046,-tPCytz4rww$_$18,12,clutter,49,56,14;15,cl ##utter,2,1,,,0,mfa_alignment_output_missing
1047,-tPCytz4rww$_$18,13,from,57,61,16,from,1,1,,,0,mfa_alignment_output_missing
1048,-tPCytz4rww$_$18,14,that,62,66,17,that,1,1,,,0,mfa_alignment_output_missing
1049,-tPCytz4rww$_$18,15,you've,67,73,18;19;20,you ' ve,3,1,,,0,mfa_alignment_output_missing
1050,-tPCytz4rww$_$18,16,accumulated,74,85,21,accumulated,1,1,,,0,mfa_alignment_output_missing
1051,-vxjVxOeScU$_$4,1,You're,0,6,1;2;3,you ' re,3,1,0.0,0.23999999463558197,1,mfa_primary_exact_transcript_auto_qc_pass
1052,-vxjVxOeScU$_$4,2,going,7,12,4,going,1,1,0.5199999809265137,0.6800000071525574,1,mfa_primary_exact_transcript_auto_qc_pass
1053,-vxjVxOeScU$_$4,3,to,13,15,5,to,1,1,0.6800000071525574,0.75,1,mfa_primary_exact_transcript_auto_qc_pass
1054,-vxjVxOeScU$_$4,4,talk,16,20,6,talk,1,1,0.75,1.100000023841858,1,mfa_primary_exact_transcript_auto_qc_pass
1055,-vxjVxOeScU$_$4,5,about,21,26,7,about,1,1,1.100000023841858,1.6799999475479126,1,mfa_primary_exact_transcript_auto_qc_pass
1056,-vxjVxOeScU$_$4,6,their,27,32,8,their,1,1,1.6799999475479126,2.119999885559082,1,mfa_primary_exact_transcript_auto_qc_pass
1057,-vxjVxOeScU$_$4,7,life,33,37,9,life,1,1,2.119999885559082,2.809999942779541,1,mfa_primary_exact_transcript_auto_qc_pass
1058,-vxjVxOeScU$_$4,8,their,39,44,11,their,1,1,2.869999885559082,3.200000047683716,1,mfa_primary_exact_transcript_auto_qc_pass
1059,-vxjVxOeScU$_$4,9,marriage,45,53,12,marriage,1,1,3.200000047683716,3.950000047683716,1,mfa_primary_exact_transcript_auto_qc_pass
1060,-vxjVxOeScU$_$4,10,and,54,57,13,and,1,1,4.349999904632568,4.860000133514404,1,mfa_primary_exact_transcript_auto_qc_pass
1061,-vxjVxOeScU$_$4,11,usually,58,65,14,usually,1,1,4.860000133514404,5.510000228881836,1,mfa_primary_exact_transcript_auto_qc_pass
1062,-vxjVxOeScU$_$4,12,how,66,69,15,how,1,1,5.510000228881836,5.909999847412109,1,mfa_primary_exact_transcript_auto_qc_pass
1063,-vxjVxOeScU$_$4,13,amazing,70,77,16,amazing,1,1,5.909999847412109,6.409999847412109,1,mfa_primary_exact_transcript_auto_qc_pass
1064,-vxjVxOeScU$_$4,14,it,78,80,17,it,1,1,6.409999847412109,6.53000020980835,1,mfa_primary_exact_transcript_auto_qc_pass
1065,-vxjVxOeScU$_$4,15,is,81,83,18,is,1,1,6.53000020980835,6.800000190734863,1,mfa_primary_exact_transcript_auto_qc_pass
1066,-vxjVxOeScU$_$4,16,that,84,88,19,that,1,1,6.800000190734863,6.960000038146973,1,mfa_primary_exact_transcript_auto_qc_pass
1067,-vxjVxOeScU$_$4,17,they've,89,96,20;21;22,they ' ve,3,1,6.960000038146973,7.139999866485596,1,mfa_primary_exact_transcript_auto_qc_pass
1068,-vxjVxOeScU$_$4,18,stayed,97,103,23,stayed,1,1,7.139999866485596,7.480000019073486,1,mfa_primary_exact_transcript_auto_qc_pass
1069,-vxjVxOeScU$_$4,19,together,104,112,24,together,1,1,7.480000019073486,7.889999866485596,1,mfa_primary_exact_transcript_auto_qc_pass
1070,-vxjVxOeScU$_$4,20,this,113,117,25,this,1,1,7.889999866485596,8.1899995803833,1,mfa_primary_exact_transcript_auto_qc_pass
1071,-vxjVxOeScU$_$4,21,long,118,122,26,long,1,1,8.1899995803833,8.930000305175781,1,mfa_primary_exact_transcript_auto_qc_pass
1072,-wMB_hJL-3o$_$7,1,So,0,2,1,so,1,1,0.5,1.0,1,mfa_primary_exact_transcript_auto_qc_pass
1073,-wMB_hJL-3o$_$7,2,if,3,5,2,if,1,1,1.0,1.2200000286102295,1,mfa_primary_exact_transcript_auto_qc_pass
1074,-wMB_hJL-3o$_$7,3,you,6,9,3,you,1,1,1.2200000286102295,1.2899999618530273,1,mfa_primary_exact_transcript_auto_qc_pass
1075,-wMB_hJL-3o$_$7,4,have,10,14,4,have,1,1,1.2899999618530273,1.4700000286102295,1,mfa_primary_exact_transcript_auto_qc_pass
1076,-wMB_hJL-3o$_$7,5,a,15,16,5,a,1,1,1.4700000286102295,1.5199999809265137,1,mfa_primary_exact_transcript_auto_qc_pass
1077,-wMB_hJL-3o$_$7,6,loved,17,22,6,loved,1,1,1.5199999809265137,1.809999942779541,1,mfa_primary_exact_transcript_auto_qc_pass
1078,-wMB_hJL-3o$_$7,7,one,23,26,7,one,1,1,1.809999942779541,1.9700000286102295,1,mfa_primary_exact_transcript_auto_qc_pass
1079,-wMB_hJL-3o$_$7,8,who,27,30,8,who,1,1,1.9700000286102295,2.140000104904175,1,mfa_primary_exact_transcript_auto_qc_pass
1080,-wMB_hJL-3o$_$7,9,is,31,33,9,is,1,1,2.140000104904175,2.259999990463257,1,mfa_primary_exact_transcript_auto_qc_pass
1081,-wMB_hJL-3o$_$7,10,depressed,34,43,10,depressed,1,1,2.259999990463257,2.9700000286102295,1,mfa_primary_exact_transcript_auto_qc_pass
1082,-wMB_hJL-3o$_$7,11,those,44,49,11,those,1,1,3.259999990463257,3.4700000286102295,1,mfa_primary_exact_transcript_auto_qc_pass
1083,-wMB_hJL-3o$_$7,12,are,50,53,12,are,1,1,3.4700000286102295,3.5199999809265137,1,mfa_primary_exact_transcript_auto_qc_pass
1084,-wMB_hJL-3o$_$7,13,some,54,58,13,some,1,1,3.5199999809265137,3.759999990463257,1,mfa_primary_exact_transcript_auto_qc_pass
1085,-wMB_hJL-3o$_$7,14,of,59,61,14,of,1,1,3.759999990463257,3.819999933242798,1,mfa_primary_exact_transcript_auto_qc_pass
1086,-wMB_hJL-3o$_$7,15,the,62,65,15,the,1,1,3.819999933242798,3.9100000858306885,1,mfa_primary_exact_transcript_auto_qc_pass
1087,-wMB_hJL-3o$_$7,16,things,66,72,16,things,1,1,3.9100000858306885,4.230000019073486,1,mfa_primary_exact_transcript_auto_qc_pass
1088,-wMB_hJL-3o$_$7,17,that,73,77,17,that,1,1,4.230000019073486,4.340000152587891,1,mfa_primary_exact_transcript_auto_qc_pass
1089,-wMB_hJL-3o$_$7,18,you,78,81,18,you,1,1,4.340000152587891,4.480000019073486,1,mfa_primary_exact_transcript_auto_qc_pass
1090,-wMB_hJL-3o$_$7,19,should,82,88,19,should,1,1,4.480000019073486,4.710000038146973,1,mfa_primary_exact_transcript_auto_qc_pass
1091,-wMB_hJL-3o$_$7,20,think,89,94,20,think,1,1,4.710000038146973,4.889999866485596,1,mfa_primary_exact_transcript_auto_qc_pass
1092,-wMB_hJL-3o$_$7,21,about,95,100,21,about,1,1,4.889999866485596,5.159999847412109,1,mfa_primary_exact_transcript_auto_qc_pass
1093,-wMB_hJL-3o$_$7,22,doing,101,106,22,doing,1,1,5.159999847412109,5.440000057220459,1,mfa_primary_exact_transcript_auto_qc_pass
1094,-wny0OAz3g8$_$1,1,And,0,3,1,and,1,1,0.5199999809265137,0.6399999856948853,1,mfa_primary_unique_word_overlap_auto_qc_pass
1095,-wny0OAz3g8$_$1,2,because,4,11,2,because,1,1,0.6399999856948853,0.949999988079071,1,mfa_primary_unique_word_overlap_auto_qc_pass
1096,-wny0OAz3g8$_$1,3,they,12,16,3,they,1,1,0.949999988079071,1.059999942779541,1,mfa_primary_unique_word_overlap_auto_qc_pass
1097,-wny0OAz3g8$_$1,4,couldn't,17,25,4;5;6,couldn ' t,3,1,1.059999942779541,1.3300000429153442,1,mfa_primary_unique_word_overlap_auto_qc_pass
1098,-wny0OAz3g8$_$1,5,join,26,30,7,join,1,1,1.3300000429153442,1.6200000047683716,1,mfa_primary_unique_word_overlap_auto_qc_pass
1099,-wny0OAz3g8$_$1,6,unions,31,37,8,unions,1,1,1.6200000047683716,2.069999933242798,1,mfa_primary_unique_word_overlap_auto_qc_pass
1100,-wny0OAz3g8$_$1,7,many,39,43,10,many,1,1,2.109999895095825,2.309999942779541,1,mfa_primary_unique_word_overlap_auto_qc_pass
1101,-wny0OAz3g8$_$1,8,Black,44,49,11,black,1,1,2.309999942779541,2.5999999046325684,1,mfa_primary_unique_word_overlap_auto_qc_pass
1102,-wny0OAz3g8$_$1,9,workers,50,57,12,workers,1,1,2.5999999046325684,2.9100000858306885,1,mfa_primary_unique_word_overlap_auto_qc_pass
1103,-wny0OAz3g8$_$1,10,couldn't,58,66,13;14;15,couldn ' t,3,1,2.9100000858306885,3.200000047683716,1,mfa_primary_unique_word_overlap_auto_qc_pass
1104,-wny0OAz3g8$_$1,11,get,67,70,16,get,1,1,3.200000047683716,3.369999885559082,1,mfa_primary_unique_word_overlap_auto_qc_pass
1105,-wny0OAz3g8$_$1,12,manufacturing,71,84,17,manufacturing,1,1,3.369999885559082,4.010000228881836,1,mfa_primary_unique_word_overlap_auto_qc_pass
1106,-wny0OAz3g8$_$1,13,or,85,87,18,or,1,1,4.010000228881836,4.079999923706055,1,mfa_primary_unique_word_overlap_auto_qc_pass
1107,-wny0OAz3g8$_$1,14,trade,88,93,19,trade,1,1,4.079999923706055,4.369999885559082,1,mfa_primary_unique_word_overlap_auto_qc_pass
1108,-wny0OAz3g8$_$1,15,work,94,98,20,work,1,1,4.369999885559082,4.619999885559082,1,mfa_primary_unique_word_overlap_auto_qc_pass
1109,-wny0OAz3g8$_$1,16,which,101,106,22,which,1,1,4.619999885559082,4.849999904632568,1,mfa_primary_unique_word_overlap_auto_qc_pass
1110,-wny0OAz3g8$_$1,17,paid,107,111,23,paid,1,1,4.849999904632568,5.079999923706055,1,mfa_primary_unique_word_overlap_auto_qc_pass
1111,-wny0OAz3g8$_$1,18,much,112,116,24,much,1,1,5.079999923706055,5.380000114440918,1,mfa_primary_unique_word_overlap_auto_qc_pass
1112,-wny0OAz3g8$_$1,19,better,117,123,25,better,1,1,5.380000114440918,5.599999904632568,1,mfa_primary_unique_word_overlap_auto_qc_pass
1113,-wny0OAz3g8$_$1,20,than,124,128,26,than,1,1,5.599999904632568,5.739999771118164,1,mfa_primary_unique_word_overlap_auto_qc_pass
1114,-wny0OAz3g8$_$1,21,service,129,136,27,service,1,1,5.739999771118164,6.099999904632568,1,mfa_primary_unique_word_overlap_auto_qc_pass
1115,-wny0OAz3g8$_$1,22,work,137,141,28,work,1,1,6.099999904632568,6.28000020980835,1,mfa_primary_unique_word_overlap_auto_qc_pass
1116,-wny0OAz3g8$_$0,1,trade,0,5,1,trade,1,1,,,0,official_word_unmatched_or_ambiguous_in_asr
1117,-wny0OAz3g8$_$0,2,labor,6,11,2,labor,1,1,,,0,official_word_unmatched_or_ambiguous_in_asr
1118,-wny0OAz3g8$_$0,3,unions,12,18,3,unions,1,1,,,0,official_word_unmatched_or_ambiguous_in_asr
1119,-wny0OAz3g8$_$0,4,didn't,19,25,4;5;6,didn ' t,3,1,,,0,official_word_unmatched_or_ambiguous_in_asr
1120,-wny0OAz3g8$_$0,5,allow,26,31,7,allow,1,1,,,0,mfa_whisper_discrepancy_over_0_5s_null_primary
1121,-wny0OAz3g8$_$0,6,Black,32,37,8,black,1,1,,,0,mfa_whisper_discrepancy_over_0_5s_null_primary
1122,-wny0OAz3g8$_$0,7,workers,38,45,9,workers,1,1,,,0,mfa_whisper_discrepancy_over_0_5s_null_primary
1123,-wny0OAz3g8$_$0,8,to,46,48,10,to,1,1,,,0,mfa_whisper_discrepancy_over_0_5s_null_primary
1124,-wny0OAz3g8$_$0,9,join,49,53,11,join,1,1,2.4200000762939453,2.990000009536743,1,mfa_primary_unique_word_overlap_auto_qc_pass
1125,-wny0OAz3g8$_$3,1,Which,0,5,1,which,1,1,0.0,0.4099999964237213,1,mfa_primary_unique_word_overlap_auto_qc_pass
1126,-wny0OAz3g8$_$3,2,then,6,10,2,then,1,1,0.4099999964237213,0.8999999761581421,1,mfa_primary_unique_word_overlap_auto_qc_pass
1127,-wny0OAz3g8$_$3,3,allowed,11,18,3,allowed,1,1,0.8999999761581421,1.159999966621399,1,mfa_primary_unique_word_overlap_auto_qc_pass
1128,-wny0OAz3g8$_$3,4,the,19,22,4,the,1,1,1.159999966621399,1.2400000095367432,1,mfa_primary_unique_word_overlap_auto_qc_pass
1129,-wny0OAz3g8$_$3,5,white,23,28,5,white,1,1,1.2400000095367432,1.4700000286102295,1,mfa_primary_unique_word_overlap_auto_qc_pass
1130,-wny0OAz3g8$_$3,6,workers,29,36,6,workers,1,1,1.4700000286102295,1.7699999809265137,1,mfa_primary_unique_word_overlap_auto_qc_pass
1131,-wny0OAz3g8$_$3,7,and,37,40,7,and,1,1,1.7699999809265137,1.909999966621399,1,mfa_primary_unique_word_overlap_auto_qc_pass
1132,-wny0OAz3g8$_$3,8,unions,41,47,8,unions,1,1,1.909999966621399,2.2100000381469727,1,mfa_primary_unique_word_overlap_auto_qc_pass
1133,-wny0OAz3g8$_$3,9,to,48,50,9,to,1,1,2.2100000381469727,2.319999933242798,1,mfa_primary_unique_word_overlap_auto_qc_pass
1134,-wny0OAz3g8$_$3,10,justify,51,58,10,justify,1,1,2.319999933242798,2.8499999046325684,1,mfa_primary_unique_word_overlap_auto_qc_pass
1135,-wny0OAz3g8$_$3,11,their,59,64,11,their,1,1,2.8499999046325684,2.9700000286102295,1,mfa_primary_unique_word_overlap_auto_qc_pass
1136,-wny0OAz3g8$_$3,12,decision,65,73,12,decision,1,1,2.9700000286102295,3.3299999237060547,1,mfa_primary_unique_word_overlap_auto_qc_pass
1137,-wny0OAz3g8$_$3,13,to,74,76,13,to,1,1,3.3299999237060547,3.430000066757202,1,mfa_primary_unique_word_overlap_auto_qc_pass
1138,-wny0OAz3g8$_$3,14,not,77,80,14,not,1,1,3.430000066757202,3.7300000190734863,1,mfa_primary_unique_word_overlap_auto_qc_pass
1139,-wny0OAz3g8$_$3,15,allow,81,86,15,allow,1,1,3.7300000190734863,3.9700000286102295,1,mfa_primary_unique_word_overlap_auto_qc_pass
1140,-wny0OAz3g8$_$3,16,black,87,92,16,black,1,1,3.9700000286102295,4.289999961853027,1,mfa_primary_unique_word_overlap_auto_qc_pass
1141,-wny0OAz3g8$_$3,17,workers,93,100,17,workers,1,1,4.289999961853027,4.670000076293945,1,mfa_primary_unique_word_overlap_auto_qc_pass
1142,-wny0OAz3g8$_$3,18,into,101,105,18,into,1,1,4.670000076293945,5.019999980926514,1,mfa_primary_unique_word_overlap_auto_qc_pass
1143,-wny0OAz3g8$_$3,19,their,106,111,19,their,1,1,5.019999980926514,5.159999847412109,1,mfa_primary_unique_word_overlap_auto_qc_pass
1144,-wny0OAz3g8$_$3,20,union,112,117,20,union,1,1,5.159999847412109,5.639999866485596,1,mfa_primary_unique_word_overlap_auto_qc_pass
1145,-wny0OAz3g8$_$2,1,And,0,3,1,and,1,1,0.5199999809265137,0.6399999856948853,1,mfa_primary_unique_word_overlap_auto_qc_pass
1146,-wny0OAz3g8$_$2,2,because,4,11,2,because,1,1,0.6399999856948853,0.9900000095367432,1,mfa_primary_unique_word_overlap_auto_qc_pass
1147,-wny0OAz3g8$_$2,3,they,12,16,3,they,1,1,0.9900000095367432,1.090000033378601,1,mfa_primary_unique_word_overlap_auto_qc_pass
1148,-wny0OAz3g8$_$2,4,couldn't,17,25,4;5;6,couldn ' t,3,1,1.090000033378601,1.3300000429153442,1,mfa_primary_unique_word_overlap_auto_qc_pass
1149,-wny0OAz3g8$_$2,5,get,26,29,7,get,1,1,1.3300000429153442,1.4600000381469727,1,mfa_primary_unique_word_overlap_auto_qc_pass
1150,-wny0OAz3g8$_$2,6,these,30,35,8,these,1,1,1.4600000381469727,1.6399999856948853,1,mfa_primary_unique_word_overlap_auto_qc_pass
1151,-wny0OAz3g8$_$2,7,jobs,36,40,9,jobs,1,1,1.6399999856948853,2.0799999237060547,1,mfa_primary_unique_word_overlap_auto_qc_pass
1152,-wny0OAz3g8$_$2,8,Black,42,47,11,black,1,1,2.0799999237060547,2.4000000953674316,1,mfa_primary_unique_word_overlap_auto_qc_pass
1153,-wny0OAz3g8$_$2,9,communities,48,59,12,communities,1,1,2.4000000953674316,2.7899999618530273,1,mfa_primary_unique_word_overlap_auto_qc_pass
1154,-wny0OAz3g8$_$2,10,had,60,63,13,had,1,1,2.7899999618530273,2.9200000762939453,1,mfa_primary_unique_word_overlap_auto_qc_pass
1155,-wny0OAz3g8$_$2,11,more,64,68,14,more,1,1,2.9200000762939453,3.119999885559082,1,mfa_primary_unique_word_overlap_auto_qc_pass
1156,-wny0OAz3g8$_$2,12,men,69,72,15,men,1,1,3.119999885559082,3.2799999713897705,1,mfa_primary_unique_word_overlap_auto_qc_pass
1157,-wny0OAz3g8$_$2,13,out,73,76,16,out,1,1,3.2799999713897705,3.380000114440918,1,mfa_primary_unique_word_overlap_auto_qc_pass
1158,-wny0OAz3g8$_$2,14,of,77,79,17,of,1,1,3.380000114440918,3.5,1,mfa_primary_unique_word_overlap_auto_qc_pass
1159,-wny0OAz3g8$_$2,15,work,80,84,18,work,1,1,3.5,3.809999942779541,1,mfa_primary_unique_word_overlap_auto_qc_pass
1160,-wny0OAz3g8$_$2,16,higher,86,92,20,higher,1,1,3.950000047683716,4.21999979019165,1,mfa_primary_unique_word_overlap_auto_qc_pass
1161,-wny0OAz3g8$_$2,17,rates,93,98,21,rates,1,1,4.21999979019165,4.389999866485596,1,mfa_primary_unique_word_overlap_auto_qc_pass
1162,-wny0OAz3g8$_$2,18,of,99,101,22,of,1,1,4.389999866485596,4.460000038146973,1,mfa_primary_unique_word_overlap_auto_qc_pass
1163,-wny0OAz3g8$_$2,19,poverty,102,109,23,poverty,1,1,4.460000038146973,4.929999828338623,1,mfa_primary_unique_word_overlap_auto_qc_pass
1164,-wny0OAz3g8$_$2,20,and,111,114,25,and,1,1,4.929999828338623,5.059999942779541,1,mfa_primary_unique_word_overlap_auto_qc_pass
1165,-wny0OAz3g8$_$2,21,more,115,119,26,more,1,1,5.059999942779541,5.21999979019165,1,mfa_primary_unique_word_overlap_auto_qc_pass
1166,-wny0OAz3g8$_$2,22,criminal,120,128,27,criminal,1,1,5.21999979019165,5.550000190734863,1,mfa_primary_unique_word_overlap_auto_qc_pass
1167,-wny0OAz3g8$_$2,23,behavior,129,137,28,behavior,1,1,5.550000190734863,6.039999961853027,1,mfa_primary_unique_word_overlap_auto_qc_pass
1168,-wny0OAz3g8$_$5,1,This,0,4,1,this,1,1,,,0,mfa_whisper_discrepancy_over_0_5s_null_primary
1169,-wny0OAz3g8$_$5,2,is,5,7,2,is,1,1,,,0,mfa_whisper_discrepancy_over_0_5s_null_primary
1170,-wny0OAz3g8$_$5,3,what's,8,14,3;4;5,what ' s,3,1,,,0,mfa_whisper_discrepancy_over_0_5s_null_primary
1171,-wny0OAz3g8$_$5,4,now,15,18,6,now,1,1,1.0399999618530273,1.25,1,mfa_primary_exact_transcript_auto_qc_pass
1172,-wny0OAz3g8$_$5,5,known,19,24,7,known,1,1,1.25,1.5199999809265137,1,mfa_primary_exact_transcript_auto_qc_pass
1173,-wny0OAz3g8$_$5,6,as,25,27,8,as,1,1,1.5199999809265137,1.7100000381469727,1,mfa_primary_exact_transcript_auto_qc_pass
1174,-wny0OAz3g8$_$5,7,racial,28,34,9,racial,1,1,1.7100000381469727,1.9800000190734863,1,mfa_primary_exact_transcript_auto_qc_pass
1175,-wny0OAz3g8$_$5,8,formation,35,44,10,formation,1,1,1.9800000190734863,2.5199999809265137,1,mfa_primary_exact_transcript_auto_qc_pass
1176,-wny0OAz3g8$_$5,9,theory,45,51,11,theory,1,1,2.5199999809265137,2.880000114440918,1,mfa_primary_exact_transcript_auto_qc_pass
1177,-wny0OAz3g8$_$5,10,a,53,54,13,a,1,1,3.059999942779541,3.119999885559082,1,mfa_primary_exact_transcript_auto_qc_pass
1178,-wny0OAz3g8$_$5,11,theory,55,61,14,theory,1,1,3.119999885559082,3.369999885559082,1,mfa_primary_exact_transcript_auto_qc_pass
1179,-wny0OAz3g8$_$5,12,formalized,62,72,15;16,formal ##ized,2,1,3.369999885559082,3.9200000762939453,1,mfa_primary_exact_transcript_auto_qc_pass
1180,-wny0OAz3g8$_$5,13,by,73,75,17,by,1,1,3.9200000762939453,4.019999980926514,1,mfa_primary_exact_transcript_auto_qc_pass
1181,-wny0OAz3g8$_$5,14,modern,76,82,18,modern,1,1,4.019999980926514,4.340000152587891,1,mfa_primary_exact_transcript_auto_qc_pass
1182,-wny0OAz3g8$_$5,15,sociologists,83,95,19;20,sociologist ##s,2,1,4.340000152587891,4.940000057220459,1,mfa_primary_exact_transcript_auto_qc_pass
1183,-wny0OAz3g8$_$5,16,Michael,96,103,21,michael,1,1,4.940000057220459,5.190000057220459,1,mfa_primary_exact_transcript_auto_qc_pass
1184,-wny0OAz3g8$_$5,17,Omi,104,107,22;23,om ##i,2,1,5.21999979019165,5.53000020980835,1,mfa_primary_exact_transcript_auto_qc_pass
1185,-wny0OAz3g8$_$5,18,and,108,111,24,and,1,1,5.53000020980835,5.630000114440918,1,mfa_primary_exact_transcript_auto_qc_pass
1186,-wny0OAz3g8$_$5,19,Howard,112,118,25,howard,1,1,5.630000114440918,5.889999866485596,1,mfa_primary_exact_transcript_auto_qc_pass
1187,-wny0OAz3g8$_$5,20,Winant,119,125,26;27,win ##ant,2,1,,,0,mfa_whisper_discrepancy_over_0_5s_null_primary
1188,-wny0OAz3g8$_$7,1,Omi,0,3,1;2,om ##i,2,1,0.5199999809265137,0.7200000286102295,1,mfa_primary_unique_word_overlap_auto_qc_pass
1189,-wny0OAz3g8$_$7,2,and,4,7,3,and,1,1,0.7200000286102295,0.8399999737739563,1,mfa_primary_unique_word_overlap_auto_qc_pass
1190,-wny0OAz3g8$_$7,3,Winant,8,14,4;5,win ##ant,2,1,0.8399999737739563,1.0499999523162842,1,mfa_primary_unique_word_overlap_auto_qc_pass
1191,-wny0OAz3g8$_$7,4,argue,15,20,6,argue,1,1,1.0800000429153442,1.3300000429153442,1,mfa_primary_unique_word_overlap_auto_qc_pass
1192,-wny0OAz3g8$_$7,5,that,21,25,7,that,1,1,1.3300000429153442,1.440000057220459,1,mfa_primary_unique_word_overlap_auto_qc_pass
1193,-wny0OAz3g8$_$7,6,the,26,29,8,the,1,1,1.440000057220459,1.5099999904632568,1,mfa_primary_unique_word_overlap_auto_qc_pass
1194,-wny0OAz3g8$_$7,7,concept,30,37,9,concept,1,1,1.5099999904632568,1.9199999570846558,1,mfa_primary_unique_word_overlap_auto_qc_pass
1195,-wny0OAz3g8$_$7,8,of,38,40,10,of,1,1,1.9199999570846558,2.059999942779541,1,mfa_primary_unique_word_overlap_auto_qc_pass
1196,-wny0OAz3g8$_$7,9,race,41,45,11,race,1,1,2.059999942779541,2.2699999809265137,1,mfa_primary_unique_word_overlap_auto_qc_pass
1197,-wny0OAz3g8$_$7,10,came,46,50,12,came,1,1,2.2699999809265137,2.4700000286102295,1,mfa_primary_unique_word_overlap_auto_qc_pass
1198,-wny0OAz3g8$_$7,11,about,51,56,13,about,1,1,2.4700000286102295,2.690000057220459,1,mfa_primary_unique_word_overlap_auto_qc_pass
1199,-wny0OAz3g8$_$7,12,as,57,59,14,as,1,1,2.690000057220459,2.799999952316284,1,mfa_primary_unique_word_overlap_auto_qc_pass
1200,-wny0OAz3g8$_$7,13,a,60,61,15,a,1,1,2.799999952316284,2.8399999141693115,1,mfa_primary_unique_word_overlap_auto_qc_pass
1201,-wny0OAz3g8$_$7,14,tool,62,66,16,tool,1,1,2.8399999141693115,3.1500000953674316,1,mfa_primary_unique_word_overlap_auto_qc_pass
1202,-wny0OAz3g8$_$7,15,to,67,69,17,to,1,1,3.1500000953674316,3.259999990463257,1,mfa_primary_unique_word_overlap_auto_qc_pass
1203,-wny0OAz3g8$_$7,16,justify,70,77,18,justify,1,1,3.259999990463257,3.7799999713897705,1,mfa_primary_unique_word_overlap_auto_qc_pass
1204,-wny0OAz3g8$_$7,17,and,78,81,19,and,1,1,3.7799999713897705,3.9700000286102295,1,mfa_primary_unique_word_overlap_auto_qc_pass
1205,-wny0OAz3g8$_$7,18,maintain,82,90,20,maintain,1,1,3.9700000286102295,4.510000228881836,1,mfa_primary_unique_word_overlap_auto_qc_pass
1206,-wny0OAz3g8$_$7,19,the,91,94,21,the,1,1,4.510000228881836,4.659999847412109,1,mfa_primary_unique_word_overlap_auto_qc_pass
1207,-wny0OAz3g8$_$7,20,economic,95,103,22,economic,1,1,4.659999847412109,5.110000133514404,1,mfa_primary_unique_word_overlap_auto_qc_pass
1208,-wny0OAz3g8$_$7,21,and,104,107,23,and,1,1,5.110000133514404,5.239999771118164,1,mfa_primary_unique_word_overlap_auto_qc_pass
1209,-wny0OAz3g8$_$7,22,political,108,117,24,political,1,1,5.239999771118164,5.590000152587891,1,mfa_primary_unique_word_overlap_auto_qc_pass
1210,-wny0OAz3g8$_$7,23,power,118,123,25,power,1,1,5.590000152587891,5.960000038146973,1,mfa_primary_unique_word_overlap_auto_qc_pass
1211,-wny0OAz3g8$_$7,24,held,124,128,26,held,1,1,5.960000038146973,6.260000228881836,1,mfa_primary_unique_word_overlap_auto_qc_pass
1212,-wny0OAz3g8$_$7,25,by,129,131,27,by,1,1,6.260000228881836,6.360000133514404,1,mfa_primary_unique_word_overlap_auto_qc_pass
1213,-wny0OAz3g8$_$7,26,those,132,137,28,those,1,1,6.360000133514404,6.570000171661377,1,mfa_primary_unique_word_overlap_auto_qc_pass
1214,-wny0OAz3g8$_$7,27,of,138,140,29,of,1,1,6.570000171661377,6.699999809265137,1,mfa_primary_unique_word_overlap_auto_qc_pass
1215,-wny0OAz3g8$_$7,28,European,141,149,30,european,1,1,6.699999809265137,7.079999923706055,1,mfa_primary_unique_word_overlap_auto_qc_pass
1216,-wny0OAz3g8$_$7,29,descent,150,157,31,descent,1,1,7.079999923706055,7.519999980926514,1,mfa_primary_unique_word_overlap_auto_qc_pass
1217,-wny0OAz3g8$_$9,1,He,0,2,1,he,1,1,0.5,0.6100000143051147,1,mfa_primary_unique_word_overlap_auto_qc_pass
1218,-wny0OAz3g8$_$9,2,explores,3,11,2,explores,1,1,0.6100000143051147,1.0199999809265137,1,mfa_primary_unique_word_overlap_auto_qc_pass
1219,-wny0OAz3g8$_$9,3,why,12,15,3,why,1,1,1.0199999809265137,1.1200000047683716,1,mfa_primary_unique_word_overlap_auto_qc_pass
1220,-wny0OAz3g8$_$9,4,Black,16,21,4,black,1,1,1.1200000047683716,1.3799999952316284,1,mfa_primary_unique_word_overlap_auto_qc_pass
1221,-wny0OAz3g8$_$9,5,and,22,25,5,and,1,1,1.3799999952316284,1.4700000286102295,1,mfa_primary_unique_word_overlap_auto_qc_pass
1222,-wny0OAz3g8$_$9,6,White,26,31,6,white,1,1,1.4700000286102295,1.6100000143051147,1,mfa_primary_unique_word_overlap_auto_qc_pass
1223,-wny0OAz3g8$_$9,7,Americans,32,41,7,americans,1,1,1.6100000143051147,2.069999933242798,1,mfa_primary_unique_word_overlap_auto_qc_pass
1224,-wny0OAz3g8$_$9,8,tend,42,46,8,tend,1,1,2.069999933242798,2.2699999809265137,1,mfa_primary_unique_word_overlap_auto_qc_pass
1225,-wny0OAz3g8$_$9,9,to,47,49,9,to,1,1,2.2699999809265137,2.3299999237060547,1,mfa_primary_unique_word_overlap_auto_qc_pass
1226,-wny0OAz3g8$_$9,10,have,50,54,10,have,1,1,2.3299999237060547,2.5399999618530273,1,mfa_primary_unique_word_overlap_auto_qc_pass
1227,-wny0OAz3g8$_$9,11,such,55,59,11,such,1,1,2.5399999618530273,2.8299999237060547,1,mfa_primary_unique_word_overlap_auto_qc_pass
1228,-wny0OAz3g8$_$9,12,different,60,69,12,different,1,1,2.8299999237060547,3.130000114440918,1,mfa_primary_unique_word_overlap_auto_qc_pass
1229,-wny0OAz3g8$_$9,13,outcomes,70,78,13,outcomes,1,1,3.1600000858306885,3.700000047683716,1,mfa_primary_unique_word_overlap_auto_qc_pass
1230,-wny0OAz3g8$_$9,14,in,79,81,14,in,1,1,3.700000047683716,3.759999990463257,1,mfa_primary_unique_word_overlap_auto_qc_pass
1231,-wny0OAz3g8$_$9,15,terms,82,87,15,terms,1,1,3.759999990463257,3.9800000190734863,1,mfa_primary_unique_word_overlap_auto_qc_pass
1232,-wny0OAz3g8$_$9,16,of,88,90,16,of,1,1,3.9800000190734863,4.059999942779541,1,mfa_primary_unique_word_overlap_auto_qc_pass
1233,-wny0OAz3g8$_$9,17,income,91,97,17,income,1,1,4.059999942779541,4.519999980926514,1,mfa_primary_unique_word_overlap_auto_qc_pass
1234,-wny0OAz3g8$_$9,18,education,99,108,19,education,1,1,4.519999980926514,5.159999847412109,1,mfa_primary_unique_word_overlap_auto_qc_pass
1235,-wny0OAz3g8$_$9,19,and,110,113,21,and,1,1,5.159999847412109,5.289999961853027,1,mfa_primary_unique_word_overlap_auto_qc_pass
1236,-wny0OAz3g8$_$9,20,more,114,118,22,more,1,1,5.289999961853027,5.550000190734863,1,mfa_primary_unique_word_overlap_auto_qc_pass
1237,-571d8cVauQ$_$0,1,This,0,4,1,this,1,1,1.0800000429153442,1.2100000381469727,1,mfa_primary_exact_transcript_auto_qc_pass
1238,-571d8cVauQ$_$0,2,is,5,7,2,is,1,1,1.2100000381469727,1.2699999809265137,1,mfa_primary_exact_transcript_auto_qc_pass
1239,-571d8cVauQ$_$0,3,Rhett,8,13,3;4,r ##hett,2,1,1.2699999809265137,1.4800000190734863,1,mfa_primary_exact_transcript_auto_qc_pass
1240,-571d8cVauQ$_$0,4,Reiger,14,20,5;6,rei ##ger,2,1,1.4800000190734863,1.940000057220459,1,mfa_primary_exact_transcript_auto_qc_pass
1241,-571d8cVauQ$_$0,5,White,22,27,8,white,1,1,1.940000057220459,2.140000104904175,1,mfa_primary_exact_transcript_auto_qc_pass
1242,-571d8cVauQ$_$0,6,Caspian,28,35,9,caspian,1,1,2.140000104904175,2.5799999237060547,1,mfa_primary_exact_transcript_auto_qc_pass
1243,-571d8cVauQ$_$0,7,Studios,36,43,10,studios,1,1,2.5799999237060547,3.109999895095825,1,mfa_primary_exact_transcript_auto_qc_pass
1244,-571d8cVauQ$_$0,8,on,44,46,11,on,1,1,3.109999895095825,3.240000009536743,1,mfa_primary_exact_transcript_auto_qc_pass
1245,-571d8cVauQ$_$0,9,behalf,47,53,12,behalf,1,1,3.240000009536743,3.5799999237060547,1,mfa_primary_exact_transcript_auto_qc_pass
1246,-571d8cVauQ$_$0,10,of,54,56,13,of,1,1,3.5799999237060547,3.690000057220459,1,mfa_primary_exact_transcript_auto_qc_pass
1247,-571d8cVauQ$_$0,11,Expert,57,63,14,expert,1,1,3.690000057220459,4.019999980926514,1,mfa_primary_exact_transcript_auto_qc_pass
1248,-571d8cVauQ$_$0,12,Village,64,71,15,village,1,1,4.019999980926514,4.510000228881836,1,mfa_primary_exact_transcript_auto_qc_pass
1249,-571d8cVauQ$_$5,1,So,0,2,1,so,1,1,0.5,0.6700000166893005,1,mfa_primary_unique_word_overlap_auto_qc_pass
1250,-571d8cVauQ$_$5,2,very,3,7,2,very,1,1,0.6700000166893005,0.9900000095367432,1,mfa_primary_unique_word_overlap_auto_qc_pass
1251,-571d8cVauQ$_$5,3,important,8,17,3,important,1,1,0.9900000095367432,1.3700000047683716,1,mfa_primary_unique_word_overlap_auto_qc_pass
1252,-571d8cVauQ$_$5,4,to,18,20,4,to,1,1,1.3700000047683716,1.4500000476837158,1,mfa_primary_unique_word_overlap_auto_qc_pass
1253,-571d8cVauQ$_$5,5,go,21,23,5,go,1,1,1.590000033378601,1.809999942779541,1,mfa_primary_unique_word_overlap_auto_qc_pass
1254,-571d8cVauQ$_$5,6,out,24,27,6,out,1,1,1.809999942779541,2.069999933242798,1,mfa_primary_unique_word_overlap_auto_qc_pass
1255,-571d8cVauQ$_$5,7,to,28,30,7,to,1,1,2.440000057220459,2.619999885559082,1,mfa_primary_unique_word_overlap_auto_qc_pass
1256,-571d8cVauQ$_$5,8,the,31,34,8,the,1,1,2.619999885559082,2.7100000381469727,1,mfa_primary_unique_word_overlap_auto_qc_pass
1257,-571d8cVauQ$_$5,9,locations,35,44,9,locations,1,1,2.7100000381469727,3.4600000381469727,1,mfa_primary_unique_word_overlap_auto_qc_pass
1258,-571d8cVauQ$_$5,10,walk,46,50,11,walk,1,1,3.7100000381469727,4.079999923706055,1,mfa_primary_unique_word_overlap_auto_qc_pass
1259,-571d8cVauQ$_$5,11,around,51,57,12,around,1,1,4.079999923706055,4.489999771118164,1,mfa_primary_unique_word_overlap_auto_qc_pass
1260,-571d8cVauQ$_$5,12,talk,59,63,14,talk,1,1,4.699999809265137,4.980000019073486,1,mfa_primary_unique_word_overlap_auto_qc_pass
1261,-571d8cVauQ$_$5,13,with,64,68,15,with,1,1,4.980000019073486,5.110000133514404,1,mfa_primary_unique_word_overlap_auto_qc_pass
1262,-571d8cVauQ$_$5,14,the,69,72,16,the,1,1,5.110000133514404,5.260000228881836,1,mfa_primary_unique_word_overlap_auto_qc_pass
1263,-571d8cVauQ$_$5,15,owners,73,79,17,owners,1,1,5.260000228881836,5.599999904632568,1,mfa_primary_unique_word_overlap_auto_qc_pass
1264,-571d8cVauQ$_$5,16,if,80,82,18,if,1,1,5.599999904632568,5.760000228881836,1,mfa_primary_unique_word_overlap_auto_qc_pass
1265,-571d8cVauQ$_$5,17,you,83,86,19,you,1,1,5.760000228881836,5.820000171661377,1,mfa_primary_unique_word_overlap_auto_qc_pass
1266,-571d8cVauQ$_$5,18,can,87,90,20,can,1,1,5.820000171661377,6.179999828338623,1,mfa_primary_unique_word_overlap_auto_qc_pass
1267,-571d8cVauQ$_$5,19,tell,92,96,22,tell,1,1,6.5,6.670000076293945,1,mfa_primary_unique_word_overlap_auto_qc_pass
1268,-571d8cVauQ$_$5,20,them,97,101,23,them,1,1,6.670000076293945,6.829999923706055,1,mfa_primary_unique_word_overlap_auto_qc_pass
1269,-571d8cVauQ$_$5,21,what,102,106,24,what,1,1,6.829999923706055,7.039999961853027,1,mfa_primary_unique_word_overlap_auto_qc_pass
1270,-571d8cVauQ$_$5,22,you're,107,113,25;26;27,you ' re,3,1,7.039999961853027,7.130000114440918,1,mfa_primary_unique_word_overlap_auto_qc_pass
1271,-571d8cVauQ$_$5,23,doing,114,119,28,doing,1,1,7.130000114440918,7.409999847412109,1,mfa_primary_unique_word_overlap_auto_qc_pass
1272,-571d8cVauQ$_$5,24,build,121,126,30,build,1,1,7.699999809265137,7.909999847412109,1,mfa_primary_unique_word_overlap_auto_qc_pass
1273,-571d8cVauQ$_$5,25,a,127,128,31,a,1,1,7.909999847412109,7.940000057220459,1,mfa_primary_unique_word_overlap_auto_qc_pass
1274,-571d8cVauQ$_$5,26,little,129,135,32,little,1,1,7.940000057220459,8.25,1,mfa_primary_unique_word_overlap_auto_qc_pass
1275,-571d8cVauQ$_$5,27,excitement,136,146,33,excitement,1,1,8.25,8.869999885559082,1,mfa_primary_unique_word_overlap_auto_qc_pass
1276,-571d8cVauQ$_$5,28,put,148,151,35,put,1,1,9.40999984741211,9.529999732971191,1,mfa_primary_unique_word_overlap_auto_qc_pass
1277,-571d8cVauQ$_$5,29,a,152,153,36,a,1,1,9.529999732971191,9.5600004196167,1,mfa_primary_unique_word_overlap_auto_qc_pass
1278,-571d8cVauQ$_$5,30,little,154,160,37,little,1,1,9.5600004196167,9.8100004196167,1,mfa_primary_unique_word_overlap_auto_qc_pass
1279,-571d8cVauQ$_$5,31,glitz,161,166,38;39,g ##litz,2,1,9.8100004196167,10.180000305175781,1,mfa_primary_unique_word_overlap_auto_qc_pass
1280,-571d8cVauQ$_$5,32,on,167,169,40,on,1,1,10.180000305175781,10.399999618530273,1,mfa_primary_unique_word_overlap_auto_qc_pass
1281,-571d8cVauQ$_$5,33,there,170,175,41,there,1,1,10.399999618530273,10.680000305175781,1,mfa_primary_unique_word_overlap_auto_qc_pass
1282,-571d8cVauQ$_$5,34,and,176,179,42,and,1,1,11.239999771118164,11.399999618530273,1,mfa_primary_unique_word_overlap_auto_qc_pass
1283,-571d8cVauQ$_$5,35,let,180,183,43,let,1,1,11.5,11.6899995803833,1,mfa_primary_unique_word_overlap_auto_qc_pass
1284,-571d8cVauQ$_$5,36,everybody,184,193,44,everybody,1,1,11.6899995803833,12.0600004196167,1,mfa_primary_unique_word_overlap_auto_qc_pass
1285,-571d8cVauQ$_$5,37,knows,194,199,45,knows,1,1,,,0,official_word_unmatched_or_ambiguous_in_asr
1286,-571d8cVauQ$_$5,38,this,200,204,46,this,1,1,12.739999771118164,12.9399995803833,1,mfa_primary_unique_word_overlap_auto_qc_pass
1287,-571d8cVauQ$_$5,39,is,205,207,47,is,1,1,12.9399995803833,13.079999923706055,1,mfa_primary_unique_word_overlap_auto_qc_pass
1288,-571d8cVauQ$_$5,40,a,208,209,48,a,1,1,13.079999923706055,13.180000305175781,1,mfa_primary_unique_word_overlap_auto_qc_pass
1289,-571d8cVauQ$_$5,41,very,210,214,49,very,1,1,13.180000305175781,13.569999694824219,1,mfa_primary_unique_word_overlap_auto_qc_pass
1290,-571d8cVauQ$_$5,42,valuable,215,223,50,valuable,1,1,13.569999694824219,14.15999984741211,1,mfa_primary_unique_word_overlap_auto_qc_pass
1291,-571d8cVauQ$_$5,43,spot,224,228,51,spot,1,1,14.15999984741211,14.640000343322754,1,mfa_primary_unique_word_overlap_auto_qc_pass
1292,-I_e4mIh0yE$_$1,1,In,0,2,1,in,1,1,,,0,mfa_whisper_discrepancy_over_0_5s_null_primary
1293,-I_e4mIh0yE$_$1,2,the,3,6,2,the,1,1,0.8899999856948853,0.9599999785423279,1,mfa_primary_exact_transcript_auto_qc_pass
1294,-I_e4mIh0yE$_$1,3,United,7,13,3,united,1,1,0.9599999785423279,1.2999999523162842,1,mfa_primary_exact_transcript_auto_qc_pass
1295,-I_e4mIh0yE$_$1,4,States,14,20,4,states,1,1,1.2999999523162842,1.649999976158142,1,mfa_primary_exact_transcript_auto_qc_pass
1296,-I_e4mIh0yE$_$1,5,we,21,23,5,we,1,1,1.649999976158142,1.7599999904632568,1,mfa_primary_exact_transcript_auto_qc_pass
1297,-I_e4mIh0yE$_$1,6,don't,24,29,6;7;8,don ' t,3,1,1.7599999904632568,2.1600000858306885,1,mfa_primary_exact_transcript_auto_qc_pass
1298,-I_e4mIh0yE$_$1,7,punish,30,36,9,punish,1,1,2.1600000858306885,2.569999933242798,1,mfa_primary_exact_transcript_auto_qc_pass
1299,-I_e4mIh0yE$_$1,8,failure,37,44,10,failure,1,1,2.569999933242798,3.1500000953674316,1,mfa_primary_exact_transcript_auto_qc_pass
1300,-I_e4mIh0yE$_$1,9,to,45,47,11,to,1,1,3.509999990463257,3.630000114440918,1,mfa_primary_exact_transcript_auto_qc_pass
1301,-I_e4mIh0yE$_$1,10,the,48,51,12,the,1,1,3.630000114440918,3.7300000190734863,1,mfa_primary_exact_transcript_auto_qc_pass
1302,-I_e4mIh0yE$_$1,11,degree,52,58,13,degree,1,1,3.7300000190734863,4.210000038146973,1,mfa_primary_exact_transcript_auto_qc_pass
1303,-I_e4mIh0yE$_$1,12,to,59,61,14,to,1,1,4.210000038146973,4.300000190734863,1,mfa_primary_exact_transcript_auto_qc_pass
1304,-I_e4mIh0yE$_$1,13,which,62,67,15,which,1,1,4.300000190734863,4.75,1,mfa_primary_exact_transcript_auto_qc_pass
1305,-I_e4mIh0yE$_$1,14,failure,68,75,16,failure,1,1,4.78000020980835,5.289999961853027,1,mfa_primary_exact_transcript_auto_qc_pass
1306,-I_e4mIh0yE$_$1,15,is,76,78,17,is,1,1,5.289999961853027,5.409999847412109,1,mfa_primary_exact_transcript_auto_qc_pass
1307,-I_e4mIh0yE$_$1,16,punished,79,87,18,punished,1,1,5.409999847412109,5.980000019073486,1,mfa_primary_exact_transcript_auto_qc_pass
1308,-I_e4mIh0yE$_$1,17,in,88,90,19,in,1,1,6.139999866485596,6.440000057220459,1,mfa_primary_exact_transcript_auto_qc_pass
1309,-I_e4mIh0yE$_$1,18,Europe,91,97,20,europe,1,1,6.440000057220459,6.920000076293945,1,mfa_primary_exact_transcript_auto_qc_pass
1310,-I_e4mIh0yE$_$3,1,It's,0,4,1;2;3,it ' s,3,1,,,0,mfa_whisper_discrepancy_over_0_5s_null_primary
1311,-I_e4mIh0yE$_$3,2,perceived,5,14,4,perceived,1,1,0.7799999713897705,1.4700000286102295,1,mfa_primary_unique_word_overlap_auto_qc_pass
1312,-I_e4mIh0yE$_$3,3,that,15,19,5,that,1,1,,,0,mfa_whisper_discrepancy_over_0_5s_null_primary
1313,-I_e4mIh0yE$_$3,4,you,20,23,6,you,1,1,,,0,official_word_unmatched_or_ambiguous_in_asr
1314,-I_e4mIh0yE$_$3,5,have,24,28,7,have,1,1,,,0,official_word_unmatched_or_ambiguous_in_asr
1315,-I_e4mIh0yE$_$3,6,actually,29,37,8,actually,1,1,,,0,mfa_whisper_discrepancy_over_0_5s_null_primary
1316,-I_e4mIh0yE$_$3,7,learned,38,45,9,learned,1,1,,,0,mfa_whisper_discrepancy_over_0_5s_null_primary
1317,-I_e4mIh0yE$_$3,8,something,46,55,10,something,1,1,,,0,mfa_whisper_discrepancy_over_0_5s_null_primary
1318,-I_e4mIh0yE$_$3,9,over,57,61,12,over,1,1,,,0,mfa_whisper_discrepancy_over_0_5s_null_primary
1319,-I_e4mIh0yE$_$3,10,the,62,65,13,the,1,1,,,0,mfa_whisper_discrepancy_over_0_5s_null_primary
1320,-I_e4mIh0yE$_$3,11,course,66,72,14,course,1,1,,,0,mfa_whisper_discrepancy_over_0_5s_null_primary
1321,-I_e4mIh0yE$_$3,12,of,73,75,15,of,1,1,,,0,mfa_whisper_discrepancy_over_0_5s_null_primary
1322,-I_e4mIh0yE$_$3,13,your,76,80,16,your,1,1,,,0,mfa_whisper_discrepancy_over_0_5s_null_primary
1323,-I_e4mIh0yE$_$3,14,carreer,81,88,17;18,carr ##eer,2,1,,,0,official_word_unmatched_or_ambiguous_in_asr
1324,-I_e4mIh0yE$_$3,15,and,90,93,20,and,1,1,6.25,6.559999942779541,1,mfa_primary_unique_word_overlap_auto_qc_pass
1325,-I_e4mIh0yE$_$3,16,that,94,98,21,that,1,1,6.559999942779541,6.670000076293945,1,mfa_primary_unique_word_overlap_auto_qc_pass
1326,-I_e4mIh0yE$_$3,17,you,99,102,22,you,1,1,6.670000076293945,6.809999942779541,1,mfa_primary_unique_word_overlap_auto_qc_pass
1327,-I_e4mIh0yE$_$3,18,won't,103,108,23;24;25,won ' t,3,1,6.809999942779541,7.039999961853027,1,mfa_primary_unique_word_overlap_auto_qc_pass
1328,-I_e4mIh0yE$_$3,19,make,109,113,26,make,1,1,7.039999961853027,7.210000038146973,1,mfa_primary_unique_word_overlap_auto_qc_pass
1329,-I_e4mIh0yE$_$3,20,the,114,117,27,the,1,1,7.309999942779541,7.480000019073486,1,mfa_primary_unique_word_overlap_auto_qc_pass
1330,-I_e4mIh0yE$_$3,21,mistake,118,125,28,mistake,1,1,7.579999923706055,8.029999732971191,1,mfa_primary_unique_word_overlap_auto_qc_pass
1331,-I_e4mIh0yE$_$3,22,twice,126,131,29,twice,1,1,8.029999732971191,8.470000267028809,1,mfa_primary_unique_word_overlap_auto_qc_pass
1332,-UacrmKiTn4$_$10,1,Because,0,7,1,because,1,1,0.0,0.8299999833106995,1,mfa_primary_exact_transcript_auto_qc_pass
1333,-UacrmKiTn4$_$10,2,if,9,11,3,if,1,1,0.8299999833106995,0.9700000286102295,1,mfa_primary_exact_transcript_auto_qc_pass
1334,-UacrmKiTn4$_$10,3,they,12,16,4,they,1,1,0.9700000286102295,1.1699999570846558,1,mfa_primary_exact_transcript_auto_qc_pass
1335,-UacrmKiTn4$_$10,4,are,17,20,5,are,1,1,1.1699999570846558,1.2899999618530273,1,mfa_primary_exact_transcript_auto_qc_pass
1336,-UacrmKiTn4$_$10,5,not,21,24,6,not,1,1,1.2899999618530273,1.8300000429153442,1,mfa_primary_exact_transcript_auto_qc_pass
1337,-UacrmKiTn4$_$10,6,in,25,27,7,in,1,1,2.1500000953674316,2.2699999809265137,1,mfa_primary_exact_transcript_auto_qc_pass
1338,-UacrmKiTn4$_$10,7,any,28,31,8,any,1,1,2.2699999809265137,2.569999933242798,1,mfa_primary_exact_transcript_auto_qc_pass
1339,-UacrmKiTn4$_$10,8,way,32,35,9,way,1,1,2.569999933242798,2.809999942779541,1,mfa_primary_exact_transcript_auto_qc_pass
1340,-UacrmKiTn4$_$10,9,held,36,40,10,held,1,1,2.809999942779541,3.0999999046325684,1,mfa_primary_exact_transcript_auto_qc_pass
1341,-UacrmKiTn4$_$10,10,accountable,41,52,11,accountable,1,1,3.0999999046325684,3.9100000858306885,1,mfa_primary_exact_transcript_auto_qc_pass
1342,-UacrmKiTn4$_$10,11,for,53,56,12,for,1,1,3.9700000286102295,4.21999979019165,1,mfa_primary_exact_transcript_auto_qc_pass
1343,-UacrmKiTn4$_$10,12,reading,57,64,13,reading,1,1,4.21999979019165,4.590000152587891,1,mfa_primary_exact_transcript_auto_qc_pass
1344,-UacrmKiTn4$_$10,13,the,65,68,14,the,1,1,4.590000152587891,4.650000095367432,1,mfa_primary_exact_transcript_auto_qc_pass
1345,-UacrmKiTn4$_$10,14,material,69,77,15,material,1,1,4.650000095367432,5.480000019073486,1,mfa_primary_exact_transcript_auto_qc_pass
1346,-UacrmKiTn4$_$10,15,they,78,82,16,they,1,1,5.909999847412109,6.090000152587891,1,mfa_primary_exact_transcript_auto_qc_pass
1347,-UacrmKiTn4$_$10,16,won't,83,88,17;18;19,won ' t,3,1,6.090000152587891,6.380000114440918,1,mfa_primary_exact_transcript_auto_qc_pass
1348,-UacrmKiTn4$_$10,17,do,89,91,20,do,1,1,6.380000114440918,6.539999961853027,1,mfa_primary_exact_transcript_auto_qc_pass
1349,-UacrmKiTn4$_$10,18,it,92,94,21,it,1,1,6.539999961853027,6.809999942779541,1,mfa_primary_exact_transcript_auto_qc_pass
1350,-UacrmKiTn4$_$4,1,Just,0,4,1,just,1,1,0.5,0.75,1,mfa_primary_unique_word_overlap_auto_qc_pass
1351,-UacrmKiTn4$_$4,2,given,5,10,2,given,1,1,0.75,0.9800000190734863,1,mfa_primary_unique_word_overlap_auto_qc_pass
1352,-UacrmKiTn4$_$4,3,to,11,13,3,to,1,1,0.9800000190734863,1.100000023841858,1,mfa_primary_unique_word_overlap_auto_qc_pass
1353,-UacrmKiTn4$_$4,4,their,14,19,4,their,1,1,1.100000023841858,1.3200000524520874,1,mfa_primary_unique_word_overlap_auto_qc_pass
1354,-UacrmKiTn4$_$4,5,own,20,23,5,own,1,1,1.3200000524520874,1.5,1,mfa_primary_unique_word_overlap_auto_qc_pass
1355,-UacrmKiTn4$_$4,6,devices,24,31,6,devices,1,1,1.5,2.130000114440918,1,mfa_primary_unique_word_overlap_auto_qc_pass
1356,-UacrmKiTn4$_$4,7,they,32,36,7,they,1,1,2.130000114440918,2.2899999618530273,1,mfa_primary_unique_word_overlap_auto_qc_pass
1357,-UacrmKiTn4$_$4,8,are,37,40,8,are,1,1,2.2899999618530273,2.430000066757202,1,mfa_primary_unique_word_overlap_auto_qc_pass
1358,-UacrmKiTn4$_$4,9,not,41,44,9,not,1,1,2.430000066757202,2.759999990463257,1,mfa_primary_unique_word_overlap_auto_qc_pass
1359,-UacrmKiTn4$_$4,10,going,45,50,10,going,1,1,2.759999990463257,3.0199999809265137,1,mfa_primary_unique_word_overlap_auto_qc_pass
1360,-UacrmKiTn4$_$4,11,to,51,53,11,to,1,1,3.0199999809265137,3.1500000953674316,1,mfa_primary_unique_word_overlap_auto_qc_pass
1361,-UacrmKiTn4$_$4,12,read,54,58,12,read,1,1,3.1500000953674316,3.4200000762939453,1,mfa_primary_unique_word_overlap_auto_qc_pass
1362,-UacrmKiTn4$_$4,13,the,59,62,13,the,1,1,3.4200000762939453,3.4800000190734863,1,mfa_primary_unique_word_overlap_auto_qc_pass
1363,-UacrmKiTn4$_$4,14,textbook,63,71,14,textbook,1,1,3.4800000190734863,4.190000057220459,1,mfa_primary_unique_word_overlap_auto_qc_pass
1364,-hnBHBN8p5A$_$7,1,Picture,0,7,1,picture,1,1,,,0,official_word_unmatched_or_ambiguous_in_asr
1365,-hnBHBN8p5A$_$7,2,this,8,12,2,this,1,1,,,0,official_word_unmatched_or_ambiguous_in_asr
1366,-hnBHBN8p5A$_$7,3,before,14,20,4,before,1,1,,,0,official_word_unmatched_or_ambiguous_in_asr
1367,-hnBHBN8p5A$_$7,4,we,21,23,5,we,1,1,,,0,official_word_unmatched_or_ambiguous_in_asr
1368,-hnBHBN8p5A$_$7,5,actually,24,32,6,actually,1,1,,,0,official_word_unmatched_or_ambiguous_in_asr
1369,-hnBHBN8p5A$_$7,6,start,33,38,7,start,1,1,,,0,official_word_unmatched_or_ambiguous_in_asr
1370,-hnBHBN8p5A$_$7,7,hacking,39,46,8,hacking,1,1,,,0,official_word_unmatched_or_ambiguous_in_asr
1371,-hnBHBN8p5A$_$7,8,we're,48,53,10;11;12,we ' re,3,1,,,0,official_word_unmatched_or_ambiguous_in_asr
1372,-hnBHBN8p5A$_$7,9,in,54,56,13,in,1,1,,,0,official_word_unmatched_or_ambiguous_in_asr
1373,-hnBHBN8p5A$_$7,10,a,57,58,14,a,1,1,,,0,official_word_unmatched_or_ambiguous_in_asr
1374,-hnBHBN8p5A$_$7,11,room,59,63,15,room,1,1,,,0,official_word_unmatched_or_ambiguous_in_asr
1375,-hnBHBN8p5A$_$7,12,formal,64,70,16,formal,1,1,,,0,official_word_unmatched_or_ambiguous_in_asr
1376,-hnBHBN8p5A$_$7,13,setting,71,78,17,setting,1,1,,,0,official_word_unmatched_or_ambiguous_in_asr
1377,-hnBHBN8p5A$_$6,1,Discussion,0,10,1,discussion,1,1,,,0,official_word_unmatched_or_ambiguous_in_asr
1378,-hnBHBN8p5A$_$6,2,how,12,15,3,how,1,1,,,0,official_word_unmatched_or_ambiguous_in_asr
1379,-hnBHBN8p5A$_$6,3,to,16,18,4,to,1,1,,,0,official_word_unmatched_or_ambiguous_in_asr
1380,-hnBHBN8p5A$_$6,4,discuss,19,26,5,discuss,1,1,,,0,official_word_unmatched_or_ambiguous_in_asr
1381,-hnBHBN8p5A$_$6,5,ideas,27,32,6,ideas,1,1,,,0,official_word_unmatched_or_ambiguous_in_asr
1382,-hnBHBN8p5A$_$6,6,and,33,36,7,and,1,1,,,0,official_word_unmatched_or_ambiguous_in_asr
1383,-hnBHBN8p5A$_$6,7,opinions,37,45,8,opinions,1,1,,,0,official_word_unmatched_or_ambiguous_in_asr
1384,-hnBHBN8p5A$_$6,8,more,46,50,9,more,1,1,,,0,official_word_unmatched_or_ambiguous_in_asr
1385,-hnBHBN8p5A$_$6,9,effectively,51,62,10,effectively,1,1,,,0,official_word_unmatched_or_ambiguous_in_asr
1386,-hnBHBN8p5A$_$6,10,than,63,67,11,than,1,1,,,0,official_word_unmatched_or_ambiguous_in_asr
1387,-hnBHBN8p5A$_$6,11,a,68,69,12,a,1,1,,,0,mfa_whisper_discrepancy_over_0_5s_null_primary
1388,-hnBHBN8p5A$_$6,12,native,70,76,13,native,1,1,,,0,official_word_unmatched_or_ambiguous_in_asr
1389,-hnBHBN8p5A$_$6,13,speaker,77,84,14,speaker,1,1,,,0,official_word_unmatched_or_ambiguous_in_asr
1390,-qDkUB0GgYY$_$6,1,We,0,2,1,we,1,1,0.49000000953674316,0.5899999737739563,1,mfa_primary_unique_word_overlap_auto_qc_pass
1391,-qDkUB0GgYY$_$6,2,always,3,9,2,always,1,1,0.5899999737739563,0.9200000166893005,1,mfa_primary_unique_word_overlap_auto_qc_pass
1392,-qDkUB0GgYY$_$6,3,love,10,14,3,love,1,1,0.9200000166893005,1.149999976158142,1,mfa_primary_unique_word_overlap_auto_qc_pass
1393,-qDkUB0GgYY$_$6,4,to,15,17,4,to,1,1,1.149999976158142,1.2599999904632568,1,mfa_primary_unique_word_overlap_auto_qc_pass
1394,-qDkUB0GgYY$_$6,5,hear,18,22,5,hear,1,1,1.2599999904632568,1.4299999475479126,1,mfa_primary_unique_word_overlap_auto_qc_pass
1395,-qDkUB0GgYY$_$6,6,what,23,27,6,what,1,1,1.4299999475479126,1.5399999618530273,1,mfa_primary_unique_word_overlap_auto_qc_pass
1396,-qDkUB0GgYY$_$6,7,you,28,31,7,you,1,1,1.5399999618530273,1.6399999856948853,1,mfa_primary_unique_word_overlap_auto_qc_pass
1397,-qDkUB0GgYY$_$6,8,say,32,35,8,say,1,1,1.8200000524520874,2.240000009536743,1,mfa_primary_unique_word_overlap_auto_qc_pass
1398,-qDkUB0GgYY$_$6,9,and,37,40,10,and,1,1,2.559999942779541,2.7200000286102295,1,mfa_primary_unique_word_overlap_auto_qc_pass
1399,-qDkUB0GgYY$_$6,10,like,41,45,11,like,1,1,2.7200000286102295,2.9200000762939453,1,mfa_primary_unique_word_overlap_auto_qc_pass
1400,-qDkUB0GgYY$_$6,11,and,46,49,12,and,1,1,2.9200000762939453,3.0199999809265137,1,mfa_primary_unique_word_overlap_auto_qc_pass
1401,-qDkUB0GgYY$_$6,12,share,50,55,13,share,1,1,3.0199999809265137,3.1700000762939453,1,mfa_primary_unique_word_overlap_auto_qc_pass
1402,-qDkUB0GgYY$_$6,13,this,56,60,14,this,1,1,3.1700000762939453,3.319999933242798,1,mfa_primary_unique_word_overlap_auto_qc_pass
1403,-qDkUB0GgYY$_$6,14,video,61,66,15,video,1,1,3.319999933242798,3.5299999713897705,1,mfa_primary_unique_word_overlap_auto_qc_pass
1404,-qDkUB0GgYY$_$6,15,as,67,69,16,as,1,1,3.5299999713897705,3.759999990463257,1,mfa_primary_unique_word_overlap_auto_qc_pass
1405,-qDkUB0GgYY$_$6,16,well,70,74,17,well,1,1,3.759999990463257,4.090000152587891,1,mfa_primary_unique_word_overlap_auto_qc_pass
1406,-uywlfIYOS8$_$4,1,And,0,3,1,and,1,1,,,0,mfa_whisper_discrepancy_over_0_5s_null_primary
1407,-uywlfIYOS8$_$4,2,then,4,8,2,then,1,1,,,0,mfa_whisper_discrepancy_over_0_5s_null_primary
1408,-uywlfIYOS8$_$4,3,from,9,13,3,from,1,1,,,0,mfa_whisper_discrepancy_over_0_5s_null_primary
1409,-uywlfIYOS8$_$4,4,a,14,15,4,a,1,1,,,0,mfa_whisper_discrepancy_over_0_5s_null_primary
1410,-uywlfIYOS8$_$4,5,brand,16,21,5,brand,1,1,,,0,mfa_whisper_discrepancy_over_0_5s_null_primary
1411,-uywlfIYOS8$_$4,6,point,22,27,6,point,1,1,,,0,mfa_whisper_discrepancy_over_0_5s_null_primary
1412,-uywlfIYOS8$_$4,7,of,28,30,7,of,1,1,,,0,mfa_whisper_discrepancy_over_0_5s_null_primary
1413,-uywlfIYOS8$_$4,8,view,31,35,8,view,1,1,,,0,mfa_whisper_discrepancy_over_0_5s_null_primary
1414,-uywlfIYOS8$_$4,9,we,37,39,10,we,1,1,,,0,mfa_whisper_discrepancy_over_0_5s_null_primary
1415,-uywlfIYOS8$_$4,10,need,40,44,11,need,1,1,,,0,mfa_whisper_discrepancy_over_0_5s_null_primary
1416,-uywlfIYOS8$_$4,11,to,45,47,12,to,1,1,,,0,mfa_whisper_discrepancy_over_0_5s_null_primary
1417,-uywlfIYOS8$_$4,12,make,48,52,13,make,1,1,,,0,mfa_whisper_discrepancy_over_0_5s_null_primary
1418,-uywlfIYOS8$_$4,13,sure,53,57,14,sure,1,1,3.049999952316284,3.140000104904175,1,mfa_primary_unique_word_overlap_auto_qc_pass
1419,-uywlfIYOS8$_$4,14,we're,58,63,15;16;17,we ' re,3,1,3.680000066757202,3.799999952316284,1,mfa_primary_unique_word_overlap_auto_qc_pass
1420,-uywlfIYOS8$_$4,15,driving,64,71,18,driving,1,1,3.799999952316284,4.210000038146973,1,mfa_primary_unique_word_overlap_auto_qc_pass
1421,-uywlfIYOS8$_$4,16,the,72,75,19,the,1,1,4.210000038146973,4.300000190734863,1,mfa_primary_unique_word_overlap_auto_qc_pass
1422,-uywlfIYOS8$_$4,17,relevant,76,84,20,relevant,1,1,4.300000190734863,4.730000019073486,1,mfa_primary_unique_word_overlap_auto_qc_pass
1423,-uywlfIYOS8$_$4,18,insight,85,92,21,insight,1,1,,,0,official_word_unmatched_or_ambiguous_in_asr
1424,-6rXp3zJ3kc$_$8,1,Many,0,4,1,many,1,1,0.47999998927116394,0.7099999785423279,1,mfa_primary_unique_word_overlap_auto_qc_pass
1425,-6rXp3zJ3kc$_$8,2,people,5,11,2,people,1,1,0.7099999785423279,1.0099999904632568,1,mfa_primary_unique_word_overlap_auto_qc_pass
1426,-6rXp3zJ3kc$_$8,3,are,12,15,3,are,1,1,1.0099999904632568,1.149999976158142,1,mfa_primary_unique_word_overlap_auto_qc_pass
1427,-6rXp3zJ3kc$_$8,4,not,16,19,4,not,1,1,1.149999976158142,1.5299999713897705,1,mfa_primary_unique_word_overlap_auto_qc_pass
1428,-6rXp3zJ3kc$_$8,5,until,20,25,5,until,1,1,1.5299999713897705,1.840000033378601,1,mfa_primary_unique_word_overlap_auto_qc_pass
1429,-6rXp3zJ3kc$_$8,6,they,26,30,6,they,1,1,1.840000033378601,1.9700000286102295,1,mfa_primary_unique_word_overlap_auto_qc_pass
1430,-6rXp3zJ3kc$_$8,7,get,31,34,7,get,1,1,1.9700000286102295,2.2300000190734863,1,mfa_primary_unique_word_overlap_auto_qc_pass
1431,-6rXp3zJ3kc$_$8,8,to,35,37,8,to,1,1,2.2300000190734863,2.3399999141693115,1,mfa_primary_unique_word_overlap_auto_qc_pass
1432,-6rXp3zJ3kc$_$8,9,be,38,40,9,be,1,1,2.3399999141693115,2.549999952316284,1,mfa_primary_unique_word_overlap_auto_qc_pass
1433,-6rXp3zJ3kc$_$8,10,a,41,42,10,a,1,1,,,0,official_word_unmatched_or_ambiguous_in_asr
1434,-6rXp3zJ3kc$_$8,11,older,43,48,11,older,1,1,3.200000047683716,3.5999999046325684,1,mfa_primary_unique_word_overlap_auto_qc_pass
1435,-6rXp3zJ3kc$_$8,12,age,49,52,12,age,1,1,3.5999999046325684,3.990000009536743,1,mfa_primary_unique_word_overlap_auto_qc_pass
1436,-6rXp3zJ3kc$_$8,13,and,53,56,13,and,1,1,3.990000009536743,4.139999866485596,1,mfa_primary_unique_word_overlap_auto_qc_pass
1437,-6rXp3zJ3kc$_$8,14,they,57,61,14,they,1,1,4.139999866485596,4.21999979019165,1,mfa_primary_unique_word_overlap_auto_qc_pass
1438,-6rXp3zJ3kc$_$8,15,realize,62,69,15,realize,1,1,4.21999979019165,4.809999942779541,1,mfa_primary_unique_word_overlap_auto_qc_pass
1439,-6rXp3zJ3kc$_$8,16,that,70,74,16,that,1,1,4.809999942779541,5.03000020980835,1,mfa_primary_unique_word_overlap_auto_qc_pass
1440,-6rXp3zJ3kc$_$8,17,gosh,75,79,17;18,go ##sh,2,1,5.03000020980835,5.400000095367432,1,mfa_primary_unique_word_overlap_auto_qc_pass
1441,-6rXp3zJ3kc$_$8,18,they,80,84,19,they,1,1,,,0,official_word_unmatched_or_ambiguous_in_asr
1442,-6rXp3zJ3kc$_$8,19,wasted,85,91,20,wasted,1,1,5.929999828338623,6.320000171661377,1,mfa_primary_unique_word_overlap_auto_qc_pass
1443,-6rXp3zJ3kc$_$8,20,a,92,93,21,a,1,1,6.320000171661377,6.360000133514404,1,mfa_primary_unique_word_overlap_auto_qc_pass
1444,-6rXp3zJ3kc$_$8,21,lot,94,97,22,lot,1,1,6.360000133514404,6.579999923706055,1,mfa_primary_unique_word_overlap_auto_qc_pass
1445,-6rXp3zJ3kc$_$8,22,of,98,100,23,of,1,1,6.579999923706055,6.679999828338623,1,mfa_primary_unique_word_overlap_auto_qc_pass
1446,-6rXp3zJ3kc$_$8,23,time,101,105,24,time,1,1,6.679999828338623,7.110000133514404,1,mfa_primary_unique_word_overlap_auto_qc_pass
1447,-6rXp3zJ3kc$_$8,24,and,106,109,25,and,1,1,7.110000133514404,7.269999980926514,1,mfa_primary_unique_word_overlap_auto_qc_pass
1448,-6rXp3zJ3kc$_$8,25,money,110,115,26,money,1,1,7.269999980926514,7.610000133514404,1,mfa_primary_unique_word_overlap_auto_qc_pass
1449,-6rXp3zJ3kc$_$8,26,in,116,118,27,in,1,1,,,0,mfa_whisper_discrepancy_over_0_5s_null_primary
1450,-6rXp3zJ3kc$_$8,27,placing,119,126,28,placing,1,1,,,0,mfa_whisper_discrepancy_over_0_5s_null_primary
1451,-6rXp3zJ3kc$_$8,28,bets,127,131,29,bets,1,1,9.670000076293945,9.970000267028809,1,mfa_primary_unique_word_overlap_auto_qc_pass
1452,-6rXp3zJ3kc$_$8,29,on,132,134,30,on,1,1,9.970000267028809,10.09000015258789,1,mfa_primary_unique_word_overlap_auto_qc_pass
1453,-6rXp3zJ3kc$_$8,30,stock,135,140,31,stock,1,1,10.09000015258789,10.479999542236328,1,mfa_primary_unique_word_overlap_auto_qc_pass
1454,-6rXp3zJ3kc$_$8,31,that's,141,147,32;33;34,that ' s,3,1,10.479999542236328,10.760000228881836,1,mfa_primary_unique_word_overlap_auto_qc_pass
1455,-6rXp3zJ3kc$_$8,32,ultimately,148,158,35,ultimately,1,1,10.760000228881836,11.359999656677246,1,mfa_primary_unique_word_overlap_auto_qc_pass
1456,-6rXp3zJ3kc$_$8,33,lost,159,163,36,lost,1,1,11.359999656677246,11.739999771118164,1,mfa_primary_unique_word_overlap_auto_qc_pass
1457,-6rXp3zJ3kc$_$8,34,value,164,169,37,value,1,1,11.739999771118164,12.239999771118164,1,mfa_primary_unique_word_overlap_auto_qc_pass
1458,-9y-fZ3swSY$_$0,1,is,0,2,1,is,1,1,,,0,official_word_unmatched_or_ambiguous_in_asr
1459,-9y-fZ3swSY$_$0,2,you,4,7,3,you,1,1,0.18000000715255737,0.25,1,mfa_primary_unique_word_overlap_auto_qc_pass
1460,-9y-fZ3swSY$_$0,3,can,8,11,4,can,1,1,0.25,0.4099999964237213,1,mfa_primary_unique_word_overlap_auto_qc_pass
1461,-9y-fZ3swSY$_$0,4,say,12,15,5,say,1,1,0.4099999964237213,0.6700000166893005,1,mfa_primary_unique_word_overlap_auto_qc_pass
1462,-9y-fZ3swSY$_$0,5,hey,17,20,7,hey,1,1,0.6700000166893005,1.1799999475479126,1,mfa_primary_unique_word_overlap_auto_qc_pass
1463,-9y-fZ3swSY$_$0,6,I,21,22,8,i,1,1,1.899999976158142,1.9700000286102295,1,mfa_primary_unique_word_overlap_auto_qc_pass
1464,-9y-fZ3swSY$_$0,7,really,23,29,9,really,1,1,1.9700000286102295,2.3499999046325684,1,mfa_primary_unique_word_overlap_auto_qc_pass
1465,-9y-fZ3swSY$_$0,8,like,30,34,10,like,1,1,2.3499999046325684,2.7799999713897705,1,mfa_primary_unique_word_overlap_auto_qc_pass
1466,-9y-fZ3swSY$_$0,9,baby,35,39,11,baby,1,1,,,0,official_word_unmatched_or_ambiguous_in_asr
1467,-9y-fZ3swSY$_$0,10,skin,40,44,12,skin,1,1,,,0,official_word_unmatched_or_ambiguous_in_asr
1468,-9y-fZ3swSY$_$0,11,they,46,50,14,they,1,1,,,0,official_word_unmatched_or_ambiguous_in_asr
1469,-9y-fZ3swSY$_$0,12,are,51,54,15,are,1,1,,,0,official_word_unmatched_or_ambiguous_in_asr
1470,-9y-fZ3swSY$_$0,13,so,55,57,16,so,1,1,3.7699999809265137,4.039999961853027,1,mfa_primary_unique_word_overlap_auto_qc_pass
1471,-9y-fZ3swSY$_$0,14,soft,58,62,17,soft,1,1,4.039999961853027,4.639999866485596,1,mfa_primary_unique_word_overlap_auto_qc_pass
1472,-9y-fZ3swSY$_$0,15,they,64,68,19,they,1,1,4.639999866485596,4.710000038146973,1,mfa_primary_unique_word_overlap_auto_qc_pass
1473,-9y-fZ3swSY$_$0,16,don't,69,74,20;21;22,don ' t,3,1,4.710000038146973,4.940000057220459,1,mfa_primary_unique_word_overlap_auto_qc_pass
1474,-9y-fZ3swSY$_$0,17,have,75,79,23,have,1,1,4.940000057220459,5.260000228881836,1,mfa_primary_unique_word_overlap_auto_qc_pass
1475,-9y-fZ3swSY$_$0,18,any,80,83,24,any,1,1,5.260000228881836,5.449999809265137,1,mfa_primary_unique_word_overlap_auto_qc_pass
1476,-9y-fZ3swSY$_$0,19,hair,84,88,25,hair,1,1,5.449999809265137,5.739999771118164,1,mfa_primary_unique_word_overlap_auto_qc_pass
1477,-9y-fZ3swSY$_$0,20,on,89,91,26,on,1,1,5.739999771118164,5.820000171661377,1,mfa_primary_unique_word_overlap_auto_qc_pass
1478,-9y-fZ3swSY$_$0,21,their,92,97,27,their,1,1,5.820000171661377,5.940000057220459,1,mfa_primary_unique_word_overlap_auto_qc_pass
1479,-9y-fZ3swSY$_$0,22,face,98,102,28,face,1,1,5.940000057220459,6.269999980926514,1,mfa_primary_unique_word_overlap_auto_qc_pass
1480,-9y-fZ3swSY$_$4,1,I've,0,4,1;2;3,i ' ve,3,1,0.30000001192092896,0.5299999713897705,1,mfa_primary_exact_transcript_auto_qc_pass
1481,-9y-fZ3swSY$_$4,2,seen,5,9,4,seen,1,1,0.5299999713897705,0.75,1,mfa_primary_exact_transcript_auto_qc_pass
1482,-9y-fZ3swSY$_$4,3,this,10,14,5,this,1,1,0.75,0.949999988079071,1,mfa_primary_exact_transcript_auto_qc_pass
1483,-9y-fZ3swSY$_$4,4,in,15,17,6,in,1,1,0.949999988079071,1.1399999856948853,1,mfa_primary_exact_transcript_auto_qc_pass
1484,-9y-fZ3swSY$_$4,5,US,18,20,7,us,1,1,1.1399999856948853,1.649999976158142,1,mfa_primary_exact_transcript_auto_qc_pass
1485,-9y-fZ3swSY$_$4,6,or,21,23,8,or,1,1,1.7599999904632568,1.899999976158142,1,mfa_primary_exact_transcript_auto_qc_pass
1486,-9y-fZ3swSY$_$4,7,in,24,26,9,in,1,1,1.899999976158142,2.0299999713897705,1,mfa_primary_exact_transcript_auto_qc_pass
1487,-9y-fZ3swSY$_$4,8,the,27,30,10,the,1,1,2.0299999713897705,2.109999895095825,1,mfa_primary_exact_transcript_auto_qc_pass
1488,-9y-fZ3swSY$_$4,9,US,31,33,11,us,1,1,2.109999895095825,2.630000114440918,1,mfa_primary_exact_transcript_auto_qc_pass
1489,-9y-fZ3swSY$_$8,1,That's,0,6,1;2;3,that ' s,3,1,0.27000001072883606,0.4699999988079071,1,mfa_primary_unique_word_overlap_auto_qc_pass
1490,-9y-fZ3swSY$_$8,2,a,7,8,4,a,1,1,0.5299999713897705,0.6200000047683716,1,mfa_primary_unique_word_overlap_auto_qc_pass
1491,-9y-fZ3swSY$_$8,3,more,9,13,5,more,1,1,0.8899999856948853,1.2000000476837158,1,mfa_primary_unique_word_overlap_auto_qc_pass
1492,-9y-fZ3swSY$_$8,4,decent,14,20,6,decent,1,1,1.3300000429153442,1.8300000429153442,1,mfa_primary_unique_word_overlap_auto_qc_pass
1493,-9y-fZ3swSY$_$8,5,and,21,24,7,and,1,1,2.0899999141693115,2.180000066757202,1,mfa_primary_unique_word_overlap_auto_qc_pass
1494,-9y-fZ3swSY$_$8,6,more,25,29,8,more,1,1,2.180000066757202,2.3299999237060547,1,mfa_primary_unique_word_overlap_auto_qc_pass
1495,-9y-fZ3swSY$_$8,7,polite,30,36,9,polite,1,1,2.3299999237060547,2.859999895095825,1,mfa_primary_unique_word_overlap_auto_qc_pass
1496,-9y-fZ3swSY$_$8,8,way,37,40,10,way,1,1,2.859999895095825,3.130000114440918,1,mfa_primary_unique_word_overlap_auto_qc_pass
1497,-9y-fZ3swSY$_$8,9,to,41,43,11,to,1,1,3.1700000762939453,3.259999990463257,1,mfa_primary_unique_word_overlap_auto_qc_pass
1498,-9y-fZ3swSY$_$8,10,call,44,48,12,call,1,1,3.259999990463257,3.7100000381469727,1,mfa_primary_unique_word_overlap_auto_qc_pass
1499,-9y-fZ3swSY$_$8,11,a,49,50,13,a,1,1,3.990000009536743,4.050000190734863,1,mfa_primary_unique_word_overlap_auto_qc_pass
1500,-9y-fZ3swSY$_$8,12,lady,51,55,14,lady,1,1,4.050000190734863,4.460000038146973,1,mfa_primary_unique_word_overlap_auto_qc_pass
1501,-AUZQgSxyPQ$_$2,1,The,0,3,1,the,1,1,0.49000000953674316,0.5699999928474426,1,mfa_primary_unique_word_overlap_auto_qc_pass
1502,-AUZQgSxyPQ$_$2,2,perfect,4,11,2,perfect,1,1,0.5699999928474426,0.949999988079071,1,mfa_primary_unique_word_overlap_auto_qc_pass
1503,-AUZQgSxyPQ$_$2,3,soul,12,16,3,soul,1,1,,,0,official_word_unmatched_or_ambiguous_in_asr
1504,-AUZQgSxyPQ$_$2,4,mate,17,21,4,mate,1,1,,,0,official_word_unmatched_or_ambiguous_in_asr
1505,-AUZQgSxyPQ$_$2,5,to,22,24,5,to,1,1,1.590000033378601,1.659999966621399,1,mfa_primary_unique_word_overlap_auto_qc_pass
1506,-AUZQgSxyPQ$_$2,6,the,25,28,6,the,1,1,,,0,official_word_unmatched_or_ambiguous_in_asr
1507,-AUZQgSxyPQ$_$2,7,Clarisonic,29,39,7;8;9,cl ##aris ##onic,3,1,,,0,official_word_unmatched_or_ambiguous_in_asr
1508,-AUZQgSxyPQ$_$2,8,Spot,40,44,10,spot,1,1,3.009999990463257,3.450000047683716,1,mfa_primary_unique_word_overlap_auto_qc_pass
1509,-AUZQgSxyPQ$_$2,9,Therapy,45,52,11,therapy,1,1,3.450000047683716,4.0,1,mfa_primary_unique_word_overlap_auto_qc_pass
1510,-AUZQgSxyPQ$_$2,10,Brush,53,58,12,brush,1,1,4.0,4.440000057220459,1,mfa_primary_unique_word_overlap_auto_qc_pass
1511,-AUZQgSxyPQ$_$2,11,this,60,64,14,this,1,1,4.949999809265137,5.119999885559082,1,mfa_primary_unique_word_overlap_auto_qc_pass
1512,-AUZQgSxyPQ$_$2,12,gentle,65,71,15,gentle,1,1,5.119999885559082,5.699999809265137,1,mfa_primary_unique_word_overlap_auto_qc_pass
1513,-AUZQgSxyPQ$_$2,13,Ph,73,75,17,ph,1,1,5.760000228881836,6.170000076293945,1,mfa_primary_unique_word_overlap_auto_qc_pass
1514,-AUZQgSxyPQ$_$2,14,balanced,76,84,18,balanced,1,1,6.170000076293945,6.619999885559082,1,mfa_primary_unique_word_overlap_auto_qc_pass
1515,-AUZQgSxyPQ$_$2,15,and,85,88,19,and,1,1,6.619999885559082,6.820000171661377,1,mfa_primary_unique_word_overlap_auto_qc_pass
1516,-AUZQgSxyPQ$_$2,16,hydrating,89,98,20;21,hydra ##ting,2,1,6.820000171661377,7.659999847412109,1,mfa_primary_unique_word_overlap_auto_qc_pass
1517,-AUZQgSxyPQ$_$2,17,exfoliant,99,108,22;23;24,ex ##folia ##nt,3,1,7.659999847412109,8.260000228881836,1,mfa_primary_unique_word_overlap_auto_qc_pass
1518,-AUZQgSxyPQ$_$2,18,containing,109,119,25,containing,1,1,,,0,official_word_unmatched_or_ambiguous_in_asr
1519,-AUZQgSxyPQ$_$2,19,jojoba,120,126,26;27;28,jo ##jo ##ba,3,1,9.1899995803833,10.289999961853027,1,mfa_primary_unique_word_overlap_auto_qc_pass
1520,-AUZQgSxyPQ$_$2,20,and,127,130,29,and,1,1,10.289999961853027,10.390000343322754,1,mfa_primary_unique_word_overlap_auto_qc_pass
1521,-AUZQgSxyPQ$_$2,21,acai,131,135,30;31,ac ##ai,2,1,10.390000343322754,10.930000305175781,1,mfa_primary_unique_word_overlap_auto_qc_pass
1522,-AUZQgSxyPQ$_$2,22,fruit,136,141,32,fruit,1,1,10.930000305175781,11.399999618530273,1,mfa_primary_unique_word_overlap_auto_qc_pass
1523,-AUZQgSxyPQ$_$2,23,oils,142,146,33,oils,1,1,11.399999618530273,11.8100004196167,1,mfa_primary_unique_word_overlap_auto_qc_pass
1524,-AUZQgSxyPQ$_$2,24,and,147,150,34,and,1,1,,,0,official_word_unmatched_or_ambiguous_in_asr
1525,-AUZQgSxyPQ$_$2,25,bamboo,151,157,35,bamboo,1,1,12.680000305175781,13.239999771118164,1,mfa_primary_unique_word_overlap_auto_qc_pass
1526,-AUZQgSxyPQ$_$2,26,and,158,161,36,and,1,1,13.5,13.739999771118164,1,mfa_primary_unique_word_overlap_auto_qc_pass
1527,-AUZQgSxyPQ$_$2,27,prickly,162,169,37;38,prick ##ly,2,1,13.739999771118164,14.069999694824219,1,mfa_primary_unique_word_overlap_auto_qc_pass
1528,-AUZQgSxyPQ$_$2,28,bear,170,174,39,bear,1,1,14.069999694824219,14.470000267028809,1,mfa_primary_unique_word_overlap_auto_qc_pass
1529,-AUZQgSxyPQ$_$2,29,extracts,175,183,40,extracts,1,1,14.5600004196167,15.220000267028809,1,mfa_primary_unique_word_overlap_auto_qc_pass
1530,-AUZQgSxyPQ$_$2,30,deliver,184,191,41,deliver,1,1,15.890000343322754,16.329999923706055,1,mfa_primary_unique_word_overlap_auto_qc_pass
1531,-AUZQgSxyPQ$_$2,31,intense,192,199,42,intense,1,1,16.329999923706055,16.8700008392334,1,mfa_primary_unique_word_overlap_auto_qc_pass
1532,-AUZQgSxyPQ$_$2,32,healing,200,207,43,healing,1,1,16.8700008392334,17.350000381469727,1,mfa_primary_unique_word_overlap_auto_qc_pass
1533,-AUZQgSxyPQ$_$2,33,while,209,214,45,while,1,1,,,0,mfa_whisper_discrepancy_over_0_5s_null_primary
1534,-AUZQgSxyPQ$_$2,34,smooth,215,221,46,smooth,1,1,18.0,18.440000534057617,1,mfa_primary_unique_word_overlap_auto_qc_pass
1535,-AUZQgSxyPQ$_$2,35,granules,222,230,47;48,gran ##ules,2,1,18.440000534057617,18.940000534057617,1,mfa_primary_unique_word_overlap_auto_qc_pass
1536,-AUZQgSxyPQ$_$2,36,buff,231,235,49,buff,1,1,18.940000534057617,19.290000915527344,1,mfa_primary_unique_word_overlap_auto_qc_pass
1537,-AUZQgSxyPQ$_$2,37,away,236,240,50,away,1,1,19.290000915527344,19.739999771118164,1,mfa_primary_unique_word_overlap_auto_qc_pass
1538,-AUZQgSxyPQ$_$2,38,dead,241,245,51,dead,1,1,20.110000610351562,20.40999984741211,1,mfa_primary_unique_word_overlap_auto_qc_pass
1539,-AUZQgSxyPQ$_$2,39,dry,247,250,53,dry,1,1,20.690000534057617,21.059999465942383,1,mfa_primary_unique_word_overlap_auto_qc_pass
1540,-AUZQgSxyPQ$_$2,40,skin,251,255,54,skin,1,1,21.15999984741211,21.459999084472656,1,mfa_primary_unique_word_overlap_auto_qc_pass
1541,-AUZQgSxyPQ$_$2,41,cells,256,261,55,cells,1,1,21.459999084472656,21.8799991607666,1,mfa_primary_unique_word_overlap_auto_qc_pass
1542,-HeZS2-Prhc$_$2,1,The,0,3,1,the,1,1,,,0,mfa_whisper_discrepancy_over_0_5s_null_primary
1543,-HeZS2-Prhc$_$2,2,August,4,10,2,august,1,1,,,0,mfa_whisper_discrepancy_over_0_5s_null_primary
1544,-HeZS2-Prhc$_$2,3,jobs,11,15,3,jobs,1,1,2.299999952316284,2.680000066757202,1,mfa_primary_unique_word_overlap_auto_qc_pass
1545,-HeZS2-Prhc$_$2,4,report,16,22,4,report,1,1,2.680000066757202,3.0299999713897705,1,mfa_primary_unique_word_overlap_auto_qc_pass
1546,-HeZS2-Prhc$_$2,5,is,23,25,5,is,1,1,3.0299999713897705,3.1700000762939453,1,mfa_primary_unique_word_overlap_auto_qc_pass
1547,-HeZS2-Prhc$_$2,6,out,26,29,6,out,1,1,3.1700000762939453,3.490000009536743,1,mfa_primary_unique_word_overlap_auto_qc_pass
1548,-HeZS2-Prhc$_$2,7,and,30,33,7,and,1,1,3.630000114440918,4.090000152587891,1,mfa_primary_unique_word_overlap_auto_qc_pass
1549,-HeZS2-Prhc$_$2,8,it,34,36,8,it,1,1,4.139999866485596,4.28000020980835,1,mfa_primary_unique_word_overlap_auto_qc_pass
1550,-HeZS2-Prhc$_$2,9,was,37,40,9,was,1,1,4.28000020980835,4.420000076293945,1,mfa_primary_unique_word_overlap_auto_qc_pass
1551,-HeZS2-Prhc$_$2,10,seen,41,45,10,seen,1,1,4.420000076293945,4.880000114440918,1,mfa_primary_unique_word_overlap_auto_qc_pass
1552,-HeZS2-Prhc$_$2,11,overall,46,53,11,overall,1,1,5.119999885559082,5.809999942779541,1,mfa_primary_unique_word_overlap_auto_qc_pass
1553,-HeZS2-Prhc$_$2,12,as,54,56,12,as,1,1,,,0,official_word_unmatched_or_ambiguous_in_asr
1554,-HeZS2-Prhc$_$2,13,solid,57,62,13,solid,1,1,6.230000019073486,6.789999961853027,1,mfa_primary_unique_word_overlap_auto_qc_pass
1555,-HeZS2-Prhc$_$2,14,but,63,66,14,but,1,1,6.789999961853027,7.010000228881836,1,mfa_primary_unique_word_overlap_auto_qc_pass
1556,-HeZS2-Prhc$_$2,15,not,67,70,15,not,1,1,7.010000228881836,7.289999961853027,1,mfa_primary_unique_word_overlap_auto_qc_pass
1557,-HeZS2-Prhc$_$2,16,great,71,76,16,great,1,1,7.289999961853027,7.730000019073486,1,mfa_primary_unique_word_overlap_auto_qc_pass
1558,-MeTTeMJBNc$_$0,1,Okay,0,4,1,okay,1,1,,,0,mfa_whisper_discrepancy_over_0_5s_null_primary
1559,-MeTTeMJBNc$_$0,2,what,6,10,3,what,1,1,1.350000023841858,1.5399999618530273,1,mfa_primary_exact_transcript_auto_qc_pass
1560,-MeTTeMJBNc$_$0,3,happens,11,18,4,happens,1,1,1.5399999618530273,2.130000114440918,1,mfa_primary_exact_transcript_auto_qc_pass
1561,-MeTTeMJBNc$_$0,4,at,19,21,5,at,1,1,2.130000114440918,2.319999933242798,1,mfa_primary_exact_transcript_auto_qc_pass
1562,-MeTTeMJBNc$_$0,5,this,22,26,6,this,1,1,2.319999933242798,2.609999895095825,1,mfa_primary_exact_transcript_auto_qc_pass
1563,-MeTTeMJBNc$_$0,6,point,27,32,7,point,1,1,2.609999895095825,2.9800000190734863,1,mfa_primary_exact_transcript_auto_qc_pass
1564,-MeTTeMJBNc$_$0,7,after,33,38,8,after,1,1,3.049999952316284,3.4100000858306885,1,mfa_primary_exact_transcript_auto_qc_pass
1565,-MeTTeMJBNc$_$0,8,we've,39,44,9;10;11,we ' ve,3,1,3.4100000858306885,3.6600000858306885,1,mfa_primary_exact_transcript_auto_qc_pass
1566,-MeTTeMJBNc$_$0,9,taken,45,50,12,taken,1,1,3.6600000858306885,4.050000190734863,1,mfa_primary_exact_transcript_auto_qc_pass
1567,-MeTTeMJBNc$_$0,10,this,51,55,13,this,1,1,4.050000190734863,4.369999885559082,1,mfa_primary_exact_transcript_auto_qc_pass
1568,-MeTTeMJBNc$_$0,11,brief,56,61,14,brief,1,1,4.369999885559082,4.789999961853027,1,mfa_primary_exact_transcript_auto_qc_pass
1569,-MeTTeMJBNc$_$0,12,walk,62,66,15,walk,1,1,4.789999961853027,5.239999771118164,1,mfa_primary_exact_transcript_auto_qc_pass
1570,-MeTTeMJBNc$_$0,13,down,67,71,16,down,1,1,5.239999771118164,5.550000190734863,1,mfa_primary_exact_transcript_auto_qc_pass
1571,-MeTTeMJBNc$_$0,14,memory,72,78,17,memory,1,1,5.550000190734863,5.900000095367432,1,mfa_primary_exact_transcript_auto_qc_pass
1572,-MeTTeMJBNc$_$0,15,lane,79,83,18,lane,1,1,5.900000095367432,6.400000095367432,1,mfa_primary_exact_transcript_auto_qc_pass
1573,-MeTTeMJBNc$_$0,16,is,85,87,20,is,1,1,6.769999980926514,6.949999809265137,1,mfa_primary_exact_transcript_auto_qc_pass
1574,-MeTTeMJBNc$_$0,17,the,88,91,21,the,1,1,6.949999809265137,7.03000020980835,1,mfa_primary_exact_transcript_auto_qc_pass
1575,-MeTTeMJBNc$_$0,18,presentation,92,104,22,presentation,1,1,7.03000020980835,7.889999866485596,1,mfa_primary_exact_transcript_auto_qc_pass
1576,-MeTTeMJBNc$_$0,19,of,105,107,23,of,1,1,7.889999866485596,8.050000190734863,1,mfa_primary_exact_transcript_auto_qc_pass
1577,-MeTTeMJBNc$_$0,20,the,108,111,24,the,1,1,8.050000190734863,8.130000114440918,1,mfa_primary_exact_transcript_auto_qc_pass
1578,-MeTTeMJBNc$_$0,21,gift,112,116,25,gift,1,1,8.130000114440918,8.770000457763672,1,mfa_primary_exact_transcript_auto_qc_pass
1579,-MeTTeMJBNc$_$13,1,It,0,2,1,it,1,1,0.20000000298023224,0.4099999964237213,1,mfa_primary_unique_word_overlap_auto_qc_pass
1580,-MeTTeMJBNc$_$13,2,just,3,7,2,just,1,1,1.0199999809265137,1.440000057220459,1,mfa_primary_unique_word_overlap_auto_qc_pass
1581,-MeTTeMJBNc$_$13,3,needs,8,13,3,needs,1,1,1.440000057220459,1.6799999475479126,1,mfa_primary_unique_word_overlap_auto_qc_pass
1582,-MeTTeMJBNc$_$13,4,to,14,16,4,to,1,1,1.6799999475479126,1.7899999618530273,1,mfa_primary_unique_word_overlap_auto_qc_pass
1583,-MeTTeMJBNc$_$13,5,be,17,19,5,be,1,1,1.7899999618530273,1.940000057220459,1,mfa_primary_unique_word_overlap_auto_qc_pass
1584,-MeTTeMJBNc$_$13,6,a,20,21,6,a,1,1,1.940000057220459,2.0299999713897705,1,mfa_primary_unique_word_overlap_auto_qc_pass
1585,-MeTTeMJBNc$_$13,7,simple,22,28,7,simple,1,1,2.0299999713897705,2.549999952316284,1,mfa_primary_unique_word_overlap_auto_qc_pass
1586,-MeTTeMJBNc$_$13,8,statement,29,38,8,statement,1,1,2.549999952316284,3.2300000190734863,1,mfa_primary_unique_word_overlap_auto_qc_pass
1587,-MeTTeMJBNc$_$13,9,and,40,43,10,and,1,1,3.559999942779541,3.700000047683716,1,mfa_primary_unique_word_overlap_auto_qc_pass
1588,-MeTTeMJBNc$_$13,10,then,44,48,11,then,1,1,3.700000047683716,3.809999942779541,1,mfa_primary_unique_word_overlap_auto_qc_pass
1589,-MeTTeMJBNc$_$13,11,you,49,52,12,you,1,1,3.809999942779541,3.890000104904175,1,mfa_primary_unique_word_overlap_auto_qc_pass
1590,-MeTTeMJBNc$_$13,12,present,53,60,13,present,1,1,3.890000104904175,4.380000114440918,1,mfa_primary_unique_word_overlap_auto_qc_pass
1591,-MeTTeMJBNc$_$13,13,the,61,64,14,the,1,1,4.380000114440918,4.440000057220459,1,mfa_primary_unique_word_overlap_auto_qc_pass
1592,-MeTTeMJBNc$_$13,14,gift,65,69,15,gift,1,1,4.440000057220459,4.989999771118164,1,mfa_primary_unique_word_overlap_auto_qc_pass
1593,-MeTTeMJBNc$_$7,1,Maybe,0,5,1,maybe,1,1,,,0,mfa_whisper_discrepancy_over_0_5s_null_primary
1594,-MeTTeMJBNc$_$7,2,you,6,9,2,you,1,1,0.7300000190734863,0.9100000262260437,1,mfa_primary_unique_word_overlap_auto_qc_pass
1595,-MeTTeMJBNc$_$7,3,could,10,15,3,could,1,1,0.9100000262260437,1.1799999475479126,1,mfa_primary_unique_word_overlap_auto_qc_pass
1596,-MeTTeMJBNc$_$7,4,find,16,20,4,find,1,1,1.1799999475479126,1.8899999856948853,1,mfa_primary_unique_word_overlap_auto_qc_pass
1597,-MeTTeMJBNc$_$7,5,a,21,22,5,a,1,1,1.8899999856948853,1.940000057220459,1,mfa_primary_unique_word_overlap_auto_qc_pass
1598,-MeTTeMJBNc$_$7,6,picture,23,30,6,picture,1,1,1.940000057220459,2.4000000953674316,1,mfa_primary_unique_word_overlap_auto_qc_pass
1599,-MeTTeMJBNc$_$7,7,of,31,33,7,of,1,1,2.4000000953674316,2.549999952316284,1,mfa_primary_unique_word_overlap_auto_qc_pass
1600,-MeTTeMJBNc$_$7,8,the,34,37,8,the,1,1,2.549999952316284,2.619999885559082,1,mfa_primary_unique_word_overlap_auto_qc_pass
1601,-MeTTeMJBNc$_$7,9,couple,38,44,9,couple,1,1,2.619999885559082,3.059999942779541,1,mfa_primary_unique_word_overlap_auto_qc_pass
1602,-MeTTeMJBNc$_$7,10,from,45,49,10,from,1,1,3.059999942779541,3.5899999141693115,1,mfa_primary_unique_word_overlap_auto_qc_pass
1603,-MeTTeMJBNc$_$7,11,their,50,55,11,their,1,1,3.680000066757202,3.8399999141693115,1,mfa_primary_unique_word_overlap_auto_qc_pass
1604,-MeTTeMJBNc$_$7,12,wedding,56,63,12,wedding,1,1,3.8399999141693115,4.480000019073486,1,mfa_primary_unique_word_overlap_auto_qc_pass
1605,-MeTTeMJBNc$_$7,13,or,64,66,13,or,1,1,4.480000019073486,4.829999923706055,1,mfa_primary_unique_word_overlap_auto_qc_pass
1606,-MeTTeMJBNc$_$7,14,sometime,67,75,14,sometime,1,1,,,0,official_word_unmatched_or_ambiguous_in_asr
1607,-MeTTeMJBNc$_$7,15,in,76,78,15,in,1,1,5.360000133514404,5.460000038146973,1,mfa_primary_unique_word_overlap_auto_qc_pass
1608,-MeTTeMJBNc$_$7,16,their,79,84,16,their,1,1,5.460000038146973,5.639999866485596,1,mfa_primary_unique_word_overlap_auto_qc_pass
1609,-MeTTeMJBNc$_$7,17,life,85,89,17,life,1,1,5.639999866485596,6.130000114440918,1,mfa_primary_unique_word_overlap_auto_qc_pass
1610,-MeTTeMJBNc$_$7,18,or,91,93,19,or,1,1,6.130000114440918,6.230000019073486,1,mfa_primary_unique_word_overlap_auto_qc_pass
1611,-MeTTeMJBNc$_$7,19,maybe,94,99,20,maybe,1,1,6.230000019073486,6.570000171661377,1,mfa_primary_unique_word_overlap_auto_qc_pass
1612,-MeTTeMJBNc$_$7,20,even,100,104,21,even,1,1,6.570000171661377,6.730000019073486,1,mfa_primary_unique_word_overlap_auto_qc_pass
1613,-MeTTeMJBNc$_$7,21,a,105,106,22,a,1,1,6.730000019073486,6.789999961853027,1,mfa_primary_unique_word_overlap_auto_qc_pass
1614,-MeTTeMJBNc$_$7,22,current,107,114,23,current,1,1,6.789999961853027,7.329999923706055,1,mfa_primary_unique_word_overlap_auto_qc_pass
1615,-MeTTeMJBNc$_$7,23,picture,115,122,24,picture,1,1,7.329999923706055,7.889999866485596,1,mfa_primary_unique_word_overlap_auto_qc_pass
1616,-MeTTeMJBNc$_$7,24,and,123,126,25,and,1,1,8.170000076293945,8.279999732971191,1,mfa_primary_unique_word_overlap_auto_qc_pass
1617,-MeTTeMJBNc$_$7,25,have,127,131,26,have,1,1,8.279999732971191,8.4399995803833,1,mfa_primary_unique_word_overlap_auto_qc_pass
1618,-MeTTeMJBNc$_$7,26,it,132,134,27,it,1,1,8.4399995803833,8.539999961853027,1,mfa_primary_unique_word_overlap_auto_qc_pass
1619,-MeTTeMJBNc$_$7,27,put,135,138,28,put,1,1,8.539999961853027,8.760000228881836,1,mfa_primary_unique_word_overlap_auto_qc_pass
1620,-MeTTeMJBNc$_$7,28,in,139,141,29,in,1,1,8.760000228881836,8.819999694824219,1,mfa_primary_unique_word_overlap_auto_qc_pass
1621,-MeTTeMJBNc$_$7,29,a,142,143,30,a,1,1,8.819999694824219,8.869999885559082,1,mfa_primary_unique_word_overlap_auto_qc_pass
1622,-MeTTeMJBNc$_$7,30,beautiful,144,153,31,beautiful,1,1,8.869999885559082,9.300000190734863,1,mfa_primary_unique_word_overlap_auto_qc_pass
1623,-MeTTeMJBNc$_$7,31,frame,154,159,32,frame,1,1,9.300000190734863,9.850000381469727,1,mfa_primary_unique_word_overlap_auto_qc_pass
1624,-RfYyzHpjk4$_$11,1,So,0,2,1,so,1,1,,,0,mfa_whisper_discrepancy_over_0_5s_null_primary
1625,-RfYyzHpjk4$_$11,2,get,3,6,2,get,1,1,,,0,mfa_whisper_discrepancy_over_0_5s_null_primary
1626,-RfYyzHpjk4$_$11,3,your,7,11,3,your,1,1,1.5199999809265137,1.590000033378601,1,mfa_primary_exact_transcript_auto_qc_pass
1627,-RfYyzHpjk4$_$11,4,friends,12,19,4,friends,1,1,1.590000033378601,1.8799999952316284,1,mfa_primary_exact_transcript_auto_qc_pass
1628,-RfYyzHpjk4$_$11,5,lined,20,25,5,lined,1,1,1.8799999952316284,2.1700000762939453,1,mfa_primary_exact_transcript_auto_qc_pass
1629,-RfYyzHpjk4$_$11,6,up,26,28,6,up,1,1,2.1700000762939453,2.390000104904175,1,mfa_primary_exact_transcript_auto_qc_pass
1630,-RfYyzHpjk4$_$11,7,get,30,33,8,get,1,1,2.390000104904175,2.5799999237060547,1,mfa_primary_exact_transcript_auto_qc_pass
1631,-RfYyzHpjk4$_$11,8,your,34,38,9,your,1,1,2.5799999237060547,2.6500000953674316,1,mfa_primary_exact_transcript_auto_qc_pass
1632,-RfYyzHpjk4$_$11,9,business,39,47,10,business,1,1,2.6500000953674316,2.940000057220459,1,mfa_primary_exact_transcript_auto_qc_pass
1633,-RfYyzHpjk4$_$11,10,colleagues,48,58,11,colleagues,1,1,2.990000009536743,3.319999933242798,1,mfa_primary_exact_transcript_auto_qc_pass
1634,-RfYyzHpjk4$_$11,11,lined,59,64,12,lined,1,1,3.319999933242798,3.5899999141693115,1,mfa_primary_exact_transcript_auto_qc_pass
1635,-RfYyzHpjk4$_$11,12,up,65,67,13,up,1,1,3.5899999141693115,3.7200000286102295,1,mfa_primary_exact_transcript_auto_qc_pass
1636,-RfYyzHpjk4$_$11,13,and,68,71,14,and,1,1,3.7699999809265137,3.859999895095825,1,mfa_primary_exact_transcript_auto_qc_pass
1637,-RfYyzHpjk4$_$11,14,have,72,76,15,have,1,1,3.859999895095825,4.03000020980835,1,mfa_primary_exact_transcript_auto_qc_pass
1638,-RfYyzHpjk4$_$11,15,a,77,78,16,a,1,1,4.03000020980835,4.059999942779541,1,mfa_primary_exact_transcript_auto_qc_pass
1639,-RfYyzHpjk4$_$11,16,good,79,83,17,good,1,1,4.059999942779541,4.260000228881836,1,mfa_primary_exact_transcript_auto_qc_pass
1640,-RfYyzHpjk4$_$11,17,time,84,88,18,time,1,1,4.260000228881836,4.539999961853027,1,mfa_primary_exact_transcript_auto_qc_pass
1641,-RfYyzHpjk4$_$8,1,It's,0,4,1;2;3,it ' s,3,1,0.5,0.6000000238418579,1,mfa_primary_unique_word_overlap_auto_qc_pass
1642,-RfYyzHpjk4$_$8,2,pretty,5,11,4,pretty,1,1,0.7200000286102295,0.9700000286102295,1,mfa_primary_unique_word_overlap_auto_qc_pass
1643,-RfYyzHpjk4$_$8,3,pretty,13,19,6,pretty,1,1,0.9700000286102295,1.2200000286102295,1,mfa_primary_unique_word_overlap_auto_qc_pass
1644,-RfYyzHpjk4$_$8,4,easy,20,24,7,easy,1,1,1.2200000286102295,1.5399999618530273,1,mfa_primary_unique_word_overlap_auto_qc_pass
1645,-RfYyzHpjk4$_$8,5,to,25,27,8,to,1,1,1.5399999618530273,1.6399999856948853,1,mfa_primary_unique_word_overlap_auto_qc_pass
1646,-RfYyzHpjk4$_$8,6,do,28,30,9,do,1,1,1.6399999856948853,1.8799999952316284,1,mfa_primary_unique_word_overlap_auto_qc_pass
1647,-RfYyzHpjk4$_$8,7,but,31,34,10,but,1,1,1.909999966621399,2.049999952316284,1,mfa_primary_unique_word_overlap_auto_qc_pass
1648,-RfYyzHpjk4$_$8,8,you,35,38,11,you,1,1,,,0,official_word_unmatched_or_ambiguous_in_asr
1649,-RfYyzHpjk4$_$8,9,got,39,42,12,got,1,1,2.1500000953674316,2.2799999713897705,1,mfa_primary_unique_word_overlap_auto_qc_pass
1650,-RfYyzHpjk4$_$8,10,to,43,45,13,to,1,1,2.2799999713897705,2.369999885559082,1,mfa_primary_unique_word_overlap_auto_qc_pass
1651,-RfYyzHpjk4$_$8,11,set,46,49,14,set,1,1,2.369999885559082,2.630000114440918,1,mfa_primary_unique_word_overlap_auto_qc_pass
1652,-RfYyzHpjk4$_$8,12,up,50,52,15,up,1,1,2.630000114440918,2.819999933242798,1,mfa_primary_unique_word_overlap_auto_qc_pass
1653,-RfYyzHpjk4$_$8,13,those,53,58,16,those,1,1,2.819999933242798,3.0,1,mfa_primary_unique_word_overlap_auto_qc_pass
1654,-RfYyzHpjk4$_$8,14,numbers,59,66,17,numbers,1,1,3.0,3.309999942779541,1,mfa_primary_unique_word_overlap_auto_qc_pass
1655,-RfYyzHpjk4$_$8,15,ahead,67,72,18,ahead,1,1,3.309999942779541,3.569999933242798,1,mfa_primary_unique_word_overlap_auto_qc_pass
1656,-RfYyzHpjk4$_$8,16,of,73,75,19,of,1,1,3.569999933242798,3.6700000762939453,1,mfa_primary_unique_word_overlap_auto_qc_pass
1657,-RfYyzHpjk4$_$8,17,time,76,80,20,time,1,1,3.6700000762939453,3.990000009536743,1,mfa_primary_unique_word_overlap_auto_qc_pass
1658,-RfYyzHpjk4$_$2,1,You,0,3,1,you,1,1,,,0,official_word_unmatched_or_ambiguous_in_asr
1659,-RfYyzHpjk4$_$2,2,can,4,7,2,can,1,1,0.6100000143051147,0.7300000190734863,1,mfa_primary_unique_word_overlap_auto_qc_pass
1660,-RfYyzHpjk4$_$2,3,make,8,12,3,make,1,1,0.7300000190734863,0.8999999761581421,1,mfa_primary_unique_word_overlap_auto_qc_pass
1661,-RfYyzHpjk4$_$2,4,a,13,14,4,a,1,1,0.8999999761581421,0.9399999976158142,1,mfa_primary_unique_word_overlap_auto_qc_pass
1662,-RfYyzHpjk4$_$2,5,conference,15,25,5,conference,1,1,0.9399999976158142,1.3300000429153442,1,mfa_primary_unique_word_overlap_auto_qc_pass
1663,-RfYyzHpjk4$_$2,6,call,26,30,6,call,1,1,1.3300000429153442,1.5499999523162842,1,mfa_primary_unique_word_overlap_auto_qc_pass
1664,-RfYyzHpjk4$_$2,7,but,31,34,7,but,1,1,1.5499999523162842,1.6299999952316284,1,mfa_primary_unique_word_overlap_auto_qc_pass
1665,-RfYyzHpjk4$_$2,8,it,35,37,8,it,1,1,1.6299999952316284,1.75,1,mfa_primary_unique_word_overlap_auto_qc_pass
1666,-RfYyzHpjk4$_$2,9,takes,38,43,9,takes,1,1,1.75,1.9299999475479126,1,mfa_primary_unique_word_overlap_auto_qc_pass
1667,-RfYyzHpjk4$_$2,10,quite,44,49,10,quite,1,1,2.0399999618530273,2.240000009536743,1,mfa_primary_unique_word_overlap_auto_qc_pass
1668,-RfYyzHpjk4$_$2,11,a,50,51,11,a,1,1,2.240000009536743,2.2799999713897705,1,mfa_primary_unique_word_overlap_auto_qc_pass
1669,-RfYyzHpjk4$_$2,12,bit,52,55,12,bit,1,1,2.2799999713897705,2.440000057220459,1,mfa_primary_unique_word_overlap_auto_qc_pass
1670,-RfYyzHpjk4$_$2,13,of,56,58,13,of,1,1,2.440000057220459,2.5899999141693115,1,mfa_primary_unique_word_overlap_auto_qc_pass
1671,-RfYyzHpjk4$_$2,14,planning,59,67,14,planning,1,1,2.5899999141693115,2.8499999046325684,1,mfa_primary_unique_word_overlap_auto_qc_pass
1672,-RfYyzHpjk4$_$2,15,well,69,73,16,well,1,1,2.8499999046325684,2.940000057220459,1,mfa_primary_unique_word_overlap_auto_qc_pass
1673,-RfYyzHpjk4$_$2,16,not,74,77,17,not,1,1,2.940000057220459,3.069999933242798,1,mfa_primary_unique_word_overlap_auto_qc_pass
1674,-RfYyzHpjk4$_$2,17,a,78,79,18,a,1,1,3.069999933242798,3.130000114440918,1,mfa_primary_unique_word_overlap_auto_qc_pass
1675,-RfYyzHpjk4$_$2,18,lot,80,83,19,lot,1,1,3.130000114440918,3.3399999141693115,1,mfa_primary_unique_word_overlap_auto_qc_pass
1676,-RfYyzHpjk4$_$2,19,of,84,86,20,of,1,1,3.3399999141693115,3.4700000286102295,1,mfa_primary_unique_word_overlap_auto_qc_pass
1677,-RfYyzHpjk4$_$2,20,planning,87,95,21,planning,1,1,3.4700000286102295,3.7799999713897705,1,mfa_primary_unique_word_overlap_auto_qc_pass
1678,-RfYyzHpjk4$_$2,21,it's,96,100,22;23;24,it ' s,3,1,3.7799999713897705,3.890000104904175,1,mfa_primary_unique_word_overlap_auto_qc_pass
1679,-RfYyzHpjk4$_$2,22,pretty,101,107,25,pretty,1,1,3.890000104904175,4.170000076293945,1,mfa_primary_unique_word_overlap_auto_qc_pass
1680,-RfYyzHpjk4$_$2,23,easy,108,112,26,easy,1,1,4.170000076293945,4.449999809265137,1,mfa_primary_unique_word_overlap_auto_qc_pass
1681,-RfYyzHpjk4$_$2,24,to,113,115,27,to,1,1,4.449999809265137,4.570000171661377,1,mfa_primary_unique_word_overlap_auto_qc_pass
1682,-RfYyzHpjk4$_$2,25,do,116,118,28,do,1,1,4.570000171661377,4.860000133514404,1,mfa_primary_unique_word_overlap_auto_qc_pass
1683,-UUCSKoHeMA$_$0,1,I,0,1,1,i,1,1,1.4199999570846558,1.5700000524520874,1,mfa_primary_unique_word_overlap_auto_qc_pass
1684,-UUCSKoHeMA$_$0,2,mentioned,2,11,2,mentioned,1,1,1.5700000524520874,2.0299999713897705,1,mfa_primary_unique_word_overlap_auto_qc_pass
1685,-UUCSKoHeMA$_$0,3,a,12,13,3,a,1,1,2.0299999713897705,2.069999933242798,1,mfa_primary_unique_word_overlap_auto_qc_pass
1686,-UUCSKoHeMA$_$0,4,word,14,18,4,word,1,1,2.069999933242798,2.5999999046325684,1,mfa_primary_unique_word_overlap_auto_qc_pass
1687,-UUCSKoHeMA$_$0,5,in,19,21,5,in,1,1,2.640000104904175,2.759999990463257,1,mfa_primary_unique_word_overlap_auto_qc_pass
1688,-UUCSKoHeMA$_$0,6,the,22,25,6,the,1,1,2.759999990463257,2.859999895095825,1,mfa_primary_unique_word_overlap_auto_qc_pass
1689,-UUCSKoHeMA$_$0,7,last,26,30,7,last,1,1,2.859999895095825,3.2699999809265137,1,mfa_primary_unique_word_overlap_auto_qc_pass
1690,-UUCSKoHeMA$_$0,8,clip,31,35,8,clip,1,1,3.2699999809265137,3.7100000381469727,1,mfa_primary_unique_word_overlap_auto_qc_pass
1691,-UUCSKoHeMA$_$0,9,called,36,42,9,called,1,1,3.7100000381469727,4.050000190734863,1,mfa_primary_unique_word_overlap_auto_qc_pass
1692,-UUCSKoHeMA$_$0,10,monotone,44,52,11;12,mono ##tone,2,1,4.050000190734863,5.090000152587891,1,mfa_primary_unique_word_overlap_auto_qc_pass
1693,-UUCSKoHeMA$_$0,11,and,55,58,15,and,1,1,5.440000057220459,5.559999942779541,1,mfa_primary_unique_word_overlap_auto_qc_pass
1694,-UUCSKoHeMA$_$0,12,I,59,60,16,i,1,1,5.559999942779541,5.599999904632568,1,mfa_primary_unique_word_overlap_auto_qc_pass
1695,-UUCSKoHeMA$_$0,13,want,61,65,17,want,1,1,5.599999904632568,5.869999885559082,1,mfa_primary_unique_word_overlap_auto_qc_pass
1696,-UUCSKoHeMA$_$0,14,to,66,68,18,to,1,1,5.869999885559082,5.940000057220459,1,mfa_primary_unique_word_overlap_auto_qc_pass
1697,-UUCSKoHeMA$_$0,15,talk,69,73,19,talk,1,1,5.940000057220459,6.150000095367432,1,mfa_primary_unique_word_overlap_auto_qc_pass
1698,-UUCSKoHeMA$_$0,16,about,74,79,20,about,1,1,6.150000095367432,6.46999979019165,1,mfa_primary_unique_word_overlap_auto_qc_pass
1699,-UUCSKoHeMA$_$0,17,that,80,84,21,that,1,1,6.46999979019165,6.71999979019165,1,mfa_primary_unique_word_overlap_auto_qc_pass
1700,-UUCSKoHeMA$_$0,18,briefly,85,92,22,briefly,1,1,6.71999979019165,7.28000020980835,1,mfa_primary_unique_word_overlap_auto_qc_pass
1701,-ri04Z7vwnc$_$0,1,going,0,5,1,going,1,1,,,0,official_word_unmatched_or_ambiguous_in_asr
1702,-ri04Z7vwnc$_$0,2,to,6,8,2,to,1,1,,,0,official_word_unmatched_or_ambiguous_in_asr
1703,-ri04Z7vwnc$_$0,3,get,9,12,3,get,1,1,,,0,official_word_unmatched_or_ambiguous_in_asr
1704,-ri04Z7vwnc$_$0,4,married,13,20,4,married,1,1,,,0,official_word_unmatched_or_ambiguous_in_asr
1705,-ri04Z7vwnc$_$0,5,or,21,23,5,or,1,1,,,0,official_word_unmatched_or_ambiguous_in_asr
1706,-ri04Z7vwnc$_$0,6,are,24,27,6,are,1,1,,,0,official_word_unmatched_or_ambiguous_in_asr
1707,-ri04Z7vwnc$_$0,7,already,28,35,7,already,1,1,,,0,official_word_unmatched_or_ambiguous_in_asr
1708,-ri04Z7vwnc$_$0,8,married,36,43,8,married,1,1,,,0,official_word_unmatched_or_ambiguous_in_asr
1709,-ri04Z7vwnc$_$2,1,most,0,4,1,most,1,1,,,0,official_word_unmatched_or_ambiguous_in_asr
1710,-ri04Z7vwnc$_$2,2,people,5,11,2,people,1,1,,,0,official_word_unmatched_or_ambiguous_in_asr
1711,-ri04Z7vwnc$_$2,3,think,12,17,3,think,1,1,,,0,official_word_unmatched_or_ambiguous_in_asr
1712,-ri04Z7vwnc$_$2,4,it'll,18,23,4;5;6,it ' ll,3,1,,,0,official_word_unmatched_or_ambiguous_in_asr
1713,-ri04Z7vwnc$_$2,5,sort,24,28,7,sort,1,1,,,0,official_word_unmatched_or_ambiguous_in_asr
1714,-ri04Z7vwnc$_$2,6,itself,29,35,8,itself,1,1,,,0,official_word_unmatched_or_ambiguous_in_asr
1715,-ri04Z7vwnc$_$2,7,out,36,39,9,out,1,1,,,0,official_word_unmatched_or_ambiguous_in_asr
1716,-ri04Z7vwnc$_$2,8,we'll,42,47,12;13;14,we ' ll,3,1,,,0,official_word_unmatched_or_ambiguous_in_asr
1717,-ri04Z7vwnc$_$2,9,discuss,48,55,15,discuss,1,1,,,0,official_word_unmatched_or_ambiguous_in_asr
1718,-ri04Z7vwnc$_$2,10,it,56,58,16,it,1,1,,,0,official_word_unmatched_or_ambiguous_in_asr
1719,-ri04Z7vwnc$_$2,11,later,59,64,17,later,1,1,,,0,official_word_unmatched_or_ambiguous_in_asr
1720,-ri04Z7vwnc$_$2,12,it's,67,71,20;21;22,it ' s,3,1,,,0,official_word_unmatched_or_ambiguous_in_asr
1721,-ri04Z7vwnc$_$2,13,not,72,75,23,not,1,1,,,0,official_word_unmatched_or_ambiguous_in_asr
1722,-ri04Z7vwnc$_$2,14,something,76,85,24,something,1,1,,,0,official_word_unmatched_or_ambiguous_in_asr
1723,-ri04Z7vwnc$_$2,15,too,86,89,25,too,1,1,,,0,official_word_unmatched_or_ambiguous_in_asr
1724,-ri04Z7vwnc$_$2,16,important,90,99,26,important,1,1,,,0,official_word_unmatched_or_ambiguous_in_asr
1725,-ri04Z7vwnc$_$5,1,So,2,4,2,so,1,1,,,0,official_word_unmatched_or_ambiguous_in_asr
1726,-ri04Z7vwnc$_$5,2,I,5,6,3,i,1,1,,,0,official_word_unmatched_or_ambiguous_in_asr
1727,-ri04Z7vwnc$_$5,3,think,7,12,4,think,1,1,,,0,official_word_unmatched_or_ambiguous_in_asr
1728,-ri04Z7vwnc$_$5,4,it's,13,17,5;6;7,it ' s,3,1,,,0,official_word_unmatched_or_ambiguous_in_asr
1729,-ri04Z7vwnc$_$5,5,important,18,27,8,important,1,1,3.069999933242798,3.43975,1,mfa_primary_unique_word_overlap_auto_qc_pass
1730,-ri04Z7vwnc$_$5,6,to,28,30,9,to,1,1,,,0,official_word_unmatched_or_ambiguous_in_asr
1731,-ri04Z7vwnc$_$5,7,discuss,31,38,10,discuss,1,1,,,0,official_word_unmatched_or_ambiguous_in_asr
1732,-ri04Z7vwnc$_$5,8,finances,39,47,11,finances,1,1,,,0,official_word_unmatched_or_ambiguous_in_asr
1733,-s9qJ7ATP7w$_$1,1,But,0,3,1,but,1,1,,,0,official_word_unmatched_or_ambiguous_in_asr
1734,-s9qJ7ATP7w$_$1,2,the,4,7,2,the,1,1,,,0,mfa_whisper_discrepancy_over_0_5s_null_primary
1735,-s9qJ7ATP7w$_$1,3,hardest,8,15,3,hardest,1,1,,,0,mfa_whisper_discrepancy_over_0_5s_null_primary
1736,-s9qJ7ATP7w$_$1,4,thing,16,21,4,thing,1,1,1.7599999904632568,1.909999966621399,1,mfa_primary_unique_word_overlap_auto_qc_pass
1737,-s9qJ7ATP7w$_$1,5,in,22,24,5,in,1,1,1.909999966621399,1.9700000286102295,1,mfa_primary_unique_word_overlap_auto_qc_pass
1738,-s9qJ7ATP7w$_$1,6,life,25,29,6,life,1,1,1.9700000286102295,2.180000066757202,1,mfa_primary_unique_word_overlap_auto_qc_pass
1739,-s9qJ7ATP7w$_$1,7,to,30,32,7,to,1,1,2.180000066757202,2.2699999809265137,1,mfa_primary_unique_word_overlap_auto_qc_pass
1740,-s9qJ7ATP7w$_$1,8,learn,33,38,8,learn,1,1,2.2699999809265137,2.8399999141693115,1,mfa_primary_unique_word_overlap_auto_qc_pass
1741,-s9qJ7ATP7w$_$1,9,is,40,42,10,is,1,1,,,0,mfa_whisper_discrepancy_over_0_5s_null_primary
1742,-s9qJ7ATP7w$_$1,10,to,43,45,11,to,1,1,3.2100000381469727,3.3299999237060547,1,mfa_primary_unique_word_overlap_auto_qc_pass
1743,-s9qJ7ATP7w$_$1,11,lose,46,50,12,lose,1,1,3.3299999237060547,3.7100000381469727,1,mfa_primary_unique_word_overlap_auto_qc_pass
1744,-s9qJ7ATP7w$_$0,1,they,0,4,1,they,1,1,0.0,0.09000000357627869,1,mfa_primary_unique_word_overlap_auto_qc_pass
1745,-s9qJ7ATP7w$_$0,2,have,5,9,2,have,1,1,0.09000000357627869,0.3199999928474426,1,mfa_primary_unique_word_overlap_auto_qc_pass
1746,-s9qJ7ATP7w$_$0,3,doubt,10,15,3,doubt,1,1,0.3199999928474426,0.6600000262260437,1,mfa_primary_unique_word_overlap_auto_qc_pass
1747,-s9qJ7ATP7w$_$0,4,they,17,21,5,they,1,1,0.6600000262260437,0.7699999809265137,1,mfa_primary_unique_word_overlap_auto_qc_pass
1748,-s9qJ7ATP7w$_$0,5,have,22,26,6,have,1,1,0.7699999809265137,0.9700000286102295,1,mfa_primary_unique_word_overlap_auto_qc_pass
1749,-s9qJ7ATP7w$_$0,6,fear,27,31,7,fear,1,1,0.9700000286102295,1.440000057220459,1,mfa_primary_unique_word_overlap_auto_qc_pass
1750,-s9qJ7ATP7w$_$0,7,they,33,37,9,they,1,1,,,0,official_word_unmatched_or_ambiguous_in_asr
1751,-s9qJ7ATP7w$_$0,8,lose,38,42,10,lose,1,1,,,0,official_word_unmatched_or_ambiguous_in_asr
1752,-s9qJ7ATP7w$_$0,9,in,43,45,11,in,1,1,,,0,official_word_unmatched_or_ambiguous_in_asr
1753,-s9qJ7ATP7w$_$0,10,a,46,47,12,a,1,1,2.2300000190734863,2.2799999713897705,1,mfa_primary_unique_word_overlap_auto_qc_pass
1754,-s9qJ7ATP7w$_$0,11,Ferrari,48,55,13,ferrari,1,1,2.2799999713897705,2.7799999713897705,1,mfa_primary_unique_word_overlap_auto_qc_pass
1755,-s9qJ7ATP7w$_$0,12,race,56,60,14,race,1,1,2.7799999713897705,3.140000104904175,1,mfa_primary_unique_word_overlap_auto_qc_pass
1756,-s9qJ7ATP7w$_$0,13,or,62,64,16,or,1,1,3.140000104904175,3.200000047683716,1,mfa_primary_unique_word_overlap_auto_qc_pass
1757,-s9qJ7ATP7w$_$0,14,they,65,69,17,they,1,1,,,0,official_word_unmatched_or_ambiguous_in_asr
1758,-s9qJ7ATP7w$_$0,15,lose,70,74,18,lose,1,1,,,0,official_word_unmatched_or_ambiguous_in_asr
1759,-s9qJ7ATP7w$_$0,16,in,75,77,19,in,1,1,,,0,official_word_unmatched_or_ambiguous_in_asr
1760,-s9qJ7ATP7w$_$0,17,a,78,79,20,a,1,1,3.9000000953674316,4.269999980926514,1,mfa_primary_unique_word_overlap_auto_qc_pass
1761,-s9qJ7ATP7w$_$0,18,race,80,84,21,race,1,1,4.420000076293945,4.880000114440918,1,mfa_primary_unique_word_overlap_auto_qc_pass
1762,-s9qJ7ATP7w$_$0,19,and,86,89,23,and,1,1,5.170000076293945,5.289999961853027,1,mfa_primary_unique_word_overlap_auto_qc_pass
1763,-s9qJ7ATP7w$_$0,20,then,90,94,24,then,1,1,5.289999961853027,5.409999847412109,1,mfa_primary_unique_word_overlap_auto_qc_pass
1764,-s9qJ7ATP7w$_$0,21,they,95,99,25,they,1,1,5.409999847412109,5.519999980926514,1,mfa_primary_unique_word_overlap_auto_qc_pass
1765,-s9qJ7ATP7w$_$0,22,just,100,104,26,just,1,1,5.519999980926514,5.760000228881836,1,mfa_primary_unique_word_overlap_auto_qc_pass
1766,-s9qJ7ATP7w$_$0,23,give,105,109,27,give,1,1,5.760000228881836,5.929999828338623,1,mfa_primary_unique_word_overlap_auto_qc_pass
1767,-s9qJ7ATP7w$_$0,24,up,110,112,28,up,1,1,5.929999828338623,6.159999847412109,1,mfa_primary_unique_word_overlap_auto_qc_pass
1768,-s9qJ7ATP7w$_$5,1,I,0,1,1,i,1,1,1.1200000047683716,1.2599999904632568,1,mfa_primary_unique_word_overlap_auto_qc_pass
1769,-s9qJ7ATP7w$_$5,2,have,2,6,2,have,1,1,1.2599999904632568,1.4600000381469727,1,mfa_primary_unique_word_overlap_auto_qc_pass
1770,-s9qJ7ATP7w$_$5,3,been,7,11,3,been,1,1,1.4600000381469727,1.7300000190734863,1,mfa_primary_unique_word_overlap_auto_qc_pass
1771,-s9qJ7ATP7w$_$5,4,beat,12,16,4,beat,1,1,1.7300000190734863,2.009999990463257,1,mfa_primary_unique_word_overlap_auto_qc_pass
1772,-s9qJ7ATP7w$_$5,5,up,17,19,5,up,1,1,2.009999990463257,2.4800000190734863,1,mfa_primary_unique_word_overlap_auto_qc_pass
1773,-s9qJ7ATP7w$_$5,6,and,20,23,6,and,1,1,2.4800000190734863,2.809999942779541,1,mfa_primary_unique_word_overlap_auto_qc_pass
1774,-s9qJ7ATP7w$_$5,7,put,24,27,7,put,1,1,2.809999942779541,3.059999942779541,1,mfa_primary_unique_word_overlap_auto_qc_pass
1775,-s9qJ7ATP7w$_$5,8,down,28,32,8,down,1,1,3.059999942779541,3.690000057220459,1,mfa_primary_unique_word_overlap_auto_qc_pass
1776,-s9qJ7ATP7w$_$5,9,and,33,36,9,and,1,1,3.7200000286102295,4.070000171661377,1,mfa_primary_unique_word_overlap_auto_qc_pass
1777,-s9qJ7ATP7w$_$5,10,everything,37,47,10,everything,1,1,,,0,mfa_whisper_discrepancy_over_0_5s_null_primary
1778,-s9qJ7ATP7w$_$5,11,that,48,52,11,that,1,1,5.239999771118164,5.400000095367432,1,mfa_primary_unique_word_overlap_auto_qc_pass
1779,-s9qJ7ATP7w$_$5,12,can,53,56,12,can,1,1,5.400000095367432,5.570000171661377,1,mfa_primary_unique_word_overlap_auto_qc_pass
1780,-s9qJ7ATP7w$_$5,13,go,57,59,13,go,1,1,5.570000171661377,5.760000228881836,1,mfa_primary_unique_word_overlap_auto_qc_pass
1781,-s9qJ7ATP7w$_$5,14,wrong,60,65,14,wrong,1,1,5.760000228881836,6.429999828338623,1,mfa_primary_unique_word_overlap_auto_qc_pass
1782,-s9qJ7ATP7w$_$5,15,has,67,70,16,has,1,1,6.679999828338623,6.829999923706055,1,mfa_primary_unique_word_overlap_auto_qc_pass
1783,-s9qJ7ATP7w$_$5,16,gone,71,75,17,gone,1,1,6.829999923706055,7.090000152587891,1,mfa_primary_unique_word_overlap_auto_qc_pass
1784,-s9qJ7ATP7w$_$5,17,wrong,76,81,18,wrong,1,1,7.090000152587891,7.409999847412109,1,mfa_primary_unique_word_overlap_auto_qc_pass
1785,-s9qJ7ATP7w$_$5,18,for,82,85,19,for,1,1,7.409999847412109,7.659999847412109,1,mfa_primary_unique_word_overlap_auto_qc_pass
1786,-s9qJ7ATP7w$_$5,19,me,86,88,20,me,1,1,7.659999847412109,7.849999904632568,1,mfa_primary_unique_word_overlap_auto_qc_pass
1787,-s9qJ7ATP7w$_$4,1,I,0,1,1,i,1,1,0.5400000214576721,0.6700000166893005,1,mfa_primary_unique_word_overlap_auto_qc_pass
1788,-s9qJ7ATP7w$_$4,2,have,2,6,2,have,1,1,0.6700000166893005,0.8600000143051147,1,mfa_primary_unique_word_overlap_auto_qc_pass
1789,-s9qJ7ATP7w$_$4,3,lost,7,11,3,lost,1,1,0.8600000143051147,1.2300000190734863,1,mfa_primary_unique_word_overlap_auto_qc_pass
1790,-s9qJ7ATP7w$_$4,4,at,12,14,4,at,1,1,,,0,official_word_unmatched_or_ambiguous_in_asr
1791,-s9qJ7ATP7w$_$4,5,everything,15,25,5,everything,1,1,1.600000023841858,2.109999895095825,1,mfa_primary_unique_word_overlap_auto_qc_pass
1792,-s9qJ7ATP7w$_$4,6,you,26,29,6,you,1,1,2.109999895095825,2.2300000190734863,1,mfa_primary_unique_word_overlap_auto_qc_pass
1793,-s9qJ7ATP7w$_$4,7,can,30,33,7,can,1,1,2.2300000190734863,2.4000000953674316,1,mfa_primary_unique_word_overlap_auto_qc_pass
1794,-s9qJ7ATP7w$_$4,8,imagine,34,41,8,imagine,1,1,2.4000000953674316,2.9100000858306885,1,mfa_primary_unique_word_overlap_auto_qc_pass
1795,-s9qJ7ATP7w$_$4,9,seriously,43,52,10,seriously,1,1,2.9100000858306885,3.430000066757202,1,mfa_primary_unique_word_overlap_auto_qc_pass
1796,-s9qJ7ATP7w$_$7,1,I,0,1,1,i,1,1,0.0,0.14000000059604645,1,mfa_primary_unique_word_overlap_auto_qc_pass
1797,-s9qJ7ATP7w$_$7,2,used,2,6,2,used,1,1,0.550000011920929,0.7799999713897705,1,mfa_primary_unique_word_overlap_auto_qc_pass
1798,-s9qJ7ATP7w$_$7,3,to,7,9,3,to,1,1,0.7799999713897705,0.8500000238418579,1,mfa_primary_unique_word_overlap_auto_qc_pass
1799,-s9qJ7ATP7w$_$7,4,work,10,14,4,work,1,1,0.8500000238418579,1.0199999809265137,1,mfa_primary_unique_word_overlap_auto_qc_pass
1800,-s9qJ7ATP7w$_$7,5,for,15,18,5,for,1,1,1.0199999809265137,1.100000023841858,1,mfa_primary_unique_word_overlap_auto_qc_pass
1801,-s9qJ7ATP7w$_$7,6,Warren,19,25,6,warren,1,1,1.100000023841858,1.3899999856948853,1,mfa_primary_unique_word_overlap_auto_qc_pass
1802,-s9qJ7ATP7w$_$7,7,Avis,26,30,7;8,av ##is,2,1,1.3899999856948853,1.7799999713897705,1,mfa_primary_unique_word_overlap_auto_qc_pass
1803,-s9qJ7ATP7w$_$7,8,the,32,35,10,the,1,1,1.909999966621399,1.9700000286102295,1,mfa_primary_unique_word_overlap_auto_qc_pass
1804,-s9qJ7ATP7w$_$7,9,guy,36,39,11,guy,1,1,1.9700000286102295,2.1500000953674316,1,mfa_primary_unique_word_overlap_auto_qc_pass
1805,-s9qJ7ATP7w$_$7,10,who,40,43,12,who,1,1,2.1500000953674316,2.2100000381469727,1,mfa_primary_unique_word_overlap_auto_qc_pass
1806,-s9qJ7ATP7w$_$7,11,started,44,51,13,started,1,1,2.2100000381469727,2.5299999713897705,1,mfa_primary_unique_word_overlap_auto_qc_pass
1807,-s9qJ7ATP7w$_$7,12,Avis,52,56,14;15,av ##is,2,1,2.5299999713897705,2.799999952316284,1,mfa_primary_unique_word_overlap_auto_qc_pass
1808,-s9qJ7ATP7w$_$7,13,Rent,57,61,16,rent,1,1,2.799999952316284,2.940000057220459,1,mfa_primary_unique_word_overlap_auto_qc_pass
1809,-s9qJ7ATP7w$_$7,14,a,62,63,17,a,1,1,2.940000057220459,2.9800000190734863,1,mfa_primary_unique_word_overlap_auto_qc_pass
1810,-s9qJ7ATP7w$_$7,15,Car,64,67,18,car,1,1,2.9800000190734863,3.1600000858306885,1,mfa_primary_unique_word_overlap_auto_qc_pass
1811,-s9qJ7ATP7w$_$7,16,and,69,72,20,and,1,1,3.1600000858306885,3.259999990463257,1,mfa_primary_unique_word_overlap_auto_qc_pass
1812,-s9qJ7ATP7w$_$7,17,he,73,75,21,he,1,1,3.259999990463257,3.369999885559082,1,mfa_primary_unique_word_overlap_auto_qc_pass
1813,-s9qJ7ATP7w$_$7,18,said,76,80,22,said,1,1,3.369999885559082,3.5799999237060547,1,mfa_primary_unique_word_overlap_auto_qc_pass
1814,-s9qJ7ATP7w$_$7,19,to,81,83,23,to,1,1,3.5799999237060547,3.700000047683716,1,mfa_primary_unique_word_overlap_auto_qc_pass
1815,-s9qJ7ATP7w$_$7,20,me,84,86,24,me,1,1,3.700000047683716,3.759999990463257,1,mfa_primary_unique_word_overlap_auto_qc_pass
1816,-s9qJ7ATP7w$_$7,21,one,87,90,25,one,1,1,3.759999990463257,3.9800000190734863,1,mfa_primary_unique_word_overlap_auto_qc_pass
1817,-s9qJ7ATP7w$_$7,22,day,91,94,26,day,1,1,3.9800000190734863,4.340000152587891,1,mfa_primary_unique_word_overlap_auto_qc_pass
1818,-s9qJ7ATP7w$_$7,23,Robert,97,103,29,robert,1,1,4.769999980926514,5.179999828338623,1,mfa_primary_unique_word_overlap_auto_qc_pass
1819,-s9qJ7ATP7w$_$7,24,what's,106,112,32;33;34,what ' s,3,1,5.179999828338623,5.320000171661377,1,mfa_primary_unique_word_overlap_auto_qc_pass
1820,-s9qJ7ATP7w$_$7,25,the,113,116,35,the,1,1,5.320000171661377,5.429999828338623,1,mfa_primary_unique_word_overlap_auto_qc_pass
1821,-s9qJ7ATP7w$_$7,26,purpose,117,124,36,purpose,1,1,5.429999828338623,5.829999923706055,1,mfa_primary_unique_word_overlap_auto_qc_pass
1822,-s9qJ7ATP7w$_$7,27,of,125,127,37,of,1,1,5.829999923706055,5.940000057220459,1,mfa_primary_unique_word_overlap_auto_qc_pass
1823,-s9qJ7ATP7w$_$7,28,business,128,136,38,business,1,1,5.940000057220459,6.340000152587891,1,mfa_primary_unique_word_overlap_auto_qc_pass
1824,-s9qJ7ATP7w$_$6,1,But,0,3,1,but,1,1,0.5400000214576721,0.7799999713897705,1,mfa_primary_unique_word_overlap_auto_qc_pass
1825,-s9qJ7ATP7w$_$6,2,I,4,5,2,i,1,1,0.9100000262260437,1.0299999713897705,1,mfa_primary_unique_word_overlap_auto_qc_pass
1826,-s9qJ7ATP7w$_$6,3,just,6,10,3,just,1,1,1.2799999713897705,1.4600000381469727,1,mfa_primary_unique_word_overlap_auto_qc_pass
1827,-s9qJ7ATP7w$_$6,4,kept,11,15,4,kept,1,1,1.4600000381469727,1.6200000047683716,1,mfa_primary_unique_word_overlap_auto_qc_pass
1828,-s9qJ7ATP7w$_$6,5,going,16,21,5,going,1,1,1.6200000047683716,1.9600000381469727,1,mfa_primary_unique_word_overlap_auto_qc_pass
1829,-s9qJ7ATP7w$_$8,1,And,2,5,2,and,1,1,0.5099999904632568,0.6200000047683716,1,mfa_primary_unique_word_overlap_auto_qc_pass
1830,-s9qJ7ATP7w$_$8,2,I,6,7,3,i,1,1,0.6200000047683716,0.6899999976158142,1,mfa_primary_unique_word_overlap_auto_qc_pass
1831,-s9qJ7ATP7w$_$8,3,said,8,12,4,said,1,1,0.6899999976158142,0.9100000262260437,1,mfa_primary_unique_word_overlap_auto_qc_pass
1832,-s9qJ7ATP7w$_$8,4,Oh,15,17,7,oh,1,1,0.9100000262260437,1.090000033378601,1,mfa_primary_unique_word_overlap_auto_qc_pass
1833,-s9qJ7ATP7w$_$8,5,make,19,23,9,make,1,1,1.090000033378601,1.2999999523162842,1,mfa_primary_unique_word_overlap_auto_qc_pass
1834,-s9qJ7ATP7w$_$8,6,a,24,25,10,a,1,1,1.2999999523162842,1.350000023841858,1,mfa_primary_unique_word_overlap_auto_qc_pass
1835,-s9qJ7ATP7w$_$8,7,profit,26,32,11,profit,1,1,1.350000023841858,1.8799999952316284,1,mfa_primary_unique_word_overlap_auto_qc_pass
1836,-s9qJ7ATP7w$_$8,8,and,34,37,13,and,1,1,1.8799999952316284,1.9700000286102295,1,mfa_primary_unique_word_overlap_auto_qc_pass
1837,-s9qJ7ATP7w$_$8,9,all,38,41,14,all,1,1,1.9700000286102295,2.0399999618530273,1,mfa_primary_unique_word_overlap_auto_qc_pass
1838,-s9qJ7ATP7w$_$8,10,these,42,47,15,these,1,1,2.0399999618530273,2.190000057220459,1,mfa_primary_unique_word_overlap_auto_qc_pass
1839,-s9qJ7ATP7w$_$8,11,other,48,53,16,other,1,1,2.190000057220459,2.380000114440918,1,mfa_primary_unique_word_overlap_auto_qc_pass
1840,-s9qJ7ATP7w$_$8,12,things,54,60,17,things,1,1,2.380000114440918,2.6700000762939453,1,mfa_primary_unique_word_overlap_auto_qc_pass
1841,-yRb-Jum7EQ$_$1,1,it,0,2,1,it,1,1,,,0,asr_empty_no_timestamp
1842,-yRb-Jum7EQ$_$1,2,comes,3,8,2,comes,1,1,,,0,asr_empty_no_timestamp
1843,-yRb-Jum7EQ$_$1,3,with,9,13,3,with,1,1,,,0,asr_empty_no_timestamp
1844,-yRb-Jum7EQ$_$1,4,the,14,17,4,the,1,1,,,0,asr_empty_no_timestamp
1845,-yRb-Jum7EQ$_$1,5,assistance,18,28,5,assistance,1,1,,,0,asr_empty_no_timestamp
1846,-yRb-Jum7EQ$_$1,6,and,29,32,6,and,1,1,,,0,asr_empty_no_timestamp
1847,-yRb-Jum7EQ$_$1,7,agitation,33,42,7,agitation,1,1,,,0,asr_empty_no_timestamp
1848,-yRb-Jum7EQ$_$1,8,of,43,45,8,of,1,1,,,0,asr_empty_no_timestamp
1849,-yRb-Jum7EQ$_$1,9,states,46,52,9,states,1,1,,,0,asr_empty_no_timestamp
1850,-yRb-Jum7EQ$_$1,10,and,53,56,10,and,1,1,,,0,asr_empty_no_timestamp
1851,-yRb-Jum7EQ$_$1,11,regimes,57,64,11,regimes,1,1,,,0,asr_empty_no_timestamp
1852,-yRb-Jum7EQ$_$1,12,Yesterday,66,75,13,yesterday,1,1,,,0,asr_empty_no_timestamp
1853,-yRb-Jum7EQ$_$1,13,Iran,76,80,14,iran,1,1,,,0,asr_empty_no_timestamp
1854,-yRb-Jum7EQ$_$1,14,announced,81,90,15,announced,1,1,,,0,asr_empty_no_timestamp
1855,-yRb-Jum7EQ$_$1,15,that,91,95,16,that,1,1,,,0,asr_empty_no_timestamp
1856,-yRb-Jum7EQ$_$1,16,it,96,98,17,it,1,1,,,0,asr_empty_no_timestamp
1857,-yRb-Jum7EQ$_$1,17,will,99,103,18,will,1,1,,,0,asr_empty_no_timestamp
1858,-yRb-Jum7EQ$_$1,18,finance,104,111,19,finance,1,1,,,0,asr_empty_no_timestamp
1859,-yRb-Jum7EQ$_$1,19,the,112,115,20,the,1,1,,,0,asr_empty_no_timestamp
1860,-yRb-Jum7EQ$_$1,20,families,116,124,21,families,1,1,,,0,asr_empty_no_timestamp
1861,-yRb-Jum7EQ$_$1,21,of,125,127,22,of,1,1,,,0,asr_empty_no_timestamp
1862,-yRb-Jum7EQ$_$1,22,the,128,131,23,the,1,1,,,0,asr_empty_no_timestamp
1863,-yRb-Jum7EQ$_$1,23,terrorists,132,142,24,terrorists,1,1,,,0,asr_empty_no_timestamp
1864,-yRb-Jum7EQ$_$1,24,and,143,146,25,and,1,1,,,0,asr_empty_no_timestamp
1865,-yRb-Jum7EQ$_$1,25,murderers,147,156,26,murderers,1,1,,,0,asr_empty_no_timestamp
1866,-yRb-Jum7EQ$_$1,26,this,157,161,27,this,1,1,,,0,asr_empty_no_timestamp
1867,-yRb-Jum7EQ$_$1,27,shows,162,167,28,shows,1,1,,,0,asr_empty_no_timestamp
1868,-yRb-Jum7EQ$_$1,28,that,168,172,29,that,1,1,,,0,asr_empty_no_timestamp
1869,-yRb-Jum7EQ$_$1,29,Iran,173,177,30,iran,1,1,,,0,asr_empty_no_timestamp
1870,-yRb-Jum7EQ$_$1,30,even,179,183,32,even,1,1,,,0,asr_empty_no_timestamp
1871,-yRb-Jum7EQ$_$1,31,after,184,189,33,after,1,1,,,0,asr_empty_no_timestamp
1872,-yRb-Jum7EQ$_$1,32,the,190,193,34,the,1,1,,,0,asr_empty_no_timestamp
1873,-yRb-Jum7EQ$_$1,33,nuclear,194,201,35,nuclear,1,1,,,0,asr_empty_no_timestamp
1874,-yRb-Jum7EQ$_$1,34,agreement,202,211,36,agreement,1,1,,,0,asr_empty_no_timestamp
1875,-yRb-Jum7EQ$_$1,35,is,213,215,38,is,1,1,,,0,asr_empty_no_timestamp
1876,-yRb-Jum7EQ$_$1,36,continuing,216,226,39,continuing,1,1,,,0,asr_empty_no_timestamp
1877,-yRb-Jum7EQ$_$1,37,to,227,229,40,to,1,1,,,0,asr_empty_no_timestamp
1878,-yRb-Jum7EQ$_$1,38,aid,230,233,41,aid,1,1,,,0,asr_empty_no_timestamp
1879,-yRb-Jum7EQ$_$1,39,terrorism,234,243,42,terrorism,1,1,,,0,asr_empty_no_timestamp
1880,-yRb-Jum7EQ$_$1,40,including,245,254,44,including,1,1,,,0,asr_empty_no_timestamp
1881,-yRb-Jum7EQ$_$1,41,Palestinian,255,266,45,palestinian,1,1,,,0,asr_empty_no_timestamp
1882,-yRb-Jum7EQ$_$1,42,terrorism,267,276,46,terrorism,1,1,,,0,asr_empty_no_timestamp
1883,-yRb-Jum7EQ$_$1,43,Hezbollah,278,287,48,hezbollah,1,1,,,0,asr_empty_no_timestamp
1884,-yRb-Jum7EQ$_$1,44,terrorism,288,297,49,terrorism,1,1,,,0,asr_empty_no_timestamp
1885,-yRb-Jum7EQ$_$1,45,and,298,301,50,and,1,1,,,0,asr_empty_no_timestamp
1886,-yRb-Jum7EQ$_$1,46,its,302,305,51,its,1,1,,,0,asr_empty_no_timestamp
1887,-yRb-Jum7EQ$_$1,47,assistance,306,316,52,assistance,1,1,,,0,asr_empty_no_timestamp
1888,-yRb-Jum7EQ$_$1,48,to,317,319,53,to,1,1,,,0,asr_empty_no_timestamp
1889,-yRb-Jum7EQ$_$1,49,Hamas,320,325,54,hamas,1,1,,,0,asr_empty_no_timestamp
1890,-yRb-Jum7EQ$_$5,1,Yesterday,0,9,1,yesterday,1,1,,,0,official_word_unmatched_or_ambiguous_in_asr
1891,-yRb-Jum7EQ$_$5,2,Eliav,10,15,2;3,eli ##av,2,1,,,0,official_word_unmatched_or_ambiguous_in_asr
1892,-yRb-Jum7EQ$_$5,3,Gelman,16,22,4;5,gel ##man,2,1,,,0,official_word_unmatched_or_ambiguous_in_asr
1893,-yRb-Jum7EQ$_$5,4,lost,23,27,6,lost,1,1,,,0,official_word_unmatched_or_ambiguous_in_asr
1894,-yRb-Jum7EQ$_$5,5,his,28,31,7,his,1,1,,,0,official_word_unmatched_or_ambiguous_in_asr
1895,-yRb-Jum7EQ$_$5,6,life,32,36,8,life,1,1,,,0,official_word_unmatched_or_ambiguous_in_asr
1896,-yRb-Jum7EQ$_$5,7,in,37,39,9,in,1,1,,,0,mfa_whisper_discrepancy_over_0_5s_null_primary
1897,-yRb-Jum7EQ$_$5,8,another,40,47,10,another,1,1,,,0,official_word_unmatched_or_ambiguous_in_asr
1898,-yRb-Jum7EQ$_$5,9,terrorist,48,57,11,terrorist,1,1,,,0,official_word_unmatched_or_ambiguous_in_asr
1899,-yRb-Jum7EQ$_$5,10,attack,58,64,12,attack,1,1,,,0,official_word_unmatched_or_ambiguous_in_asr
1900,-yRb-Jum7EQ$_$5,11,not,66,69,14,not,1,1,,,0,official_word_unmatched_or_ambiguous_in_asr
1901,-yRb-Jum7EQ$_$5,12,by,70,72,15,by,1,1,,,0,official_word_unmatched_or_ambiguous_in_asr
1902,-yRb-Jum7EQ$_$5,13,the,73,76,16,the,1,1,,,0,official_word_unmatched_or_ambiguous_in_asr
1903,-yRb-Jum7EQ$_$5,14,students,77,85,17,students,1,1,,,0,official_word_unmatched_or_ambiguous_in_asr
1904,-yRb-Jum7EQ$_$5,15,of,86,88,18,of,1,1,,,0,mfa_whisper_discrepancy_over_0_5s_null_primary
1905,-yRb-Jum7EQ$_$5,16,terrorism,89,98,19,terrorism,1,1,,,0,official_word_unmatched_or_ambiguous_in_asr
1906,-yRb-Jum7EQ$_$5,17,but,100,103,21,but,1,1,,,0,official_word_unmatched_or_ambiguous_in_asr
1907,-yRb-Jum7EQ$_$5,18,by,104,106,22,by,1,1,,,0,official_word_unmatched_or_ambiguous_in_asr
1908,-yRb-Jum7EQ$_$5,19,those,107,112,23,those,1,1,,,0,official_word_unmatched_or_ambiguous_in_asr
1909,-yRb-Jum7EQ$_$5,20,who,113,116,24,who,1,1,,,0,official_word_unmatched_or_ambiguous_in_asr
1910,-yRb-Jum7EQ$_$5,21,teach,117,122,25,teach,1,1,,,0,official_word_unmatched_or_ambiguous_in_asr
1911,-yRb-Jum7EQ$_$5,22,terrorism,123,132,26,terrorism,1,1,,,0,official_word_unmatched_or_ambiguous_in_asr
1912,-yRb-Jum7EQ$_$5,23,a,134,135,28,a,1,1,,,0,official_word_unmatched_or_ambiguous_in_asr
1913,-yRb-Jum7EQ$_$5,24,Palestinian,136,147,29,palestinian,1,1,,,0,official_word_unmatched_or_ambiguous_in_asr
1914,-yRb-Jum7EQ$_$5,25,teacher,148,155,30,teacher,1,1,,,0,official_word_unmatched_or_ambiguous_in_asr
1915,-yRb-Jum7EQ$_$6,1,Therefore,0,9,1,therefore,1,1,,,0,mfa_alignment_output_missing
1916,-yRb-Jum7EQ$_$6,2,the,11,14,3,the,1,1,,,0,mfa_alignment_output_missing
1917,-yRb-Jum7EQ$_$6,3,world,15,20,4,world,1,1,,,0,mfa_alignment_output_missing
1918,-yRb-Jum7EQ$_$6,4,needs,21,26,5,needs,1,1,,,0,mfa_alignment_output_missing
1919,-yRb-Jum7EQ$_$6,5,to,27,29,6,to,1,1,,,0,mfa_alignment_output_missing
1920,-yRb-Jum7EQ$_$6,6,stand,30,35,7,stand,1,1,,,0,mfa_alignment_output_missing
1921,-yRb-Jum7EQ$_$6,7,with,36,40,8,with,1,1,,,0,mfa_alignment_output_missing
1922,-yRb-Jum7EQ$_$6,8,Israel,41,47,9,israel,1,1,,,0,mfa_alignment_output_missing
1923,-yRb-Jum7EQ$_$6,9,against,48,55,10,against,1,1,,,0,mfa_alignment_output_missing
1924,-yRb-Jum7EQ$_$6,10,this,56,60,11,this,1,1,,,0,mfa_alignment_output_missing
1925,-yRb-Jum7EQ$_$6,11,incitement,61,71,12;13;14,inc ##ite ##ment,3,1,,,0,mfa_alignment_output_missing
1926,-yRb-Jum7EQ$_$6,12,which,73,78,16,which,1,1,,,0,mfa_alignment_output_missing
1927,-yRb-Jum7EQ$_$6,13,is,79,81,17,is,1,1,,,0,mfa_alignment_output_missing
1928,-yRb-Jum7EQ$_$6,14,the,82,85,18,the,1,1,,,0,mfa_alignment_output_missing
1929,-yRb-Jum7EQ$_$6,15,number,86,92,19,number,1,1,,,0,mfa_alignment_output_missing
1930,-yRb-Jum7EQ$_$6,16,one,93,96,20,one,1,1,,,0,mfa_alignment_output_missing
1931,-yRb-Jum7EQ$_$6,17,cause,97,102,21,cause,1,1,,,0,mfa_alignment_output_missing
1932,-yRb-Jum7EQ$_$6,18,of,103,105,22,of,1,1,,,0,mfa_alignment_output_missing
1933,-yRb-Jum7EQ$_$6,19,terrorism,106,115,23,terrorism,1,1,,,0,mfa_alignment_output_missing
