sample_id,official_word_index,official_word,text_feature_row_0based,word_start_wav_s,word_end_wav_s,word_start_source_s,word_end_source_s,timestamp_evidence_tier,timestamp_status,text_valid_mask,word_time_valid_mask,audio_valid_mask,audio_f0_valid_mask,visual_valid_mask,visual_nearest_candidate_mask,audio_frame_start_index_0based,audio_frame_end_index_exclusive,audio_frame_count,f0_voiced_frame_count,visual_frame_start_index_0based,visual_frame_end_index_exclusive,visual_frame_count,visual_valid_face_frame_count,visual_status,nearest_visual_frame_index_0based,nearest_visual_distance_to_interval_s
-3g5yACwYnA$_$13,1,They've,0,,,,,,official_word_unmatched_or_ambiguous_in_asr,1,0,0,0,0,0,-1,-1,0,0,-1,-1,0,0,no_primary_word_time,-1,
-3g5yACwYnA$_$13,2,been,1,1.5800000429153442,1.7000000476837158,1.5800000429153442,1.7000000476837158,B_unique_word_overlap_in_mismatched_transcript,mfa_primary_unique_word_overlap_auto_qc_pass,1,1,1,1,1,0,159,171,12,12,16,18,2,2,in_interval_valid_face,-1,
-3g5yACwYnA$_$13,3,able,2,1.7000000476837158,1.909999966621399,1.7000000476837158,1.909999966621399,B_unique_word_overlap_in_mismatched_transcript,mfa_primary_unique_word_overlap_auto_qc_pass,1,1,1,1,1,0,171,191,20,20,18,20,2,2,in_interval_valid_face,-1,
-3g5yACwYnA$_$13,4,to,3,1.909999966621399,2.049999952316284,1.909999966621399,2.049999952316284,B_unique_word_overlap_in_mismatched_transcript,mfa_primary_unique_word_overlap_auto_qc_pass,1,1,1,1,1,0,191,205,14,13,20,21,1,1,in_interval_valid_face,-1,
-3g5yACwYnA$_$13,5,find,4,2.049999952316284,2.4100000858306885,2.049999952316284,2.4100000858306885,B_unique_word_overlap_in_mismatched_transcript,mfa_primary_unique_word_overlap_auto_qc_pass,1,1,1,1,1,0,205,242,37,15,21,25,4,4,in_interval_valid_face,-1,
-3g5yACwYnA$_$13,6,solutions,5,2.4100000858306885,2.9600000381469727,2.4100000858306885,2.9600000381469727,B_unique_word_overlap_in_mismatched_transcript,mfa_primary_unique_word_overlap_auto_qc_pass,1,1,1,1,1,0,242,297,55,50,25,30,5,5,in_interval_valid_face,-1,
-3g5yACwYnA$_$13,7,or,6,3.0999999046325684,3.1600000858306885,3.0999999046325684,3.1600000858306885,B_unique_word_overlap_in_mismatched_transcript,mfa_primary_unique_word_overlap_auto_qc_pass,1,1,1,1,1,0,310,317,7,7,31,32,1,1,in_interval_valid_face,-1,
-3g5yACwYnA$_$13,8,at,7,3.1600000858306885,3.259999990463257,3.1600000858306885,3.259999990463257,B_unique_word_overlap_in_mismatched_transcript,mfa_primary_unique_word_overlap_auto_qc_pass,1,1,1,1,1,0,317,326,9,9,32,33,1,1,in_interval_valid_face,-1,
-3g5yACwYnA$_$13,9,least,8,3.259999990463257,3.4700000286102295,3.259999990463257,3.4700000286102295,B_unique_word_overlap_in_mismatched_transcript,mfa_primary_unique_word_overlap_auto_qc_pass,1,1,1,1,1,0,326,348,22,2,33,35,2,2,in_interval_valid_face,-1,
-3g5yACwYnA$_$13,10,bring,9,3.4700000286102295,3.75,3.4700000286102295,3.75,B_unique_word_overlap_in_mismatched_transcript,mfa_primary_unique_word_overlap_auto_qc_pass,1,1,1,1,1,0,348,375,27,27,35,38,3,3,in_interval_valid_face,-1,
-3g5yACwYnA$_$13,11,some,10,3.75,4.010000228881836,3.75,4.010000228881836,B_unique_word_overlap_in_mismatched_transcript,mfa_primary_unique_word_overlap_auto_qc_pass,1,1,1,1,1,0,375,402,27,22,38,41,3,3,in_interval_valid_face,-1,
-3g5yACwYnA$_$13,12,answers,11,4.010000228881836,4.369999885559082,4.010000228881836,4.369999885559082,B_unique_word_overlap_in_mismatched_transcript,mfa_primary_unique_word_overlap_auto_qc_pass,1,1,1,1,1,0,402,437,35,16,41,44,3,3,in_interval_valid_face,-1,
-3g5yACwYnA$_$13,13,to,12,4.369999885559082,4.539999961853027,4.369999885559082,4.539999961853027,B_unique_word_overlap_in_mismatched_transcript,mfa_primary_unique_word_overlap_auto_qc_pass,1,1,1,0,1,0,437,454,17,0,44,46,2,2,in_interval_valid_face,-1,
-3g5yACwYnA$_$13,14,the,13,4.599999904632568,4.659999847412109,4.599999904632568,4.659999847412109,B_unique_word_overlap_in_mismatched_transcript,mfa_primary_unique_word_overlap_auto_qc_pass,1,1,1,0,1,0,460,466,6,0,46,47,1,1,in_interval_valid_face,-1,
-3g5yACwYnA$_$13,15,table,14,4.659999847412109,4.869999885559082,4.659999847412109,4.869999885559082,B_unique_word_overlap_in_mismatched_transcript,mfa_primary_unique_word_overlap_auto_qc_pass,1,1,1,0,1,0,466,487,21,0,47,49,2,2,in_interval_valid_face,-1,
-3g5yACwYnA$_$3,1,We're,15,,,,,B_unique_word_overlap_in_mismatched_transcript,mfa_whisper_discrepancy_over_0_5s_null_primary,1,0,0,0,0,0,-1,-1,0,0,-1,-1,0,0,no_primary_word_time,-1,
-3g5yACwYnA$_$3,2,a,16,1.159999966621399,1.309999942779541,1.159999966621399,1.309999942779541,B_unique_word_overlap_in_mismatched_transcript,mfa_primary_unique_word_overlap_auto_qc_pass,1,1,1,1,1,0,116,131,15,15,12,14,2,2,in_interval_valid_face,-1,
-3g5yACwYnA$_$3,3,huge,17,1.309999942779541,1.840000033378601,1.309999942779541,1.840000033378601,B_unique_word_overlap_in_mismatched_transcript,mfa_primary_unique_word_overlap_auto_qc_pass,1,1,1,1,1,0,131,185,54,36,14,19,5,5,in_interval_valid_face,-1,
-3g5yACwYnA$_$3,4,user,18,,,,,B_unique_word_overlap_in_mismatched_transcript,mfa_whisper_discrepancy_over_0_5s_null_primary,1,0,0,0,0,0,-1,-1,0,0,-1,-1,0,0,no_primary_word_time,-1,
-3g5yACwYnA$_$3,5,of,19,2.940000057220459,3.0199999809265137,2.940000057220459,3.0199999809265137,B_unique_word_overlap_in_mismatched_transcript,mfa_primary_unique_word_overlap_auto_qc_pass,1,1,1,1,1,0,295,302,7,7,30,31,1,1,in_interval_valid_face,-1,
-3g5yACwYnA$_$3,6,adhesives,20,3.0199999809265137,3.490000009536743,3.0199999809265137,3.490000009536743,B_unique_word_overlap_in_mismatched_transcript,mfa_primary_unique_word_overlap_auto_qc_pass,1,1,1,1,1,0,302,350,48,42,31,35,4,4,in_interval_valid_face,-1,
-3g5yACwYnA$_$3,7,for,21,,,,,B_unique_word_overlap_in_mismatched_transcript,mfa_whisper_discrepancy_over_0_5s_null_primary,1,0,0,0,0,0,-1,-1,0,0,-1,-1,0,0,no_primary_word_time,-1,
-3g5yACwYnA$_$3,8,our,22,4.380000114440918,4.690000057220459,4.380000114440918,4.690000057220459,B_unique_word_overlap_in_mismatched_transcript,mfa_primary_unique_word_overlap_auto_qc_pass,1,1,1,1,1,0,439,470,31,24,44,47,3,3,in_interval_valid_face,-1,
-3g5yACwYnA$_$3,9,operation,23,4.690000057220459,5.260000228881836,4.690000057220459,5.260000228881836,B_unique_word_overlap_in_mismatched_transcript,mfa_primary_unique_word_overlap_auto_qc_pass,1,1,1,1,1,0,470,527,57,55,47,53,6,6,in_interval_valid_face,-1,
-3g5yACwYnA$_$3,10,called,24,5.630000114440918,5.820000171661377,5.630000114440918,5.820000171661377,B_unique_word_overlap_in_mismatched_transcript,mfa_primary_unique_word_overlap_auto_qc_pass,1,1,1,0,1,0,564,583,19,0,57,59,2,2,in_interval_valid_face,-1,
-3g5yACwYnA$_$3,11,flocking,25,5.820000171661377,6.289999961853027,5.820000171661377,6.289999961853027,B_unique_word_overlap_in_mismatched_transcript,mfa_primary_unique_word_overlap_auto_qc_pass,1,1,1,1,1,0,583,629,46,34,59,63,4,4,in_interval_valid_face,-1,
-3g5yACwYnA$_$3,12,and,26,6.420000076293945,6.809999942779541,6.420000076293945,6.809999942779541,B_unique_word_overlap_in_mismatched_transcript,mfa_primary_unique_word_overlap_auto_qc_pass,1,1,1,0,1,0,643,681,38,0,65,69,4,4,in_interval_valid_face,-1,
-3g5yACwYnA$_$3,13,we,27,6.960000038146973,7.110000133514404,6.960000038146973,7.110000133514404,B_unique_word_overlap_in_mismatched_transcript,mfa_primary_unique_word_overlap_auto_qc_pass,1,1,1,1,1,0,697,712,15,15,70,72,2,2,in_interval_valid_face,-1,
-3g5yACwYnA$_$3,14,don't,28,7.110000133514404,7.25,7.110000133514404,7.25,B_unique_word_overlap_in_mismatched_transcript,mfa_primary_unique_word_overlap_auto_qc_pass,1,1,1,1,1,0,712,725,13,13,72,73,1,1,in_interval_valid_face,-1,
-3g5yACwYnA$_$3,15,have,29,7.25,7.349999904632568,7.25,7.349999904632568,B_unique_word_overlap_in_mismatched_transcript,mfa_primary_unique_word_overlap_auto_qc_pass,1,1,1,1,1,0,725,735,10,10,73,74,1,1,in_interval_valid_face,-1,
-3g5yACwYnA$_$3,16,the,30,7.349999904632568,7.429999828338623,7.349999904632568,7.429999828338623,B_unique_word_overlap_in_mismatched_transcript,mfa_primary_unique_word_overlap_auto_qc_pass,1,1,1,1,1,0,735,743,8,8,74,75,1,1,in_interval_valid_face,-1,
-3g5yACwYnA$_$3,17,technical,31,7.429999828338623,8.050000190734863,7.429999828338623,8.050000190734863,B_unique_word_overlap_in_mismatched_transcript,mfa_primary_unique_word_overlap_auto_qc_pass,1,1,1,1,1,0,743,806,63,44,75,81,6,6,in_interval_valid_face,-1,
-3g5yACwYnA$_$3,18,inside,32,,,,,,official_word_unmatched_or_ambiguous_in_asr,1,0,0,0,0,0,-1,-1,0,0,-1,-1,0,0,no_primary_word_time,-1,
-3g5yACwYnA$_$3,19,compounding,33,9.369999885559082,10.029999732971191,9.369999885559082,10.029999732971191,B_unique_word_overlap_in_mismatched_transcript,mfa_primary_unique_word_overlap_auto_qc_pass,1,1,1,1,1,0,937,1003,66,44,94,101,7,7,in_interval_valid_face,-1,
-3g5yACwYnA$_$3,20,or,34,10.0600004196167,10.300000190734863,10.0600004196167,10.300000190734863,B_unique_word_overlap_in_mismatched_transcript,mfa_primary_unique_word_overlap_auto_qc_pass,1,1,1,1,1,0,1007,1031,24,21,101,104,3,3,in_interval_valid_face,-1,
-3g5yACwYnA$_$3,21,the,35,10.300000190734863,10.380000114440918,10.300000190734863,10.380000114440918,B_unique_word_overlap_in_mismatched_transcript,mfa_primary_unique_word_overlap_auto_qc_pass,1,1,1,1,0,1,1031,1039,8,8,104,104,0,0,no_visual_frame_in_interval,103,1.9073486257070726e-07
-3g5yACwYnA$_$3,22,technical,36,10.380000114440918,10.789999961853027,10.380000114440918,10.789999961853027,B_unique_word_overlap_in_mismatched_transcript,mfa_primary_unique_word_overlap_auto_qc_pass,1,1,1,1,1,0,1039,1079,40,10,104,108,4,4,in_interval_valid_face,-1,
-3g5yACwYnA$_$3,23,expertise,37,10.789999961853027,11.279999732971191,10.789999961853027,11.279999732971191,B_unique_word_overlap_in_mismatched_transcript,mfa_primary_unique_word_overlap_auto_qc_pass,1,1,1,1,1,0,1079,1128,49,39,108,113,5,5,in_interval_valid_face,-1,
-3g5yACwYnA$_$3,24,to,38,11.279999732971191,11.369999885559082,11.279999732971191,11.369999885559082,B_unique_word_overlap_in_mismatched_transcript,mfa_primary_unique_word_overlap_auto_qc_pass,1,1,1,1,1,0,1128,1137,9,7,113,114,1,1,in_interval_valid_face,-1,
-3g5yACwYnA$_$3,25,do,39,11.369999885559082,11.489999771118164,11.369999885559082,11.489999771118164,B_unique_word_overlap_in_mismatched_transcript,mfa_primary_unique_word_overlap_auto_qc_pass,1,1,1,1,1,0,1137,1149,12,12,114,115,1,1,in_interval_valid_face,-1,
-3g5yACwYnA$_$3,26,these,40,11.489999771118164,11.710000038146973,11.489999771118164,11.710000038146973,B_unique_word_overlap_in_mismatched_transcript,mfa_primary_unique_word_overlap_auto_qc_pass,1,1,1,1,1,0,1149,1172,23,20,115,118,3,3,in_interval_valid_face,-1,
-3g5yACwYnA$_$3,27,types,41,11.710000038146973,11.970000267028809,11.710000038146973,11.970000267028809,B_unique_word_overlap_in_mismatched_transcript,mfa_primary_unique_word_overlap_auto_qc_pass,1,1,1,1,1,0,1172,1198,26,8,118,120,2,2,in_interval_valid_face,-1,
-3g5yACwYnA$_$3,28,of,42,11.970000267028809,12.0600004196167,11.970000267028809,12.0600004196167,B_unique_word_overlap_in_mismatched_transcript,mfa_primary_unique_word_overlap_auto_qc_pass,1,1,1,1,1,0,1198,1207,9,5,120,121,1,1,in_interval_valid_face,-1,
-3g5yACwYnA$_$3,29,things,43,12.0600004196167,12.399999618530273,12.0600004196167,12.399999618530273,B_unique_word_overlap_in_mismatched_transcript,mfa_primary_unique_word_overlap_auto_qc_pass,1,1,1,1,1,0,1207,1240,33,30,121,124,3,3,in_interval_valid_face,-1,
-3g5yACwYnA$_$2,1,Key,44,,,,,A_exact_transcript,mfa_whisper_discrepancy_over_0_5s_null_primary,1,0,0,0,0,0,-1,-1,0,0,-1,-1,0,0,no_primary_word_time,-1,
-3g5yACwYnA$_$2,2,Polymer,45,,,,,A_exact_transcript,mfa_whisper_discrepancy_over_0_5s_null_primary,1,0,0,0,0,0,-1,-1,0,0,-1,-1,0,0,no_primary_word_time,-1,
-3g5yACwYnA$_$2,3,brings,46,,,,,A_exact_transcript,mfa_whisper_discrepancy_over_0_5s_null_primary,1,0,0,0,0,0,-1,-1,0,0,-1,-1,0,0,no_primary_word_time,-1,
-3g5yACwYnA$_$2,4,a,47,,,,,A_exact_transcript,mfa_whisper_discrepancy_over_0_5s_null_primary,1,0,0,0,0,0,-1,-1,0,0,-1,-1,0,0,no_primary_word_time,-1,
-3g5yACwYnA$_$2,5,technical,48,,,,,A_exact_transcript,mfa_whisper_discrepancy_over_0_5s_null_primary,1,0,0,0,0,0,-1,-1,0,0,-1,-1,0,0,no_primary_word_time,-1,
-3g5yACwYnA$_$2,6,aspect,49,4.28000020980835,4.75,4.28000020980835,4.75,A_exact_transcript,mfa_primary_exact_transcript_auto_qc_pass,1,1,1,1,1,0,429,475,46,17,43,48,5,5,in_interval_valid_face,-1,
-3g5yACwYnA$_$2,7,to,50,4.75,5.0,4.75,5.0,A_exact_transcript,mfa_primary_exact_transcript_auto_qc_pass,1,1,1,1,1,0,475,500,25,25,48,50,2,2,in_interval_valid_face,-1,
-3g5yACwYnA$_$2,8,our,51,5.21999979019165,5.619999885559082,5.21999979019165,5.619999885559082,A_exact_transcript,mfa_primary_exact_transcript_auto_qc_pass,1,1,1,0,1,0,522,562,40,0,53,57,4,4,in_interval_valid_face,-1,
-3g5yACwYnA$_$2,9,operation,52,5.809999942779541,6.489999771118164,5.809999942779541,6.489999771118164,A_exact_transcript,mfa_primary_exact_transcript_auto_qc_pass,1,1,1,1,1,0,581,649,68,65,59,65,6,6,in_interval_valid_face,-1,
-3g5yACwYnA$_$2,10,that,53,6.489999771118164,6.650000095367432,6.489999771118164,6.650000095367432,A_exact_transcript,mfa_primary_exact_transcript_auto_qc_pass,1,1,1,1,1,0,649,666,17,17,65,67,2,2,in_interval_valid_face,-1,
-3g5yACwYnA$_$2,11,we,54,6.650000095367432,6.769999980926514,6.650000095367432,6.769999980926514,A_exact_transcript,mfa_primary_exact_transcript_auto_qc_pass,1,1,1,1,1,0,666,677,11,11,67,68,1,1,in_interval_valid_face,-1,
-3g5yACwYnA$_$2,12,don't,55,6.769999980926514,7.010000228881836,6.769999980926514,7.010000228881836,A_exact_transcript,mfa_primary_exact_transcript_auto_qc_pass,1,1,1,1,1,0,677,702,25,21,68,71,3,3,in_interval_valid_face,-1,
-3g5yACwYnA$_$2,13,have,56,7.010000228881836,7.210000038146973,7.010000228881836,7.210000038146973,A_exact_transcript,mfa_primary_exact_transcript_auto_qc_pass,1,1,1,1,1,0,702,722,20,20,71,73,2,2,in_interval_valid_face,-1,
-3g5yACwYnA$_$2,14,internally,57,7.210000038146973,7.699999809265137,7.210000038146973,7.699999809265137,A_exact_transcript,mfa_primary_exact_transcript_auto_qc_pass,1,1,1,1,1,0,722,770,48,46,73,77,4,4,in_interval_valid_face,-1,
-3g5yACwYnA$_$9,1,We,58,0.75,0.8999999761581421,0.75,0.8999999761581421,B_unique_word_overlap_in_mismatched_transcript,mfa_primary_unique_word_overlap_auto_qc_pass,1,1,1,1,1,0,75,90,15,15,8,9,1,1,in_interval_valid_face,-1,
-3g5yACwYnA$_$9,2,have,59,0.8999999761581421,1.0800000429153442,0.8999999761581421,1.0800000429153442,B_unique_word_overlap_in_mismatched_transcript,mfa_primary_unique_word_overlap_auto_qc_pass,1,1,1,1,1,0,90,109,19,18,9,11,2,2,in_interval_valid_face,-1,
-3g5yACwYnA$_$9,3,many,60,1.0800000429153442,1.4700000286102295,1.0800000429153442,1.4700000286102295,B_unique_word_overlap_in_mismatched_transcript,mfa_primary_unique_word_overlap_auto_qc_pass,1,1,1,1,1,0,109,148,39,30,11,15,4,4,in_interval_valid_face,-1,
-3g5yACwYnA$_$9,4,new,61,1.6399999856948853,1.8899999856948853,1.6399999856948853,1.8899999856948853,B_unique_word_overlap_in_mismatched_transcript,mfa_primary_unique_word_overlap_auto_qc_pass,1,1,1,1,1,0,164,189,25,25,17,19,2,2,in_interval_valid_face,-1,
-3g5yACwYnA$_$9,5,opportunities,62,1.8899999856948853,2.490000009536743,1.8899999856948853,2.490000009536743,B_unique_word_overlap_in_mismatched_transcript,mfa_primary_unique_word_overlap_auto_qc_pass,1,1,1,1,1,0,189,250,61,51,19,25,6,6,in_interval_valid_face,-1,
-3g5yACwYnA$_$9,6,through,63,2.490000009536743,2.8299999237060547,2.490000009536743,2.8299999237060547,B_unique_word_overlap_in_mismatched_transcript,mfa_primary_unique_word_overlap_auto_qc_pass,1,1,1,1,1,0,250,283,33,33,25,29,4,4,in_interval_valid_face,-1,
-3g5yACwYnA$_$9,7,the,64,,,,,B_unique_word_overlap_in_mismatched_transcript,mfa_whisper_discrepancy_over_0_5s_null_primary,1,0,0,0,0,0,-1,-1,0,0,-1,-1,0,0,no_primary_word_time,-1,
-3g5yACwYnA$_$9,8,way,65,3.4200000762939453,3.630000114440918,3.4200000762939453,3.630000114440918,B_unique_word_overlap_in_mismatched_transcript,mfa_primary_unique_word_overlap_auto_qc_pass,1,1,1,1,1,0,343,364,21,21,35,37,2,2,in_interval_valid_face,-1,
-3g5yACwYnA$_$9,9,things,66,3.630000114440918,3.890000104904175,3.630000114440918,3.890000104904175,B_unique_word_overlap_in_mismatched_transcript,mfa_primary_unique_word_overlap_auto_qc_pass,1,1,1,1,1,0,364,390,26,25,37,39,2,2,in_interval_valid_face,-1,
-3g5yACwYnA$_$9,10,have,67,3.890000104904175,3.990000009536743,3.890000104904175,3.990000009536743,B_unique_word_overlap_in_mismatched_transcript,mfa_primary_unique_word_overlap_auto_qc_pass,1,1,1,1,1,0,390,400,10,10,39,40,1,1,in_interval_valid_face,-1,
-3g5yACwYnA$_$9,11,changed,68,3.990000009536743,4.300000190734863,3.990000009536743,4.300000190734863,B_unique_word_overlap_in_mismatched_transcript,mfa_primary_unique_word_overlap_auto_qc_pass,1,1,1,1,1,0,400,431,31,26,40,44,4,4,in_interval_valid_face,-1,
-3g5yACwYnA$_$9,12,through,69,4.300000190734863,4.429999828338623,4.300000190734863,4.429999828338623,B_unique_word_overlap_in_mismatched_transcript,mfa_primary_unique_word_overlap_auto_qc_pass,1,1,1,1,1,0,431,443,12,12,44,45,1,1,in_interval_valid_face,-1,
-3g5yACwYnA$_$9,13,the,70,4.429999828338623,4.519999980926514,4.429999828338623,4.519999980926514,B_unique_word_overlap_in_mismatched_transcript,mfa_primary_unique_word_overlap_auto_qc_pass,1,1,1,1,1,0,443,452,9,9,45,46,1,1,in_interval_valid_face,-1,
-3g5yACwYnA$_$9,14,years,71,4.519999980926514,4.980000019073486,4.519999980926514,4.980000019073486,B_unique_word_overlap_in_mismatched_transcript,mfa_primary_unique_word_overlap_auto_qc_pass,1,1,1,1,1,0,452,499,47,40,46,50,4,4,in_interval_valid_face,-1,
-3g5yACwYnA$_$9,15,looking,72,5.630000114440918,5.849999904632568,5.630000114440918,5.849999904632568,B_unique_word_overlap_in_mismatched_transcript,mfa_primary_unique_word_overlap_auto_qc_pass,1,1,1,1,1,0,564,585,21,21,57,59,2,2,in_interval_valid_face,-1,
-3g5yACwYnA$_$9,16,for,73,5.849999904632568,6.0,5.849999904632568,6.0,B_unique_word_overlap_in_mismatched_transcript,mfa_primary_unique_word_overlap_auto_qc_pass,1,1,1,1,1,0,585,600,15,13,59,60,1,1,in_interval_valid_face,-1,
-3g5yACwYnA$_$9,17,new,74,6.0,6.199999809265137,6.0,6.199999809265137,B_unique_word_overlap_in_mismatched_transcript,mfa_primary_unique_word_overlap_auto_qc_pass,1,1,1,1,1,0,600,620,20,20,60,62,2,2,in_interval_valid_face,-1,
-3g5yACwYnA$_$9,18,niche,75,6.199999809265137,6.610000133514404,6.199999809265137,6.610000133514404,B_unique_word_overlap_in_mismatched_transcript,mfa_primary_unique_word_overlap_auto_qc_pass,1,1,1,1,1,0,620,662,42,25,62,67,5,5,in_interval_valid_face,-1,
-3g5yACwYnA$_$9,19,high,76,6.639999866485596,6.829999923706055,6.639999866485596,6.829999923706055,B_unique_word_overlap_in_mismatched_transcript,mfa_primary_unique_word_overlap_auto_qc_pass,1,1,1,1,1,0,664,683,19,7,67,69,2,2,in_interval_valid_face,-1,
-3g5yACwYnA$_$9,20,end,77,6.829999923706055,7.050000190734863,6.829999923706055,7.050000190734863,B_unique_word_overlap_in_mismatched_transcript,mfa_primary_unique_word_overlap_auto_qc_pass,1,1,1,1,1,0,683,706,23,19,69,71,2,2,in_interval_valid_face,-1,
-3g5yACwYnA$_$9,21,value,78,7.050000190734863,7.449999809265137,7.050000190734863,7.449999809265137,B_unique_word_overlap_in_mismatched_transcript,mfa_primary_unique_word_overlap_auto_qc_pass,1,1,1,1,1,0,706,745,39,39,71,75,4,4,in_interval_valid_face,-1,
-3g5yACwYnA$_$9,22,added,79,7.449999809265137,7.639999866485596,7.449999809265137,7.639999866485596,B_unique_word_overlap_in_mismatched_transcript,mfa_primary_unique_word_overlap_auto_qc_pass,1,1,1,1,1,0,745,764,19,1,75,77,2,2,in_interval_valid_face,-1,
-3g5yACwYnA$_$9,23,products,80,7.639999866485596,8.130000114440918,7.639999866485596,8.130000114440918,B_unique_word_overlap_in_mismatched_transcript,mfa_primary_unique_word_overlap_auto_qc_pass,1,1,1,1,1,0,764,814,50,32,77,82,5,5,in_interval_valid_face,-1,
-3nNcZdcdvU$_$5,1,Noncompliance,81,,,,,,official_word_unmatched_or_ambiguous_in_asr,1,0,0,0,0,0,-1,-1,0,0,-1,-1,0,0,no_primary_word_time,-1,
-3nNcZdcdvU$_$5,2,can,82,1.590000033378601,1.9500000476837158,1.590000033378601,1.9500000476837158,B_unique_word_overlap_in_mismatched_transcript,mfa_primary_unique_word_overlap_auto_qc_pass,1,1,1,1,1,0,160,196,36,27,16,20,4,4,in_interval_valid_face,-1,
-3nNcZdcdvU$_$5,3,result,83,1.9500000476837158,2.6600000858306885,1.9500000476837158,2.6600000858306885,B_unique_word_overlap_in_mismatched_transcript,mfa_primary_unique_word_overlap_auto_qc_pass,1,1,1,1,1,0,196,267,71,65,20,27,7,7,in_interval_valid_face,-1,
-3nNcZdcdvU$_$5,4,in,84,2.6600000858306885,2.819999933242798,2.6600000858306885,2.819999933242798,B_unique_word_overlap_in_mismatched_transcript,mfa_primary_unique_word_overlap_auto_qc_pass,1,1,1,1,1,0,267,282,15,15,27,29,2,2,in_interval_valid_face,-1,
-3nNcZdcdvU$_$5,5,legal,85,2.819999933242798,3.069999933242798,2.819999933242798,3.069999933242798,B_unique_word_overlap_in_mismatched_transcript,mfa_primary_unique_word_overlap_auto_qc_pass,1,1,1,1,1,0,282,307,25,23,29,31,2,2,in_interval_valid_face,-1,
-3nNcZdcdvU$_$5,6,liability,86,3.069999933242798,3.880000114440918,3.069999933242798,3.880000114440918,B_unique_word_overlap_in_mismatched_transcript,mfa_primary_unique_word_overlap_auto_qc_pass,1,1,1,1,1,0,307,389,82,81,31,39,8,8,in_interval_valid_face,-1,
-3nNcZdcdvU$_$5,7,to,87,3.9700000286102295,4.119999885559082,3.9700000286102295,4.119999885559082,B_unique_word_overlap_in_mismatched_transcript,mfa_primary_unique_word_overlap_auto_qc_pass,1,1,1,1,1,0,398,412,14,9,40,42,2,2,in_interval_valid_face,-1,
-3nNcZdcdvU$_$5,8,you,88,4.119999885559082,4.610000133514404,4.119999885559082,4.610000133514404,B_unique_word_overlap_in_mismatched_transcript,mfa_primary_unique_word_overlap_auto_qc_pass,1,1,1,1,1,0,412,462,50,50,42,47,5,5,in_interval_valid_face,-1,
-3nNcZdcdvU$_$5,9,and,89,4.929999828338623,5.230000019073486,4.929999828338623,5.230000019073486,B_unique_word_overlap_in_mismatched_transcript,mfa_primary_unique_word_overlap_auto_qc_pass,1,1,1,1,1,0,493,524,31,31,50,53,3,3,in_interval_valid_face,-1,
-3nNcZdcdvU$_$5,10,to,90,5.230000019073486,5.349999904632568,5.230000019073486,5.349999904632568,B_unique_word_overlap_in_mismatched_transcript,mfa_primary_unique_word_overlap_auto_qc_pass,1,1,1,1,1,0,524,535,11,9,53,54,1,1,in_interval_valid_face,-1,
-3nNcZdcdvU$_$5,11,the,91,5.349999904632568,5.449999809265137,5.349999904632568,5.449999809265137,B_unique_word_overlap_in_mismatched_transcript,mfa_primary_unique_word_overlap_auto_qc_pass,1,1,1,1,1,0,535,545,10,10,54,55,1,1,in_interval_valid_face,-1,
-3nNcZdcdvU$_$5,12,school,92,5.449999809265137,5.739999771118164,5.449999809265137,5.739999771118164,B_unique_word_overlap_in_mismatched_transcript,mfa_primary_unique_word_overlap_auto_qc_pass,1,1,1,1,1,0,545,574,29,21,55,58,3,3,in_interval_valid_face,-1,
-3nNcZdcdvU$_$5,13,district,93,5.739999771118164,6.159999847412109,5.739999771118164,6.159999847412109,B_unique_word_overlap_in_mismatched_transcript,mfa_primary_unique_word_overlap_auto_qc_pass,1,1,1,1,1,0,574,616,42,42,58,62,4,4,in_interval_valid_face,-1,
-3nNcZdcdvU$_$5,14,in,94,6.159999847412109,6.239999771118164,6.159999847412109,6.239999771118164,B_unique_word_overlap_in_mismatched_transcript,mfa_primary_unique_word_overlap_auto_qc_pass,1,1,1,1,1,0,616,624,8,8,62,63,1,1,in_interval_valid_face,-1,
-3nNcZdcdvU$_$5,15,which,95,6.239999771118164,6.510000228881836,6.239999771118164,6.510000228881836,B_unique_word_overlap_in_mismatched_transcript,mfa_primary_unique_word_overlap_auto_qc_pass,1,1,1,1,1,0,624,652,28,24,63,66,3,3,in_interval_valid_face,-1,
-3nNcZdcdvU$_$5,16,you,96,6.510000228881836,6.630000114440918,6.510000228881836,6.630000114440918,B_unique_word_overlap_in_mismatched_transcript,mfa_primary_unique_word_overlap_auto_qc_pass,1,1,1,1,1,0,652,664,12,12,66,67,1,1,in_interval_valid_face,-1,
-3nNcZdcdvU$_$5,17,are,97,6.630000114440918,6.71999979019165,6.630000114440918,6.71999979019165,B_unique_word_overlap_in_mismatched_transcript,mfa_primary_unique_word_overlap_auto_qc_pass,1,1,1,1,1,0,664,672,8,8,67,68,1,1,in_interval_valid_face,-1,
-3nNcZdcdvU$_$5,18,employed,98,6.71999979019165,7.230000019073486,6.71999979019165,7.230000019073486,B_unique_word_overlap_in_mismatched_transcript,mfa_primary_unique_word_overlap_auto_qc_pass,1,1,1,1,1,0,672,724,52,27,68,73,5,5,in_interval_valid_face,-1,
-HwX2H8Z4hY$_$2,1,President,99,,,,,,official_word_unmatched_or_ambiguous_in_asr,1,0,0,0,0,0,-1,-1,0,0,-1,-1,0,0,no_primary_word_time,-1,
-HwX2H8Z4hY$_$2,2,Ronald,100,,,,,,official_word_unmatched_or_ambiguous_in_asr,1,0,0,0,0,0,-1,-1,0,0,-1,-1,0,0,no_primary_word_time,-1,
-HwX2H8Z4hY$_$2,3,Reagan,101,,,,,,official_word_unmatched_or_ambiguous_in_asr,1,0,0,0,0,0,-1,-1,0,0,-1,-1,0,0,no_primary_word_time,-1,
-HwX2H8Z4hY$_$2,4,Look,102,2.6700000762939453,2.859999895095825,2.6700000762939453,2.859999895095825,B_unique_word_overlap_in_mismatched_transcript,mfa_primary_unique_word_overlap_auto_qc_pass,1,1,1,1,0,0,268,286,18,18,27,29,2,0,in_interval_frames_no_valid_face,31,0.2400001049041749
-HwX2H8Z4hY$_$2,5,at,103,2.859999895095825,2.9200000762939453,2.859999895095825,2.9200000762939453,B_unique_word_overlap_in_mismatched_transcript,mfa_primary_unique_word_overlap_auto_qc_pass,1,1,1,1,0,0,286,293,7,7,29,30,1,0,in_interval_frames_no_valid_face,31,0.17999992370605478
-HwX2H8Z4hY$_$2,6,the,104,2.9200000762939453,3.009999990463257,2.9200000762939453,3.009999990463257,B_unique_word_overlap_in_mismatched_transcript,mfa_primary_unique_word_overlap_auto_qc_pass,1,1,1,1,0,0,293,301,8,8,30,31,1,0,in_interval_frames_no_valid_face,31,0.09000000953674325
-HwX2H8Z4hY$_$2,7,record,105,3.009999990463257,3.4200000762939453,3.009999990463257,3.4200000762939453,B_unique_word_overlap_in_mismatched_transcript,mfa_primary_unique_word_overlap_auto_qc_pass,1,1,1,1,1,0,301,343,42,28,31,35,4,4,in_interval_valid_face,-1,
-HwX2H8Z4hY$_$5,1,President,106,,,,,A_exact_transcript,mfa_whisper_discrepancy_over_0_5s_null_primary,1,0,0,0,0,0,-1,-1,0,0,-1,-1,0,0,no_primary_word_time,-1,
-HwX2H8Z4hY$_$5,2,Ronald,107,1.2999999523162842,1.6200000047683716,1.2999999523162842,1.6200000047683716,A_exact_transcript,mfa_primary_exact_transcript_auto_qc_pass,1,1,1,1,1,0,130,163,33,33,13,17,4,3,in_interval_valid_face,-1,
-HwX2H8Z4hY$_$5,3,Reagan,108,1.6200000047683716,2.119999885559082,1.6200000047683716,2.119999885559082,A_exact_transcript,mfa_primary_exact_transcript_auto_qc_pass,1,1,1,1,0,0,163,212,49,47,17,22,5,0,in_interval_frames_no_valid_face,15,0.12000000476837158
-HwX2H8Z4hY$_$5,4,blamed,109,2.119999885559082,2.5299999713897705,2.119999885559082,2.5299999713897705,A_exact_transcript,mfa_primary_exact_transcript_auto_qc_pass,1,1,1,1,0,0,212,253,41,40,22,26,4,0,in_interval_frames_no_valid_face,15,0.619999885559082
-HwX2H8Z4hY$_$5,5,the,110,2.5299999713897705,2.7100000381469727,2.5299999713897705,2.7100000381469727,A_exact_transcript,mfa_primary_exact_transcript_auto_qc_pass,1,1,1,1,0,0,253,272,19,16,26,28,2,0,in_interval_frames_no_valid_face,15,1.0299999713897705
-HwX2H8Z4hY$_$5,6,professional,111,2.7100000381469727,3.390000104904175,2.7100000381469727,3.390000104904175,A_exact_transcript,mfa_primary_exact_transcript_auto_qc_pass,1,1,1,1,0,0,272,340,68,57,28,34,6,0,in_interval_frames_no_valid_face,15,1.2100000381469727
-HwX2H8Z4hY$_$5,7,bureaucracy,112,3.390000104904175,4.230000019073486,3.390000104904175,4.230000019073486,A_exact_transcript,mfa_primary_exact_transcript_auto_qc_pass,1,1,1,1,0,0,340,424,84,75,34,43,9,0,in_interval_frames_no_valid_face,53,1.0699999809265135
-HwX2H8Z4hY$_$5,8,of,113,4.230000019073486,4.389999866485596,4.230000019073486,4.389999866485596,A_exact_transcript,mfa_primary_exact_transcript_auto_qc_pass,1,1,1,1,0,0,424,439,15,15,43,44,1,0,in_interval_frames_no_valid_face,53,0.9100001335144041
-HwX2H8Z4hY$_$5,9,education,114,4.389999866485596,5.099999904632568,4.389999866485596,5.099999904632568,A_exact_transcript,mfa_primary_exact_transcript_auto_qc_pass,1,1,1,1,0,0,439,510,71,55,44,51,7,0,in_interval_frames_no_valid_face,53,0.20000009536743146
-HwX2H8Z4hY$_$6,1,And,115,,,,,B_unique_word_overlap_in_mismatched_transcript,mfa_whisper_discrepancy_over_0_5s_null_primary,1,0,0,0,0,0,-1,-1,0,0,-1,-1,0,0,no_primary_word_time,-1,
-HwX2H8Z4hY$_$6,2,in,116,0.6499999761581421,0.7400000095367432,0.6499999761581421,0.7400000095367432,B_unique_word_overlap_in_mismatched_transcript,mfa_primary_unique_word_overlap_auto_qc_pass,1,1,1,1,1,0,65,75,10,10,7,8,1,1,in_interval_valid_face,-1,
-HwX2H8Z4hY$_$6,3,part,117,0.7400000095367432,1.1799999475479126,0.7400000095367432,1.1799999475479126,B_unique_word_overlap_in_mismatched_transcript,mfa_primary_unique_word_overlap_auto_qc_pass,1,1,1,1,1,0,75,118,43,20,8,12,4,4,in_interval_valid_face,-1,
-HwX2H8Z4hY$_$6,4,Al,118,1.4500000476837158,1.6399999856948853,1.4500000476837158,1.6399999856948853,B_unique_word_overlap_in_mismatched_transcript,mfa_primary_unique_word_overlap_auto_qc_pass,1,1,1,1,1,0,146,164,18,17,15,17,2,2,in_interval_valid_face,-1,
-HwX2H8Z4hY$_$6,5,Shanker,119,,,,,,official_word_unmatched_or_ambiguous_in_asr,1,0,0,0,0,0,-1,-1,0,0,-1,-1,0,0,no_primary_word_time,-1,
-HwX2H8Z4hY$_$6,6,did,120,2.259999990463257,2.490000009536743,2.259999990463257,2.490000009536743,B_unique_word_overlap_in_mismatched_transcript,mfa_primary_unique_word_overlap_auto_qc_pass,1,1,1,1,0,0,226,250,24,22,23,25,2,0,in_interval_frames_no_valid_face,20,0.25999999046325684
-HwX2H8Z4hY$_$6,7,too,121,2.490000009536743,2.7799999713897705,2.490000009536743,2.7799999713897705,B_unique_word_overlap_in_mismatched_transcript,mfa_primary_unique_word_overlap_auto_qc_pass,1,1,1,1,0,0,250,278,28,19,25,28,3,0,in_interval_frames_no_valid_face,32,0.42000002861022967
-HwX2H8Z4hY$_$9,1,It,122,,,,,B_unique_word_overlap_in_mismatched_transcript,mfa_whisper_discrepancy_over_0_5s_null_primary,1,0,0,0,0,0,-1,-1,0,0,-1,-1,0,0,no_primary_word_time,-1,
-HwX2H8Z4hY$_$9,2,is,123,0.6200000047683716,0.7599999904632568,0.6200000047683716,0.7599999904632568,B_unique_word_overlap_in_mismatched_transcript,mfa_primary_unique_word_overlap_auto_qc_pass,1,1,1,0,0,0,63,76,13,0,7,8,1,0,in_interval_frames_no_valid_face,-1,
-HwX2H8Z4hY$_$9,3,a,124,0.7599999904632568,0.8500000238418579,0.7599999904632568,0.8500000238418579,B_unique_word_overlap_in_mismatched_transcript,mfa_primary_unique_word_overlap_auto_qc_pass,1,1,1,0,0,0,76,86,10,0,8,9,1,0,in_interval_frames_no_valid_face,-1,
-HwX2H8Z4hY$_$9,4,word,125,0.8500000238418579,1.2400000095367432,0.8500000238418579,1.2400000095367432,B_unique_word_overlap_in_mismatched_transcript,mfa_primary_unique_word_overlap_auto_qc_pass,1,1,1,1,0,0,86,125,39,31,9,13,4,0,in_interval_frames_no_valid_face,-1,
-HwX2H8Z4hY$_$9,5,which,126,1.409999966621399,1.649999976158142,1.409999966621399,1.649999976158142,B_unique_word_overlap_in_mismatched_transcript,mfa_primary_unique_word_overlap_auto_qc_pass,1,1,1,1,0,0,141,165,24,18,15,17,2,0,in_interval_frames_no_valid_face,-1,
-HwX2H8Z4hY$_$9,6,the,127,1.649999976158142,1.7599999904632568,1.649999976158142,1.7599999904632568,B_unique_word_overlap_in_mismatched_transcript,mfa_primary_unique_word_overlap_auto_qc_pass,1,1,1,1,0,0,165,176,11,11,17,18,1,0,in_interval_frames_no_valid_face,-1,
-HwX2H8Z4hY$_$9,7,administrator,128,1.7599999904632568,2.490000009536743,1.7599999904632568,2.490000009536743,B_unique_word_overlap_in_mismatched_transcript,mfa_primary_unique_word_overlap_auto_qc_pass,1,1,1,1,0,0,176,250,74,63,18,25,7,0,in_interval_frames_no_valid_face,-1,
-HwX2H8Z4hY$_$9,8,uses,129,2.490000009536743,2.9700000286102295,2.490000009536743,2.9700000286102295,B_unique_word_overlap_in_mismatched_transcript,mfa_primary_unique_word_overlap_auto_qc_pass,1,1,1,1,0,0,250,298,48,28,25,30,5,0,in_interval_frames_no_valid_face,-1,
-HwX2H8Z4hY$_$9,9,when,130,,,,,B_unique_word_overlap_in_mismatched_transcript,mfa_whisper_discrepancy_over_0_5s_null_primary,1,0,0,0,0,0,-1,-1,0,0,-1,-1,0,0,no_primary_word_time,-1,
-HwX2H8Z4hY$_$9,10,he,131,,,,,B_unique_word_overlap_in_mismatched_transcript,mfa_whisper_discrepancy_over_0_5s_null_primary,1,0,0,0,0,0,-1,-1,0,0,-1,-1,0,0,no_primary_word_time,-1,
-HwX2H8Z4hY$_$9,11,turns,132,,,,,B_unique_word_overlap_in_mismatched_transcript,mfa_whisper_discrepancy_over_0_5s_null_primary,1,0,0,0,0,0,-1,-1,0,0,-1,-1,0,0,no_primary_word_time,-1,
-HwX2H8Z4hY$_$9,12,around,133,4.320000171661377,4.800000190734863,4.320000171661377,4.800000190734863,B_unique_word_overlap_in_mismatched_transcript,mfa_primary_unique_word_overlap_auto_qc_pass,1,1,1,1,0,0,433,481,48,41,44,49,5,0,in_interval_frames_no_valid_face,-1,
-HwX2H8Z4hY$_$9,13,anything,134,4.869999885559082,5.5,4.869999885559082,5.5,B_unique_word_overlap_in_mismatched_transcript,mfa_primary_unique_word_overlap_auto_qc_pass,1,1,1,1,0,0,487,550,63,41,49,55,6,0,in_interval_frames_no_valid_face,-1,
-HwX2H8Z4hY$_$9,14,which,135,5.5,5.639999866485596,5.5,5.639999866485596,B_unique_word_overlap_in_mismatched_transcript,mfa_primary_unique_word_overlap_auto_qc_pass,1,1,1,1,0,0,550,564,14,11,55,57,2,0,in_interval_frames_no_valid_face,-1,
-HwX2H8Z4hY$_$9,15,he,136,5.639999866485596,5.730000019073486,5.639999866485596,5.730000019073486,B_unique_word_overlap_in_mismatched_transcript,mfa_primary_unique_word_overlap_auto_qc_pass,1,1,1,1,0,0,564,574,10,6,57,58,1,0,in_interval_frames_no_valid_face,-1,
-HwX2H8Z4hY$_$9,16,doesn't,137,5.730000019073486,6.019999980926514,5.730000019073486,6.019999980926514,B_unique_word_overlap_in_mismatched_transcript,mfa_primary_unique_word_overlap_auto_qc_pass,1,1,1,1,0,0,574,602,28,25,58,61,3,0,in_interval_frames_no_valid_face,-1,
-HwX2H8Z4hY$_$9,17,like,138,6.019999980926514,6.260000228881836,6.019999980926514,6.260000228881836,B_unique_word_overlap_in_mismatched_transcript,mfa_primary_unique_word_overlap_auto_qc_pass,1,1,1,1,0,0,602,627,25,23,61,63,2,0,in_interval_frames_no_valid_face,-1,
-HwX2H8Z4hY$_$9,18,that,139,,,,,,official_word_unmatched_or_ambiguous_in_asr,1,0,0,0,0,0,-1,-1,0,0,-1,-1,0,0,no_primary_word_time,-1,
-HwX2H8Z4hY$_$9,19,the,140,6.260000228881836,6.389999866485596,6.260000228881836,6.389999866485596,B_unique_word_overlap_in_mismatched_transcript,mfa_primary_unique_word_overlap_auto_qc_pass,1,1,1,1,0,0,627,639,12,12,63,64,1,0,in_interval_frames_no_valid_face,-1,
-HwX2H8Z4hY$_$9,20,teacher,141,6.389999866485596,6.760000228881836,6.389999866485596,6.760000228881836,B_unique_word_overlap_in_mismatched_transcript,mfa_primary_unique_word_overlap_auto_qc_pass,1,1,1,1,0,0,639,677,38,8,64,68,4,0,in_interval_frames_no_valid_face,-1,
-HwX2H8Z4hY$_$9,21,is,142,6.760000228881836,6.869999885559082,6.760000228881836,6.869999885559082,B_unique_word_overlap_in_mismatched_transcript,mfa_primary_unique_word_overlap_auto_qc_pass,1,1,1,1,0,0,677,687,10,7,68,69,1,0,in_interval_frames_no_valid_face,-1,
-HwX2H8Z4hY$_$9,22,doing,143,6.869999885559082,7.210000038146973,6.869999885559082,7.210000038146973,B_unique_word_overlap_in_mismatched_transcript,mfa_primary_unique_word_overlap_auto_qc_pass,1,1,1,1,0,0,687,722,35,34,69,73,4,0,in_interval_frames_no_valid_face,-1,
-NFrJFQijFE$_$1,1,Structural,144,,,,,,asr_empty_no_timestamp,1,0,0,0,0,0,-1,-1,0,0,-1,-1,0,0,no_primary_word_time,-1,
-NFrJFQijFE$_$1,2,mounts,145,,,,,,asr_empty_no_timestamp,1,0,0,0,0,0,-1,-1,0,0,-1,-1,0,0,no_primary_word_time,-1,
-NFrJFQijFE$_$1,3,inside,146,,,,,,asr_empty_no_timestamp,1,0,0,0,0,0,-1,-1,0,0,-1,-1,0,0,no_primary_word_time,-1,
-NFrJFQijFE$_$1,4,have,147,,,,,,asr_empty_no_timestamp,1,0,0,0,0,0,-1,-1,0,0,-1,-1,0,0,no_primary_word_time,-1,
-NFrJFQijFE$_$1,5,to,148,,,,,,asr_empty_no_timestamp,1,0,0,0,0,0,-1,-1,0,0,-1,-1,0,0,no_primary_word_time,-1,
-NFrJFQijFE$_$1,6,be,149,,,,,,asr_empty_no_timestamp,1,0,0,0,0,0,-1,-1,0,0,-1,-1,0,0,no_primary_word_time,-1,
-NFrJFQijFE$_$1,7,properly,150,,,,,,asr_empty_no_timestamp,1,0,0,0,0,0,-1,-1,0,0,-1,-1,0,0,no_primary_word_time,-1,
-NFrJFQijFE$_$1,8,stress,151,,,,,,asr_empty_no_timestamp,1,0,0,0,0,0,-1,-1,0,0,-1,-1,0,0,no_primary_word_time,-1,
-NFrJFQijFE$_$1,9,analyzed,152,,,,,,asr_empty_no_timestamp,1,0,0,0,0,0,-1,-1,0,0,-1,-1,0,0,no_primary_word_time,-1,
-NFrJFQijFE$_$1,10,so,153,,,,,,asr_empty_no_timestamp,1,0,0,0,0,0,-1,-1,0,0,-1,-1,0,0,no_primary_word_time,-1,
-NFrJFQijFE$_$1,11,we,154,,,,,,asr_empty_no_timestamp,1,0,0,0,0,0,-1,-1,0,0,-1,-1,0,0,no_primary_word_time,-1,
-NFrJFQijFE$_$1,12,make,155,,,,,,asr_empty_no_timestamp,1,0,0,0,0,0,-1,-1,0,0,-1,-1,0,0,no_primary_word_time,-1,
-NFrJFQijFE$_$1,13,sure,156,,,,,,asr_empty_no_timestamp,1,0,0,0,0,0,-1,-1,0,0,-1,-1,0,0,no_primary_word_time,-1,
-NFrJFQijFE$_$1,14,all,157,,,,,,asr_empty_no_timestamp,1,0,0,0,0,0,-1,-1,0,0,-1,-1,0,0,no_primary_word_time,-1,
-NFrJFQijFE$_$1,15,that,158,,,,,,asr_empty_no_timestamp,1,0,0,0,0,0,-1,-1,0,0,-1,-1,0,0,no_primary_word_time,-1,
-NFrJFQijFE$_$1,16,happens,159,,,,,,asr_empty_no_timestamp,1,0,0,0,0,0,-1,-1,0,0,-1,-1,0,0,no_primary_word_time,-1,
-NFrJFQijFE$_$2,1,So,160,,,,,,official_word_unmatched_or_ambiguous_in_asr,1,0,0,0,0,0,-1,-1,0,0,-1,-1,0,0,no_primary_word_time,-1,
-NFrJFQijFE$_$2,2,we,161,,,,,,official_word_unmatched_or_ambiguous_in_asr,1,0,0,0,0,0,-1,-1,0,0,-1,-1,0,0,no_primary_word_time,-1,
-NFrJFQijFE$_$2,3,coordinate,162,,,,,,official_word_unmatched_or_ambiguous_in_asr,1,0,0,0,0,0,-1,-1,0,0,-1,-1,0,0,no_primary_word_time,-1,
-NFrJFQijFE$_$2,4,with,163,,,,,,official_word_unmatched_or_ambiguous_in_asr,1,0,0,0,0,0,-1,-1,0,0,-1,-1,0,0,no_primary_word_time,-1,
-NFrJFQijFE$_$2,5,all,164,,,,,,official_word_unmatched_or_ambiguous_in_asr,1,0,0,0,0,0,-1,-1,0,0,-1,-1,0,0,no_primary_word_time,-1,
-NFrJFQijFE$_$2,6,the,165,,,,,,official_word_unmatched_or_ambiguous_in_asr,1,0,0,0,0,0,-1,-1,0,0,-1,-1,0,0,no_primary_word_time,-1,
-NFrJFQijFE$_$2,7,proper,166,,,,,,official_word_unmatched_or_ambiguous_in_asr,1,0,0,0,0,0,-1,-1,0,0,-1,-1,0,0,no_primary_word_time,-1,
-NFrJFQijFE$_$2,8,technical,167,,,,,,official_word_unmatched_or_ambiguous_in_asr,1,0,0,0,0,0,-1,-1,0,0,-1,-1,0,0,no_primary_word_time,-1,
-NFrJFQijFE$_$2,9,fields,168,,,,,,official_word_unmatched_or_ambiguous_in_asr,1,0,0,0,0,0,-1,-1,0,0,-1,-1,0,0,no_primary_word_time,-1,
-NFrJFQijFE$_$2,10,to,169,,,,,,official_word_unmatched_or_ambiguous_in_asr,1,0,0,0,0,0,-1,-1,0,0,-1,-1,0,0,no_primary_word_time,-1,
-NFrJFQijFE$_$2,11,get,170,,,,,,official_word_unmatched_or_ambiguous_in_asr,1,0,0,0,0,0,-1,-1,0,0,-1,-1,0,0,no_primary_word_time,-1,
-NFrJFQijFE$_$2,12,ready,171,,,,,,official_word_unmatched_or_ambiguous_in_asr,1,0,0,0,0,0,-1,-1,0,0,-1,-1,0,0,no_primary_word_time,-1,
-NFrJFQijFE$_$2,13,for,172,,,,,,official_word_unmatched_or_ambiguous_in_asr,1,0,0,0,0,0,-1,-1,0,0,-1,-1,0,0,no_primary_word_time,-1,
-NFrJFQijFE$_$2,14,the,173,,,,,,official_word_unmatched_or_ambiguous_in_asr,1,0,0,0,0,0,-1,-1,0,0,-1,-1,0,0,no_primary_word_time,-1,
-NFrJFQijFE$_$2,15,instrument,174,,,,,,official_word_unmatched_or_ambiguous_in_asr,1,0,0,0,0,0,-1,-1,0,0,-1,-1,0,0,no_primary_word_time,-1,
-NFrJFQijFE$_$2,16,to,175,,,,,,official_word_unmatched_or_ambiguous_in_asr,1,0,0,0,0,0,-1,-1,0,0,-1,-1,0,0,no_primary_word_time,-1,
-NFrJFQijFE$_$2,17,arrive,176,,,,,,official_word_unmatched_or_ambiguous_in_asr,1,0,0,0,0,0,-1,-1,0,0,-1,-1,0,0,no_primary_word_time,-1,
-NFrJFQijFE$_$2,18,here,177,,,,,,official_word_unmatched_or_ambiguous_in_asr,1,0,0,0,0,0,-1,-1,0,0,-1,-1,0,0,no_primary_word_time,-1,
-THoVjtIkeU$_$12,1,What,178,,,,,,official_word_unmatched_or_ambiguous_in_asr,1,0,0,0,0,0,-1,-1,0,0,-1,-1,0,0,no_primary_word_time,-1,
-THoVjtIkeU$_$12,2,ever,179,,,,,,official_word_unmatched_or_ambiguous_in_asr,1,0,0,0,0,0,-1,-1,0,0,-1,-1,0,0,no_primary_word_time,-1,
-THoVjtIkeU$_$12,3,we,180,1.590000033378601,1.7400000095367432,1.590000033378601,1.7400000095367432,B_unique_word_overlap_in_mismatched_transcript,mfa_primary_unique_word_overlap_auto_qc_pass,1,1,1,1,1,0,160,175,15,15,16,18,2,2,in_interval_valid_face,-1,
-THoVjtIkeU$_$12,4,turn,181,1.7400000095367432,1.909999966621399,1.7400000095367432,1.909999966621399,B_unique_word_overlap_in_mismatched_transcript,mfa_primary_unique_word_overlap_auto_qc_pass,1,1,1,1,1,0,175,191,16,16,18,20,2,2,in_interval_valid_face,-1,
-THoVjtIkeU$_$12,5,our,182,1.909999966621399,2.0399999618530273,1.909999966621399,2.0399999618530273,B_unique_word_overlap_in_mismatched_transcript,mfa_primary_unique_word_overlap_auto_qc_pass,1,1,1,1,1,0,191,204,13,13,20,21,1,1,in_interval_valid_face,-1,
-THoVjtIkeU$_$12,6,attention,183,2.0399999618530273,2.690000057220459,2.0399999618530273,2.690000057220459,B_unique_word_overlap_in_mismatched_transcript,mfa_primary_unique_word_overlap_auto_qc_pass,1,1,1,1,1,0,204,270,66,65,21,27,6,6,in_interval_valid_face,-1,
-THoVjtIkeU$_$12,7,to,184,2.690000057220459,2.890000104904175,2.690000057220459,2.890000104904175,B_unique_word_overlap_in_mismatched_transcript,mfa_primary_unique_word_overlap_auto_qc_pass,1,1,1,1,1,0,270,290,20,19,27,29,2,2,in_interval_valid_face,-1,
-THoVjtIkeU$_$12,8,is,185,2.990000009536743,3.3299999237060547,2.990000009536743,3.3299999237060547,B_unique_word_overlap_in_mismatched_transcript,mfa_primary_unique_word_overlap_auto_qc_pass,1,1,1,1,1,0,300,333,33,21,30,34,4,4,in_interval_valid_face,-1,
-THoVjtIkeU$_$12,9,what,186,3.3299999237060547,3.509999990463257,3.3299999237060547,3.509999990463257,B_unique_word_overlap_in_mismatched_transcript,mfa_primary_unique_word_overlap_auto_qc_pass,1,1,1,1,1,0,333,351,18,13,34,36,2,2,in_interval_valid_face,-1,
-THoVjtIkeU$_$12,10,grows,187,3.509999990463257,3.9700000286102295,3.509999990463257,3.9700000286102295,B_unique_word_overlap_in_mismatched_transcript,mfa_primary_unique_word_overlap_auto_qc_pass,1,1,1,1,1,0,351,398,47,17,36,40,4,4,in_interval_valid_face,-1,
-THoVjtIkeU$_$12,11,and,188,4.349999904632568,4.489999771118164,4.349999904632568,4.489999771118164,B_unique_word_overlap_in_mismatched_transcript,mfa_primary_unique_word_overlap_auto_qc_pass,1,1,1,1,1,0,435,449,14,14,44,45,1,1,in_interval_valid_face,-1,
-THoVjtIkeU$_$12,12,so,189,4.489999771118164,4.679999828338623,4.489999771118164,4.679999828338623,B_unique_word_overlap_in_mismatched_transcript,mfa_primary_unique_word_overlap_auto_qc_pass,1,1,1,1,1,0,449,468,19,3,45,47,2,2,in_interval_valid_face,-1,
-THoVjtIkeU$_$12,13,if,190,4.679999828338623,4.849999904632568,4.679999828338623,4.849999904632568,B_unique_word_overlap_in_mismatched_transcript,mfa_primary_unique_word_overlap_auto_qc_pass,1,1,1,1,1,0,468,485,17,11,47,49,2,2,in_interval_valid_face,-1,
-THoVjtIkeU$_$12,14,we,191,4.849999904632568,4.980000019073486,4.849999904632568,4.980000019073486,B_unique_word_overlap_in_mismatched_transcript,mfa_primary_unique_word_overlap_auto_qc_pass,1,1,1,1,1,0,485,499,14,14,49,50,1,1,in_interval_valid_face,-1,
-THoVjtIkeU$_$12,15,believe,192,4.980000019073486,5.630000114440918,4.980000019073486,5.630000114440918,B_unique_word_overlap_in_mismatched_transcript,mfa_primary_unique_word_overlap_auto_qc_pass,1,1,1,1,1,0,499,564,65,54,50,57,7,7,in_interval_valid_face,-1,
-THoVjtIkeU$_$12,16,that,193,5.630000114440918,5.760000228881836,5.630000114440918,5.760000228881836,B_unique_word_overlap_in_mismatched_transcript,mfa_primary_unique_word_overlap_auto_qc_pass,1,1,1,1,1,0,564,577,13,13,57,58,1,1,in_interval_valid_face,-1,
-THoVjtIkeU$_$12,17,anything,194,5.800000190734863,6.130000114440918,5.800000190734863,6.130000114440918,B_unique_word_overlap_in_mismatched_transcript,mfa_primary_unique_word_overlap_auto_qc_pass,1,1,1,1,1,0,581,614,33,33,59,62,3,3,in_interval_valid_face,-1,
-THoVjtIkeU$_$12,18,is,195,6.130000114440918,6.239999771118164,6.130000114440918,6.239999771118164,B_unique_word_overlap_in_mismatched_transcript,mfa_primary_unique_word_overlap_auto_qc_pass,1,1,1,1,1,0,614,624,10,10,62,63,1,1,in_interval_valid_face,-1,
-THoVjtIkeU$_$12,19,possible,196,6.239999771118164,6.730000019073486,6.239999771118164,6.730000019073486,B_unique_word_overlap_in_mismatched_transcript,mfa_primary_unique_word_overlap_auto_qc_pass,1,1,1,1,1,0,624,674,50,16,63,68,5,5,in_interval_valid_face,-1,
-THoVjtIkeU$_$12,20,if,197,6.730000019073486,6.860000133514404,6.730000019073486,6.860000133514404,B_unique_word_overlap_in_mismatched_transcript,mfa_primary_unique_word_overlap_auto_qc_pass,1,1,1,1,1,0,674,687,13,13,68,69,1,1,in_interval_valid_face,-1,
-THoVjtIkeU$_$12,21,we,198,6.860000133514404,7.199999809265137,6.860000133514404,7.199999809265137,B_unique_word_overlap_in_mismatched_transcript,mfa_primary_unique_word_overlap_auto_qc_pass,1,1,1,1,1,0,687,720,33,33,69,72,3,3,in_interval_valid_face,-1,
-THoVjtIkeU$_$12,22,believe,199,7.539999961853027,8.210000038146973,7.539999961853027,8.210000038146973,B_unique_word_overlap_in_mismatched_transcript,mfa_primary_unique_word_overlap_auto_qc_pass,1,1,1,1,1,0,754,822,68,63,76,83,7,7,in_interval_valid_face,-1,
-THoVjtIkeU$_$12,23,that,200,,,,,B_unique_word_overlap_in_mismatched_transcript,mfa_whisper_discrepancy_over_0_5s_null_primary,1,0,0,0,0,0,-1,-1,0,0,-1,-1,0,0,no_primary_word_time,-1,
-THoVjtIkeU$_$12,24,social,201,,,,,B_unique_word_overlap_in_mismatched_transcript,mfa_whisper_discrepancy_over_0_5s_null_primary,1,0,0,0,0,0,-1,-1,0,0,-1,-1,0,0,no_primary_word_time,-1,
-THoVjtIkeU$_$12,25,justice,202,9.720000267028809,10.140000343322754,9.720000267028809,10.140000343322754,B_unique_word_overlap_in_mismatched_transcript,mfa_primary_unique_word_overlap_auto_qc_pass,1,1,1,1,1,0,973,1015,42,35,98,102,4,4,in_interval_valid_face,-1,
-THoVjtIkeU$_$12,26,can,203,10.140000343322754,10.390000343322754,10.140000343322754,10.390000343322754,B_unique_word_overlap_in_mismatched_transcript,mfa_primary_unique_word_overlap_auto_qc_pass,1,1,1,1,1,0,1015,1040,25,23,102,104,2,2,in_interval_valid_face,-1,
-THoVjtIkeU$_$12,27,be,204,10.390000343322754,10.510000228881836,10.390000343322754,10.510000228881836,B_unique_word_overlap_in_mismatched_transcript,mfa_primary_unique_word_overlap_auto_qc_pass,1,1,1,1,1,0,1040,1052,12,12,104,106,2,2,in_interval_valid_face,-1,
-THoVjtIkeU$_$12,28,achieved,205,10.510000228881836,10.979999542236328,10.510000228881836,10.979999542236328,B_unique_word_overlap_in_mismatched_transcript,mfa_primary_unique_word_overlap_auto_qc_pass,1,1,1,1,1,0,1052,1098,46,10,106,110,4,4,in_interval_valid_face,-1,
-THoVjtIkeU$_$12,29,and,206,10.979999542236328,11.069999694824219,10.979999542236328,11.069999694824219,B_unique_word_overlap_in_mismatched_transcript,mfa_primary_unique_word_overlap_auto_qc_pass,1,1,1,1,1,0,1098,1107,9,9,110,111,1,1,in_interval_valid_face,-1,
-THoVjtIkeU$_$12,30,if,207,11.069999694824219,11.170000076293945,11.069999694824219,11.170000076293945,B_unique_word_overlap_in_mismatched_transcript,mfa_primary_unique_word_overlap_auto_qc_pass,1,1,1,1,1,0,1107,1118,11,11,111,112,1,1,in_interval_valid_face,-1,
-THoVjtIkeU$_$12,31,we,208,11.170000076293945,11.25,11.170000076293945,11.25,B_unique_word_overlap_in_mismatched_transcript,mfa_primary_unique_word_overlap_auto_qc_pass,1,1,1,1,1,0,1118,1125,7,7,112,113,1,1,in_interval_valid_face,-1,
-THoVjtIkeU$_$12,32,believe,209,11.25,11.829999923706055,11.25,11.829999923706055,B_unique_word_overlap_in_mismatched_transcript,mfa_primary_unique_word_overlap_auto_qc_pass,1,1,1,1,1,0,1125,1183,58,56,113,119,6,6,in_interval_valid_face,-1,
-THoVjtIkeU$_$12,33,in,210,11.829999923706055,12.039999961853027,11.829999923706055,12.039999961853027,B_unique_word_overlap_in_mismatched_transcript,mfa_primary_unique_word_overlap_auto_qc_pass,1,1,1,1,1,0,1183,1204,21,15,119,121,2,2,in_interval_valid_face,-1,
-THoVjtIkeU$_$12,34,youth,211,12.039999961853027,12.470000267028809,12.039999961853027,12.470000267028809,B_unique_word_overlap_in_mismatched_transcript,mfa_primary_unique_word_overlap_auto_qc_pass,1,1,1,1,1,0,1204,1248,44,31,121,125,4,4,in_interval_valid_face,-1,
-THoVjtIkeU$_$12,35,they,212,13.09000015258789,13.220000267028809,13.09000015258789,13.220000267028809,B_unique_word_overlap_in_mismatched_transcript,mfa_primary_unique_word_overlap_auto_qc_pass,1,1,1,1,1,0,1310,1323,13,13,131,133,2,2,in_interval_valid_face,-1,
-THoVjtIkeU$_$12,36,will,213,13.220000267028809,13.3100004196167,13.220000267028809,13.3100004196167,B_unique_word_overlap_in_mismatched_transcript,mfa_primary_unique_word_overlap_auto_qc_pass,1,1,1,1,1,0,1323,1332,9,9,133,134,1,1,in_interval_valid_face,-1,
-THoVjtIkeU$_$12,37,believe,214,13.3100004196167,13.579999923706055,13.3100004196167,13.579999923706055,B_unique_word_overlap_in_mismatched_transcript,mfa_primary_unique_word_overlap_auto_qc_pass,1,1,1,1,1,0,1332,1358,26,26,134,136,2,2,in_interval_valid_face,-1,
-THoVjtIkeU$_$12,38,in,215,13.579999923706055,13.65999984741211,13.579999923706055,13.65999984741211,B_unique_word_overlap_in_mismatched_transcript,mfa_primary_unique_word_overlap_auto_qc_pass,1,1,1,1,1,0,1358,1366,8,3,136,137,1,1,in_interval_valid_face,-1,
-THoVjtIkeU$_$12,39,themselves,216,13.65999984741211,14.289999961853027,13.65999984741211,14.289999961853027,B_unique_word_overlap_in_mismatched_transcript,mfa_primary_unique_word_overlap_auto_qc_pass,1,1,1,1,1,0,1366,1429,63,32,137,143,6,6,in_interval_valid_face,-1,
-THoVjtIkeU$_$2,1,I,217,0.029999999329447746,0.09000000357627869,0.029999999329447746,0.09000000357627869,A_exact_transcript,mfa_primary_exact_transcript_auto_qc_pass,1,1,1,1,0,1,3,10,7,7,1,1,0,0,no_visual_frame_in_interval,1,0.009999996423721319
-THoVjtIkeU$_$2,2,think,218,0.09000000357627869,0.46000000834465027,0.09000000357627869,0.46000000834465027,A_exact_transcript,mfa_primary_exact_transcript_auto_qc_pass,1,1,1,1,1,0,10,47,37,32,1,5,4,4,in_interval_valid_face,-1,
-THoVjtIkeU$_$2,3,social,219,0.46000000834465027,0.9100000262260437,0.46000000834465027,0.9100000262260437,A_exact_transcript,mfa_primary_exact_transcript_auto_qc_pass,1,1,1,1,1,0,47,92,45,33,5,10,5,5,in_interval_valid_face,-1,
-THoVjtIkeU$_$2,4,justice,220,1.1299999952316284,1.690000057220459,1.1299999952316284,1.690000057220459,A_exact_transcript,mfa_primary_exact_transcript_auto_qc_pass,1,1,1,1,1,0,113,170,57,52,12,17,5,5,in_interval_valid_face,-1,
-THoVjtIkeU$_$2,5,is,221,1.690000057220459,1.9199999570846558,1.690000057220459,1.9199999570846558,A_exact_transcript,mfa_primary_exact_transcript_auto_qc_pass,1,1,1,1,1,0,170,192,22,22,17,20,3,3,in_interval_valid_face,-1,
-THoVjtIkeU$_$2,6,extremely,222,1.9199999570846558,2.359999895095825,1.9199999570846558,2.359999895095825,A_exact_transcript,mfa_primary_exact_transcript_auto_qc_pass,1,1,1,1,1,0,192,236,44,39,20,24,4,4,in_interval_valid_face,-1,
-THoVjtIkeU$_$2,7,important,223,2.359999895095825,2.819999933242798,2.359999895095825,2.819999933242798,A_exact_transcript,mfa_primary_exact_transcript_auto_qc_pass,1,1,1,1,1,0,236,282,46,31,24,29,5,5,in_interval_valid_face,-1,
-THoVjtIkeU$_$2,8,for,224,2.819999933242798,3.0199999809265137,2.819999933242798,3.0199999809265137,A_exact_transcript,mfa_primary_exact_transcript_auto_qc_pass,1,1,1,1,1,0,282,302,20,16,29,31,2,2,in_interval_valid_face,-1,
-THoVjtIkeU$_$2,9,young,225,3.0199999809265137,3.259999990463257,3.0199999809265137,3.259999990463257,A_exact_transcript,mfa_primary_exact_transcript_auto_qc_pass,1,1,1,1,1,0,302,326,24,24,31,33,2,2,in_interval_valid_face,-1,
-THoVjtIkeU$_$2,10,people,226,3.259999990463257,3.7200000286102295,3.259999990463257,3.7200000286102295,A_exact_transcript,mfa_primary_exact_transcript_auto_qc_pass,1,1,1,1,1,0,326,373,47,41,33,38,5,5,in_interval_valid_face,-1,
-THoVjtIkeU$_$6,1,You,227,,,,,,official_word_unmatched_or_ambiguous_in_asr,1,0,0,0,0,0,-1,-1,0,0,-1,-1,0,0,no_primary_word_time,-1,
-THoVjtIkeU$_$6,2,know,228,,,,,,official_word_unmatched_or_ambiguous_in_asr,1,0,0,0,0,0,-1,-1,0,0,-1,-1,0,0,no_primary_word_time,-1,
-THoVjtIkeU$_$6,3,that,229,,,,,,official_word_unmatched_or_ambiguous_in_asr,1,0,0,0,0,0,-1,-1,0,0,-1,-1,0,0,no_primary_word_time,-1,
-THoVjtIkeU$_$6,4,I,230,0.28999999165534973,0.3199999928474426,0.28999999165534973,0.3199999928474426,B_unique_word_overlap_in_mismatched_transcript,mfa_primary_unique_word_overlap_auto_qc_pass,1,1,1,1,1,0,29,32,3,3,3,4,1,1,in_interval_valid_face,-1,
-THoVjtIkeU$_$6,5,think,231,0.49000000953674316,0.8999999761581421,0.49000000953674316,0.8999999761581421,B_unique_word_overlap_in_mismatched_transcript,mfa_primary_unique_word_overlap_auto_qc_pass,1,1,1,1,1,0,50,90,40,31,5,9,4,4,in_interval_valid_face,-1,
-THoVjtIkeU$_$6,6,listening,232,1.3799999952316284,1.899999976158142,1.3799999952316284,1.899999976158142,B_unique_word_overlap_in_mismatched_transcript,mfa_primary_unique_word_overlap_auto_qc_pass,1,1,1,1,1,0,138,190,52,50,14,19,5,5,in_interval_valid_face,-1,
-THoVjtIkeU$_$6,7,to,233,1.899999976158142,2.0199999809265137,1.899999976158142,2.0199999809265137,B_unique_word_overlap_in_mismatched_transcript,mfa_primary_unique_word_overlap_auto_qc_pass,1,1,1,1,1,0,190,202,12,12,19,21,2,2,in_interval_valid_face,-1,
-THoVjtIkeU$_$6,8,young,234,2.0199999809265137,2.25,2.0199999809265137,2.25,B_unique_word_overlap_in_mismatched_transcript,mfa_primary_unique_word_overlap_auto_qc_pass,1,1,1,1,1,0,202,225,23,23,21,23,2,2,in_interval_valid_face,-1,
-THoVjtIkeU$_$6,9,people,235,2.25,2.609999895095825,2.25,2.609999895095825,B_unique_word_overlap_in_mismatched_transcript,mfa_primary_unique_word_overlap_auto_qc_pass,1,1,1,1,1,0,225,261,36,24,23,27,4,4,in_interval_valid_face,-1,
-THoVjtIkeU$_$6,10,taking,236,2.609999895095825,3.0399999618530273,2.609999895095825,3.0399999618530273,B_unique_word_overlap_in_mismatched_transcript,mfa_primary_unique_word_overlap_auto_qc_pass,1,1,1,1,1,0,261,304,43,39,27,31,4,4,in_interval_valid_face,-1,
-THoVjtIkeU$_$6,11,in,237,3.0399999618530273,3.2100000381469727,3.0399999618530273,3.2100000381469727,B_unique_word_overlap_in_mismatched_transcript,mfa_primary_unique_word_overlap_auto_qc_pass,1,1,1,1,1,0,304,322,18,18,31,33,2,2,in_interval_valid_face,-1,
-THoVjtIkeU$_$6,12,what,238,3.2100000381469727,3.390000104904175,3.2100000381469727,3.390000104904175,B_unique_word_overlap_in_mismatched_transcript,mfa_primary_unique_word_overlap_auto_qc_pass,1,1,1,1,1,0,322,340,18,15,33,34,1,1,in_interval_valid_face,-1,
-THoVjtIkeU$_$6,13,they,239,3.390000104904175,3.5199999809265137,3.390000104904175,3.5199999809265137,B_unique_word_overlap_in_mismatched_transcript,mfa_primary_unique_word_overlap_auto_qc_pass,1,1,1,1,1,0,340,352,12,2,34,36,2,2,in_interval_valid_face,-1,
-THoVjtIkeU$_$6,14,have,240,3.5199999809265137,3.740000009536743,3.5199999809265137,3.740000009536743,B_unique_word_overlap_in_mismatched_transcript,mfa_primary_unique_word_overlap_auto_qc_pass,1,1,1,1,1,0,352,375,23,16,36,38,2,2,in_interval_valid_face,-1,
-THoVjtIkeU$_$6,15,to,241,3.740000009536743,3.859999895095825,3.740000009536743,3.859999895095825,B_unique_word_overlap_in_mismatched_transcript,mfa_primary_unique_word_overlap_auto_qc_pass,1,1,1,1,1,0,375,386,11,11,38,39,1,1,in_interval_valid_face,-1,
-THoVjtIkeU$_$6,16,say,242,3.859999895095825,4.159999847412109,3.859999895095825,4.159999847412109,B_unique_word_overlap_in_mismatched_transcript,mfa_primary_unique_word_overlap_auto_qc_pass,1,1,1,1,1,0,386,416,30,15,39,42,3,3,in_interval_valid_face,-1,
-THoVjtIkeU$_$6,17,because,243,4.159999847412109,4.489999771118164,4.159999847412109,4.489999771118164,B_unique_word_overlap_in_mismatched_transcript,mfa_primary_unique_word_overlap_auto_qc_pass,1,1,1,1,1,0,416,449,33,32,42,45,3,3,in_interval_valid_face,-1,
-THoVjtIkeU$_$6,18,what,244,4.829999923706055,5.0,4.829999923706055,5.0,B_unique_word_overlap_in_mismatched_transcript,mfa_primary_unique_word_overlap_auto_qc_pass,1,1,1,1,1,0,483,500,17,14,49,50,1,1,in_interval_valid_face,-1,
-THoVjtIkeU$_$6,19,we,245,,,,,,official_word_unmatched_or_ambiguous_in_asr,1,0,0,0,0,0,-1,-1,0,0,-1,-1,0,0,no_primary_word_time,-1,
-THoVjtIkeU$_$6,20,have,246,,,,,,official_word_unmatched_or_ambiguous_in_asr,1,0,0,0,0,0,-1,-1,0,0,-1,-1,0,0,no_primary_word_time,-1,
-THoVjtIkeU$_$6,21,seen,247,5.179999828338623,5.460000038146973,5.179999828338623,5.460000038146973,B_unique_word_overlap_in_mismatched_transcript,mfa_primary_unique_word_overlap_auto_qc_pass,1,1,1,1,1,0,518,547,29,21,52,55,3,3,in_interval_valid_face,-1,
-THoVjtIkeU$_$6,22,all,248,5.460000038146973,5.710000038146973,5.460000038146973,5.710000038146973,B_unique_word_overlap_in_mismatched_transcript,mfa_primary_unique_word_overlap_auto_qc_pass,1,1,1,1,1,0,547,572,25,10,55,58,3,3,in_interval_valid_face,-1,
-THoVjtIkeU$_$6,23,around,249,5.710000038146973,5.940000057220459,5.710000038146973,5.940000057220459,B_unique_word_overlap_in_mismatched_transcript,mfa_primary_unique_word_overlap_auto_qc_pass,1,1,1,1,1,0,572,595,23,23,58,60,2,2,in_interval_valid_face,-1,
-THoVjtIkeU$_$6,24,the,250,5.940000057220459,6.019999980926514,5.940000057220459,6.019999980926514,B_unique_word_overlap_in_mismatched_transcript,mfa_primary_unique_word_overlap_auto_qc_pass,1,1,1,1,1,0,595,602,7,7,60,61,1,1,in_interval_valid_face,-1,
-THoVjtIkeU$_$6,25,world,251,6.019999980926514,6.409999847412109,6.019999980926514,6.409999847412109,B_unique_word_overlap_in_mismatched_transcript,mfa_primary_unique_word_overlap_auto_qc_pass,1,1,1,1,1,0,602,641,39,39,61,65,4,4,in_interval_valid_face,-1,
-THoVjtIkeU$_$6,26,is,252,6.449999809265137,6.579999923706055,6.449999809265137,6.579999923706055,B_unique_word_overlap_in_mismatched_transcript,mfa_primary_unique_word_overlap_auto_qc_pass,1,1,1,1,1,0,645,658,13,13,65,66,1,1,in_interval_valid_face,-1,
-THoVjtIkeU$_$6,27,the,253,6.579999923706055,6.650000095367432,6.579999923706055,6.650000095367432,B_unique_word_overlap_in_mismatched_transcript,mfa_primary_unique_word_overlap_auto_qc_pass,1,1,1,1,1,0,658,666,8,8,66,67,1,1,in_interval_valid_face,-1,
-THoVjtIkeU$_$6,28,power,254,6.650000095367432,7.070000171661377,6.650000095367432,7.070000171661377,B_unique_word_overlap_in_mismatched_transcript,mfa_primary_unique_word_overlap_auto_qc_pass,1,1,1,1,1,0,666,708,42,34,67,71,4,4,in_interval_valid_face,-1,
-THoVjtIkeU$_$6,29,of,255,7.070000171661377,7.190000057220459,7.070000171661377,7.190000057220459,B_unique_word_overlap_in_mismatched_transcript,mfa_primary_unique_word_overlap_auto_qc_pass,1,1,1,1,1,0,708,720,12,12,71,72,1,1,in_interval_valid_face,-1,
-THoVjtIkeU$_$6,30,youth,256,7.190000057220459,7.599999904632568,7.190000057220459,7.599999904632568,B_unique_word_overlap_in_mismatched_transcript,mfa_primary_unique_word_overlap_auto_qc_pass,1,1,1,1,1,0,720,760,40,27,72,76,4,4,in_interval_valid_face,-1,
-UuX1xuaiiE$_$1,1,And,257,0.4399999976158142,0.5899999737739563,0.4399999976158142,0.5899999737739563,A_exact_transcript,mfa_primary_exact_transcript_auto_qc_pass,1,1,1,0,0,0,44,59,15,0,5,6,1,0,in_interval_frames_no_valid_face,99,9.310000026226044
-UuX1xuaiiE$_$1,2,all,258,0.5899999737739563,0.8199999928474426,0.5899999737739563,0.8199999928474426,A_exact_transcript,mfa_primary_exact_transcript_auto_qc_pass,1,1,1,1,0,0,59,82,23,21,6,9,3,0,in_interval_frames_no_valid_face,99,9.080000007152558
-UuX1xuaiiE$_$1,3,of,259,0.8199999928474426,0.9200000166893005,0.8199999928474426,0.9200000166893005,A_exact_transcript,mfa_primary_exact_transcript_auto_qc_pass,1,1,1,1,0,0,82,93,11,11,9,10,1,0,in_interval_frames_no_valid_face,99,8.9799999833107
-UuX1xuaiiE$_$1,4,them,260,0.9200000166893005,1.1100000143051147,0.9200000166893005,1.1100000143051147,A_exact_transcript,mfa_primary_exact_transcript_auto_qc_pass,1,1,1,1,0,0,93,112,19,17,10,12,2,0,in_interval_frames_no_valid_face,99,8.789999985694886
-UuX1xuaiiE$_$1,5,are,261,1.1100000143051147,1.2799999713897705,1.1100000143051147,1.2799999713897705,A_exact_transcript,mfa_primary_exact_transcript_auto_qc_pass,1,1,1,1,0,0,112,128,16,9,12,13,1,0,in_interval_frames_no_valid_face,99,8.62000002861023
-UuX1xuaiiE$_$1,6,really,262,1.2799999713897705,1.6399999856948853,1.2799999713897705,1.6399999856948853,A_exact_transcript,mfa_primary_exact_transcript_auto_qc_pass,1,1,1,1,0,0,128,164,36,36,13,17,4,0,in_interval_frames_no_valid_face,99,8.260000014305115
-UuX1xuaiiE$_$1,7,being,263,,,,,A_exact_transcript,mfa_whisper_discrepancy_over_0_5s_null_primary,1,0,0,0,0,0,-1,-1,0,0,-1,-1,0,0,no_primary_word_time,-1,
-UuX1xuaiiE$_$1,8,able,264,,,,,A_exact_transcript,mfa_whisper_discrepancy_over_0_5s_null_primary,1,0,0,0,0,0,-1,-1,0,0,-1,-1,0,0,no_primary_word_time,-1,
-UuX1xuaiiE$_$1,9,to,265,2.7300000190734863,2.890000104904175,2.7300000190734863,2.890000104904175,A_exact_transcript,mfa_primary_exact_transcript_auto_qc_pass,1,1,1,1,0,0,274,290,16,16,28,29,1,0,in_interval_frames_no_valid_face,99,7.0099998950958256
-UuX1xuaiiE$_$1,10,explore,266,2.890000104904175,3.680000066757202,2.890000104904175,3.680000066757202,A_exact_transcript,mfa_primary_exact_transcript_auto_qc_pass,1,1,1,1,0,0,290,369,79,58,29,37,8,0,in_interval_frames_no_valid_face,99,6.219999933242798
-UuX1xuaiiE$_$1,11,these,267,,,,,A_exact_transcript,mfa_whisper_discrepancy_over_0_5s_null_primary,1,0,0,0,0,0,-1,-1,0,0,-1,-1,0,0,no_primary_word_time,-1,
-UuX1xuaiiE$_$1,12,different,268,4.53000020980835,4.860000133514404,4.53000020980835,4.860000133514404,A_exact_transcript,mfa_primary_exact_transcript_auto_qc_pass,1,1,1,1,0,0,454,487,33,32,46,49,3,0,in_interval_frames_no_valid_face,99,5.039999866485596
-UuX1xuaiiE$_$1,13,areas,269,4.860000133514404,5.179999828338623,4.860000133514404,5.179999828338623,A_exact_transcript,mfa_primary_exact_transcript_auto_qc_pass,1,1,1,1,0,0,487,518,31,31,49,52,3,0,in_interval_frames_no_valid_face,99,4.720000171661377
-UuX1xuaiiE$_$1,14,in,270,5.460000038146973,6.0,5.460000038146973,6.0,A_exact_transcript,mfa_primary_exact_transcript_auto_qc_pass,1,1,1,1,0,0,547,600,53,45,55,60,5,0,in_interval_frames_no_valid_face,99,3.9000000000000004
-UuX1xuaiiE$_$1,15,depth,271,6.0,6.440000057220459,6.0,6.440000057220459,A_exact_transcript,mfa_primary_exact_transcript_auto_qc_pass,1,1,1,1,0,0,600,645,45,37,60,65,5,0,in_interval_frames_no_valid_face,99,3.4599999427795414
-UuX1xuaiiE$_$1,16,in,272,6.440000057220459,6.630000114440918,6.440000057220459,6.630000114440918,A_exact_transcript,mfa_primary_exact_transcript_auto_qc_pass,1,1,1,1,0,0,645,664,19,13,65,67,2,0,in_interval_frames_no_valid_face,99,3.2699998855590824
-UuX1xuaiiE$_$1,17,a,273,6.630000114440918,6.699999809265137,6.630000114440918,6.699999809265137,A_exact_transcript,mfa_primary_exact_transcript_auto_qc_pass,1,1,1,1,0,0,664,670,6,6,67,67,0,0,no_visual_frame_in_interval,99,3.2000001907348636
-UuX1xuaiiE$_$1,18,way,274,6.699999809265137,6.96999979019165,6.699999809265137,6.96999979019165,A_exact_transcript,mfa_primary_exact_transcript_auto_qc_pass,1,1,1,1,0,0,670,697,27,27,67,70,3,0,in_interval_frames_no_valid_face,99,2.93000020980835
-UuX1xuaiiE$_$1,19,that,275,6.96999979019165,7.28000020980835,6.96999979019165,7.28000020980835,A_exact_transcript,mfa_primary_exact_transcript_auto_qc_pass,1,1,1,1,0,0,697,729,32,24,70,73,3,0,in_interval_frames_no_valid_face,99,2.6199997901916507
-UuX1xuaiiE$_$1,20,really,276,7.28000020980835,7.489999771118164,7.28000020980835,7.489999771118164,A_exact_transcript,mfa_primary_exact_transcript_auto_qc_pass,1,1,1,1,0,0,729,749,20,18,73,75,2,0,in_interval_frames_no_valid_face,99,2.4100002288818363
-UuX1xuaiiE$_$1,21,wasn't,277,7.489999771118164,7.820000171661377,7.489999771118164,7.820000171661377,A_exact_transcript,mfa_primary_exact_transcript_auto_qc_pass,1,1,1,1,0,0,749,783,34,34,75,79,4,0,in_interval_frames_no_valid_face,99,2.0799998283386234
-UuX1xuaiiE$_$1,22,available,278,7.820000171661377,8.289999961853027,7.820000171661377,8.289999961853027,A_exact_transcript,mfa_primary_exact_transcript_auto_qc_pass,1,1,1,1,0,0,783,829,46,46,79,83,4,0,in_interval_frames_no_valid_face,99,1.610000038146973
-UuX1xuaiiE$_$1,23,before,279,8.289999961853027,8.699999809265137,8.289999961853027,8.699999809265137,A_exact_transcript,mfa_primary_exact_transcript_auto_qc_pass,1,1,1,1,0,0,829,870,41,18,83,87,4,0,in_interval_frames_no_valid_face,99,1.2000001907348636
-UuX1xuaiiE$_$1,24,the,280,8.699999809265137,8.789999961853027,8.699999809265137,8.789999961853027,A_exact_transcript,mfa_primary_exact_transcript_auto_qc_pass,1,1,1,0,0,0,870,879,9,0,87,88,1,0,in_interval_frames_no_valid_face,99,1.110000038146973
-UuX1xuaiiE$_$1,25,center,281,8.789999961853027,9.180000305175781,8.789999961853027,9.180000305175781,A_exact_transcript,mfa_primary_exact_transcript_auto_qc_pass,1,1,1,0,0,0,879,919,40,0,88,92,4,0,in_interval_frames_no_valid_face,99,0.7199996948242191
-UuX1xuaiiE$_$1,26,was,282,9.180000305175781,9.350000381469727,9.180000305175781,9.350000381469727,A_exact_transcript,mfa_primary_exact_transcript_auto_qc_pass,1,1,1,0,0,0,919,936,17,0,92,94,2,0,in_interval_frames_no_valid_face,99,0.5499996185302738
-UuX1xuaiiE$_$1,27,here,283,9.350000381469727,9.779999732971191,9.350000381469727,9.779999732971191,A_exact_transcript,mfa_primary_exact_transcript_auto_qc_pass,1,1,1,0,0,0,936,978,42,0,94,98,4,0,in_interval_frames_no_valid_face,99,0.12000026702880895
-UuX1xuaiiE$_$0,1,it's,284,0.0,0.14000000059604645,0.0,0.14000000059604645,A_exact_transcript,mfa_primary_exact_transcript_auto_qc_pass,1,1,1,0,1,0,0,15,15,0,0,2,2,2,in_interval_valid_face,-1,
-UuX1xuaiiE$_$0,2,amazing,285,0.14000000059604645,0.800000011920929,0.14000000059604645,0.800000011920929,A_exact_transcript,mfa_primary_exact_transcript_auto_qc_pass,1,1,1,1,1,0,15,81,66,56,2,9,7,7,in_interval_valid_face,-1,
-UuX1xuaiiE$_$0,3,to,286,0.800000011920929,1.100000023841858,0.800000011920929,1.100000023841858,A_exact_transcript,mfa_primary_exact_transcript_auto_qc_pass,1,1,1,0,1,0,81,111,30,0,9,12,3,3,in_interval_valid_face,-1,
-UuX1xuaiiE$_$0,4,see,287,1.100000023841858,1.2799999713897705,1.100000023841858,1.2799999713897705,A_exact_transcript,mfa_primary_exact_transcript_auto_qc_pass,1,1,1,1,1,0,111,128,17,15,12,13,1,1,in_interval_valid_face,-1,
-UuX1xuaiiE$_$0,5,their,288,1.2799999713897705,1.4800000190734863,1.2799999713897705,1.4800000190734863,A_exact_transcript,mfa_primary_exact_transcript_auto_qc_pass,1,1,1,1,1,0,128,149,21,21,13,15,2,2,in_interval_valid_face,-1,
-UuX1xuaiiE$_$0,6,enthusiasm,289,1.4800000190734863,2.2899999618530273,1.4800000190734863,2.2899999618530273,A_exact_transcript,mfa_primary_exact_transcript_auto_qc_pass,1,1,1,1,1,0,149,229,80,71,15,23,8,3,in_interval_valid_face,-1,
-UuX1xuaiiE$_$0,7,and,290,2.2899999618530273,2.4100000858306885,2.2899999618530273,2.4100000858306885,A_exact_transcript,mfa_primary_exact_transcript_auto_qc_pass,1,1,1,1,0,0,229,242,13,8,23,25,2,0,in_interval_frames_no_valid_face,17,0.5899999618530274
-UuX1xuaiiE$_$0,8,their,291,2.4100000858306885,2.5,2.4100000858306885,2.5,A_exact_transcript,mfa_primary_exact_transcript_auto_qc_pass,1,1,1,0,0,0,242,250,8,0,25,25,0,0,no_visual_frame_in_interval,17,0.7100000858306885
-UuX1xuaiiE$_$0,9,passion,292,2.5,3.359999895095825,2.5,3.359999895095825,A_exact_transcript,mfa_primary_exact_transcript_auto_qc_pass,1,1,1,1,0,0,250,336,86,30,25,34,9,0,in_interval_frames_no_valid_face,17,0.8
-UuX1xuaiiE$_$3,1,My,293,0.0,0.6600000262260437,0.0,0.6600000262260437,A_exact_transcript,mfa_primary_exact_transcript_auto_qc_pass,1,1,1,1,1,0,0,67,67,46,0,7,7,7,in_interval_valid_face,-1,
-UuX1xuaiiE$_$3,2,goal,294,0.6899999976158142,1.0199999809265137,0.6899999976158142,1.0199999809265137,A_exact_transcript,mfa_primary_exact_transcript_auto_qc_pass,1,1,1,1,1,0,69,102,33,33,7,11,4,4,in_interval_valid_face,-1,
-UuX1xuaiiE$_$3,3,is,295,1.0199999809265137,1.3700000047683716,1.0199999809265137,1.3700000047683716,A_exact_transcript,mfa_primary_exact_transcript_auto_qc_pass,1,1,1,1,1,0,102,138,36,22,11,14,3,3,in_interval_valid_face,-1,
-UuX1xuaiiE$_$3,4,to,296,1.3700000047683716,1.649999976158142,1.3700000047683716,1.649999976158142,A_exact_transcript,mfa_primary_exact_transcript_auto_qc_pass,1,1,1,1,1,0,138,165,27,13,14,17,3,3,in_interval_valid_face,-1,
-UuX1xuaiiE$_$3,5,become,297,,,,,A_exact_transcript,mfa_whisper_discrepancy_over_0_5s_null_primary,1,0,0,0,0,0,-1,-1,0,0,-1,-1,0,0,no_primary_word_time,-1,
-UuX1xuaiiE$_$3,6,a,298,,,,,A_exact_transcript,mfa_whisper_discrepancy_over_0_5s_null_primary,1,0,0,0,0,0,-1,-1,0,0,-1,-1,0,0,no_primary_word_time,-1,
-UuX1xuaiiE$_$3,7,human,299,2.619999885559082,2.9200000762939453,2.619999885559082,2.9200000762939453,A_exact_transcript,mfa_primary_exact_transcript_auto_qc_pass,1,1,1,1,1,0,262,293,31,29,27,30,3,3,in_interval_valid_face,-1,
-UuX1xuaiiE$_$3,8,rights,300,2.9200000762939453,3.2300000190734863,2.9200000762939453,3.2300000190734863,A_exact_transcript,mfa_primary_exact_transcript_auto_qc_pass,1,1,1,1,1,0,293,324,31,24,30,33,3,3,in_interval_valid_face,-1,
-UuX1xuaiiE$_$3,9,lawyer,301,3.2300000190734863,3.680000066757202,3.2300000190734863,3.680000066757202,A_exact_transcript,mfa_primary_exact_transcript_auto_qc_pass,1,1,1,1,1,0,324,369,45,39,33,37,4,4,in_interval_valid_face,-1,
-UuX1xuaiiE$_$6,1,I,302,,,,,B_unique_word_overlap_in_mismatched_transcript,mfa_whisper_discrepancy_over_0_5s_null_primary,1,0,0,0,0,0,-1,-1,0,0,-1,-1,0,0,no_primary_word_time,-1,
-UuX1xuaiiE$_$6,2,ended,303,0.6399999856948853,0.800000011920929,0.6399999856948853,0.800000011920929,B_unique_word_overlap_in_mismatched_transcript,mfa_primary_unique_word_overlap_auto_qc_pass,1,1,1,1,1,0,64,81,17,17,7,9,2,2,in_interval_valid_face,-1,
-UuX1xuaiiE$_$6,3,up,304,0.800000011920929,0.8899999856948853,0.800000011920929,0.8899999856948853,B_unique_word_overlap_in_mismatched_transcript,mfa_primary_unique_word_overlap_auto_qc_pass,1,1,1,1,0,1,81,89,8,8,9,9,0,0,no_visual_frame_in_interval,8,1.1920928910669204e-08
-UuX1xuaiiE$_$6,4,going,305,0.8899999856948853,1.1299999952316284,0.8899999856948853,1.1299999952316284,B_unique_word_overlap_in_mismatched_transcript,mfa_primary_unique_word_overlap_auto_qc_pass,1,1,1,1,1,0,89,113,24,24,9,12,3,3,in_interval_valid_face,-1,
-UuX1xuaiiE$_$6,5,to,306,1.1299999952316284,1.2100000381469727,1.1299999952316284,1.2100000381469727,B_unique_word_overlap_in_mismatched_transcript,mfa_primary_unique_word_overlap_auto_qc_pass,1,1,1,1,1,0,113,122,9,9,12,13,1,1,in_interval_valid_face,-1,
-UuX1xuaiiE$_$6,6,work,307,1.2100000381469727,1.4700000286102295,1.2100000381469727,1.4700000286102295,B_unique_word_overlap_in_mismatched_transcript,mfa_primary_unique_word_overlap_auto_qc_pass,1,1,1,1,1,0,122,148,26,24,13,15,2,2,in_interval_valid_face,-1,
-UuX1xuaiiE$_$6,7,for,308,1.4700000286102295,1.809999942779541,1.4700000286102295,1.809999942779541,B_unique_word_overlap_in_mismatched_transcript,mfa_primary_unique_word_overlap_auto_qc_pass,1,1,1,1,1,0,148,181,33,20,15,19,4,4,in_interval_valid_face,-1,
-UuX1xuaiiE$_$6,8,the,309,1.809999942779541,1.909999966621399,1.809999942779541,1.909999966621399,B_unique_word_overlap_in_mismatched_transcript,mfa_primary_unique_word_overlap_auto_qc_pass,1,1,1,1,1,0,181,191,10,10,19,20,1,1,in_interval_valid_face,-1,
-UuX1xuaiiE$_$6,9,US,310,,,,,,official_word_unmatched_or_ambiguous_in_asr,1,0,0,0,0,0,-1,-1,0,0,-1,-1,0,0,no_primary_word_time,-1,
-UuX1xuaiiE$_$6,10,government,311,2.2100000381469727,2.7699999809265137,2.2100000381469727,2.7699999809265137,B_unique_word_overlap_in_mismatched_transcript,mfa_primary_unique_word_overlap_auto_qc_pass,1,1,1,1,1,0,222,277,55,53,23,28,5,5,in_interval_valid_face,-1,
-UuX1xuaiiE$_$6,11,as,312,2.7699999809265137,2.9700000286102295,2.7699999809265137,2.9700000286102295,B_unique_word_overlap_in_mismatched_transcript,mfa_primary_unique_word_overlap_auto_qc_pass,1,1,1,1,1,0,277,298,21,21,28,30,2,2,in_interval_valid_face,-1,
-UuX1xuaiiE$_$6,12,an,313,2.9700000286102295,3.0399999618530273,2.9700000286102295,3.0399999618530273,B_unique_word_overlap_in_mismatched_transcript,mfa_primary_unique_word_overlap_auto_qc_pass,1,1,1,1,1,0,298,304,6,6,30,31,1,1,in_interval_valid_face,-1,
-UuX1xuaiiE$_$6,13,intelligence,314,3.0399999618530273,3.509999990463257,3.0399999618530273,3.509999990463257,B_unique_word_overlap_in_mismatched_transcript,mfa_primary_unique_word_overlap_auto_qc_pass,1,1,1,1,1,0,304,351,47,45,31,36,5,5,in_interval_valid_face,-1,
-UuX1xuaiiE$_$6,14,analyst,315,3.509999990463257,4.110000133514404,3.509999990463257,4.110000133514404,B_unique_word_overlap_in_mismatched_transcript,mfa_primary_unique_word_overlap_auto_qc_pass,1,1,1,1,1,0,351,412,61,59,36,42,6,6,in_interval_valid_face,-1,
-UuX1xuaiiE$_$6,15,specializing,316,4.949999809265137,5.639999866485596,4.949999809265137,5.639999866485596,B_unique_word_overlap_in_mismatched_transcript,mfa_primary_unique_word_overlap_auto_qc_pass,1,1,1,1,1,0,495,564,69,57,50,57,7,7,in_interval_valid_face,-1,
-UuX1xuaiiE$_$6,16,in,317,5.639999866485596,5.920000076293945,5.639999866485596,5.920000076293945,B_unique_word_overlap_in_mismatched_transcript,mfa_primary_unique_word_overlap_auto_qc_pass,1,1,1,1,1,0,564,593,29,29,57,60,3,3,in_interval_valid_face,-1,
-UuX1xuaiiE$_$6,17,war,318,5.920000076293945,6.070000171661377,5.920000076293945,6.070000171661377,B_unique_word_overlap_in_mismatched_transcript,mfa_primary_unique_word_overlap_auto_qc_pass,1,1,1,1,1,0,593,608,15,15,60,61,1,1,in_interval_valid_face,-1,
-UuX1xuaiiE$_$6,18,crimes,319,6.070000171661377,6.400000095367432,6.070000171661377,6.400000095367432,B_unique_word_overlap_in_mismatched_transcript,mfa_primary_unique_word_overlap_auto_qc_pass,1,1,1,1,1,0,608,641,33,31,61,65,4,4,in_interval_valid_face,-1,
-UuX1xuaiiE$_$6,19,and,320,6.400000095367432,6.489999771118164,6.400000095367432,6.489999771118164,B_unique_word_overlap_in_mismatched_transcript,mfa_primary_unique_word_overlap_auto_qc_pass,1,1,1,1,0,1,641,649,8,8,65,65,0,0,no_visual_frame_in_interval,64,9.536743128535363e-08
-UuX1xuaiiE$_$6,20,human,321,6.489999771118164,6.679999828338623,6.489999771118164,6.679999828338623,B_unique_word_overlap_in_mismatched_transcript,mfa_primary_unique_word_overlap_auto_qc_pass,1,1,1,1,1,0,649,668,19,19,65,67,2,2,in_interval_valid_face,-1,
-UuX1xuaiiE$_$6,21,rights,322,6.679999828338623,6.929999828338623,6.679999828338623,6.929999828338623,B_unique_word_overlap_in_mismatched_transcript,mfa_primary_unique_word_overlap_auto_qc_pass,1,1,1,1,1,0,668,693,25,22,67,70,3,3,in_interval_valid_face,-1,
-UuX1xuaiiE$_$6,22,issues,323,6.929999828338623,7.420000076293945,6.929999828338623,7.420000076293945,B_unique_word_overlap_in_mismatched_transcript,mfa_primary_unique_word_overlap_auto_qc_pass,1,1,1,1,1,0,693,743,50,46,70,75,5,5,in_interval_valid_face,-1,
-a55Q6RWvTA$_$3,1,And,324,,,,,A_exact_transcript,mfa_whisper_discrepancy_over_0_5s_null_primary,1,0,0,0,0,0,-1,-1,0,0,-1,-1,0,0,no_primary_word_time,-1,
-a55Q6RWvTA$_$3,2,if,325,0.9300000071525574,1.2100000381469727,0.9300000071525574,1.2100000381469727,A_exact_transcript,mfa_primary_exact_transcript_auto_qc_pass,1,1,1,1,1,0,94,122,28,26,10,13,3,3,in_interval_valid_face,-1,
-a55Q6RWvTA$_$3,3,you,326,1.2100000381469727,1.350000023841858,1.2100000381469727,1.350000023841858,A_exact_transcript,mfa_primary_exact_transcript_auto_qc_pass,1,1,1,1,1,0,122,136,14,14,13,14,1,1,in_interval_valid_face,-1,
-a55Q6RWvTA$_$3,4,clip,327,1.350000023841858,1.7200000286102295,1.350000023841858,1.7200000286102295,A_exact_transcript,mfa_primary_exact_transcript_auto_qc_pass,1,1,1,1,1,0,136,173,37,21,14,18,4,4,in_interval_valid_face,-1,
-a55Q6RWvTA$_$3,5,coupons,328,1.7200000286102295,2.630000114440918,1.7200000286102295,2.630000114440918,A_exact_transcript,mfa_primary_exact_transcript_auto_qc_pass,1,1,1,1,1,0,173,264,91,88,18,27,9,9,in_interval_valid_face,-1,
-a55Q6RWvTA$_$3,6,if,329,2.630000114440918,2.8299999237060547,2.630000114440918,2.8299999237060547,A_exact_transcript,mfa_primary_exact_transcript_auto_qc_pass,1,1,1,1,1,0,264,283,19,17,27,29,2,2,in_interval_valid_face,-1,
-a55Q6RWvTA$_$3,7,you,330,2.8299999237060547,2.9100000858306885,2.8299999237060547,2.9100000858306885,A_exact_transcript,mfa_primary_exact_transcript_auto_qc_pass,1,1,1,1,1,0,283,292,9,9,29,30,1,1,in_interval_valid_face,-1,
-a55Q6RWvTA$_$3,8,don't,331,2.9100000858306885,3.2799999713897705,2.9100000858306885,3.2799999713897705,A_exact_transcript,mfa_primary_exact_transcript_auto_qc_pass,1,1,1,1,1,0,292,328,36,34,30,33,3,3,in_interval_valid_face,-1,
-a55Q6RWvTA$_$3,9,go,332,3.2799999713897705,3.4700000286102295,3.2799999713897705,3.4700000286102295,A_exact_transcript,mfa_primary_exact_transcript_auto_qc_pass,1,1,1,1,1,0,328,348,20,20,33,35,2,2,in_interval_valid_face,-1,
-a55Q6RWvTA$_$3,10,out,333,3.4700000286102295,3.690000057220459,3.4700000286102295,3.690000057220459,A_exact_transcript,mfa_primary_exact_transcript_auto_qc_pass,1,1,1,1,1,0,348,370,22,22,35,37,2,2,in_interval_valid_face,-1,
-a55Q6RWvTA$_$3,11,for,334,3.690000057220459,3.859999895095825,3.690000057220459,3.859999895095825,A_exact_transcript,mfa_primary_exact_transcript_auto_qc_pass,1,1,1,1,1,0,370,386,16,16,37,39,2,2,in_interval_valid_face,-1,
-a55Q6RWvTA$_$3,12,dinner,335,3.859999895095825,4.380000114440918,3.859999895095825,4.380000114440918,A_exact_transcript,mfa_primary_exact_transcript_auto_qc_pass,1,1,1,1,1,0,386,439,53,53,39,44,5,5,in_interval_valid_face,-1,
-a55Q6RWvTA$_$3,13,and,336,4.380000114440918,4.639999866485596,4.380000114440918,4.639999866485596,A_exact_transcript,mfa_primary_exact_transcript_auto_qc_pass,1,1,1,1,1,0,439,464,25,25,44,47,3,3,in_interval_valid_face,-1,
-a55Q6RWvTA$_$3,14,movies,337,4.639999866485596,5.210000038146973,4.639999866485596,5.210000038146973,A_exact_transcript,mfa_primary_exact_transcript_auto_qc_pass,1,1,1,1,1,0,464,522,58,58,47,53,6,6,in_interval_valid_face,-1,
-a55Q6RWvTA$_$3,15,and,338,5.210000038146973,5.380000114440918,5.210000038146973,5.380000114440918,A_exact_transcript,mfa_primary_exact_transcript_auto_qc_pass,1,1,1,1,1,0,522,539,17,16,53,54,1,1,in_interval_valid_face,-1,
-a55Q6RWvTA$_$3,16,things,339,5.380000114440918,5.590000152587891,5.380000114440918,5.590000152587891,A_exact_transcript,mfa_primary_exact_transcript_auto_qc_pass,1,1,1,1,1,0,539,560,21,21,54,56,2,2,in_interval_valid_face,-1,
-a55Q6RWvTA$_$3,17,of,340,5.590000152587891,5.650000095367432,5.590000152587891,5.650000095367432,A_exact_transcript,mfa_primary_exact_transcript_auto_qc_pass,1,1,1,1,1,0,560,566,6,6,56,57,1,1,in_interval_valid_face,-1,
-a55Q6RWvTA$_$3,18,that,341,5.650000095367432,5.820000171661377,5.650000095367432,5.820000171661377,A_exact_transcript,mfa_primary_exact_transcript_auto_qc_pass,1,1,1,1,1,0,566,583,17,17,57,59,2,2,in_interval_valid_face,-1,
-a55Q6RWvTA$_$3,19,nature,342,5.820000171661377,6.429999828338623,5.820000171661377,6.429999828338623,A_exact_transcript,mfa_primary_exact_transcript_auto_qc_pass,1,1,1,1,1,0,583,643,60,57,59,65,6,6,in_interval_valid_face,-1,
-a55Q6RWvTA$_$3,20,and,343,6.869999885559082,7.119999885559082,6.869999885559082,7.119999885559082,A_exact_transcript,mfa_primary_exact_transcript_auto_qc_pass,1,1,1,1,1,0,687,712,25,25,69,72,3,3,in_interval_valid_face,-1,
-a55Q6RWvTA$_$3,21,try,344,7.119999885559082,7.329999923706055,7.119999885559082,7.329999923706055,A_exact_transcript,mfa_primary_exact_transcript_auto_qc_pass,1,1,1,1,1,0,712,733,21,14,72,74,2,2,in_interval_valid_face,-1,
-a55Q6RWvTA$_$3,22,to,345,7.329999923706055,7.429999828338623,7.329999923706055,7.429999828338623,A_exact_transcript,mfa_primary_exact_transcript_auto_qc_pass,1,1,1,1,1,0,733,743,10,9,74,75,1,1,in_interval_valid_face,-1,
-a55Q6RWvTA$_$3,23,take,346,7.429999828338623,7.679999828338623,7.429999828338623,7.679999828338623,A_exact_transcript,mfa_primary_exact_transcript_auto_qc_pass,1,1,1,1,1,0,743,768,25,24,75,77,2,2,in_interval_valid_face,-1,
-a55Q6RWvTA$_$3,24,up,347,7.679999828338623,7.869999885559082,7.679999828338623,7.869999885559082,A_exact_transcript,mfa_primary_exact_transcript_auto_qc_pass,1,1,1,1,1,0,768,787,19,17,77,79,2,2,in_interval_valid_face,-1,
-a55Q6RWvTA$_$3,25,things,348,7.869999885559082,8.3100004196167,7.869999885559082,8.3100004196167,A_exact_transcript,mfa_primary_exact_transcript_auto_qc_pass,1,1,1,1,1,0,787,832,45,36,79,84,5,5,in_interval_valid_face,-1,
-a55Q6RWvTA$_$3,26,in,349,8.3100004196167,8.40999984741211,8.3100004196167,8.40999984741211,A_exact_transcript,mfa_primary_exact_transcript_auto_qc_pass,1,1,1,1,1,0,832,841,9,9,84,85,1,1,in_interval_valid_face,-1,
-a55Q6RWvTA$_$3,27,life,350,8.40999984741211,8.84000015258789,8.40999984741211,8.84000015258789,A_exact_transcript,mfa_primary_exact_transcript_auto_qc_pass,1,1,1,1,1,0,841,885,44,43,85,89,4,4,in_interval_valid_face,-1,
-a55Q6RWvTA$_$3,28,that,351,8.84000015258789,9.039999961853027,8.84000015258789,9.039999961853027,A_exact_transcript,mfa_primary_exact_transcript_auto_qc_pass,1,1,1,1,1,0,885,904,19,18,89,91,2,2,in_interval_valid_face,-1,
-a55Q6RWvTA$_$3,29,well,352,9.039999961853027,9.359999656677246,9.039999961853027,9.359999656677246,A_exact_transcript,mfa_primary_exact_transcript_auto_qc_pass,1,1,1,1,1,0,904,936,32,28,91,94,3,3,in_interval_valid_face,-1,
-a55Q6RWvTA$_$3,30,they,353,9.359999656677246,9.59000015258789,9.359999656677246,9.59000015258789,A_exact_transcript,mfa_primary_exact_transcript_auto_qc_pass,1,1,1,1,1,0,936,960,24,24,94,96,2,2,in_interval_valid_face,-1,
-a55Q6RWvTA$_$3,31,always,354,9.59000015258789,9.899999618530273,9.59000015258789,9.899999618530273,A_exact_transcript,mfa_primary_exact_transcript_auto_qc_pass,1,1,1,1,1,0,960,990,30,30,96,99,3,3,in_interval_valid_face,-1,
-a55Q6RWvTA$_$3,32,say,355,9.899999618530273,10.170000076293945,9.899999618530273,10.170000076293945,A_exact_transcript,mfa_primary_exact_transcript_auto_qc_pass,1,1,1,1,1,0,990,1018,28,21,99,102,3,3,in_interval_valid_face,-1,
-a55Q6RWvTA$_$3,33,the,356,10.170000076293945,10.270000457763672,10.170000076293945,10.270000457763672,A_exact_transcript,mfa_primary_exact_transcript_auto_qc_pass,1,1,1,1,1,0,1018,1028,10,10,102,103,1,1,in_interval_valid_face,-1,
-a55Q6RWvTA$_$3,34,best,357,10.270000457763672,10.579999923706055,10.270000457763672,10.579999923706055,A_exact_transcript,mfa_primary_exact_transcript_auto_qc_pass,1,1,1,1,1,0,1028,1058,30,25,103,106,3,3,in_interval_valid_face,-1,
-a55Q6RWvTA$_$3,35,things,358,10.579999923706055,10.800000190734863,10.579999923706055,10.800000190734863,A_exact_transcript,mfa_primary_exact_transcript_auto_qc_pass,1,1,1,1,1,0,1058,1081,23,23,106,109,3,3,in_interval_valid_face,-1,
-a55Q6RWvTA$_$3,36,in,359,10.800000190734863,10.880000114440918,10.800000190734863,10.880000114440918,A_exact_transcript,mfa_primary_exact_transcript_auto_qc_pass,1,1,1,1,0,1,1081,1089,8,8,109,109,0,0,no_visual_frame_in_interval,108,1.9073486257070726e-07
-a55Q6RWvTA$_$3,37,life,360,10.880000114440918,11.220000267028809,10.880000114440918,11.220000267028809,A_exact_transcript,mfa_primary_exact_transcript_auto_qc_pass,1,1,1,1,1,0,1089,1123,34,33,109,113,4,4,in_interval_valid_face,-1,
-a55Q6RWvTA$_$3,38,are,361,11.220000267028809,11.300000190734863,11.220000267028809,11.300000190734863,A_exact_transcript,mfa_primary_exact_transcript_auto_qc_pass,1,1,1,1,1,0,1123,1131,8,8,113,114,1,1,in_interval_valid_face,-1,
-a55Q6RWvTA$_$3,39,free,362,11.300000190734863,11.850000381469727,11.300000190734863,11.850000381469727,A_exact_transcript,mfa_primary_exact_transcript_auto_qc_pass,1,1,1,1,1,0,1131,1186,55,49,114,119,5,5,in_interval_valid_face,-1,
-a55Q6RWvTA$_$3,40,Reading,363,12.359999656677246,12.720000267028809,12.359999656677246,12.720000267028809,A_exact_transcript,mfa_primary_exact_transcript_auto_qc_pass,1,1,1,1,1,0,1236,1273,37,37,124,128,4,4,in_interval_valid_face,-1,
-a55Q6RWvTA$_$3,41,a,364,12.720000267028809,12.789999961853027,12.720000267028809,12.789999961853027,A_exact_transcript,mfa_primary_exact_transcript_auto_qc_pass,1,1,1,1,0,1,1273,1279,6,6,128,128,0,0,no_visual_frame_in_interval,128,0.010000038146973367
-a55Q6RWvTA$_$3,42,book,365,12.789999961853027,13.210000038146973,12.789999961853027,13.210000038146973,A_exact_transcript,mfa_primary_exact_transcript_auto_qc_pass,1,1,1,1,1,0,1279,1322,43,43,128,133,5,5,in_interval_valid_face,-1,
-a55Q6RWvTA$_$3,43,going,366,13.739999771118164,14.300000190734863,13.739999771118164,14.300000190734863,A_exact_transcript,mfa_primary_exact_transcript_auto_qc_pass,1,1,1,1,1,0,1374,1431,57,57,138,144,6,6,in_interval_valid_face,-1,
-a55Q6RWvTA$_$3,44,for,367,14.300000190734863,14.4399995803833,14.300000190734863,14.4399995803833,A_exact_transcript,mfa_primary_exact_transcript_auto_qc_pass,1,1,1,1,1,0,1431,1444,13,13,144,145,1,1,in_interval_valid_face,-1,
-a55Q6RWvTA$_$3,45,a,368,14.4399995803833,14.470000267028809,14.4399995803833,14.470000267028809,A_exact_transcript,mfa_primary_exact_transcript_auto_qc_pass,1,1,1,1,0,1,1444,1448,4,4,145,145,0,0,no_visual_frame_in_interval,145,0.029999732971191406
-a55Q6RWvTA$_$3,46,nice,369,14.470000267028809,14.680000305175781,14.470000267028809,14.680000305175781,A_exact_transcript,mfa_primary_exact_transcript_auto_qc_pass,1,1,1,1,1,0,1448,1469,21,21,145,147,2,2,in_interval_valid_face,-1,
-a55Q6RWvTA$_$3,47,walk,370,14.680000305175781,15.140000343322754,14.680000305175781,15.140000343322754,A_exact_transcript,mfa_primary_exact_transcript_auto_qc_pass,1,1,1,1,1,0,1469,1515,46,46,147,152,5,5,in_interval_valid_face,-1,
-a55Q6RWvTA$_$3,48,and,371,15.140000343322754,15.539999961853027,15.140000343322754,15.539999961853027,A_exact_transcript,mfa_primary_exact_transcript_auto_qc_pass,1,1,1,1,1,0,1515,1554,39,35,152,156,4,4,in_interval_valid_face,-1,
-a55Q6RWvTA$_$3,49,of,372,15.539999961853027,15.649999618530273,15.539999961853027,15.649999618530273,A_exact_transcript,mfa_primary_exact_transcript_auto_qc_pass,1,1,1,1,1,0,1554,1565,11,11,156,157,1,1,in_interval_valid_face,-1,
-a55Q6RWvTA$_$3,50,course,373,15.649999618530273,15.920000076293945,15.649999618530273,15.920000076293945,A_exact_transcript,mfa_primary_exact_transcript_auto_qc_pass,1,1,1,1,1,0,1565,1593,28,26,157,160,3,3,in_interval_valid_face,-1,
-a55Q6RWvTA$_$3,51,combining,374,15.920000076293945,16.540000915527344,15.920000076293945,16.540000915527344,A_exact_transcript,mfa_primary_exact_transcript_auto_qc_pass,1,1,1,1,1,0,1593,1655,62,60,160,166,6,6,in_interval_valid_face,-1,
-a55Q6RWvTA$_$3,52,exercise,375,16.540000915527344,17.219999313354492,16.540000915527344,17.219999313354492,A_exact_transcript,mfa_primary_exact_transcript_auto_qc_pass,1,1,1,1,1,0,1655,1722,67,54,166,173,7,7,in_interval_valid_face,-1,
-a55Q6RWvTA$_$3,53,and,376,17.219999313354492,17.329999923706055,17.219999313354492,17.329999923706055,A_exact_transcript,mfa_primary_exact_transcript_auto_qc_pass,1,1,1,1,1,0,1722,1733,11,11,173,174,1,1,in_interval_valid_face,-1,
-a55Q6RWvTA$_$3,54,various,377,17.329999923706055,17.670000076293945,17.329999923706055,17.670000076293945,A_exact_transcript,mfa_primary_exact_transcript_auto_qc_pass,1,1,1,1,1,0,1733,1768,35,30,174,177,3,3,in_interval_valid_face,-1,
-a55Q6RWvTA$_$3,55,things,378,17.670000076293945,17.8700008392334,17.670000076293945,17.8700008392334,A_exact_transcript,mfa_primary_exact_transcript_auto_qc_pass,1,1,1,1,1,0,1768,1788,20,20,177,179,2,2,in_interval_valid_face,-1,
-a55Q6RWvTA$_$3,56,of,379,17.8700008392334,17.950000762939453,17.8700008392334,17.950000762939453,A_exact_transcript,mfa_primary_exact_transcript_auto_qc_pass,1,1,1,1,1,0,1788,1796,8,8,179,180,1,1,in_interval_valid_face,-1,
-a55Q6RWvTA$_$3,57,that,380,17.950000762939453,18.110000610351562,17.950000762939453,18.110000610351562,A_exact_transcript,mfa_primary_exact_transcript_auto_qc_pass,1,1,1,1,1,0,1796,1812,16,16,180,182,2,2,in_interval_valid_face,-1,
-a55Q6RWvTA$_$3,58,nature,381,18.110000610351562,18.6299991607666,18.110000610351562,18.6299991607666,A_exact_transcript,mfa_primary_exact_transcript_auto_qc_pass,1,1,1,1,1,0,1812,1863,51,46,182,187,5,5,in_interval_valid_face,-1,
-a55Q6RWvTA$_$3,59,where,382,18.940000534057617,19.059999465942383,18.940000534057617,19.059999465942383,A_exact_transcript,mfa_primary_exact_transcript_auto_qc_pass,1,1,1,1,1,0,1895,1906,11,5,190,191,1,1,in_interval_valid_face,-1,
-a55Q6RWvTA$_$3,60,you're,383,19.059999465942383,19.170000076293945,19.059999465942383,19.170000076293945,A_exact_transcript,mfa_primary_exact_transcript_auto_qc_pass,1,1,1,1,1,0,1906,1918,12,12,191,192,1,1,in_interval_valid_face,-1,
-a55Q6RWvTA$_$3,61,not,384,19.170000076293945,19.440000534057617,19.170000076293945,19.440000534057617,A_exact_transcript,mfa_primary_exact_transcript_auto_qc_pass,1,1,1,1,1,0,1918,1945,27,26,192,195,3,3,in_interval_valid_face,-1,
-a55Q6RWvTA$_$3,62,spending,385,19.440000534057617,20.110000610351562,19.440000534057617,20.110000610351562,A_exact_transcript,mfa_primary_exact_transcript_auto_qc_pass,1,1,1,1,1,0,1945,2012,67,45,195,202,7,7,in_interval_valid_face,-1,
-a55Q6RWvTA$_$3,63,money,386,20.110000610351562,20.729999542236328,20.110000610351562,20.729999542236328,A_exact_transcript,mfa_primary_exact_transcript_auto_qc_pass,1,1,1,1,1,0,2012,2073,61,56,202,208,6,6,in_interval_valid_face,-1,
-a55Q6RWvTA$_$3,64,per,387,20.799999237060547,21.100000381469727,20.799999237060547,21.100000381469727,A_exact_transcript,mfa_primary_exact_transcript_auto_qc_pass,1,1,1,0,1,0,2080,2111,31,0,208,212,4,4,in_interval_valid_face,-1,
-a55Q6RWvTA$_$3,65,se,388,21.100000381469727,21.59000015258789,21.100000381469727,21.59000015258789,A_exact_transcript,mfa_primary_exact_transcript_auto_qc_pass,1,1,1,1,1,0,2111,2160,49,1,212,216,4,4,in_interval_valid_face,-1,
-aNfi7CP8vM$_$7,1,Maybe,389,0.5,0.7400000095367432,0.5,0.7400000095367432,A_exact_transcript,mfa_primary_exact_transcript_auto_qc_pass,1,1,1,1,1,0,50,75,25,23,5,8,3,3,in_interval_valid_face,-1,
-aNfi7CP8vM$_$7,2,they,390,0.7400000095367432,0.8899999856948853,0.7400000095367432,0.8899999856948853,A_exact_transcript,mfa_primary_exact_transcript_auto_qc_pass,1,1,1,1,1,0,75,89,14,14,8,9,1,1,in_interval_valid_face,-1,
-aNfi7CP8vM$_$7,3,have,391,0.8899999856948853,1.1100000143051147,0.8899999856948853,1.1100000143051147,A_exact_transcript,mfa_primary_exact_transcript_auto_qc_pass,1,1,1,1,1,0,89,112,23,23,9,12,3,3,in_interval_valid_face,-1,
-aNfi7CP8vM$_$7,4,no,392,1.1100000143051147,2.140000104904175,1.1100000143051147,2.140000104904175,A_exact_transcript,mfa_primary_exact_transcript_auto_qc_pass,1,1,1,1,1,0,112,215,103,98,12,22,10,10,in_interval_valid_face,-1,
-aNfi7CP8vM$_$7,5,political,393,2.1700000762939453,2.619999885559082,2.1700000762939453,2.619999885559082,A_exact_transcript,mfa_primary_exact_transcript_auto_qc_pass,1,1,1,1,1,0,218,262,44,43,22,27,5,5,in_interval_valid_face,-1,
-aNfi7CP8vM$_$7,6,party,394,2.619999885559082,3.0,2.619999885559082,3.0,A_exact_transcript,mfa_primary_exact_transcript_auto_qc_pass,1,1,1,1,1,0,262,300,38,38,27,30,3,3,in_interval_valid_face,-1,
-aNfi7CP8vM$_$7,7,affiliation,395,3.0,3.950000047683716,3.0,3.950000047683716,A_exact_transcript,mfa_primary_exact_transcript_auto_qc_pass,1,1,1,1,1,0,300,396,96,83,30,40,10,10,in_interval_valid_face,-1,
-aNfi7CP8vM$_$7,8,they're,396,4.269999980926514,4.429999828338623,4.269999980926514,4.429999828338623,A_exact_transcript,mfa_primary_exact_transcript_auto_qc_pass,1,1,1,1,1,0,427,443,16,16,43,45,2,2,in_interval_valid_face,-1,
-aNfi7CP8vM$_$7,9,not,397,4.429999828338623,4.739999771118164,4.429999828338623,4.739999771118164,A_exact_transcript,mfa_primary_exact_transcript_auto_qc_pass,1,1,1,1,1,0,443,474,31,15,45,48,3,3,in_interval_valid_face,-1,
-aNfi7CP8vM$_$7,10,interested,398,4.739999771118164,5.199999809265137,4.739999771118164,5.199999809265137,A_exact_transcript,mfa_primary_exact_transcript_auto_qc_pass,1,1,1,1,1,0,474,520,46,36,48,52,4,4,in_interval_valid_face,-1,
-aNfi7CP8vM$_$7,11,in,399,5.199999809265137,5.289999961853027,5.199999809265137,5.289999961853027,A_exact_transcript,mfa_primary_exact_transcript_auto_qc_pass,1,1,1,1,1,0,520,529,9,9,52,53,1,1,in_interval_valid_face,-1,
-aNfi7CP8vM$_$7,12,politics,400,5.289999961853027,5.96999979019165,5.289999961853027,5.96999979019165,A_exact_transcript,mfa_primary_exact_transcript_auto_qc_pass,1,1,1,1,1,0,529,597,68,67,53,60,7,7,in_interval_valid_face,-1,
-aNfi7CP8vM$_$7,13,they,401,5.96999979019165,6.130000114440918,5.96999979019165,6.130000114440918,A_exact_transcript,mfa_primary_exact_transcript_auto_qc_pass,1,1,1,1,1,0,597,614,17,10,60,62,2,2,in_interval_valid_face,-1,
-aNfi7CP8vM$_$7,14,could,402,6.130000114440918,6.300000190734863,6.130000114440918,6.300000190734863,A_exact_transcript,mfa_primary_exact_transcript_auto_qc_pass,1,1,1,1,1,0,614,631,17,14,62,64,2,2,in_interval_valid_face,-1,
-aNfi7CP8vM$_$7,15,care,403,6.300000190734863,6.519999980926514,6.300000190734863,6.519999980926514,A_exact_transcript,mfa_primary_exact_transcript_auto_qc_pass,1,1,1,1,1,0,631,652,21,18,64,66,2,2,in_interval_valid_face,-1,
-aNfi7CP8vM$_$7,16,less,404,6.519999980926514,6.860000133514404,6.519999980926514,6.860000133514404,A_exact_transcript,mfa_primary_exact_transcript_auto_qc_pass,1,1,1,1,1,0,652,687,35,14,66,69,3,3,in_interval_valid_face,-1,
-aNfi7CP8vM$_$7,17,about,405,6.860000133514404,7.159999847412109,6.860000133514404,7.159999847412109,A_exact_transcript,mfa_primary_exact_transcript_auto_qc_pass,1,1,1,0,1,0,687,716,29,0,69,72,3,3,in_interval_valid_face,-1,
-aNfi7CP8vM$_$7,18,politics,406,7.159999847412109,8.0,7.159999847412109,8.0,A_exact_transcript,mfa_primary_exact_transcript_auto_qc_pass,1,1,1,1,1,0,716,800,84,10,72,80,8,8,in_interval_valid_face,-1,
-aqamKhZ1Ec$_$0,1,In,407,0.03999999910593033,0.10000000149011612,0.03999999910593033,0.10000000149011612,B_unique_word_overlap_in_mismatched_transcript,mfa_primary_unique_word_overlap_auto_qc_pass,1,1,1,1,1,0,4,11,7,7,1,2,1,1,in_interval_valid_face,-1,
-aqamKhZ1Ec$_$0,2,2008,408,0.10000000149011612,0.9399999976158142,0.10000000149011612,0.9399999976158142,B_unique_word_overlap_in_mismatched_transcript,mfa_primary_unique_word_overlap_auto_qc_pass,1,1,1,1,1,0,11,94,83,77,2,10,8,8,in_interval_valid_face,-1,
-aqamKhZ1Ec$_$0,3,there,409,,,,,B_unique_word_overlap_in_mismatched_transcript,mfa_whisper_discrepancy_over_0_5s_null_primary,1,0,0,0,0,0,-1,-1,0,0,-1,-1,0,0,no_primary_word_time,-1,
-aqamKhZ1Ec$_$0,4,were,410,2.990000009536743,3.059999942779541,2.990000009536743,3.059999942779541,B_unique_word_overlap_in_mismatched_transcript,mfa_primary_unique_word_overlap_auto_qc_pass,1,1,1,1,1,0,300,306,6,6,30,31,1,1,in_interval_valid_face,-1,
-aqamKhZ1Ec$_$0,5,very,411,3.059999942779541,3.5199999809265137,3.059999942779541,3.5199999809265137,B_unique_word_overlap_in_mismatched_transcript,mfa_primary_unique_word_overlap_auto_qc_pass,1,1,1,1,1,0,306,352,46,46,31,36,5,5,in_interval_valid_face,-1,
-aqamKhZ1Ec$_$0,6,serious,412,3.5199999809265137,4.099999904632568,3.5199999809265137,4.099999904632568,B_unique_word_overlap_in_mismatched_transcript,mfa_primary_unique_word_overlap_auto_qc_pass,1,1,1,1,1,0,352,410,58,51,36,41,5,5,in_interval_valid_face,-1,
-aqamKhZ1Ec$_$0,7,tribal,413,4.099999904632568,4.449999809265137,4.099999904632568,4.449999809265137,B_unique_word_overlap_in_mismatched_transcript,mfa_primary_unique_word_overlap_auto_qc_pass,1,1,1,1,1,0,410,445,35,26,41,45,4,4,in_interval_valid_face,-1,
-aqamKhZ1Ec$_$0,8,warfare,414,4.769999980926514,5.210000038146973,4.769999980926514,5.210000038146973,B_unique_word_overlap_in_mismatched_transcript,mfa_primary_unique_word_overlap_auto_qc_pass,1,1,1,1,1,0,477,522,45,43,48,53,5,5,in_interval_valid_face,-1,
-aqamKhZ1Ec$_$0,9,in,415,,,,,B_unique_word_overlap_in_mismatched_transcript,mfa_whisper_discrepancy_over_0_5s_null_primary,1,0,0,0,0,0,-1,-1,0,0,-1,-1,0,0,no_primary_word_time,-1,
-aqamKhZ1Ec$_$0,10,Kenya,416,5.929999828338623,6.289999961853027,5.929999828338623,6.289999961853027,B_unique_word_overlap_in_mismatched_transcript,mfa_primary_unique_word_overlap_auto_qc_pass,1,1,1,1,1,0,593,629,36,31,60,63,3,3,in_interval_valid_face,-1,
-aqamKhZ1Ec$_$0,11,following,417,7.889999866485596,9.359999656677246,7.889999866485596,9.359999656677246,B_unique_word_overlap_in_mismatched_transcript,mfa_primary_unique_word_overlap_auto_qc_pass,1,1,1,1,1,0,789,936,147,115,79,94,15,15,in_interval_valid_face,-1,
-aqamKhZ1Ec$_$0,12,a,418,9.359999656677246,9.40999984741211,9.359999656677246,9.40999984741211,B_unique_word_overlap_in_mismatched_transcript,mfa_primary_unique_word_overlap_auto_qc_pass,1,1,1,1,1,0,936,941,5,5,94,95,1,1,in_interval_valid_face,-1,
-aqamKhZ1Ec$_$0,13,disputed,419,9.40999984741211,9.930000305175781,9.40999984741211,9.930000305175781,B_unique_word_overlap_in_mismatched_transcript,mfa_primary_unique_word_overlap_auto_qc_pass,1,1,1,1,1,0,941,994,53,41,95,100,5,5,in_interval_valid_face,-1,
-aqamKhZ1Ec$_$0,14,election,420,9.930000305175781,10.380000114440918,9.930000305175781,10.380000114440918,B_unique_word_overlap_in_mismatched_transcript,mfa_primary_unique_word_overlap_auto_qc_pass,1,1,1,1,1,0,994,1039,45,35,100,104,4,4,in_interval_valid_face,-1,
-dxfTGcXJoc$_$1,1,For,421,0.49000000953674316,0.6299999952316284,0.49000000953674316,0.6299999952316284,B_unique_word_overlap_in_mismatched_transcript,mfa_primary_unique_word_overlap_auto_qc_pass,1,1,1,1,1,0,50,63,13,13,5,7,2,2,in_interval_valid_face,-1,
-dxfTGcXJoc$_$1,2,the,422,0.6299999952316284,0.7099999785423279,0.6299999952316284,0.7099999785423279,B_unique_word_overlap_in_mismatched_transcript,mfa_primary_unique_word_overlap_auto_qc_pass,1,1,1,1,1,0,63,71,8,8,7,8,1,1,in_interval_valid_face,-1,
-dxfTGcXJoc$_$1,3,10th,423,,,,,,official_word_unmatched_or_ambiguous_in_asr,1,0,0,0,0,0,-1,-1,0,0,-1,-1,0,0,no_primary_word_time,-1,
-dxfTGcXJoc$_$1,4,straight,424,1.0399999618530273,1.4700000286102295,1.0399999618530273,1.4700000286102295,B_unique_word_overlap_in_mismatched_transcript,mfa_primary_unique_word_overlap_auto_qc_pass,1,1,1,1,1,0,104,148,44,32,11,15,4,4,in_interval_valid_face,-1,
-dxfTGcXJoc$_$1,5,year,425,1.4700000286102295,1.8200000524520874,1.4700000286102295,1.8200000524520874,B_unique_word_overlap_in_mismatched_transcript,mfa_primary_unique_word_overlap_auto_qc_pass,1,1,1,1,1,0,148,183,35,16,15,19,4,4,in_interval_valid_face,-1,
-dxfTGcXJoc$_$1,6,some,426,2.140000104904175,2.5999999046325684,2.140000104904175,2.5999999046325684,B_unique_word_overlap_in_mismatched_transcript,mfa_primary_unique_word_overlap_auto_qc_pass,1,1,1,1,1,0,215,260,45,31,22,26,4,4,in_interval_valid_face,-1,
-dxfTGcXJoc$_$1,7,of,427,2.5999999046325684,2.7300000190734863,2.5999999046325684,2.7300000190734863,B_unique_word_overlap_in_mismatched_transcript,mfa_primary_unique_word_overlap_auto_qc_pass,1,1,1,0,1,0,260,274,14,0,26,28,2,2,in_interval_valid_face,-1,
-dxfTGcXJoc$_$1,8,Kentucky's,428,2.7300000190734863,3.2699999809265137,2.7300000190734863,3.2699999809265137,B_unique_word_overlap_in_mismatched_transcript,mfa_primary_unique_word_overlap_auto_qc_pass,1,1,1,1,1,0,274,327,53,47,28,33,5,5,in_interval_valid_face,-1,
-dxfTGcXJoc$_$1,9,best,429,3.2699999809265137,3.7899999618530273,3.2699999809265137,3.7899999618530273,B_unique_word_overlap_in_mismatched_transcript,mfa_primary_unique_word_overlap_auto_qc_pass,1,1,1,1,1,0,327,379,52,12,33,38,5,5,in_interval_valid_face,-1,
-dxfTGcXJoc$_$1,10,and,430,3.8299999237060547,4.039999961853027,3.8299999237060547,4.039999961853027,B_unique_word_overlap_in_mismatched_transcript,mfa_primary_unique_word_overlap_auto_qc_pass,1,1,1,1,1,0,383,404,21,13,39,41,2,2,in_interval_valid_face,-1,
-dxfTGcXJoc$_$1,11,most,431,4.039999961853027,4.320000171661377,4.039999961853027,4.320000171661377,B_unique_word_overlap_in_mismatched_transcript,mfa_primary_unique_word_overlap_auto_qc_pass,1,1,1,1,1,0,404,433,29,20,41,44,3,3,in_interval_valid_face,-1,
-dxfTGcXJoc$_$1,12,innovative,432,4.369999885559082,4.909999847412109,4.369999885559082,4.909999847412109,B_unique_word_overlap_in_mismatched_transcript,mfa_primary_unique_word_overlap_auto_qc_pass,1,1,1,1,1,0,437,491,54,52,44,50,6,6,in_interval_valid_face,-1,
-dxfTGcXJoc$_$1,13,biotech,433,4.909999847412109,5.460000038146973,4.909999847412109,5.460000038146973,B_unique_word_overlap_in_mismatched_transcript,mfa_primary_unique_word_overlap_auto_qc_pass,1,1,1,1,1,0,491,547,56,24,50,55,5,5,in_interval_valid_face,-1,
-dxfTGcXJoc$_$1,14,companies,434,5.539999961853027,6.03000020980835,5.539999961853027,6.03000020980835,B_unique_word_overlap_in_mismatched_transcript,mfa_primary_unique_word_overlap_auto_qc_pass,1,1,1,1,1,0,554,604,50,43,56,61,5,5,in_interval_valid_face,-1,
-dxfTGcXJoc$_$1,15,and,435,6.03000020980835,6.199999809265137,6.03000020980835,6.199999809265137,B_unique_word_overlap_in_mismatched_transcript,mfa_primary_unique_word_overlap_auto_qc_pass,1,1,1,0,1,0,604,620,16,0,61,62,1,1,in_interval_valid_face,-1,
-dxfTGcXJoc$_$1,16,technologies,436,6.199999809265137,7.0,6.199999809265137,7.0,B_unique_word_overlap_in_mismatched_transcript,mfa_primary_unique_word_overlap_auto_qc_pass,1,1,1,0,1,0,620,700,80,0,62,70,8,8,in_interval_valid_face,-1,
-dxfTGcXJoc$_$1,17,were,437,7.309999942779541,7.539999961853027,7.309999942779541,7.539999961853027,B_unique_word_overlap_in_mismatched_transcript,mfa_primary_unique_word_overlap_auto_qc_pass,1,1,1,1,1,0,731,754,23,19,74,76,2,2,in_interval_valid_face,-1,
-dxfTGcXJoc$_$1,18,on,438,7.539999961853027,7.800000190734863,7.539999961853027,7.800000190734863,B_unique_word_overlap_in_mismatched_transcript,mfa_primary_unique_word_overlap_auto_qc_pass,1,1,1,1,1,0,754,781,27,12,76,79,3,3,in_interval_valid_face,-1,
-dxfTGcXJoc$_$1,19,display,439,7.800000190734863,8.550000190734863,7.800000190734863,8.550000190734863,B_unique_word_overlap_in_mismatched_transcript,mfa_primary_unique_word_overlap_auto_qc_pass,1,1,1,1,1,0,781,856,75,45,79,86,7,7,in_interval_valid_face,-1,
-dxfTGcXJoc$_$1,20,at,440,8.550000190734863,8.770000457763672,8.550000190734863,8.770000457763672,B_unique_word_overlap_in_mismatched_transcript,mfa_primary_unique_word_overlap_auto_qc_pass,1,1,1,1,1,0,856,878,22,2,86,88,2,2,in_interval_valid_face,-1,
-dxfTGcXJoc$_$1,21,the,441,8.770000457763672,8.979999542236328,8.770000457763672,8.979999542236328,B_unique_word_overlap_in_mismatched_transcript,mfa_primary_unique_word_overlap_auto_qc_pass,1,1,1,1,1,0,878,898,20,18,88,90,2,2,in_interval_valid_face,-1,
-dxfTGcXJoc$_$1,22,annual,442,8.979999542236328,9.5,8.979999542236328,9.5,B_unique_word_overlap_in_mismatched_transcript,mfa_primary_unique_word_overlap_auto_qc_pass,1,1,1,1,1,0,898,950,52,52,90,95,5,5,in_interval_valid_face,-1,
-dxfTGcXJoc$_$1,23,BIO,443,9.5600004196167,10.149999618530273,9.5600004196167,10.149999618530273,B_unique_word_overlap_in_mismatched_transcript,mfa_primary_unique_word_overlap_auto_qc_pass,1,1,1,1,1,0,957,1015,58,34,96,102,6,6,in_interval_valid_face,-1,
-dxfTGcXJoc$_$1,24,International,444,10.180000305175781,10.779999732971191,10.180000305175781,10.779999732971191,B_unique_word_overlap_in_mismatched_transcript,mfa_primary_unique_word_overlap_auto_qc_pass,1,1,1,1,1,0,1019,1078,59,59,102,108,6,6,in_interval_valid_face,-1,
-dxfTGcXJoc$_$1,25,Convention,445,10.779999732971191,11.329999923706055,10.779999732971191,11.329999923706055,B_unique_word_overlap_in_mismatched_transcript,mfa_primary_unique_word_overlap_auto_qc_pass,1,1,1,1,1,0,1078,1133,55,47,108,114,6,6,in_interval_valid_face,-1,
-dxfTGcXJoc$_$1,26,which,446,11.84000015258789,12.079999923706055,11.84000015258789,12.079999923706055,B_unique_word_overlap_in_mismatched_transcript,mfa_primary_unique_word_overlap_auto_qc_pass,1,1,1,0,1,0,1185,1208,23,0,119,121,2,2,in_interval_valid_face,-1,
-dxfTGcXJoc$_$1,27,I,447,12.130000114440918,12.489999771118164,12.130000114440918,12.489999771118164,B_unique_word_overlap_in_mismatched_transcript,mfa_primary_unique_word_overlap_auto_qc_pass,1,1,1,0,1,0,1214,1249,35,0,122,125,3,3,in_interval_valid_face,-1,
-dxfTGcXJoc$_$1,28,and,448,12.489999771118164,12.6899995803833,12.489999771118164,12.6899995803833,B_unique_word_overlap_in_mismatched_transcript,mfa_primary_unique_word_overlap_auto_qc_pass,1,1,1,0,1,0,1249,1269,20,0,125,127,2,2,in_interval_valid_face,-1,
-dxfTGcXJoc$_$1,29,other,449,12.6899995803833,12.949999809265137,12.6899995803833,12.949999809265137,B_unique_word_overlap_in_mismatched_transcript,mfa_primary_unique_word_overlap_auto_qc_pass,1,1,1,0,1,0,1269,1295,26,0,127,130,3,3,in_interval_valid_face,-1,
-dxfTGcXJoc$_$1,30,state,450,12.949999809265137,13.210000038146973,12.949999809265137,13.210000038146973,B_unique_word_overlap_in_mismatched_transcript,mfa_primary_unique_word_overlap_auto_qc_pass,1,1,1,0,1,0,1295,1322,27,0,130,133,3,3,in_interval_valid_face,-1,
-dxfTGcXJoc$_$1,31,officials,451,13.210000038146973,13.710000038146973,13.210000038146973,13.710000038146973,B_unique_word_overlap_in_mismatched_transcript,mfa_primary_unique_word_overlap_auto_qc_pass,1,1,1,1,1,0,1322,1372,50,21,133,138,5,5,in_interval_valid_face,-1,
-dxfTGcXJoc$_$1,32,attended,452,13.710000038146973,14.170000076293945,13.710000038146973,14.170000076293945,B_unique_word_overlap_in_mismatched_transcript,mfa_primary_unique_word_overlap_auto_qc_pass,1,1,1,1,1,0,1372,1418,46,19,138,142,4,4,in_interval_valid_face,-1,
-dxfTGcXJoc$_$1,33,this,453,14.170000076293945,14.380000114440918,14.170000076293945,14.380000114440918,B_unique_word_overlap_in_mismatched_transcript,mfa_primary_unique_word_overlap_auto_qc_pass,1,1,1,1,1,0,1418,1439,21,20,142,144,2,2,in_interval_valid_face,-1,
-dxfTGcXJoc$_$1,34,week,454,14.380000114440918,14.729999542236328,14.380000114440918,14.729999542236328,B_unique_word_overlap_in_mismatched_transcript,mfa_primary_unique_word_overlap_auto_qc_pass,1,1,1,1,1,0,1439,1473,34,28,144,148,4,4,in_interval_valid_face,-1,
-dxfTGcXJoc$_$1,35,in,455,14.779999732971191,14.920000076293945,14.779999732971191,14.920000076293945,B_unique_word_overlap_in_mismatched_transcript,mfa_primary_unique_word_overlap_auto_qc_pass,1,1,1,1,1,0,1478,1493,15,15,148,150,2,2,in_interval_valid_face,-1,
-dxfTGcXJoc$_$1,36,Chicago,456,14.920000076293945,15.520000457763672,14.920000076293945,15.520000457763672,B_unique_word_overlap_in_mismatched_transcript,mfa_primary_unique_word_overlap_auto_qc_pass,1,1,1,1,1,0,1493,1553,60,46,150,156,6,6,in_interval_valid_face,-1,
-dxfTGcXJoc$_$0,1,This,457,,,,,,mfa_alignment_output_missing,1,0,0,0,0,0,-1,-1,0,0,-1,-1,0,0,no_primary_word_time,-1,
-dxfTGcXJoc$_$0,2,is,458,,,,,,mfa_alignment_output_missing,1,0,0,0,0,0,-1,-1,0,0,-1,-1,0,0,no_primary_word_time,-1,
-dxfTGcXJoc$_$0,3,Governor,459,,,,,,mfa_alignment_output_missing,1,0,0,0,0,0,-1,-1,0,0,-1,-1,0,0,no_primary_word_time,-1,
-dxfTGcXJoc$_$0,4,Steve,460,,,,,,mfa_alignment_output_missing,1,0,0,0,0,0,-1,-1,0,0,-1,-1,0,0,no_primary_word_time,-1,
-dxfTGcXJoc$_$0,5,Beshear,461,,,,,,mfa_alignment_output_missing,1,0,0,0,0,0,-1,-1,0,0,-1,-1,0,0,no_primary_word_time,-1,
-dxfTGcXJoc$_$0,6,About,462,,,,,,mfa_alignment_output_missing,1,0,0,0,0,0,-1,-1,0,0,-1,-1,0,0,no_primary_word_time,-1,
-dxfTGcXJoc$_$0,7,Kentucky,463,,,,,,mfa_alignment_output_missing,1,0,0,0,0,0,-1,-1,0,0,-1,-1,0,0,no_primary_word_time,-1,
-dxfTGcXJoc$_$0,8,Our,464,,,,,,mfa_alignment_output_missing,1,0,0,0,0,0,-1,-1,0,0,-1,-1,0,0,no_primary_word_time,-1,
-dxfTGcXJoc$_$0,9,state,465,,,,,,mfa_alignment_output_missing,1,0,0,0,0,0,-1,-1,0,0,-1,-1,0,0,no_primary_word_time,-1,
-dxfTGcXJoc$_$0,10,is,466,,,,,,mfa_alignment_output_missing,1,0,0,0,0,0,-1,-1,0,0,-1,-1,0,0,no_primary_word_time,-1,
-dxfTGcXJoc$_$0,11,home,467,,,,,,mfa_alignment_output_missing,1,0,0,0,0,0,-1,-1,0,0,-1,-1,0,0,no_primary_word_time,-1,
-dxfTGcXJoc$_$0,12,to,468,,,,,,mfa_alignment_output_missing,1,0,0,0,0,0,-1,-1,0,0,-1,-1,0,0,no_primary_word_time,-1,
-dxfTGcXJoc$_$0,13,more,469,,,,,,mfa_alignment_output_missing,1,0,0,0,0,0,-1,-1,0,0,-1,-1,0,0,no_primary_word_time,-1,
-dxfTGcXJoc$_$0,14,than,470,,,,,,mfa_alignment_output_missing,1,0,0,0,0,0,-1,-1,0,0,-1,-1,0,0,no_primary_word_time,-1,
-dxfTGcXJoc$_$0,15,1,471,,,,,,mfa_alignment_output_missing,1,0,0,0,0,0,-1,-1,0,0,-1,-1,0,0,no_primary_word_time,-1,
-dxfTGcXJoc$_$0,16,500,472,,,,,,mfa_alignment_output_missing,1,0,0,0,0,0,-1,-1,0,0,-1,-1,0,0,no_primary_word_time,-1,
-dxfTGcXJoc$_$0,17,bioscience,473,,,,,,mfa_alignment_output_missing,1,0,0,0,0,0,-1,-1,0,0,-1,-1,0,0,no_primary_word_time,-1,
-dxfTGcXJoc$_$0,18,and,474,,,,,,mfa_alignment_output_missing,1,0,0,0,0,0,-1,-1,0,0,-1,-1,0,0,no_primary_word_time,-1,
-dxfTGcXJoc$_$0,19,lifescience,475,,,,,,mfa_alignment_output_missing,1,0,0,0,0,0,-1,-1,0,0,-1,-1,0,0,no_primary_word_time,-1,
-dxfTGcXJoc$_$0,20,companies,476,,,,,,mfa_alignment_output_missing,1,0,0,0,0,0,-1,-1,0,0,-1,-1,0,0,no_primary_word_time,-1,
-dxfTGcXJoc$_$0,21,and,477,,,,,,mfa_alignment_output_missing,1,0,0,0,0,0,-1,-1,0,0,-1,-1,0,0,no_primary_word_time,-1,
-dxfTGcXJoc$_$0,22,more,478,,,,,,mfa_alignment_output_missing,1,0,0,0,0,0,-1,-1,0,0,-1,-1,0,0,no_primary_word_time,-1,
-dxfTGcXJoc$_$0,23,than,479,,,,,,mfa_alignment_output_missing,1,0,0,0,0,0,-1,-1,0,0,-1,-1,0,0,no_primary_word_time,-1,
-dxfTGcXJoc$_$0,24,100,480,,,,,,mfa_alignment_output_missing,1,0,0,0,0,0,-1,-1,0,0,-1,-1,0,0,no_primary_word_time,-1,
-dxfTGcXJoc$_$0,25,000,481,,,,,,mfa_alignment_output_missing,1,0,0,0,0,0,-1,-1,0,0,-1,-1,0,0,no_primary_word_time,-1,
-dxfTGcXJoc$_$0,26,people,482,,,,,,mfa_alignment_output_missing,1,0,0,0,0,0,-1,-1,0,0,-1,-1,0,0,no_primary_word_time,-1,
-dxfTGcXJoc$_$0,27,who,483,,,,,,mfa_alignment_output_missing,1,0,0,0,0,0,-1,-1,0,0,-1,-1,0,0,no_primary_word_time,-1,
-dxfTGcXJoc$_$0,28,work,484,,,,,,mfa_alignment_output_missing,1,0,0,0,0,0,-1,-1,0,0,-1,-1,0,0,no_primary_word_time,-1,
-dxfTGcXJoc$_$0,29,for,485,,,,,,mfa_alignment_output_missing,1,0,0,0,0,0,-1,-1,0,0,-1,-1,0,0,no_primary_word_time,-1,
-dxfTGcXJoc$_$0,30,these,486,,,,,,mfa_alignment_output_missing,1,0,0,0,0,0,-1,-1,0,0,-1,-1,0,0,no_primary_word_time,-1,
-dxfTGcXJoc$_$0,31,firms,487,,,,,,mfa_alignment_output_missing,1,0,0,0,0,0,-1,-1,0,0,-1,-1,0,0,no_primary_word_time,-1,
-dxfTGcXJoc$_$0,32,in,488,,,,,,mfa_alignment_output_missing,1,0,0,0,0,0,-1,-1,0,0,-1,-1,0,0,no_primary_word_time,-1,
-dxfTGcXJoc$_$0,33,areas,489,,,,,,mfa_alignment_output_missing,1,0,0,0,0,0,-1,-1,0,0,-1,-1,0,0,no_primary_word_time,-1,
-dxfTGcXJoc$_$0,34,from,490,,,,,,mfa_alignment_output_missing,1,0,0,0,0,0,-1,-1,0,0,-1,-1,0,0,no_primary_word_time,-1,
-dxfTGcXJoc$_$0,35,nutrigenomics,491,,,,,,mfa_alignment_output_missing,1,0,0,0,0,0,-1,-1,0,0,-1,-1,0,0,no_primary_word_time,-1,
-dxfTGcXJoc$_$0,36,and,492,,,,,,mfa_alignment_output_missing,1,0,0,0,0,0,-1,-1,0,0,-1,-1,0,0,no_primary_word_time,-1,
-dxfTGcXJoc$_$0,37,pharmaceuticals,493,,,,,,mfa_alignment_output_missing,1,0,0,0,0,0,-1,-1,0,0,-1,-1,0,0,no_primary_word_time,-1,
-dxfTGcXJoc$_$0,38,to,494,,,,,,mfa_alignment_output_missing,1,0,0,0,0,0,-1,-1,0,0,-1,-1,0,0,no_primary_word_time,-1,
-dxfTGcXJoc$_$0,39,nanotechnology,495,,,,,,mfa_alignment_output_missing,1,0,0,0,0,0,-1,-1,0,0,-1,-1,0,0,no_primary_word_time,-1,
-dxfTGcXJoc$_$0,40,and,496,,,,,,mfa_alignment_output_missing,1,0,0,0,0,0,-1,-1,0,0,-1,-1,0,0,no_primary_word_time,-1,
-dxfTGcXJoc$_$0,41,medical,497,,,,,,mfa_alignment_output_missing,1,0,0,0,0,0,-1,-1,0,0,-1,-1,0,0,no_primary_word_time,-1,
-dxfTGcXJoc$_$0,42,devices,498,,,,,,mfa_alignment_output_missing,1,0,0,0,0,0,-1,-1,0,0,-1,-1,0,0,no_primary_word_time,-1,
-dxfTGcXJoc$_$2,1,An,499,,,,,A_exact_transcript,mfa_whisper_discrepancy_over_0_5s_null_primary,1,0,0,0,0,0,-1,-1,0,0,-1,-1,0,0,no_primary_word_time,-1,
-dxfTGcXJoc$_$2,2,estimated,500,0.6600000262260437,1.350000023841858,0.6600000262260437,1.350000023841858,A_exact_transcript,mfa_primary_exact_transcript_auto_qc_pass,1,1,1,1,1,0,67,136,69,59,7,14,7,7,in_interval_valid_face,-1,
-dxfTGcXJoc$_$2,3,20,501,1.350000023841858,1.649999976158142,1.350000023841858,1.649999976158142,A_exact_transcript,mfa_primary_exact_transcript_auto_qc_pass,1,1,1,1,1,0,136,165,29,12,14,17,3,3,in_interval_valid_face,-1,
-dxfTGcXJoc$_$2,4,000,502,1.649999976158142,2.259999990463257,1.649999976158142,2.259999990463257,A_exact_transcript,mfa_primary_exact_transcript_auto_qc_pass,1,1,1,1,1,0,165,226,61,60,17,23,6,6,in_interval_valid_face,-1,
-dxfTGcXJoc$_$2,5,biotech,503,2.259999990463257,2.950000047683716,2.259999990463257,2.950000047683716,A_exact_transcript,mfa_primary_exact_transcript_auto_qc_pass,1,1,1,1,1,0,226,296,70,43,23,30,7,7,in_interval_valid_face,-1,
-dxfTGcXJoc$_$2,6,scientists,504,2.950000047683716,3.700000047683716,2.950000047683716,3.700000047683716,A_exact_transcript,mfa_primary_exact_transcript_auto_qc_pass,1,1,1,1,1,0,296,371,75,49,30,38,8,8,in_interval_valid_face,-1,
-dxfTGcXJoc$_$2,7,executives,505,3.819999933242798,4.599999904632568,3.819999933242798,4.599999904632568,A_exact_transcript,mfa_primary_exact_transcript_auto_qc_pass,1,1,1,1,1,0,382,460,78,58,39,46,7,7,in_interval_valid_face,-1,
-dxfTGcXJoc$_$2,8,and,506,4.599999904632568,4.889999866485596,4.599999904632568,4.889999866485596,A_exact_transcript,mfa_primary_exact_transcript_auto_qc_pass,1,1,1,1,1,0,460,489,29,25,46,49,3,3,in_interval_valid_face,-1,
-dxfTGcXJoc$_$2,9,industry,507,4.949999809265137,5.489999771118164,4.949999809265137,5.489999771118164,A_exact_transcript,mfa_primary_exact_transcript_auto_qc_pass,1,1,1,1,1,0,495,549,54,44,50,55,5,5,in_interval_valid_face,-1,
-dxfTGcXJoc$_$2,10,experts,508,5.489999771118164,6.099999904632568,5.489999771118164,6.099999904632568,A_exact_transcript,mfa_primary_exact_transcript_auto_qc_pass,1,1,1,0,1,0,549,610,61,0,55,61,6,6,in_interval_valid_face,-1,
-dxfTGcXJoc$_$2,11,from,509,6.360000133514404,6.570000171661377,6.360000133514404,6.570000171661377,A_exact_transcript,mfa_primary_exact_transcript_auto_qc_pass,1,1,1,0,1,0,637,658,21,0,64,66,2,2,in_interval_valid_face,-1,
-dxfTGcXJoc$_$2,12,more,510,6.570000171661377,6.78000020980835,6.570000171661377,6.78000020980835,A_exact_transcript,mfa_primary_exact_transcript_auto_qc_pass,1,1,1,1,1,0,658,679,21,18,66,68,2,2,in_interval_valid_face,-1,
-dxfTGcXJoc$_$2,13,than,511,6.78000020980835,6.940000057220459,6.78000020980835,6.940000057220459,A_exact_transcript,mfa_primary_exact_transcript_auto_qc_pass,1,1,1,1,1,0,679,695,16,16,68,70,2,2,in_interval_valid_face,-1,
-dxfTGcXJoc$_$2,14,50,512,6.940000057220459,7.309999942779541,6.940000057220459,7.309999942779541,A_exact_transcript,mfa_primary_exact_transcript_auto_qc_pass,1,1,1,1,1,0,695,731,36,34,70,74,4,4,in_interval_valid_face,-1,
-dxfTGcXJoc$_$2,15,nations,513,7.309999942779541,7.849999904632568,7.309999942779541,7.849999904632568,A_exact_transcript,mfa_primary_exact_transcript_auto_qc_pass,1,1,1,1,1,0,731,785,54,41,74,79,5,5,in_interval_valid_face,-1,
-dxfTGcXJoc$_$2,16,were,514,8.0600004196167,8.239999771118164,8.0600004196167,8.239999771118164,A_exact_transcript,mfa_primary_exact_transcript_auto_qc_pass,1,1,1,0,1,0,807,824,17,0,81,83,2,2,in_interval_valid_face,-1,
-dxfTGcXJoc$_$2,17,at,515,8.270000457763672,8.520000457763672,8.270000457763672,8.520000457763672,A_exact_transcript,mfa_primary_exact_transcript_auto_qc_pass,1,1,1,0,1,0,828,853,25,0,83,86,3,3,in_interval_valid_face,-1,
-dxfTGcXJoc$_$2,18,the,516,8.520000457763672,8.600000381469727,8.520000457763672,8.600000381469727,A_exact_transcript,mfa_primary_exact_transcript_auto_qc_pass,1,1,1,0,1,0,853,861,8,0,86,87,1,1,in_interval_valid_face,-1,
-dxfTGcXJoc$_$2,19,BIO,517,8.600000381469727,8.979999542236328,8.600000381469727,8.979999542236328,A_exact_transcript,mfa_primary_exact_transcript_auto_qc_pass,1,1,1,1,1,0,861,898,37,9,87,90,3,3,in_interval_valid_face,-1,
-dxfTGcXJoc$_$2,20,conference,518,8.979999542236328,9.5600004196167,8.979999542236328,9.5600004196167,A_exact_transcript,mfa_primary_exact_transcript_auto_qc_pass,1,1,1,1,1,0,898,957,59,48,90,96,6,6,in_interval_valid_face,-1,
-dxfTGcXJoc$_$2,21,to,519,9.5600004196167,9.6899995803833,9.5600004196167,9.6899995803833,A_exact_transcript,mfa_primary_exact_transcript_auto_qc_pass,1,1,1,0,1,0,957,969,12,0,96,97,1,1,in_interval_valid_face,-1,
-dxfTGcXJoc$_$2,22,learn,520,9.6899995803833,10.130000114440918,9.6899995803833,10.130000114440918,A_exact_transcript,mfa_primary_exact_transcript_auto_qc_pass,1,1,1,1,1,0,969,1014,45,28,97,102,5,5,in_interval_valid_face,-1,
-dxfTGcXJoc$_$2,23,about,521,10.130000114440918,10.4399995803833,10.130000114440918,10.4399995803833,A_exact_transcript,mfa_primary_exact_transcript_auto_qc_pass,1,1,1,0,1,0,1014,1044,30,0,102,105,3,3,in_interval_valid_face,-1,
-dxfTGcXJoc$_$2,24,the,522,10.4399995803833,10.520000457763672,10.4399995803833,10.520000457763672,A_exact_transcript,mfa_primary_exact_transcript_auto_qc_pass,1,1,1,0,1,0,1044,1053,9,0,105,106,1,1,in_interval_valid_face,-1,
-dxfTGcXJoc$_$2,25,latest,523,10.520000457763672,10.949999809265137,10.520000457763672,10.949999809265137,A_exact_transcript,mfa_primary_exact_transcript_auto_qc_pass,1,1,1,1,1,0,1053,1095,42,27,106,110,4,4,in_interval_valid_face,-1,
-dxfTGcXJoc$_$2,26,scientific,524,10.949999809265137,11.470000267028809,10.949999809265137,11.470000267028809,A_exact_transcript,mfa_primary_exact_transcript_auto_qc_pass,1,1,1,1,1,0,1095,1148,53,51,110,115,5,5,in_interval_valid_face,-1,
-dxfTGcXJoc$_$2,27,advances,525,11.470000267028809,12.170000076293945,11.470000267028809,12.170000076293945,A_exact_transcript,mfa_primary_exact_transcript_auto_qc_pass,1,1,1,1,1,0,1148,1218,70,41,115,122,7,7,in_interval_valid_face,-1,
-dxfTGcXJoc$_$2,28,and,526,,,,,A_exact_transcript,mfa_whisper_discrepancy_over_0_5s_null_primary,1,0,0,0,0,0,-1,-1,0,0,-1,-1,0,0,no_primary_word_time,-1,
-dxfTGcXJoc$_$2,29,to,527,12.670000076293945,12.75,12.670000076293945,12.75,A_exact_transcript,mfa_primary_exact_transcript_auto_qc_pass,1,1,1,0,1,0,1268,1275,7,0,127,128,1,1,in_interval_valid_face,-1,
-dxfTGcXJoc$_$2,30,exchange,528,12.75,13.359999656677246,12.75,13.359999656677246,A_exact_transcript,mfa_primary_exact_transcript_auto_qc_pass,1,1,1,0,1,0,1275,1336,61,0,128,134,6,6,in_interval_valid_face,-1,
-dxfTGcXJoc$_$2,31,ideas,529,13.359999656677246,14.020000457763672,13.359999656677246,14.020000457763672,A_exact_transcript,mfa_primary_exact_transcript_auto_qc_pass,1,1,1,1,1,0,1336,1403,67,46,134,141,7,7,in_interval_valid_face,-1,
-dxfTGcXJoc$_$2,32,and,530,14.15999984741211,14.289999961853027,14.15999984741211,14.289999961853027,A_exact_transcript,mfa_primary_exact_transcript_auto_qc_pass,1,1,1,1,1,0,1416,1429,13,6,142,143,1,1,in_interval_valid_face,-1,
-dxfTGcXJoc$_$2,33,establish,531,14.289999961853027,14.789999961853027,14.289999961853027,14.789999961853027,A_exact_transcript,mfa_primary_exact_transcript_auto_qc_pass,1,1,1,1,1,0,1429,1479,50,35,143,148,5,5,in_interval_valid_face,-1,
-dxfTGcXJoc$_$2,34,business,532,14.789999961853027,15.239999771118164,14.789999961853027,15.239999771118164,A_exact_transcript,mfa_primary_exact_transcript_auto_qc_pass,1,1,1,1,1,0,1479,1524,45,39,148,153,5,5,in_interval_valid_face,-1,
-dxfTGcXJoc$_$2,35,relationships,533,15.239999771118164,16.110000610351562,15.239999771118164,16.110000610351562,A_exact_transcript,mfa_primary_exact_transcript_auto_qc_pass,1,1,1,1,1,0,1524,1612,88,45,153,162,9,9,in_interval_valid_face,-1,
-dxfTGcXJoc$_$6,1,Kentucky's,534,0.4099999964237213,0.9100000262260437,0.4099999964237213,0.9100000262260437,A_exact_transcript,mfa_primary_exact_transcript_auto_qc_pass,1,1,1,0,1,0,41,92,51,0,5,10,5,5,in_interval_valid_face,-1,
-dxfTGcXJoc$_$6,2,participation,535,0.9100000262260437,1.840000033378601,0.9100000262260437,1.840000033378601,A_exact_transcript,mfa_primary_exact_transcript_auto_qc_pass,1,1,1,1,1,0,92,185,93,52,10,19,9,9,in_interval_valid_face,-1,
-dxfTGcXJoc$_$6,3,at,536,1.840000033378601,2.0,1.840000033378601,2.0,A_exact_transcript,mfa_primary_exact_transcript_auto_qc_pass,1,1,1,1,1,0,185,200,15,13,19,20,1,1,in_interval_valid_face,-1,
-dxfTGcXJoc$_$6,4,the,537,2.0,2.2100000381469727,2.0,2.2100000381469727,A_exact_transcript,mfa_primary_exact_transcript_auto_qc_pass,1,1,1,1,1,0,200,222,22,21,20,23,3,3,in_interval_valid_face,-1,
-dxfTGcXJoc$_$6,5,annual,538,2.2100000381469727,2.6500000953674316,2.2100000381469727,2.6500000953674316,A_exact_transcript,mfa_primary_exact_transcript_auto_qc_pass,1,1,1,1,1,0,222,266,44,26,23,27,4,4,in_interval_valid_face,-1,
-dxfTGcXJoc$_$6,6,BIO,539,2.6500000953674316,3.119999885559082,2.6500000953674316,3.119999885559082,A_exact_transcript,mfa_primary_exact_transcript_auto_qc_pass,1,1,1,1,1,0,266,312,46,22,27,32,5,5,in_interval_valid_face,-1,
-dxfTGcXJoc$_$6,7,International,540,3.119999885559082,3.7200000286102295,3.119999885559082,3.7200000286102295,A_exact_transcript,mfa_primary_exact_transcript_auto_qc_pass,1,1,1,1,1,0,312,373,61,55,32,38,6,6,in_interval_valid_face,-1,
-dxfTGcXJoc$_$6,8,Convention,541,3.7200000286102295,4.340000152587891,3.7200000286102295,4.340000152587891,A_exact_transcript,mfa_primary_exact_transcript_auto_qc_pass,1,1,1,1,1,0,373,435,62,20,38,44,6,6,in_interval_valid_face,-1,
-dxfTGcXJoc$_$6,9,is,542,,,,,A_exact_transcript,mfa_whisper_discrepancy_over_0_5s_null_primary,1,0,0,0,0,0,-1,-1,0,0,-1,-1,0,0,no_primary_word_time,-1,
-dxfTGcXJoc$_$6,10,the,543,4.980000019073486,5.119999885559082,4.980000019073486,5.119999885559082,A_exact_transcript,mfa_primary_exact_transcript_auto_qc_pass,1,1,1,0,1,0,499,512,13,0,50,52,2,2,in_interval_valid_face,-1,
-dxfTGcXJoc$_$6,11,primary,544,5.119999885559082,5.71999979019165,5.119999885559082,5.71999979019165,A_exact_transcript,mfa_primary_exact_transcript_auto_qc_pass,1,1,1,1,1,0,512,572,60,45,52,58,6,6,in_interval_valid_face,-1,
-dxfTGcXJoc$_$6,12,means,545,5.71999979019165,6.210000038146973,5.71999979019165,6.210000038146973,A_exact_transcript,mfa_primary_exact_transcript_auto_qc_pass,1,1,1,1,1,0,572,622,50,43,58,63,5,5,in_interval_valid_face,-1,
-dxfTGcXJoc$_$6,13,by,546,6.210000038146973,6.409999847412109,6.210000038146973,6.409999847412109,A_exact_transcript,mfa_primary_exact_transcript_auto_qc_pass,1,1,1,0,1,0,622,641,19,0,63,65,2,2,in_interval_valid_face,-1,
-dxfTGcXJoc$_$6,14,which,547,6.409999847412109,6.75,6.409999847412109,6.75,A_exact_transcript,mfa_primary_exact_transcript_auto_qc_pass,1,1,1,0,1,0,641,675,34,0,65,68,3,3,in_interval_valid_face,-1,
-dxfTGcXJoc$_$6,15,our,548,6.829999923706055,7.159999847412109,6.829999923706055,7.159999847412109,A_exact_transcript,mfa_primary_exact_transcript_auto_qc_pass,1,1,1,0,1,0,683,716,33,0,69,72,3,3,in_interval_valid_face,-1,
-dxfTGcXJoc$_$6,16,high,549,7.159999847412109,7.380000114440918,7.159999847412109,7.380000114440918,A_exact_transcript,mfa_primary_exact_transcript_auto_qc_pass,1,1,1,0,1,0,716,739,23,0,72,74,2,2,in_interval_valid_face,-1,
-dxfTGcXJoc$_$6,17,tech,550,7.380000114440918,7.71999979019165,7.380000114440918,7.71999979019165,A_exact_transcript,mfa_primary_exact_transcript_auto_qc_pass,1,1,1,0,1,0,739,772,33,0,74,78,4,4,in_interval_valid_face,-1,
-dxfTGcXJoc$_$6,18,companies,551,7.71999979019165,8.239999771118164,7.71999979019165,8.239999771118164,A_exact_transcript,mfa_primary_exact_transcript_auto_qc_pass,1,1,1,1,1,0,772,824,52,18,78,83,5,5,in_interval_valid_face,-1,
-dxfTGcXJoc$_$6,19,and,552,8.239999771118164,8.380000114440918,8.239999771118164,8.380000114440918,A_exact_transcript,mfa_primary_exact_transcript_auto_qc_pass,1,1,1,1,1,0,824,839,15,12,83,84,1,1,in_interval_valid_face,-1,
-dxfTGcXJoc$_$6,20,institutions,553,8.380000114440918,9.220000267028809,8.380000114440918,9.220000267028809,A_exact_transcript,mfa_primary_exact_transcript_auto_qc_pass,1,1,1,1,1,0,839,923,84,70,84,93,9,9,in_interval_valid_face,-1,
-dxfTGcXJoc$_$6,21,can,554,9.359999656677246,9.59000015258789,9.359999656677246,9.59000015258789,A_exact_transcript,mfa_primary_exact_transcript_auto_qc_pass,1,1,1,1,1,0,936,960,24,24,94,96,2,2,in_interval_valid_face,-1,
-dxfTGcXJoc$_$6,22,reach,555,9.59000015258789,9.880000114440918,9.59000015258789,9.880000114440918,A_exact_transcript,mfa_primary_exact_transcript_auto_qc_pass,1,1,1,0,1,0,960,989,29,0,96,99,3,3,in_interval_valid_face,-1,
-dxfTGcXJoc$_$6,23,out,556,9.880000114440918,10.260000228881836,9.880000114440918,10.260000228881836,A_exact_transcript,mfa_primary_exact_transcript_auto_qc_pass,1,1,1,0,1,0,989,1027,38,0,99,103,4,4,in_interval_valid_face,-1,
-dxfTGcXJoc$_$6,24,to,557,10.260000228881836,10.350000381469727,10.260000228881836,10.350000381469727,A_exact_transcript,mfa_primary_exact_transcript_auto_qc_pass,1,1,1,0,1,0,1027,1036,9,0,103,104,1,1,in_interval_valid_face,-1,
-dxfTGcXJoc$_$6,25,the,558,10.350000381469727,10.470000267028809,10.350000381469727,10.470000267028809,A_exact_transcript,mfa_primary_exact_transcript_auto_qc_pass,1,1,1,1,1,0,1036,1048,12,11,104,105,1,1,in_interval_valid_face,-1,
-dxfTGcXJoc$_$6,26,global,559,10.470000267028809,10.930000305175781,10.470000267028809,10.930000305175781,A_exact_transcript,mfa_primary_exact_transcript_auto_qc_pass,1,1,1,1,1,0,1048,1094,46,36,105,110,5,5,in_interval_valid_face,-1,
-dxfTGcXJoc$_$6,27,scientific,560,10.930000305175781,11.579999923706055,10.930000305175781,11.579999923706055,A_exact_transcript,mfa_primary_exact_transcript_auto_qc_pass,1,1,1,1,1,0,1094,1158,64,48,110,116,6,6,in_interval_valid_face,-1,
-dxfTGcXJoc$_$6,28,community,561,11.579999923706055,12.119999885559082,11.579999923706055,12.119999885559082,A_exact_transcript,mfa_primary_exact_transcript_auto_qc_pass,1,1,1,1,1,0,1158,1212,54,45,116,122,6,6,in_interval_valid_face,-1,
-egA8-b7-3M$_$26,1,We're,562,,,,,,official_word_unmatched_or_ambiguous_in_asr,1,0,0,0,0,0,-1,-1,0,0,-1,-1,0,0,no_primary_word_time,-1,
-egA8-b7-3M$_$26,2,updating,563,0.6499999761581421,0.8999999761581421,0.6499999761581421,0.8999999761581421,B_unique_word_overlap_in_mismatched_transcript,mfa_primary_unique_word_overlap_auto_qc_pass,1,1,1,1,1,0,65,90,25,13,7,9,2,2,in_interval_valid_face,-1,
-egA8-b7-3M$_$26,3,it,564,0.8999999761581421,1.2899999618530273,0.8999999761581421,1.2899999618530273,B_unique_word_overlap_in_mismatched_transcript,mfa_primary_unique_word_overlap_auto_qc_pass,1,1,1,1,1,0,90,129,39,39,9,13,4,4,in_interval_valid_face,-1,
-egA8-b7-3M$_$26,4,all,565,1.2899999618530273,1.5399999618530273,1.2899999618530273,1.5399999618530273,B_unique_word_overlap_in_mismatched_transcript,mfa_primary_unique_word_overlap_auto_qc_pass,1,1,1,1,1,0,129,154,25,21,13,16,3,3,in_interval_valid_face,-1,
-egA8-b7-3M$_$26,5,the,566,1.5399999618530273,1.6399999856948853,1.5399999618530273,1.6399999856948853,B_unique_word_overlap_in_mismatched_transcript,mfa_primary_unique_word_overlap_auto_qc_pass,1,1,1,1,1,0,154,164,10,10,16,17,1,1,in_interval_valid_face,-1,
-egA8-b7-3M$_$26,6,time,567,1.6399999856948853,2.119999885559082,1.6399999856948853,2.119999885559082,B_unique_word_overlap_in_mismatched_transcript,mfa_primary_unique_word_overlap_auto_qc_pass,1,1,1,1,1,0,164,212,48,48,17,22,5,5,in_interval_valid_face,-1,
-egA8-b7-3M$_$26,7,and,568,2.450000047683716,2.609999895095825,2.450000047683716,2.609999895095825,B_unique_word_overlap_in_mismatched_transcript,mfa_primary_unique_word_overlap_auto_qc_pass,1,1,1,1,1,0,246,261,15,15,25,27,2,2,in_interval_valid_face,-1,
-egA8-b7-3M$_$26,8,looking,569,2.609999895095825,2.9200000762939453,2.609999895095825,2.9200000762939453,B_unique_word_overlap_in_mismatched_transcript,mfa_primary_unique_word_overlap_auto_qc_pass,1,1,1,1,1,0,261,293,32,32,27,30,3,3,in_interval_valid_face,-1,
-egA8-b7-3M$_$26,9,forward,570,2.9200000762939453,3.3399999141693115,2.9200000762939453,3.3399999141693115,B_unique_word_overlap_in_mismatched_transcript,mfa_primary_unique_word_overlap_auto_qc_pass,1,1,1,1,1,0,293,334,41,41,30,34,4,4,in_interval_valid_face,-1,
-egA8-b7-3M$_$26,10,to,571,3.3399999141693115,3.4600000381469727,3.3399999141693115,3.4600000381469727,B_unique_word_overlap_in_mismatched_transcript,mfa_primary_unique_word_overlap_auto_qc_pass,1,1,1,1,1,0,334,347,13,13,34,35,1,1,in_interval_valid_face,-1,
-egA8-b7-3M$_$26,11,your,572,3.4600000381469727,3.680000066757202,3.4600000381469727,3.680000066757202,B_unique_word_overlap_in_mismatched_transcript,mfa_primary_unique_word_overlap_auto_qc_pass,1,1,1,1,1,0,347,369,22,22,35,37,2,2,in_interval_valid_face,-1,
-egA8-b7-3M$_$26,12,comments,573,3.680000066757202,4.309999942779541,3.680000066757202,4.309999942779541,B_unique_word_overlap_in_mismatched_transcript,mfa_primary_unique_word_overlap_auto_qc_pass,1,1,1,1,1,0,369,431,62,59,37,44,7,7,in_interval_valid_face,-1,
-egA8-b7-3M$_$26,13,on,574,4.309999942779541,4.539999961853027,4.309999942779541,4.539999961853027,B_unique_word_overlap_in_mismatched_transcript,mfa_primary_unique_word_overlap_auto_qc_pass,1,1,1,1,1,0,431,454,23,19,44,46,2,2,in_interval_valid_face,-1,
-egA8-b7-3M$_$26,14,our,575,4.539999961853027,4.679999828338623,4.539999961853027,4.679999828338623,B_unique_word_overlap_in_mismatched_transcript,mfa_primary_unique_word_overlap_auto_qc_pass,1,1,1,1,1,0,454,468,14,14,46,47,1,1,in_interval_valid_face,-1,
-egA8-b7-3M$_$26,15,videos,576,4.679999828338623,5.380000114440918,4.679999828338623,5.380000114440918,B_unique_word_overlap_in_mismatched_transcript,mfa_primary_unique_word_overlap_auto_qc_pass,1,1,1,1,1,0,468,539,71,40,47,54,7,7,in_interval_valid_face,-1,
-egA8-b7-3M$_$17,1,As,577,,,,,A_exact_transcript,mfa_whisper_discrepancy_over_0_5s_null_primary,1,0,0,0,0,0,-1,-1,0,0,-1,-1,0,0,no_primary_word_time,-1,
-egA8-b7-3M$_$17,2,you,578,0.7900000214576721,0.8999999761581421,0.7900000214576721,0.8999999761581421,A_exact_transcript,mfa_primary_exact_transcript_auto_qc_pass,1,1,1,1,1,0,80,90,10,10,8,9,1,1,in_interval_valid_face,-1,
-egA8-b7-3M$_$17,3,have,579,0.8999999761581421,1.1200000047683716,0.8999999761581421,1.1200000047683716,A_exact_transcript,mfa_primary_exact_transcript_auto_qc_pass,1,1,1,1,1,0,90,113,23,23,9,12,3,3,in_interval_valid_face,-1,
-egA8-b7-3M$_$17,4,more,580,1.1200000047683716,1.3600000143051147,1.1200000047683716,1.3600000143051147,A_exact_transcript,mfa_primary_exact_transcript_auto_qc_pass,1,1,1,1,1,0,113,137,24,24,12,14,2,2,in_interval_valid_face,-1,
-egA8-b7-3M$_$17,5,experience,581,1.3600000143051147,2.319999933242798,1.3600000143051147,2.319999933242798,A_exact_transcript,mfa_primary_exact_transcript_auto_qc_pass,1,1,1,1,1,0,137,232,95,60,14,24,10,10,in_interval_valid_face,-1,
-egA8-b7-3M$_$17,6,you,582,3.2200000286102295,3.3299999237060547,3.2200000286102295,3.3299999237060547,A_exact_transcript,mfa_primary_exact_transcript_auto_qc_pass,1,1,1,1,1,0,323,333,10,10,33,34,1,1,in_interval_valid_face,-1,
-egA8-b7-3M$_$17,7,have,583,3.3299999237060547,3.549999952316284,3.3299999237060547,3.549999952316284,A_exact_transcript,mfa_primary_exact_transcript_auto_qc_pass,1,1,1,1,1,0,333,355,22,22,34,36,2,2,in_interval_valid_face,-1,
-egA8-b7-3M$_$17,8,more,584,3.549999952316284,3.759999990463257,3.549999952316284,3.759999990463257,A_exact_transcript,mfa_primary_exact_transcript_auto_qc_pass,1,1,1,1,1,0,355,376,21,21,36,38,2,2,in_interval_valid_face,-1,
-egA8-b7-3M$_$17,9,times,585,3.759999990463257,4.239999771118164,3.759999990463257,4.239999771118164,A_exact_transcript,mfa_primary_exact_transcript_auto_qc_pass,1,1,1,1,1,0,376,424,48,47,38,43,5,5,in_interval_valid_face,-1,
-egA8-b7-3M$_$17,10,exhibiting,586,4.239999771118164,5.010000228881836,4.239999771118164,5.010000228881836,A_exact_transcript,mfa_primary_exact_transcript_auto_qc_pass,1,1,1,1,1,0,424,502,78,76,43,51,8,8,in_interval_valid_face,-1,
-egA8-b7-3M$_$17,11,you,587,5.239999771118164,5.340000152587891,5.239999771118164,5.340000152587891,A_exact_transcript,mfa_primary_exact_transcript_auto_qc_pass,1,1,1,1,1,0,524,535,11,11,53,54,1,1,in_interval_valid_face,-1,
-egA8-b7-3M$_$17,12,get,588,5.340000152587891,5.539999961853027,5.340000152587891,5.539999961853027,A_exact_transcript,mfa_primary_exact_transcript_auto_qc_pass,1,1,1,1,1,0,535,554,19,19,54,56,2,2,in_interval_valid_face,-1,
-egA8-b7-3M$_$17,13,to,589,5.539999961853027,5.639999866485596,5.539999961853027,5.639999866485596,A_exact_transcript,mfa_primary_exact_transcript_auto_qc_pass,1,1,1,1,1,0,554,564,10,10,56,57,1,1,in_interval_valid_face,-1,
-egA8-b7-3M$_$17,14,know,590,5.639999866485596,5.869999885559082,5.639999866485596,5.869999885559082,A_exact_transcript,mfa_primary_exact_transcript_auto_qc_pass,1,1,1,1,1,0,564,587,23,23,57,59,2,2,in_interval_valid_face,-1,
-egA8-b7-3M$_$17,15,more,591,5.869999885559082,6.099999904632568,5.869999885559082,6.099999904632568,A_exact_transcript,mfa_primary_exact_transcript_auto_qc_pass,1,1,1,1,1,0,587,610,23,23,59,61,2,2,in_interval_valid_face,-1,
-egA8-b7-3M$_$17,16,people,592,6.099999904632568,6.579999923706055,6.099999904632568,6.579999923706055,A_exact_transcript,mfa_primary_exact_transcript_auto_qc_pass,1,1,1,1,1,0,610,658,48,26,61,66,5,5,in_interval_valid_face,-1,
-egA8-b7-3M$_$18,1,It,593,,,,,A_exact_transcript,mfa_whisper_discrepancy_over_0_5s_null_primary,1,0,0,0,0,0,-1,-1,0,0,-1,-1,0,0,no_primary_word_time,-1,
-egA8-b7-3M$_$18,2,becomes,594,0.6800000071525574,1.2799999713897705,0.6800000071525574,1.2799999713897705,A_exact_transcript,mfa_primary_exact_transcript_auto_qc_pass,1,1,1,1,1,0,69,128,59,50,7,13,6,6,in_interval_valid_face,-1,
-egA8-b7-3M$_$18,3,easier,595,1.2799999713897705,1.8200000524520874,1.2799999713897705,1.8200000524520874,A_exact_transcript,mfa_primary_exact_transcript_auto_qc_pass,1,1,1,1,1,0,128,183,55,54,13,19,6,6,in_interval_valid_face,-1,
-egA8-b7-3M$_$18,4,at,596,1.8200000524520874,2.0799999237060547,1.8200000524520874,2.0799999237060547,A_exact_transcript,mfa_primary_exact_transcript_auto_qc_pass,1,1,1,1,1,0,183,208,25,17,19,21,2,2,in_interval_valid_face,-1,
-egA8-b7-3M$_$18,5,each,597,2.0799999237060547,2.390000104904175,2.0799999237060547,2.390000104904175,A_exact_transcript,mfa_primary_exact_transcript_auto_qc_pass,1,1,1,1,1,0,208,240,32,32,21,24,3,3,in_interval_valid_face,-1,
-egA8-b7-3M$_$18,6,one,598,2.390000104904175,2.5799999237060547,2.390000104904175,2.5799999237060547,A_exact_transcript,mfa_primary_exact_transcript_auto_qc_pass,1,1,1,1,1,0,240,258,18,18,24,26,2,2,in_interval_valid_face,-1,
-egA8-b7-3M$_$18,7,of,599,2.5799999237060547,2.690000057220459,2.5799999237060547,2.690000057220459,A_exact_transcript,mfa_primary_exact_transcript_auto_qc_pass,1,1,1,1,1,0,258,270,12,12,26,27,1,1,in_interval_valid_face,-1,
-egA8-b7-3M$_$18,8,these,600,2.690000057220459,2.9000000953674316,2.690000057220459,2.9000000953674316,A_exact_transcript,mfa_primary_exact_transcript_auto_qc_pass,1,1,1,1,1,0,270,291,21,20,27,30,3,3,in_interval_valid_face,-1,
-egA8-b7-3M$_$18,9,conferences,601,2.9000000953674316,3.759999990463257,2.9000000953674316,3.759999990463257,A_exact_transcript,mfa_primary_exact_transcript_auto_qc_pass,1,1,1,1,1,0,291,376,85,71,30,38,8,8,in_interval_valid_face,-1,
-egA8-b7-3M$_$18,10,to,602,,,,,A_exact_transcript,mfa_whisper_discrepancy_over_0_5s_null_primary,1,0,0,0,0,0,-1,-1,0,0,-1,-1,0,0,no_primary_word_time,-1,
-egA8-b7-3M$_$18,11,connect,603,4.179999828338623,4.650000095367432,4.179999828338623,4.650000095367432,A_exact_transcript,mfa_primary_exact_transcript_auto_qc_pass,1,1,1,1,1,0,418,466,48,48,42,47,5,5,in_interval_valid_face,-1,
-egA8-b7-3M$_$18,12,with,604,4.650000095367432,4.860000133514404,4.650000095367432,4.860000133514404,A_exact_transcript,mfa_primary_exact_transcript_auto_qc_pass,1,1,1,1,1,0,466,487,21,21,47,49,2,2,in_interval_valid_face,-1,
-egA8-b7-3M$_$18,13,people,605,4.860000133514404,5.210000038146973,4.860000133514404,5.210000038146973,A_exact_transcript,mfa_primary_exact_transcript_auto_qc_pass,1,1,1,1,1,0,487,522,35,35,49,53,4,4,in_interval_valid_face,-1,
-egA8-b7-3M$_$18,14,that,606,5.210000038146973,5.329999923706055,5.210000038146973,5.329999923706055,A_exact_transcript,mfa_primary_exact_transcript_auto_qc_pass,1,1,1,1,1,0,522,533,11,11,53,54,1,1,in_interval_valid_face,-1,
-egA8-b7-3M$_$18,15,you've,607,5.329999923706055,5.619999885559082,5.329999923706055,5.619999885559082,A_exact_transcript,mfa_primary_exact_transcript_auto_qc_pass,1,1,1,1,1,0,533,562,29,29,54,57,3,3,in_interval_valid_face,-1,
-egA8-b7-3M$_$18,16,met,608,5.619999885559082,5.920000076293945,5.619999885559082,5.920000076293945,A_exact_transcript,mfa_primary_exact_transcript_auto_qc_pass,1,1,1,1,1,0,562,593,31,31,57,60,3,3,in_interval_valid_face,-1,
-egA8-b7-3M$_$18,17,or,609,6.369999885559082,6.53000020980835,6.369999885559082,6.53000020980835,A_exact_transcript,mfa_primary_exact_transcript_auto_qc_pass,1,1,1,1,1,0,637,654,17,17,64,66,2,2,in_interval_valid_face,-1,
-egA8-b7-3M$_$18,18,that,610,6.53000020980835,6.699999809265137,6.53000020980835,6.699999809265137,A_exact_transcript,mfa_primary_exact_transcript_auto_qc_pass,1,1,1,1,1,0,654,670,16,16,66,67,1,1,in_interval_valid_face,-1,
-egA8-b7-3M$_$18,19,you're,611,6.699999809265137,6.809999942779541,6.699999809265137,6.809999942779541,A_exact_transcript,mfa_primary_exact_transcript_auto_qc_pass,1,1,1,1,1,0,670,681,11,11,67,69,2,2,in_interval_valid_face,-1,
-egA8-b7-3M$_$18,20,doing,612,6.809999942779541,7.110000133514404,6.809999942779541,7.110000133514404,A_exact_transcript,mfa_primary_exact_transcript_auto_qc_pass,1,1,1,1,1,0,681,712,31,31,69,72,3,3,in_interval_valid_face,-1,
-egA8-b7-3M$_$18,21,business,613,7.110000133514404,7.639999866485596,7.110000133514404,7.639999866485596,A_exact_transcript,mfa_primary_exact_transcript_auto_qc_pass,1,1,1,1,1,0,712,764,52,42,72,77,5,5,in_interval_valid_face,-1,
-egA8-b7-3M$_$18,22,with,614,7.639999866485596,7.809999942779541,7.639999866485596,7.809999942779541,A_exact_transcript,mfa_primary_exact_transcript_auto_qc_pass,1,1,1,1,1,0,764,781,17,10,77,79,2,2,in_interval_valid_face,-1,
-egA8-b7-3M$_$16,1,Third,615,0.3700000047683716,0.800000011920929,0.3700000047683716,0.800000011920929,A_exact_transcript,mfa_primary_exact_transcript_auto_qc_pass,1,1,1,1,1,0,38,81,43,33,4,9,5,5,in_interval_valid_face,-1,
-egA8-b7-3M$_$16,2,another,616,0.800000011920929,1.2599999904632568,0.800000011920929,1.2599999904632568,A_exact_transcript,mfa_primary_exact_transcript_auto_qc_pass,1,1,1,1,1,0,81,126,45,43,9,13,4,4,in_interval_valid_face,-1,
-egA8-b7-3M$_$16,3,big,617,1.2599999904632568,1.5199999809265137,1.2599999904632568,1.5199999809265137,A_exact_transcript,mfa_primary_exact_transcript_auto_qc_pass,1,1,1,1,1,0,126,152,26,26,13,16,3,3,in_interval_valid_face,-1,
-egA8-b7-3M$_$16,4,benefit,618,1.5199999809265137,1.9700000286102295,1.5199999809265137,1.9700000286102295,A_exact_transcript,mfa_primary_exact_transcript_auto_qc_pass,1,1,1,1,1,0,152,198,46,46,16,20,4,4,in_interval_valid_face,-1,
-egA8-b7-3M$_$16,5,of,619,1.9700000286102295,2.0999999046325684,1.9700000286102295,2.0999999046325684,A_exact_transcript,mfa_primary_exact_transcript_auto_qc_pass,1,1,1,1,1,0,198,210,12,12,20,21,1,1,in_interval_valid_face,-1,
-egA8-b7-3M$_$16,6,exhibiting,620,2.0999999046325684,2.7200000286102295,2.0999999046325684,2.7200000286102295,A_exact_transcript,mfa_primary_exact_transcript_auto_qc_pass,1,1,1,1,1,0,210,273,63,62,21,28,7,7,in_interval_valid_face,-1,
-egA8-b7-3M$_$16,7,is,621,2.7200000286102295,2.9200000762939453,2.7200000286102295,2.9200000762939453,A_exact_transcript,mfa_primary_exact_transcript_auto_qc_pass,1,1,1,1,1,0,273,293,20,17,28,30,2,2,in_interval_valid_face,-1,
-egA8-b7-3M$_$16,8,connecting,622,2.9200000762939453,3.5299999713897705,2.9200000762939453,3.5299999713897705,A_exact_transcript,mfa_primary_exact_transcript_auto_qc_pass,1,1,1,1,1,0,293,353,60,59,30,36,6,6,in_interval_valid_face,-1,
-egA8-b7-3M$_$16,9,with,623,3.5299999713897705,3.700000047683716,3.5299999713897705,3.700000047683716,A_exact_transcript,mfa_primary_exact_transcript_auto_qc_pass,1,1,1,1,1,0,353,371,18,18,36,38,2,2,in_interval_valid_face,-1,
-egA8-b7-3M$_$16,10,existing,624,3.700000047683716,4.309999942779541,3.700000047683716,4.309999942779541,A_exact_transcript,mfa_primary_exact_transcript_auto_qc_pass,1,1,1,1,1,0,371,431,60,60,38,44,6,6,in_interval_valid_face,-1,
-egA8-b7-3M$_$16,11,clients,625,4.309999942779541,5.010000228881836,4.309999942779541,5.010000228881836,A_exact_transcript,mfa_primary_exact_transcript_auto_qc_pass,1,1,1,1,1,0,431,502,71,34,44,51,7,7,in_interval_valid_face,-1,
-egA8-b7-3M$_$13,1,What,626,,,,,A_exact_transcript,mfa_whisper_discrepancy_over_0_5s_null_primary,1,0,0,0,0,0,-1,-1,0,0,-1,-1,0,0,no_primary_word_time,-1,
-egA8-b7-3M$_$13,2,are,627,0.6600000262260437,0.6899999976158142,0.6600000262260437,0.6899999976158142,A_exact_transcript,mfa_primary_exact_transcript_auto_qc_pass,1,1,1,1,0,1,67,69,2,2,7,7,0,0,no_visual_frame_in_interval,7,0.010000002384185747
-egA8-b7-3M$_$13,3,you,628,0.6899999976158142,0.8299999833106995,0.6899999976158142,0.8299999833106995,A_exact_transcript,mfa_primary_exact_transcript_auto_qc_pass,1,1,1,1,1,0,69,83,14,14,7,9,2,2,in_interval_valid_face,-1,
-egA8-b7-3M$_$13,4,doing,629,0.8299999833106995,1.159999966621399,0.8299999833106995,1.159999966621399,A_exact_transcript,mfa_primary_exact_transcript_auto_qc_pass,1,1,1,1,1,0,83,116,33,33,9,12,3,3,in_interval_valid_face,-1,
-egA8-b7-3M$_$13,5,that's,630,1.159999966621399,1.3899999856948853,1.159999966621399,1.3899999856948853,A_exact_transcript,mfa_primary_exact_transcript_auto_qc_pass,1,1,1,1,1,0,116,139,23,20,12,14,2,2,in_interval_valid_face,-1,
-egA8-b7-3M$_$13,6,different,631,1.3899999856948853,1.7999999523162842,1.3899999856948853,1.7999999523162842,A_exact_transcript,mfa_primary_exact_transcript_auto_qc_pass,1,1,1,1,1,0,139,180,41,19,14,18,4,4,in_interval_valid_face,-1,
-egA8-b7-3M$_$13,7,They,632,2.319999933242798,2.4700000286102295,2.319999933242798,2.4700000286102295,A_exact_transcript,mfa_primary_exact_transcript_auto_qc_pass,1,1,1,1,1,0,232,248,16,16,24,25,1,1,in_interval_valid_face,-1,
-egA8-b7-3M$_$13,8,always,633,2.4700000286102295,2.7699999809265137,2.4700000286102295,2.7699999809265137,A_exact_transcript,mfa_primary_exact_transcript_auto_qc_pass,1,1,1,1,1,0,248,277,29,29,25,28,3,3,in_interval_valid_face,-1,
-egA8-b7-3M$_$13,9,want,634,2.7699999809265137,2.990000009536743,2.7699999809265137,2.990000009536743,A_exact_transcript,mfa_primary_exact_transcript_auto_qc_pass,1,1,1,1,1,0,277,300,23,23,28,30,2,2,in_interval_valid_face,-1,
-egA8-b7-3M$_$13,10,an,635,2.990000009536743,3.0999999046325684,2.990000009536743,3.0999999046325684,A_exact_transcript,mfa_primary_exact_transcript_auto_qc_pass,1,1,1,1,1,0,300,310,10,10,30,31,1,1,in_interval_valid_face,-1,
-egA8-b7-3M$_$13,11,answer,636,3.0999999046325684,3.559999942779541,3.0999999046325684,3.559999942779541,A_exact_transcript,mfa_primary_exact_transcript_auto_qc_pass,1,1,1,1,1,0,310,356,46,45,31,36,5,5,in_interval_valid_face,-1,
-egA8-b7-3M$_$1,1,I,637,,,,,B_unique_word_overlap_in_mismatched_transcript,mfa_whisper_discrepancy_over_0_5s_null_primary,1,0,0,0,0,0,-1,-1,0,0,-1,-1,0,0,no_primary_word_time,-1,
-egA8-b7-3M$_$1,2,started,638,1.190000057220459,1.690000057220459,1.190000057220459,1.690000057220459,B_unique_word_overlap_in_mismatched_transcript,mfa_primary_unique_word_overlap_auto_qc_pass,1,1,1,1,1,0,120,170,50,36,12,17,5,5,in_interval_valid_face,-1,
-egA8-b7-3M$_$1,3,a,639,1.690000057220459,1.7400000095367432,1.690000057220459,1.7400000095367432,B_unique_word_overlap_in_mismatched_transcript,mfa_primary_unique_word_overlap_auto_qc_pass,1,1,1,1,1,0,170,175,5,5,17,18,1,1,in_interval_valid_face,-1,
-egA8-b7-3M$_$1,4,successful,640,1.7400000095367432,2.4800000190734863,1.7400000095367432,2.4800000190734863,B_unique_word_overlap_in_mismatched_transcript,mfa_primary_unique_word_overlap_auto_qc_pass,1,1,1,1,1,0,175,249,74,69,18,25,7,7,in_interval_valid_face,-1,
-egA8-b7-3M$_$1,5,Legal,641,2.4800000190734863,2.7100000381469727,2.4800000190734863,2.7100000381469727,B_unique_word_overlap_in_mismatched_transcript,mfa_primary_unique_word_overlap_auto_qc_pass,1,1,1,1,1,0,249,272,23,23,25,28,3,3,in_interval_valid_face,-1,
-egA8-b7-3M$_$1,6,Nurse,642,2.7100000381469727,3.0299999713897705,2.7100000381469727,3.0299999713897705,B_unique_word_overlap_in_mismatched_transcript,mfa_primary_unique_word_overlap_auto_qc_pass,1,1,1,1,1,0,272,303,31,25,28,31,3,3,in_interval_valid_face,-1,
-egA8-b7-3M$_$1,7,Consulting,643,3.0299999713897705,3.549999952316284,3.0299999713897705,3.549999952316284,B_unique_word_overlap_in_mismatched_transcript,mfa_primary_unique_word_overlap_auto_qc_pass,1,1,1,1,1,0,303,355,52,52,31,36,5,5,in_interval_valid_face,-1,
-egA8-b7-3M$_$1,8,Business,644,3.549999952316284,4.179999828338623,3.549999952316284,4.179999828338623,B_unique_word_overlap_in_mismatched_transcript,mfa_primary_unique_word_overlap_auto_qc_pass,1,1,1,1,1,0,355,418,63,51,36,42,6,6,in_interval_valid_face,-1,
-egA8-b7-3M$_$1,9,in,645,,,,,B_unique_word_overlap_in_mismatched_transcript,mfa_whisper_discrepancy_over_0_5s_null_primary,1,0,0,0,0,0,-1,-1,0,0,-1,-1,0,0,no_primary_word_time,-1,
-egA8-b7-3M$_$1,10,1989,646,4.570000171661377,5.820000171661377,4.570000171661377,5.820000171661377,B_unique_word_overlap_in_mismatched_transcript,mfa_primary_unique_word_overlap_auto_qc_pass,1,1,1,1,1,0,458,583,125,125,46,59,13,13,in_interval_valid_face,-1,
-egA8-b7-3M$_$1,11,I,647,6.340000152587891,6.420000076293945,6.340000152587891,6.420000076293945,B_unique_word_overlap_in_mismatched_transcript,mfa_primary_unique_word_overlap_auto_qc_pass,1,1,1,1,1,0,635,643,8,8,64,65,1,1,in_interval_valid_face,-1,
-egA8-b7-3M$_$1,12,mentor,648,6.420000076293945,6.849999904632568,6.420000076293945,6.849999904632568,B_unique_word_overlap_in_mismatched_transcript,mfa_primary_unique_word_overlap_auto_qc_pass,1,1,1,1,1,0,643,685,42,42,65,69,4,4,in_interval_valid_face,-1,
-egA8-b7-3M$_$1,13,nurses,649,6.849999904632568,7.360000133514404,6.849999904632568,7.360000133514404,B_unique_word_overlap_in_mismatched_transcript,mfa_primary_unique_word_overlap_auto_qc_pass,1,1,1,1,1,0,685,737,52,52,69,74,5,5,in_interval_valid_face,-1,
-egA8-b7-3M$_$1,14,who,650,7.360000133514404,7.46999979019165,7.360000133514404,7.46999979019165,B_unique_word_overlap_in_mismatched_transcript,mfa_primary_unique_word_overlap_auto_qc_pass,1,1,1,1,1,0,737,747,10,10,74,75,1,1,in_interval_valid_face,-1,
-egA8-b7-3M$_$1,15,want,651,7.46999979019165,7.809999942779541,7.46999979019165,7.809999942779541,B_unique_word_overlap_in_mismatched_transcript,mfa_primary_unique_word_overlap_auto_qc_pass,1,1,1,1,1,0,747,781,34,32,75,79,4,4,in_interval_valid_face,-1,
-egA8-b7-3M$_$1,16,to,652,7.809999942779541,7.889999866485596,7.809999942779541,7.889999866485596,B_unique_word_overlap_in_mismatched_transcript,mfa_primary_unique_word_overlap_auto_qc_pass,1,1,1,1,0,1,781,789,8,8,79,79,0,0,no_visual_frame_in_interval,78,0.009999942779541193
-egA8-b7-3M$_$1,17,become,653,7.889999866485596,8.329999923706055,7.889999866485596,8.329999923706055,B_unique_word_overlap_in_mismatched_transcript,mfa_primary_unique_word_overlap_auto_qc_pass,1,1,1,1,1,0,789,833,44,44,79,84,5,5,in_interval_valid_face,-1,
-egA8-b7-3M$_$1,18,Legal,654,8.329999923706055,8.529999732971191,8.329999923706055,8.529999732971191,B_unique_word_overlap_in_mismatched_transcript,mfa_primary_unique_word_overlap_auto_qc_pass,1,1,1,1,1,0,833,853,20,20,84,86,2,2,in_interval_valid_face,-1,
-egA8-b7-3M$_$1,19,Nurse,655,8.529999732971191,8.8100004196167,8.529999732971191,8.8100004196167,B_unique_word_overlap_in_mismatched_transcript,mfa_primary_unique_word_overlap_auto_qc_pass,1,1,1,1,1,0,853,882,29,28,86,89,3,3,in_interval_valid_face,-1,
-egA8-b7-3M$_$1,20,Consultants,656,8.8100004196167,9.710000038146973,8.8100004196167,9.710000038146973,B_unique_word_overlap_in_mismatched_transcript,mfa_primary_unique_word_overlap_auto_qc_pass,1,1,1,1,1,0,882,972,90,21,89,98,9,9,in_interval_valid_face,-1,
-egA8-b7-3M$_$6,1,First,657,0.47999998927116394,0.9200000166893005,0.47999998927116394,0.9200000166893005,A_exact_transcript,mfa_primary_exact_transcript_auto_qc_pass,1,1,1,1,1,0,48,93,45,32,5,10,5,5,in_interval_valid_face,-1,
-egA8-b7-3M$_$6,2,exhibiting,658,0.949999988079071,1.590000033378601,0.949999988079071,1.590000033378601,A_exact_transcript,mfa_primary_exact_transcript_auto_qc_pass,1,1,1,1,1,0,95,160,65,65,10,16,6,6,in_interval_valid_face,-1,
-egA8-b7-3M$_$6,3,is,659,1.590000033378601,1.7400000095367432,1.590000033378601,1.7400000095367432,A_exact_transcript,mfa_primary_exact_transcript_auto_qc_pass,1,1,1,1,1,0,160,175,15,15,16,18,2,2,in_interval_valid_face,-1,
-egA8-b7-3M$_$6,4,a,660,1.7400000095367432,1.809999942779541,1.7400000095367432,1.809999942779541,A_exact_transcript,mfa_primary_exact_transcript_auto_qc_pass,1,1,1,1,1,0,175,181,6,6,18,19,1,1,in_interval_valid_face,-1,
-egA8-b7-3M$_$6,5,wonderful,661,1.809999942779541,2.4200000762939453,1.809999942779541,2.4200000762939453,A_exact_transcript,mfa_primary_exact_transcript_auto_qc_pass,1,1,1,1,1,0,181,243,62,62,19,25,6,6,in_interval_valid_face,-1,
-egA8-b7-3M$_$6,6,opportunity,662,2.4200000762939453,3.200000047683716,2.4200000762939453,3.200000047683716,A_exact_transcript,mfa_primary_exact_transcript_auto_qc_pass,1,1,1,1,1,0,243,321,78,74,25,33,8,8,in_interval_valid_face,-1,
-egA8-b7-3M$_$6,7,to,663,3.200000047683716,3.380000114440918,3.200000047683716,3.380000114440918,A_exact_transcript,mfa_primary_exact_transcript_auto_qc_pass,1,1,1,1,1,0,321,339,18,18,33,34,1,1,in_interval_valid_face,-1,
-egA8-b7-3M$_$6,8,network,664,3.380000114440918,3.950000047683716,3.380000114440918,3.950000047683716,A_exact_transcript,mfa_primary_exact_transcript_auto_qc_pass,1,1,1,1,1,0,339,396,57,55,34,40,6,6,in_interval_valid_face,-1,
-egA8-b7-3M$_$6,9,with,665,3.950000047683716,4.110000133514404,3.950000047683716,4.110000133514404,A_exact_transcript,mfa_primary_exact_transcript_auto_qc_pass,1,1,1,1,1,0,396,412,16,15,40,42,2,2,in_interval_valid_face,-1,
-egA8-b7-3M$_$6,10,other,666,4.150000095367432,4.46999979019165,4.150000095367432,4.46999979019165,A_exact_transcript,mfa_primary_exact_transcript_auto_qc_pass,1,1,1,1,1,0,416,447,31,26,42,45,3,3,in_interval_valid_face,-1,
-egA8-b7-3M$_$6,11,legal,667,4.46999979019165,4.900000095367432,4.46999979019165,4.900000095367432,A_exact_transcript,mfa_primary_exact_transcript_auto_qc_pass,1,1,1,1,1,0,447,491,44,44,45,50,5,5,in_interval_valid_face,-1,
-egA8-b7-3M$_$6,12,vendors,668,4.900000095367432,5.650000095367432,4.900000095367432,5.650000095367432,A_exact_transcript,mfa_primary_exact_transcript_auto_qc_pass,1,1,1,1,1,0,491,566,75,26,50,57,7,7,in_interval_valid_face,-1,
-egA8-b7-3M$_$9,1,Secondly,669,0.44999998807907104,1.090000033378601,0.44999998807907104,1.090000033378601,A_exact_transcript,mfa_primary_exact_transcript_auto_qc_pass,1,1,1,1,1,0,45,110,65,55,5,11,6,6,in_interval_valid_face,-1,
-egA8-b7-3M$_$9,2,another,670,1.090000033378601,1.6100000143051147,1.090000033378601,1.6100000143051147,A_exact_transcript,mfa_primary_exact_transcript_auto_qc_pass,1,1,1,1,1,0,110,162,52,52,11,17,6,6,in_interval_valid_face,-1,
-egA8-b7-3M$_$9,3,goal,671,1.6100000143051147,1.909999966621399,1.6100000143051147,1.909999966621399,A_exact_transcript,mfa_primary_exact_transcript_auto_qc_pass,1,1,1,1,1,0,162,191,29,29,17,20,3,3,in_interval_valid_face,-1,
-egA8-b7-3M$_$9,4,of,672,1.909999966621399,2.0299999713897705,1.909999966621399,2.0299999713897705,A_exact_transcript,mfa_primary_exact_transcript_auto_qc_pass,1,1,1,1,1,0,191,203,12,12,20,21,1,1,in_interval_valid_face,-1,
-egA8-b7-3M$_$9,5,exhibiting,673,2.0299999713897705,2.5999999046325684,2.0299999713897705,2.5999999046325684,A_exact_transcript,mfa_primary_exact_transcript_auto_qc_pass,1,1,1,1,1,0,203,260,57,57,21,26,5,5,in_interval_valid_face,-1,
-egA8-b7-3M$_$9,6,is,674,2.5999999046325684,2.8299999237060547,2.5999999046325684,2.8299999237060547,A_exact_transcript,mfa_primary_exact_transcript_auto_qc_pass,1,1,1,1,1,0,260,283,23,22,26,29,3,3,in_interval_valid_face,-1,
-egA8-b7-3M$_$9,7,building,675,2.8299999237060547,3.299999952316284,2.8299999237060547,3.299999952316284,A_exact_transcript,mfa_primary_exact_transcript_auto_qc_pass,1,1,1,1,1,0,283,330,47,46,29,33,4,4,in_interval_valid_face,-1,
-egA8-b7-3M$_$9,8,your,676,3.299999952316284,3.4200000762939453,3.299999952316284,3.4200000762939453,A_exact_transcript,mfa_primary_exact_transcript_auto_qc_pass,1,1,1,1,1,0,330,343,13,13,33,35,2,2,in_interval_valid_face,-1,
-egA8-b7-3M$_$9,9,company,677,3.4200000762939453,3.9100000858306885,3.4200000762939453,3.9100000858306885,A_exact_transcript,mfa_primary_exact_transcript_auto_qc_pass,1,1,1,1,1,0,343,392,49,49,35,40,5,5,in_interval_valid_face,-1,
-egA8-b7-3M$_$9,10,image,678,3.9100000858306885,4.440000057220459,3.9100000858306885,4.440000057220459,A_exact_transcript,mfa_primary_exact_transcript_auto_qc_pass,1,1,1,1,1,0,392,445,53,32,40,45,5,5,in_interval_valid_face,-1,
-egA8-b7-3M$_$20,1,Now,679,0.49000000953674316,0.75,0.49000000953674316,0.75,A_exact_transcript,mfa_primary_exact_transcript_auto_qc_pass,1,1,1,1,1,0,50,75,25,25,5,8,3,3,in_interval_valid_face,-1,
-egA8-b7-3M$_$20,2,you've,680,0.75,0.9300000071525574,0.75,0.9300000071525574,A_exact_transcript,mfa_primary_exact_transcript_auto_qc_pass,1,1,1,1,1,0,75,94,19,19,8,10,2,2,in_interval_valid_face,-1,
-egA8-b7-3M$_$20,3,got,681,0.9300000071525574,1.1399999856948853,0.9300000071525574,1.1399999856948853,A_exact_transcript,mfa_primary_exact_transcript_auto_qc_pass,1,1,1,1,1,0,94,114,20,20,10,12,2,2,in_interval_valid_face,-1,
-egA8-b7-3M$_$20,4,a,682,1.1399999856948853,1.1799999475479126,1.1399999856948853,1.1799999475479126,A_exact_transcript,mfa_primary_exact_transcript_auto_qc_pass,1,1,1,1,0,1,114,118,4,4,12,12,0,0,no_visual_frame_in_interval,12,0.020000052452087358
-egA8-b7-3M$_$20,5,face,683,1.1799999475479126,1.6100000143051147,1.1799999475479126,1.6100000143051147,A_exact_transcript,mfa_primary_exact_transcript_auto_qc_pass,1,1,1,1,1,0,118,162,44,42,12,17,5,5,in_interval_valid_face,-1,
-egA8-b7-3M$_$20,6,that,684,1.6100000143051147,1.7599999904632568,1.6100000143051147,1.7599999904632568,A_exact_transcript,mfa_primary_exact_transcript_auto_qc_pass,1,1,1,1,1,0,162,176,14,1,17,18,1,1,in_interval_valid_face,-1,
-egA8-b7-3M$_$20,7,you,685,1.7599999904632568,1.8700000047683716,1.7599999904632568,1.8700000047683716,A_exact_transcript,mfa_primary_exact_transcript_auto_qc_pass,1,1,1,1,1,0,176,188,12,10,18,19,1,1,in_interval_valid_face,-1,
-egA8-b7-3M$_$20,8,can,686,1.8700000047683716,2.0799999237060547,1.8700000047683716,2.0799999237060547,A_exact_transcript,mfa_primary_exact_transcript_auto_qc_pass,1,1,1,1,1,0,188,208,20,17,19,21,2,2,in_interval_valid_face,-1,
-egA8-b7-3M$_$20,9,connect,687,2.0799999237060547,2.5299999713897705,2.0799999237060547,2.5299999713897705,A_exact_transcript,mfa_primary_exact_transcript_auto_qc_pass,1,1,1,1,1,0,208,253,45,45,21,26,5,5,in_interval_valid_face,-1,
-egA8-b7-3M$_$20,10,with,688,2.5299999713897705,2.7100000381469727,2.5299999713897705,2.7100000381469727,A_exact_transcript,mfa_primary_exact_transcript_auto_qc_pass,1,1,1,1,1,0,253,272,19,19,26,28,2,2,in_interval_valid_face,-1,
-egA8-b7-3M$_$20,11,a,689,2.7100000381469727,2.759999990463257,2.7100000381469727,2.759999990463257,A_exact_transcript,mfa_primary_exact_transcript_auto_qc_pass,1,1,1,1,0,1,272,276,4,4,28,28,0,0,no_visual_frame_in_interval,27,0.010000038146972479
-egA8-b7-3M$_$20,12,voice,690,2.759999990463257,3.4800000190734863,2.759999990463257,3.4800000190734863,A_exact_transcript,mfa_primary_exact_transcript_auto_qc_pass,1,1,1,1,1,0,276,349,73,41,28,35,7,7,in_interval_valid_face,-1,
-egA8-b7-3M$_$20,13,and,691,,,,,A_exact_transcript,mfa_whisper_discrepancy_over_0_5s_null_primary,1,0,0,0,0,0,-1,-1,0,0,-1,-1,0,0,no_primary_word_time,-1,
-egA8-b7-3M$_$20,14,that,692,4.099999904632568,4.28000020980835,4.099999904632568,4.28000020980835,A_exact_transcript,mfa_primary_exact_transcript_auto_qc_pass,1,1,1,1,1,0,410,429,19,19,41,43,2,2,in_interval_valid_face,-1,
-egA8-b7-3M$_$20,15,makes,693,4.28000020980835,4.559999942779541,4.28000020980835,4.559999942779541,A_exact_transcript,mfa_primary_exact_transcript_auto_qc_pass,1,1,1,1,1,0,429,456,27,25,43,46,3,3,in_interval_valid_face,-1,
-egA8-b7-3M$_$20,16,you,694,4.559999942779541,4.630000114440918,4.559999942779541,4.630000114440918,A_exact_transcript,mfa_primary_exact_transcript_auto_qc_pass,1,1,1,1,1,0,456,464,8,8,46,47,1,1,in_interval_valid_face,-1,
-egA8-b7-3M$_$20,17,closer,695,4.630000114440918,5.139999866485596,4.630000114440918,5.139999866485596,A_exact_transcript,mfa_primary_exact_transcript_auto_qc_pass,1,1,1,1,1,0,464,514,50,45,47,52,5,5,in_interval_valid_face,-1,
-egA8-b7-3M$_$20,18,to,696,5.139999866485596,5.289999961853027,5.139999866485596,5.289999961853027,A_exact_transcript,mfa_primary_exact_transcript_auto_qc_pass,1,1,1,1,1,0,514,529,15,14,52,53,1,1,in_interval_valid_face,-1,
-egA8-b7-3M$_$20,19,that,697,5.289999961853027,5.610000133514404,5.289999961853027,5.610000133514404,A_exact_transcript,mfa_primary_exact_transcript_auto_qc_pass,1,1,1,1,1,0,529,562,33,29,53,57,4,4,in_interval_valid_face,-1,
-egA8-b7-3M$_$20,20,client,698,5.610000133514404,5.96999979019165,5.610000133514404,5.96999979019165,A_exact_transcript,mfa_primary_exact_transcript_auto_qc_pass,1,1,1,1,1,0,562,597,35,29,57,60,3,3,in_interval_valid_face,-1,
-iRBcNs9oI8$_$3,1,Well,699,,,,,,official_word_unmatched_or_ambiguous_in_asr,1,0,0,0,0,0,-1,-1,0,0,-1,-1,0,0,no_primary_word_time,-1,
-iRBcNs9oI8$_$3,2,it,700,,,,,,official_word_unmatched_or_ambiguous_in_asr,1,0,0,0,0,0,-1,-1,0,0,-1,-1,0,0,no_primary_word_time,-1,
-iRBcNs9oI8$_$3,3,is,701,0.36000001430511475,0.5299999713897705,0.36000001430511475,0.5299999713897705,B_unique_word_overlap_in_mismatched_transcript,mfa_primary_unique_word_overlap_auto_qc_pass,1,1,1,1,0,0,37,53,16,16,4,6,2,0,in_interval_frames_no_valid_face,-1,
-iRBcNs9oI8$_$3,4,the,702,,,,,,official_word_unmatched_or_ambiguous_in_asr,1,0,0,0,0,0,-1,-1,0,0,-1,-1,0,0,no_primary_word_time,-1,
-iRBcNs9oI8$_$3,5,secret,703,,,,,,official_word_unmatched_or_ambiguous_in_asr,1,0,0,0,0,0,-1,-1,0,0,-1,-1,0,0,no_primary_word_time,-1,
-iRBcNs9oI8$_$3,6,of,704,,,,,,official_word_unmatched_or_ambiguous_in_asr,1,0,0,0,0,0,-1,-1,0,0,-1,-1,0,0,no_primary_word_time,-1,
-iRBcNs9oI8$_$3,7,power,705,,,,,,official_word_unmatched_or_ambiguous_in_asr,1,0,0,0,0,0,-1,-1,0,0,-1,-1,0,0,no_primary_word_time,-1,
-iRBcNs9oI8$_$3,8,pose,706,,,,,,official_word_unmatched_or_ambiguous_in_asr,1,0,0,0,0,0,-1,-1,0,0,-1,-1,0,0,no_primary_word_time,-1,
-iRBcNs9oI8$_$7,1,Well,707,,,,,,official_word_unmatched_or_ambiguous_in_asr,1,0,0,0,0,0,-1,-1,0,0,-1,-1,0,0,no_primary_word_time,-1,
-iRBcNs9oI8$_$7,2,for,708,,,,,,official_word_unmatched_or_ambiguous_in_asr,1,0,0,0,0,0,-1,-1,0,0,-1,-1,0,0,no_primary_word_time,-1,
-iRBcNs9oI8$_$7,3,starters,709,,,,,,official_word_unmatched_or_ambiguous_in_asr,1,0,0,0,0,0,-1,-1,0,0,-1,-1,0,0,no_primary_word_time,-1,
-iRBcNs9oI8$_$7,4,let's,710,,,,,,official_word_unmatched_or_ambiguous_in_asr,1,0,0,0,0,0,-1,-1,0,0,-1,-1,0,0,no_primary_word_time,-1,
-iRBcNs9oI8$_$7,5,look,711,,,,,,official_word_unmatched_or_ambiguous_in_asr,1,0,0,0,0,0,-1,-1,0,0,-1,-1,0,0,no_primary_word_time,-1,
-iRBcNs9oI8$_$7,6,at,712,,,,,,official_word_unmatched_or_ambiguous_in_asr,1,0,0,0,0,0,-1,-1,0,0,-1,-1,0,0,no_primary_word_time,-1,
-iRBcNs9oI8$_$7,7,the,713,,,,,,official_word_unmatched_or_ambiguous_in_asr,1,0,0,0,0,0,-1,-1,0,0,-1,-1,0,0,no_primary_word_time,-1,
-iRBcNs9oI8$_$7,8,word,714,,,,,,official_word_unmatched_or_ambiguous_in_asr,1,0,0,0,0,0,-1,-1,0,0,-1,-1,0,0,no_primary_word_time,-1,
-iRBcNs9oI8$_$7,9,power,715,,,,,,official_word_unmatched_or_ambiguous_in_asr,1,0,0,0,0,0,-1,-1,0,0,-1,-1,0,0,no_primary_word_time,-1,
-iRBcNs9oI8$_$6,1,What,716,,,,,,official_word_unmatched_or_ambiguous_in_asr,1,0,0,0,0,0,-1,-1,0,0,-1,-1,0,0,no_primary_word_time,-1,
-iRBcNs9oI8$_$6,2,is,717,,,,,,official_word_unmatched_or_ambiguous_in_asr,1,0,0,0,0,0,-1,-1,0,0,-1,-1,0,0,no_primary_word_time,-1,
-iRBcNs9oI8$_$6,3,a,718,,,,,,official_word_unmatched_or_ambiguous_in_asr,1,0,0,0,0,0,-1,-1,0,0,-1,-1,0,0,no_primary_word_time,-1,
-iRBcNs9oI8$_$6,4,power,719,,,,,,official_word_unmatched_or_ambiguous_in_asr,1,0,0,0,0,0,-1,-1,0,0,-1,-1,0,0,no_primary_word_time,-1,
-iRBcNs9oI8$_$6,5,pose,720,,,,,,official_word_unmatched_or_ambiguous_in_asr,1,0,0,0,0,0,-1,-1,0,0,-1,-1,0,0,no_primary_word_time,-1,
-iRBcNs9oI8$_$9,1,Power,721,,,,,B_unique_word_overlap_in_mismatched_transcript,mfa_whisper_discrepancy_over_0_5s_null_primary,1,0,0,0,0,0,-1,-1,0,0,-1,-1,0,0,no_primary_word_time,-1,
-iRBcNs9oI8$_$9,2,is,722,,,,,,official_word_unmatched_or_ambiguous_in_asr,1,0,0,0,0,0,-1,-1,0,0,-1,-1,0,0,no_primary_word_time,-1,
-iRBcNs9oI8$_$9,3,similar,723,,,,,,official_word_unmatched_or_ambiguous_in_asr,1,0,0,0,0,0,-1,-1,0,0,-1,-1,0,0,no_primary_word_time,-1,
-iRBcNs9oI8$_$9,4,to,724,,,,,,official_word_unmatched_or_ambiguous_in_asr,1,0,0,0,0,0,-1,-1,0,0,-1,-1,0,0,no_primary_word_time,-1,
-iRBcNs9oI8$_$9,5,strength,725,,,,,,official_word_unmatched_or_ambiguous_in_asr,1,0,0,0,0,0,-1,-1,0,0,-1,-1,0,0,no_primary_word_time,-1,
-iRBcNs9oI8$_$8,1,I've,726,,,,,,official_word_unmatched_or_ambiguous_in_asr,1,0,0,0,0,0,-1,-1,0,0,-1,-1,0,0,no_primary_word_time,-1,
-iRBcNs9oI8$_$8,2,drawn,727,,,,,,official_word_unmatched_or_ambiguous_in_asr,1,0,0,0,0,0,-1,-1,0,0,-1,-1,0,0,no_primary_word_time,-1,
-iRBcNs9oI8$_$8,3,this,728,,,,,,official_word_unmatched_or_ambiguous_in_asr,1,0,0,0,0,0,-1,-1,0,0,-1,-1,0,0,no_primary_word_time,-1,
-iRBcNs9oI8$_$8,4,man,729,,,,,,official_word_unmatched_or_ambiguous_in_asr,1,0,0,0,0,0,-1,-1,0,0,-1,-1,0,0,no_primary_word_time,-1,
-iRBcNs9oI8$_$8,5,here,730,,,,,,official_word_unmatched_or_ambiguous_in_asr,1,0,0,0,0,0,-1,-1,0,0,-1,-1,0,0,no_primary_word_time,-1,
-iRBcNs9oI8$_$8,6,and,731,,,,,,official_word_unmatched_or_ambiguous_in_asr,1,0,0,0,0,0,-1,-1,0,0,-1,-1,0,0,no_primary_word_time,-1,
-iRBcNs9oI8$_$8,7,if,732,,,,,,official_word_unmatched_or_ambiguous_in_asr,1,0,0,0,0,0,-1,-1,0,0,-1,-1,0,0,no_primary_word_time,-1,
-iRBcNs9oI8$_$8,8,you,733,5.380000114440918,5.559999942779541,5.380000114440918,5.559999942779541,B_unique_word_overlap_in_mismatched_transcript,mfa_primary_unique_word_overlap_auto_qc_pass,1,1,1,1,0,0,539,556,17,6,54,56,2,0,in_interval_frames_no_valid_face,-1,
-iRBcNs9oI8$_$8,9,can,734,,,,,,official_word_unmatched_or_ambiguous_in_asr,1,0,0,0,0,0,-1,-1,0,0,-1,-1,0,0,no_primary_word_time,-1,
-iRBcNs9oI8$_$8,10,tell,735,,,,,,official_word_unmatched_or_ambiguous_in_asr,1,0,0,0,0,0,-1,-1,0,0,-1,-1,0,0,no_primary_word_time,-1,
-iRBcNs9oI8$_$8,11,he,736,,,,,,official_word_unmatched_or_ambiguous_in_asr,1,0,0,0,0,0,-1,-1,0,0,-1,-1,0,0,no_primary_word_time,-1,
-iRBcNs9oI8$_$8,12,has,737,,,,,,official_word_unmatched_or_ambiguous_in_asr,1,0,0,0,0,0,-1,-1,0,0,-1,-1,0,0,no_primary_word_time,-1,
-iRBcNs9oI8$_$8,13,a,738,,,,,,official_word_unmatched_or_ambiguous_in_asr,1,0,0,0,0,0,-1,-1,0,0,-1,-1,0,0,no_primary_word_time,-1,
-iRBcNs9oI8$_$8,14,lot,739,,,,,,official_word_unmatched_or_ambiguous_in_asr,1,0,0,0,0,0,-1,-1,0,0,-1,-1,0,0,no_primary_word_time,-1,
-iRBcNs9oI8$_$8,15,of,740,,,,,,official_word_unmatched_or_ambiguous_in_asr,1,0,0,0,0,0,-1,-1,0,0,-1,-1,0,0,no_primary_word_time,-1,
-iRBcNs9oI8$_$8,16,big,741,,,,,,official_word_unmatched_or_ambiguous_in_asr,1,0,0,0,0,0,-1,-1,0,0,-1,-1,0,0,no_primary_word_time,-1,
-iRBcNs9oI8$_$8,17,muscles,742,,,,,,official_word_unmatched_or_ambiguous_in_asr,1,0,0,0,0,0,-1,-1,0,0,-1,-1,0,0,no_primary_word_time,-1,
-iRBcNs9oI8$_$8,18,he,743,,,,,,official_word_unmatched_or_ambiguous_in_asr,1,0,0,0,0,0,-1,-1,0,0,-1,-1,0,0,no_primary_word_time,-1,
-iRBcNs9oI8$_$8,19,looks,744,,,,,,official_word_unmatched_or_ambiguous_in_asr,1,0,0,0,0,0,-1,-1,0,0,-1,-1,0,0,no_primary_word_time,-1,
-iRBcNs9oI8$_$8,20,very,745,,,,,,official_word_unmatched_or_ambiguous_in_asr,1,0,0,0,0,0,-1,-1,0,0,-1,-1,0,0,no_primary_word_time,-1,
-iRBcNs9oI8$_$8,21,strong,746,,,,,,official_word_unmatched_or_ambiguous_in_asr,1,0,0,0,0,0,-1,-1,0,0,-1,-1,0,0,no_primary_word_time,-1,
-lzEya4AM_4$_$5,1,If,747,0.47999998927116394,0.6299999952316284,0.47999998927116394,0.6299999952316284,B_unique_word_overlap_in_mismatched_transcript,mfa_primary_unique_word_overlap_auto_qc_pass,1,1,1,1,1,0,48,63,15,15,5,7,2,2,in_interval_valid_face,-1,
-lzEya4AM_4$_$5,2,it,748,0.6299999952316284,0.699999988079071,0.6299999952316284,0.699999988079071,B_unique_word_overlap_in_mismatched_transcript,mfa_primary_unique_word_overlap_auto_qc_pass,1,1,1,1,0,1,63,70,7,7,7,7,0,0,no_visual_frame_in_interval,7,1.1920928910669204e-08
-lzEya4AM_4$_$5,3,falls,749,0.699999988079071,1.0199999809265137,0.699999988079071,1.0199999809265137,B_unique_word_overlap_in_mismatched_transcript,mfa_primary_unique_word_overlap_auto_qc_pass,1,1,1,1,1,0,70,102,32,30,7,11,4,4,in_interval_valid_face,-1,
-lzEya4AM_4$_$5,4,into,750,1.0199999809265137,1.5199999809265137,1.0199999809265137,1.5199999809265137,B_unique_word_overlap_in_mismatched_transcript,mfa_primary_unique_word_overlap_auto_qc_pass,1,1,1,1,1,0,102,152,50,45,11,16,5,5,in_interval_valid_face,-1,
-lzEya4AM_4$_$5,5,oh,751,,,,,,official_word_unmatched_or_ambiguous_in_asr,1,0,0,0,0,0,-1,-1,0,0,-1,-1,0,0,no_primary_word_time,-1,
-lzEya4AM_4$_$5,6,any,752,1.5700000524520874,1.7699999809265137,1.5700000524520874,1.7699999809265137,B_unique_word_overlap_in_mismatched_transcript,mfa_primary_unique_word_overlap_auto_qc_pass,1,1,1,1,1,0,158,177,19,19,16,18,2,2,in_interval_valid_face,-1,
-lzEya4AM_4$_$5,7,of,753,1.7699999809265137,1.8799999952316284,1.7699999809265137,1.8799999952316284,B_unique_word_overlap_in_mismatched_transcript,mfa_primary_unique_word_overlap_auto_qc_pass,1,1,1,1,1,0,177,188,11,11,18,19,1,1,in_interval_valid_face,-1,
-lzEya4AM_4$_$5,8,those,754,1.8799999952316284,2.109999895095825,1.8799999952316284,2.109999895095825,B_unique_word_overlap_in_mismatched_transcript,mfa_primary_unique_word_overlap_auto_qc_pass,1,1,1,1,1,0,188,211,23,22,19,22,3,3,in_interval_valid_face,-1,
-lzEya4AM_4$_$5,9,three,755,2.109999895095825,2.2699999809265137,2.109999895095825,2.2699999809265137,B_unique_word_overlap_in_mismatched_transcript,mfa_primary_unique_word_overlap_auto_qc_pass,1,1,1,1,1,0,211,227,16,14,22,23,1,1,in_interval_valid_face,-1,
-lzEya4AM_4$_$5,10,categories,756,2.2699999809265137,2.990000009536743,2.2699999809265137,2.990000009536743,B_unique_word_overlap_in_mismatched_transcript,mfa_primary_unique_word_overlap_auto_qc_pass,1,1,1,1,1,0,227,300,73,54,23,30,7,7,in_interval_valid_face,-1,
-lzEya4AM_4$_$5,11,inducing,757,,,,,B_unique_word_overlap_in_mismatched_transcript,mfa_whisper_discrepancy_over_0_5s_null_primary,1,0,0,0,0,0,-1,-1,0,0,-1,-1,0,0,no_primary_word_time,-1,
-lzEya4AM_4$_$5,12,nausea,758,4.989999771118164,5.46999979019165,4.989999771118164,5.46999979019165,B_unique_word_overlap_in_mismatched_transcript,mfa_primary_unique_word_overlap_auto_qc_pass,1,1,1,1,1,0,499,547,48,48,50,55,5,5,in_interval_valid_face,-1,
-lzEya4AM_4$_$5,13,and,759,5.46999979019165,5.570000171661377,5.46999979019165,5.570000171661377,B_unique_word_overlap_in_mismatched_transcript,mfa_primary_unique_word_overlap_auto_qc_pass,1,1,1,1,1,0,547,558,11,11,55,56,1,1,in_interval_valid_face,-1,
-lzEya4AM_4$_$5,14,vomiting,760,5.570000171661377,6.019999980926514,5.570000171661377,6.019999980926514,B_unique_word_overlap_in_mismatched_transcript,mfa_primary_unique_word_overlap_auto_qc_pass,1,1,1,1,1,0,558,602,44,41,56,61,5,5,in_interval_valid_face,-1,
-lzEya4AM_4$_$5,15,would,761,6.239999771118164,6.360000133514404,6.239999771118164,6.360000133514404,B_unique_word_overlap_in_mismatched_transcript,mfa_primary_unique_word_overlap_auto_qc_pass,1,1,1,1,1,0,624,637,13,13,63,64,1,1,in_interval_valid_face,-1,
-lzEya4AM_4$_$5,16,be,762,6.360000133514404,6.440000057220459,6.360000133514404,6.440000057220459,B_unique_word_overlap_in_mismatched_transcript,mfa_primary_unique_word_overlap_auto_qc_pass,1,1,1,1,1,0,637,645,8,8,64,65,1,1,in_interval_valid_face,-1,
-lzEya4AM_4$_$5,17,your,763,6.440000057220459,6.570000171661377,6.440000057220459,6.570000171661377,B_unique_word_overlap_in_mismatched_transcript,mfa_primary_unique_word_overlap_auto_qc_pass,1,1,1,1,1,0,645,658,13,13,65,66,1,1,in_interval_valid_face,-1,
-lzEya4AM_4$_$5,18,next,764,6.570000171661377,6.809999942779541,6.570000171661377,6.809999942779541,B_unique_word_overlap_in_mismatched_transcript,mfa_primary_unique_word_overlap_auto_qc_pass,1,1,1,1,1,0,658,681,23,18,66,69,3,3,in_interval_valid_face,-1,
-lzEya4AM_4$_$5,19,step,765,6.809999942779541,7.170000076293945,6.809999942779541,7.170000076293945,B_unique_word_overlap_in_mismatched_transcript,mfa_primary_unique_word_overlap_auto_qc_pass,1,1,1,0,1,0,681,718,37,0,69,72,3,3,in_interval_valid_face,-1,
-lzEya4AM_4$_$6,1,If,766,,,,,B_unique_word_overlap_in_mismatched_transcript,mfa_whisper_discrepancy_over_0_5s_null_primary,1,0,0,0,0,0,-1,-1,0,0,-1,-1,0,0,no_primary_word_time,-1,
-lzEya4AM_4$_$6,2,the,767,0.699999988079071,0.7799999713897705,0.699999988079071,0.7799999713897705,B_unique_word_overlap_in_mismatched_transcript,mfa_primary_unique_word_overlap_auto_qc_pass,1,1,1,0,1,0,70,78,8,0,7,8,1,1,in_interval_valid_face,-1,
-lzEya4AM_4$_$6,3,product,768,0.7799999713897705,1.350000023841858,0.7799999713897705,1.350000023841858,B_unique_word_overlap_in_mismatched_transcript,mfa_primary_unique_word_overlap_auto_qc_pass,1,1,1,0,1,0,78,136,58,0,8,14,6,6,in_interval_valid_face,-1,
-lzEya4AM_4$_$6,4,or,769,1.5199999809265137,1.6299999952316284,1.5199999809265137,1.6299999952316284,B_unique_word_overlap_in_mismatched_transcript,mfa_primary_unique_word_overlap_auto_qc_pass,1,1,1,1,1,0,152,163,11,11,16,17,1,1,in_interval_valid_face,-1,
-lzEya4AM_4$_$6,5,poison,770,1.6299999952316284,2.1500000953674316,1.6299999952316284,2.1500000953674316,B_unique_word_overlap_in_mismatched_transcript,mfa_primary_unique_word_overlap_auto_qc_pass,1,1,1,1,1,0,163,216,53,48,17,22,5,5,in_interval_valid_face,-1,
-lzEya4AM_4$_$6,6,is,771,2.1500000953674316,2.240000009536743,2.1500000953674316,2.240000009536743,B_unique_word_overlap_in_mismatched_transcript,mfa_primary_unique_word_overlap_auto_qc_pass,1,1,1,1,1,0,216,225,9,9,22,23,1,1,in_interval_valid_face,-1,
-lzEya4AM_4$_$6,7,some,772,2.240000009536743,2.440000057220459,2.240000009536743,2.440000057220459,B_unique_word_overlap_in_mismatched_transcript,mfa_primary_unique_word_overlap_auto_qc_pass,1,1,1,1,1,0,225,245,20,13,23,25,2,2,in_interval_valid_face,-1,
-lzEya4AM_4$_$6,8,type,773,2.440000057220459,2.690000057220459,2.440000057220459,2.690000057220459,B_unique_word_overlap_in_mismatched_transcript,mfa_primary_unique_word_overlap_auto_qc_pass,1,1,1,1,1,0,245,270,25,22,25,27,2,2,in_interval_valid_face,-1,
-lzEya4AM_4$_$6,9,of,774,2.690000057220459,2.869999885559082,2.690000057220459,2.869999885559082,B_unique_word_overlap_in_mismatched_transcript,mfa_primary_unique_word_overlap_auto_qc_pass,1,1,1,0,1,0,270,287,17,0,27,29,2,2,in_interval_valid_face,-1,
-lzEya4AM_4$_$6,10,petroleum,775,2.869999885559082,3.390000104904175,2.869999885559082,3.390000104904175,B_unique_word_overlap_in_mismatched_transcript,mfa_primary_unique_word_overlap_auto_qc_pass,1,1,1,1,1,0,287,340,53,40,29,34,5,5,in_interval_valid_face,-1,
-lzEya4AM_4$_$6,11,product,776,3.390000104904175,3.8499999046325684,3.390000104904175,3.8499999046325684,B_unique_word_overlap_in_mismatched_transcript,mfa_primary_unique_word_overlap_auto_qc_pass,1,1,1,1,1,0,340,385,45,42,34,39,5,5,in_interval_valid_face,-1,
-lzEya4AM_4$_$6,12,or,777,4.170000076293945,4.28000020980835,4.170000076293945,4.28000020980835,B_unique_word_overlap_in_mismatched_transcript,mfa_primary_unique_word_overlap_auto_qc_pass,1,1,1,1,1,0,418,429,11,11,42,43,1,1,in_interval_valid_face,-1,
-lzEya4AM_4$_$6,13,corrosive,778,4.28000020980835,4.840000152587891,4.28000020980835,4.840000152587891,B_unique_word_overlap_in_mismatched_transcript,mfa_primary_unique_word_overlap_auto_qc_pass,1,1,1,1,1,0,429,485,56,45,43,49,6,6,in_interval_valid_face,-1,
-lzEya4AM_4$_$6,14,product,779,4.840000152587891,5.289999961853027,4.840000152587891,5.289999961853027,B_unique_word_overlap_in_mismatched_transcript,mfa_primary_unique_word_overlap_auto_qc_pass,1,1,1,1,1,0,485,529,44,28,49,53,4,4,in_interval_valid_face,-1,
-lzEya4AM_4$_$6,15,you,780,5.78000020980835,5.909999847412109,5.78000020980835,5.909999847412109,B_unique_word_overlap_in_mismatched_transcript,mfa_primary_unique_word_overlap_auto_qc_pass,1,1,1,1,1,0,579,591,12,12,58,60,2,2,in_interval_valid_face,-1,
-lzEya4AM_4$_$6,16,would,781,5.909999847412109,6.070000171661377,5.909999847412109,6.070000171661377,B_unique_word_overlap_in_mismatched_transcript,mfa_primary_unique_word_overlap_auto_qc_pass,1,1,1,1,1,0,591,608,17,17,60,61,1,1,in_interval_valid_face,-1,
-lzEya4AM_4$_$6,17,not,782,6.070000171661377,6.289999961853027,6.070000171661377,6.289999961853027,B_unique_word_overlap_in_mismatched_transcript,mfa_primary_unique_word_overlap_auto_qc_pass,1,1,1,1,1,0,608,629,21,21,61,63,2,2,in_interval_valid_face,-1,
-lzEya4AM_4$_$6,18,attempt,783,6.400000095367432,6.889999866485596,6.400000095367432,6.889999866485596,B_unique_word_overlap_in_mismatched_transcript,mfa_primary_unique_word_overlap_auto_qc_pass,1,1,1,0,1,0,641,689,48,0,65,69,4,4,in_interval_valid_face,-1,
-lzEya4AM_4$_$6,19,to,784,7.159999847412109,7.570000171661377,7.159999847412109,7.570000171661377,B_unique_word_overlap_in_mismatched_transcript,mfa_primary_unique_word_overlap_auto_qc_pass,1,1,1,1,1,0,716,758,42,37,72,76,4,4,in_interval_valid_face,-1,
-lzEya4AM_4$_$6,20,induce,785,7.570000171661377,7.929999828338623,7.570000171661377,7.929999828338623,B_unique_word_overlap_in_mismatched_transcript,mfa_primary_unique_word_overlap_auto_qc_pass,1,1,1,1,1,0,758,793,35,35,76,80,4,4,in_interval_valid_face,-1,
-lzEya4AM_4$_$6,21,vomiting,786,7.929999828338623,8.470000267028809,7.929999828338623,8.470000267028809,B_unique_word_overlap_in_mismatched_transcript,mfa_primary_unique_word_overlap_auto_qc_pass,1,1,1,1,1,0,793,848,55,55,80,85,5,5,in_interval_valid_face,-1,
-lzEya4AM_4$_$6,22,and,787,8.539999961853027,8.699999809265137,8.539999961853027,8.699999809265137,B_unique_word_overlap_in_mismatched_transcript,mfa_primary_unique_word_overlap_auto_qc_pass,1,1,1,1,1,0,854,870,16,16,86,87,1,1,in_interval_valid_face,-1,
-lzEya4AM_4$_$6,23,nausea,788,8.699999809265137,9.100000381469727,8.699999809265137,9.100000381469727,B_unique_word_overlap_in_mismatched_transcript,mfa_primary_unique_word_overlap_auto_qc_pass,1,1,1,1,1,0,870,911,41,24,87,92,5,5,in_interval_valid_face,-1,
-lzEya4AM_4$_$6,24,as,789,,,,,,official_word_unmatched_or_ambiguous_in_asr,1,0,0,0,0,0,-1,-1,0,0,-1,-1,0,0,no_primary_word_time,-1,
-lzEya4AM_4$_$6,25,as,790,,,,,,official_word_unmatched_or_ambiguous_in_asr,1,0,0,0,0,0,-1,-1,0,0,-1,-1,0,0,no_primary_word_time,-1,
-lzEya4AM_4$_$6,26,the,791,9.819999694824219,9.90999984741211,9.819999694824219,9.90999984741211,B_unique_word_overlap_in_mismatched_transcript,mfa_primary_unique_word_overlap_auto_qc_pass,1,1,1,0,1,0,982,991,9,0,99,100,1,1,in_interval_valid_face,-1,
-lzEya4AM_4$_$6,27,product,792,9.90999984741211,10.34000015258789,9.90999984741211,10.34000015258789,B_unique_word_overlap_in_mismatched_transcript,mfa_primary_unique_word_overlap_auto_qc_pass,1,1,1,1,1,0,991,1035,44,30,100,104,4,4,in_interval_valid_face,-1,
-lzEya4AM_4$_$6,28,burned,793,10.34000015258789,10.710000038146973,10.34000015258789,10.710000038146973,B_unique_word_overlap_in_mismatched_transcript,mfa_primary_unique_word_overlap_auto_qc_pass,1,1,1,1,1,0,1035,1072,37,36,104,108,4,4,in_interval_valid_face,-1,
-lzEya4AM_4$_$6,29,on,794,10.710000038146973,10.829999923706055,10.710000038146973,10.829999923706055,B_unique_word_overlap_in_mismatched_transcript,mfa_primary_unique_word_overlap_auto_qc_pass,1,1,1,1,1,0,1072,1083,11,11,108,109,1,1,in_interval_valid_face,-1,
-lzEya4AM_4$_$6,30,the,795,10.829999923706055,10.899999618530273,10.829999923706055,10.899999618530273,B_unique_word_overlap_in_mismatched_transcript,mfa_primary_unique_word_overlap_auto_qc_pass,1,1,1,1,0,1,1083,1090,7,7,109,109,0,0,no_visual_frame_in_interval,109,3.8146972691777137e-07
-lzEya4AM_4$_$6,31,way,796,10.899999618530273,11.079999923706055,10.899999618530273,11.079999923706055,B_unique_word_overlap_in_mismatched_transcript,mfa_primary_unique_word_overlap_auto_qc_pass,1,1,1,1,1,0,1090,1108,18,18,109,111,2,2,in_interval_valid_face,-1,
-lzEya4AM_4$_$6,32,down,797,11.079999923706055,11.520000457763672,11.079999923706055,11.520000457763672,B_unique_word_overlap_in_mismatched_transcript,mfa_primary_unique_word_overlap_auto_qc_pass,1,1,1,1,1,0,1108,1153,45,25,111,116,5,5,in_interval_valid_face,-1,
-lzEya4AM_4$_$6,33,it,798,11.770000457763672,11.869999885559082,11.770000457763672,11.869999885559082,B_unique_word_overlap_in_mismatched_transcript,mfa_primary_unique_word_overlap_auto_qc_pass,1,1,1,1,1,0,1178,1187,9,9,118,119,1,1,in_interval_valid_face,-1,
-lzEya4AM_4$_$6,34,could,799,11.869999885559082,12.010000228881836,11.869999885559082,12.010000228881836,B_unique_word_overlap_in_mismatched_transcript,mfa_primary_unique_word_overlap_auto_qc_pass,1,1,1,1,1,0,1187,1202,15,14,119,121,2,2,in_interval_valid_face,-1,
-lzEya4AM_4$_$6,35,cause,800,12.010000228881836,12.300000190734863,12.010000228881836,12.300000190734863,B_unique_word_overlap_in_mismatched_transcript,mfa_primary_unique_word_overlap_auto_qc_pass,1,1,1,1,1,0,1202,1231,29,25,121,124,3,3,in_interval_valid_face,-1,
-lzEya4AM_4$_$6,36,damage,801,12.300000190734863,12.729999542236328,12.300000190734863,12.729999542236328,B_unique_word_overlap_in_mismatched_transcript,mfa_primary_unique_word_overlap_auto_qc_pass,1,1,1,1,1,0,1231,1273,42,42,124,128,4,4,in_interval_valid_face,-1,
-lzEya4AM_4$_$6,37,and,802,,,,,,official_word_unmatched_or_ambiguous_in_asr,1,0,0,0,0,0,-1,-1,0,0,-1,-1,0,0,no_primary_word_time,-1,
-lzEya4AM_4$_$6,38,burning,803,12.850000381469727,13.300000190734863,12.850000381469727,13.300000190734863,B_unique_word_overlap_in_mismatched_transcript,mfa_primary_unique_word_overlap_auto_qc_pass,1,1,1,1,1,0,1286,1331,45,45,129,134,5,5,in_interval_valid_face,-1,
-lzEya4AM_4$_$6,39,on,804,13.40999984741211,13.539999961853027,13.40999984741211,13.539999961853027,B_unique_word_overlap_in_mismatched_transcript,mfa_primary_unique_word_overlap_auto_qc_pass,1,1,1,1,1,0,1341,1354,13,13,135,136,1,1,in_interval_valid_face,-1,
-lzEya4AM_4$_$6,40,the,805,13.539999961853027,13.600000381469727,13.539999961853027,13.600000381469727,B_unique_word_overlap_in_mismatched_transcript,mfa_primary_unique_word_overlap_auto_qc_pass,1,1,1,1,1,0,1354,1361,7,7,136,137,1,1,in_interval_valid_face,-1,
-lzEya4AM_4$_$6,41,way,806,13.600000381469727,13.75,13.600000381469727,13.75,B_unique_word_overlap_in_mismatched_transcript,mfa_primary_unique_word_overlap_auto_qc_pass,1,1,1,1,1,0,1361,1375,14,14,137,138,1,1,in_interval_valid_face,-1,
-lzEya4AM_4$_$6,42,back,807,13.75,14.020000457763672,13.75,14.020000457763672,B_unique_word_overlap_in_mismatched_transcript,mfa_primary_unique_word_overlap_auto_qc_pass,1,1,1,1,1,0,1375,1403,28,22,138,141,3,3,in_interval_valid_face,-1,
-lzEya4AM_4$_$6,43,up,808,14.020000457763672,14.3100004196167,14.020000457763672,14.3100004196167,B_unique_word_overlap_in_mismatched_transcript,mfa_primary_unique_word_overlap_auto_qc_pass,1,1,1,0,1,0,1403,1432,29,0,141,144,3,3,in_interval_valid_face,-1,
-mJ2ud6oKI8$_$1,1,There,809,,,,,,official_word_unmatched_or_ambiguous_in_asr,1,0,0,0,0,0,-1,-1,0,0,-1,-1,0,0,no_primary_word_time,-1,
-mJ2ud6oKI8$_$1,2,are,810,,,,,,official_word_unmatched_or_ambiguous_in_asr,1,0,0,0,0,0,-1,-1,0,0,-1,-1,0,0,no_primary_word_time,-1,
-mJ2ud6oKI8$_$1,3,a,811,,,,,,official_word_unmatched_or_ambiguous_in_asr,1,0,0,0,0,0,-1,-1,0,0,-1,-1,0,0,no_primary_word_time,-1,
-mJ2ud6oKI8$_$1,4,dozen,812,,,,,,official_word_unmatched_or_ambiguous_in_asr,1,0,0,0,0,0,-1,-1,0,0,-1,-1,0,0,no_primary_word_time,-1,
-mJ2ud6oKI8$_$1,5,or,813,,,,,,official_word_unmatched_or_ambiguous_in_asr,1,0,0,0,0,0,-1,-1,0,0,-1,-1,0,0,no_primary_word_time,-1,
-mJ2ud6oKI8$_$1,6,more,814,,,,,,official_word_unmatched_or_ambiguous_in_asr,1,0,0,0,0,0,-1,-1,0,0,-1,-1,0,0,no_primary_word_time,-1,
-mJ2ud6oKI8$_$1,7,hands,815,,,,,,official_word_unmatched_or_ambiguous_in_asr,1,0,0,0,0,0,-1,-1,0,0,-1,-1,0,0,no_primary_word_time,-1,
-mJ2ud6oKI8$_$1,8,on,816,,,,,,official_word_unmatched_or_ambiguous_in_asr,1,0,0,0,0,0,-1,-1,0,0,-1,-1,0,0,no_primary_word_time,-1,
-mJ2ud6oKI8$_$1,9,techniques,817,,,,,,official_word_unmatched_or_ambiguous_in_asr,1,0,0,0,0,0,-1,-1,0,0,-1,-1,0,0,no_primary_word_time,-1,
-mJ2ud6oKI8$_$1,10,that,818,,,,,,official_word_unmatched_or_ambiguous_in_asr,1,0,0,0,0,0,-1,-1,0,0,-1,-1,0,0,no_primary_word_time,-1,
-mJ2ud6oKI8$_$1,11,we,819,,,,,,official_word_unmatched_or_ambiguous_in_asr,1,0,0,0,0,0,-1,-1,0,0,-1,-1,0,0,no_primary_word_time,-1,
-mJ2ud6oKI8$_$1,12,can,820,,,,,,official_word_unmatched_or_ambiguous_in_asr,1,0,0,0,0,0,-1,-1,0,0,-1,-1,0,0,no_primary_word_time,-1,
-mJ2ud6oKI8$_$1,13,do,821,,,,,,official_word_unmatched_or_ambiguous_in_asr,1,0,0,0,0,0,-1,-1,0,0,-1,-1,0,0,no_primary_word_time,-1,
-mJ2ud6oKI8$_$2,1,So,822,,,,,,official_word_unmatched_or_ambiguous_in_asr,1,0,0,0,0,0,-1,-1,0,0,-1,-1,0,0,no_primary_word_time,-1,
-mJ2ud6oKI8$_$2,2,physical,823,,,,,,official_word_unmatched_or_ambiguous_in_asr,1,0,0,0,0,0,-1,-1,0,0,-1,-1,0,0,no_primary_word_time,-1,
-mJ2ud6oKI8$_$2,3,therapists,824,,,,,,official_word_unmatched_or_ambiguous_in_asr,1,0,0,0,0,0,-1,-1,0,0,-1,-1,0,0,no_primary_word_time,-1,
-mJ2ud6oKI8$_$2,4,and,825,,,,,,official_word_unmatched_or_ambiguous_in_asr,1,0,0,0,0,0,-1,-1,0,0,-1,-1,0,0,no_primary_word_time,-1,
-mJ2ud6oKI8$_$2,5,chiropractors,826,,,,,,official_word_unmatched_or_ambiguous_in_asr,1,0,0,0,0,0,-1,-1,0,0,-1,-1,0,0,no_primary_word_time,-1,
-mJ2ud6oKI8$_$2,6,will,827,,,,,,official_word_unmatched_or_ambiguous_in_asr,1,0,0,0,0,0,-1,-1,0,0,-1,-1,0,0,no_primary_word_time,-1,
-mJ2ud6oKI8$_$2,7,do,828,,,,,,official_word_unmatched_or_ambiguous_in_asr,1,0,0,0,0,0,-1,-1,0,0,-1,-1,0,0,no_primary_word_time,-1,
-mJ2ud6oKI8$_$2,8,joint,829,,,,,,official_word_unmatched_or_ambiguous_in_asr,1,0,0,0,0,0,-1,-1,0,0,-1,-1,0,0,no_primary_word_time,-1,
-mJ2ud6oKI8$_$2,9,manipulations,830,,,,,,official_word_unmatched_or_ambiguous_in_asr,1,0,0,0,0,0,-1,-1,0,0,-1,-1,0,0,no_primary_word_time,-1,
-mJ2ud6oKI8$_$2,10,and,831,,,,,,official_word_unmatched_or_ambiguous_in_asr,1,0,0,0,0,0,-1,-1,0,0,-1,-1,0,0,no_primary_word_time,-1,
-mJ2ud6oKI8$_$2,11,mobilizations,832,,,,,,official_word_unmatched_or_ambiguous_in_asr,1,0,0,0,0,0,-1,-1,0,0,-1,-1,0,0,no_primary_word_time,-1,
-mJ2ud6oKI8$_$6,1,They,833,,,,,,official_word_unmatched_or_ambiguous_in_asr,1,0,0,0,0,0,-1,-1,0,0,-1,-1,0,0,no_primary_word_time,-1,
-mJ2ud6oKI8$_$6,2,are,834,,,,,,official_word_unmatched_or_ambiguous_in_asr,1,0,0,0,0,0,-1,-1,0,0,-1,-1,0,0,no_primary_word_time,-1,
-mJ2ud6oKI8$_$6,3,all,835,0.4300000071525574,0.7400000095367432,0.4300000071525574,0.7400000095367432,B_unique_word_overlap_in_mismatched_transcript,mfa_primary_unique_word_overlap_auto_qc_pass,1,1,1,1,1,0,44,75,31,30,5,8,3,3,in_interval_valid_face,-1,
-mJ2ud6oKI8$_$6,4,very,836,,,,,,official_word_unmatched_or_ambiguous_in_asr,1,0,0,0,0,0,-1,-1,0,0,-1,-1,0,0,no_primary_word_time,-1,
-mJ2ud6oKI8$_$6,5,safe,837,,,,,,official_word_unmatched_or_ambiguous_in_asr,1,0,0,0,0,0,-1,-1,0,0,-1,-1,0,0,no_primary_word_time,-1,
-mJ2ud6oKI8$_$9,1,It's,838,,,,,,official_word_unmatched_or_ambiguous_in_asr,1,0,0,0,0,0,-1,-1,0,0,-1,-1,0,0,no_primary_word_time,-1,
-mJ2ud6oKI8$_$9,2,safe,839,,,,,,official_word_unmatched_or_ambiguous_in_asr,1,0,0,0,0,0,-1,-1,0,0,-1,-1,0,0,no_primary_word_time,-1,
-mJ2ud6oKI8$_$9,3,and,840,,,,,,official_word_unmatched_or_ambiguous_in_asr,1,0,0,0,0,0,-1,-1,0,0,-1,-1,0,0,no_primary_word_time,-1,
-mJ2ud6oKI8$_$9,4,the,841,,,,,,official_word_unmatched_or_ambiguous_in_asr,1,0,0,0,0,0,-1,-1,0,0,-1,-1,0,0,no_primary_word_time,-1,
-mJ2ud6oKI8$_$9,5,person,842,,,,,,official_word_unmatched_or_ambiguous_in_asr,1,0,0,0,0,0,-1,-1,0,0,-1,-1,0,0,no_primary_word_time,-1,
-mJ2ud6oKI8$_$9,6,will,843,,,,,,official_word_unmatched_or_ambiguous_in_asr,1,0,0,0,0,0,-1,-1,0,0,-1,-1,0,0,no_primary_word_time,-1,
-mJ2ud6oKI8$_$9,7,feel,844,,,,,,official_word_unmatched_or_ambiguous_in_asr,1,0,0,0,0,0,-1,-1,0,0,-1,-1,0,0,no_primary_word_time,-1,
-mJ2ud6oKI8$_$9,8,better,845,,,,,,official_word_unmatched_or_ambiguous_in_asr,1,0,0,0,0,0,-1,-1,0,0,-1,-1,0,0,no_primary_word_time,-1,
-mJ2ud6oKI8$_$9,9,later,846,,,,,,official_word_unmatched_or_ambiguous_in_asr,1,0,0,0,0,0,-1,-1,0,0,-1,-1,0,0,no_primary_word_time,-1,
-mJ2ud6oKI8$_$9,10,on,847,,,,,,official_word_unmatched_or_ambiguous_in_asr,1,0,0,0,0,0,-1,-1,0,0,-1,-1,0,0,no_primary_word_time,-1,
-mJ2ud6oKI8$_$9,11,but,848,2.940000057220459,3.0399999618530273,2.940000057220459,3.0399999618530273,B_unique_word_overlap_in_mismatched_transcript,mfa_primary_unique_word_overlap_auto_qc_pass,1,1,1,1,1,0,295,304,9,7,30,31,1,1,in_interval_valid_face,-1,
-mJ2ud6oKI8$_$9,12,it's,849,,,,,,official_word_unmatched_or_ambiguous_in_asr,1,0,0,0,0,0,-1,-1,0,0,-1,-1,0,0,no_primary_word_time,-1,
-mJ2ud6oKI8$_$9,13,sort,850,,,,,,official_word_unmatched_or_ambiguous_in_asr,1,0,0,0,0,0,-1,-1,0,0,-1,-1,0,0,no_primary_word_time,-1,
-mJ2ud6oKI8$_$9,14,of,851,,,,,,official_word_unmatched_or_ambiguous_in_asr,1,0,0,0,0,0,-1,-1,0,0,-1,-1,0,0,no_primary_word_time,-1,
-mJ2ud6oKI8$_$9,15,like,852,,,,,,official_word_unmatched_or_ambiguous_in_asr,1,0,0,0,0,0,-1,-1,0,0,-1,-1,0,0,no_primary_word_time,-1,
-mJ2ud6oKI8$_$9,16,flossing,853,,,,,,official_word_unmatched_or_ambiguous_in_asr,1,0,0,0,0,0,-1,-1,0,0,-1,-1,0,0,no_primary_word_time,-1,
-mJ2ud6oKI8$_$9,17,your,854,6.769999980926514,6.90875,6.769999980926514,6.90875,B_unique_word_overlap_in_mismatched_transcript,mfa_primary_unique_word_overlap_auto_qc_pass,1,1,1,1,1,0,677,691,14,14,68,69,1,1,in_interval_valid_face,-1,
-mJ2ud6oKI8$_$9,18,teeth,855,,,,,,official_word_unmatched_or_ambiguous_in_asr,1,0,0,0,0,0,-1,-1,0,0,-1,-1,0,0,no_primary_word_time,-1,
-mJ2ud6oKI8$_$9,19,for,856,,,,,,official_word_unmatched_or_ambiguous_in_asr,1,0,0,0,0,0,-1,-1,0,0,-1,-1,0,0,no_primary_word_time,-1,
-mJ2ud6oKI8$_$9,20,the,857,,,,,,official_word_unmatched_or_ambiguous_in_asr,1,0,0,0,0,0,-1,-1,0,0,-1,-1,0,0,no_primary_word_time,-1,
-mJ2ud6oKI8$_$9,21,first,858,,,,,,official_word_unmatched_or_ambiguous_in_asr,1,0,0,0,0,0,-1,-1,0,0,-1,-1,0,0,no_primary_word_time,-1,
-mJ2ud6oKI8$_$9,22,time,859,,,,,,official_word_unmatched_or_ambiguous_in_asr,1,0,0,0,0,0,-1,-1,0,0,-1,-1,0,0,no_primary_word_time,-1,
-mJ2ud6oKI8$_$8,1,Sometimes,860,,,,,,official_word_unmatched_or_ambiguous_in_asr,1,0,0,0,0,0,-1,-1,0,0,-1,-1,0,0,no_primary_word_time,-1,
-mJ2ud6oKI8$_$8,2,we,861,0.7799999713897705,0.8700000047683716,0.7799999713897705,0.8700000047683716,B_unique_word_overlap_in_mismatched_transcript,mfa_primary_unique_word_overlap_auto_qc_pass,1,1,1,0,1,0,78,88,10,0,8,9,1,1,in_interval_valid_face,-1,
-mJ2ud6oKI8$_$8,3,have,862,,,,,,official_word_unmatched_or_ambiguous_in_asr,1,0,0,0,0,0,-1,-1,0,0,-1,-1,0,0,no_primary_word_time,-1,
-mJ2ud6oKI8$_$8,4,to,863,,,,,,official_word_unmatched_or_ambiguous_in_asr,1,0,0,0,0,0,-1,-1,0,0,-1,-1,0,0,no_primary_word_time,-1,
-mJ2ud6oKI8$_$8,5,stretch,864,,,,,,official_word_unmatched_or_ambiguous_in_asr,1,0,0,0,0,0,-1,-1,0,0,-1,-1,0,0,no_primary_word_time,-1,
-mJ2ud6oKI8$_$8,6,that,865,,,,,,official_word_unmatched_or_ambiguous_in_asr,1,0,0,0,0,0,-1,-1,0,0,-1,-1,0,0,no_primary_word_time,-1,
-mJ2ud6oKI8$_$8,7,joint,866,,,,,,official_word_unmatched_or_ambiguous_in_asr,1,0,0,0,0,0,-1,-1,0,0,-1,-1,0,0,no_primary_word_time,-1,
-mJ2ud6oKI8$_$8,8,that,867,,,,,,official_word_unmatched_or_ambiguous_in_asr,1,0,0,0,0,0,-1,-1,0,0,-1,-1,0,0,no_primary_word_time,-1,
-mJ2ud6oKI8$_$8,9,is,868,,,,,,official_word_unmatched_or_ambiguous_in_asr,1,0,0,0,0,0,-1,-1,0,0,-1,-1,0,0,no_primary_word_time,-1,
-mJ2ud6oKI8$_$8,10,already,869,,,,,,official_word_unmatched_or_ambiguous_in_asr,1,0,0,0,0,0,-1,-1,0,0,-1,-1,0,0,no_primary_word_time,-1,
-mJ2ud6oKI8$_$8,11,irritated,870,,,,,,official_word_unmatched_or_ambiguous_in_asr,1,0,0,0,0,0,-1,-1,0,0,-1,-1,0,0,no_primary_word_time,-1,
-mqbVkbCndg$_$0,1,How,871,0.05000000074505806,0.550000011920929,0.05000000074505806,0.550000011920929,A_exact_transcript,mfa_primary_exact_transcript_auto_qc_pass,1,1,1,1,1,0,6,56,50,37,1,6,5,5,in_interval_valid_face,-1,
-mqbVkbCndg$_$0,2,at,872,0.8199999928474426,0.9399999976158142,0.8199999928474426,0.9399999976158142,A_exact_transcript,mfa_primary_exact_transcript_auto_qc_pass,1,1,1,1,1,0,82,94,12,12,9,10,1,1,in_interval_valid_face,-1,
-mqbVkbCndg$_$0,3,a,873,0.9399999976158142,0.9800000190734863,0.9399999976158142,0.9800000190734863,A_exact_transcript,mfa_primary_exact_transcript_auto_qc_pass,1,1,1,1,0,1,94,99,5,5,10,10,0,0,no_visual_frame_in_interval,10,0.019999980926513672
-mqbVkbCndg$_$0,4,particular,874,0.9800000190734863,1.5499999523162842,0.9800000190734863,1.5499999523162842,A_exact_transcript,mfa_primary_exact_transcript_auto_qc_pass,1,1,1,1,1,0,99,155,56,51,10,16,6,6,in_interval_valid_face,-1,
-mqbVkbCndg$_$0,5,moment,875,1.5499999523162842,2.049999952316284,1.5499999523162842,2.049999952316284,A_exact_transcript,mfa_primary_exact_transcript_auto_qc_pass,1,1,1,1,1,0,155,205,50,50,16,21,5,5,in_interval_valid_face,-1,
-mqbVkbCndg$_$0,6,in,876,2.049999952316284,2.180000066757202,2.049999952316284,2.180000066757202,A_exact_transcript,mfa_primary_exact_transcript_auto_qc_pass,1,1,1,1,1,0,205,219,14,14,21,22,1,1,in_interval_valid_face,-1,
-mqbVkbCndg$_$0,7,time,877,2.180000066757202,2.5799999237060547,2.180000066757202,2.5799999237060547,A_exact_transcript,mfa_primary_exact_transcript_auto_qc_pass,1,1,1,1,1,0,219,258,39,37,22,26,4,4,in_interval_valid_face,-1,
-mqbVkbCndg$_$0,8,our,878,2.5799999237060547,2.6500000953674316,2.5799999237060547,2.6500000953674316,A_exact_transcript,mfa_primary_exact_transcript_auto_qc_pass,1,1,1,1,1,0,258,266,8,5,26,27,1,1,in_interval_valid_face,-1,
-mqbVkbCndg$_$0,9,moment,879,2.6500000953674316,3.450000047683716,2.6500000953674316,3.450000047683716,A_exact_transcript,mfa_primary_exact_transcript_auto_qc_pass,1,1,1,1,1,0,266,346,80,77,27,35,8,8,in_interval_valid_face,-1,
-mqbVkbCndg$_$0,10,in,880,3.450000047683716,3.619999885559082,3.450000047683716,3.619999885559082,A_exact_transcript,mfa_primary_exact_transcript_auto_qc_pass,1,1,1,1,1,0,346,362,16,13,35,37,2,2,in_interval_valid_face,-1,
-mqbVkbCndg$_$0,11,time,881,3.619999885559082,4.019999980926514,3.619999885559082,4.019999980926514,A_exact_transcript,mfa_primary_exact_transcript_auto_qc_pass,1,1,1,1,1,0,362,402,40,29,37,41,4,4,in_interval_valid_face,-1,
-mqbVkbCndg$_$0,12,are,882,4.46999979019165,4.630000114440918,4.46999979019165,4.630000114440918,A_exact_transcript,mfa_primary_exact_transcript_auto_qc_pass,1,1,1,1,1,0,447,464,17,17,45,47,2,2,in_interval_valid_face,-1,
-mqbVkbCndg$_$0,13,they,883,4.630000114440918,4.989999771118164,4.630000114440918,4.989999771118164,A_exact_transcript,mfa_primary_exact_transcript_auto_qc_pass,1,1,1,1,1,0,464,499,35,35,47,50,3,3,in_interval_valid_face,-1,
-mqbVkbCndg$_$0,14,limited,884,5.329999923706055,6.0,5.329999923706055,6.0,A_exact_transcript,mfa_primary_exact_transcript_auto_qc_pass,1,1,1,1,1,0,533,600,67,46,54,60,6,6,in_interval_valid_face,-1,
-t217m2on-s$_$2,1,But,885,,,,,A_exact_transcript,mfa_whisper_discrepancy_over_0_5s_null_primary,1,0,0,0,0,0,-1,-1,0,0,-1,-1,0,0,no_primary_word_time,-1,
-t217m2on-s$_$2,2,a,886,0.7099999785423279,1.0800000429153442,0.7099999785423279,1.0800000429153442,A_exact_transcript,mfa_primary_exact_transcript_auto_qc_pass,1,1,1,1,1,0,71,109,38,38,8,11,3,3,in_interval_valid_face,-1,
-t217m2on-s$_$2,3,good,887,1.4199999570846558,1.600000023841858,1.4199999570846558,1.600000023841858,A_exact_transcript,mfa_primary_exact_transcript_auto_qc_pass,1,1,1,1,1,0,142,161,19,17,15,17,2,2,in_interval_valid_face,-1,
-t217m2on-s$_$2,4,thing,888,1.600000023841858,1.75,1.600000023841858,1.75,A_exact_transcript,mfa_primary_exact_transcript_auto_qc_pass,1,1,1,1,1,0,161,175,14,14,17,18,1,1,in_interval_valid_face,-1,
-t217m2on-s$_$2,5,to,889,1.75,1.8200000524520874,1.75,1.8200000524520874,A_exact_transcript,mfa_primary_exact_transcript_auto_qc_pass,1,1,1,1,1,0,175,183,8,8,18,19,1,1,in_interval_valid_face,-1,
-t217m2on-s$_$2,6,do,890,1.8200000524520874,1.9500000476837158,1.8200000524520874,1.9500000476837158,A_exact_transcript,mfa_primary_exact_transcript_auto_qc_pass,1,1,1,1,1,0,183,196,13,13,19,20,1,1,in_interval_valid_face,-1,
-t217m2on-s$_$2,7,is,891,1.9500000476837158,2.0899999141693115,1.9500000476837158,2.0899999141693115,A_exact_transcript,mfa_primary_exact_transcript_auto_qc_pass,1,1,1,1,1,0,196,209,13,13,20,21,1,1,in_interval_valid_face,-1,
-t217m2on-s$_$2,8,yawning,892,2.0899999141693115,2.619999885559082,2.0899999141693115,2.619999885559082,A_exact_transcript,mfa_primary_exact_transcript_auto_qc_pass,1,1,1,1,1,0,209,262,53,53,21,27,6,6,in_interval_valid_face,-1,
-t217m2on-s$_$2,9,chewing,893,,,,,A_exact_transcript,mfa_whisper_discrepancy_over_0_5s_null_primary,1,0,0,0,0,0,-1,-1,0,0,-1,-1,0,0,no_primary_word_time,-1,
-t217m2on-s$_$2,10,gum,894,3.6500000953674316,3.759999990463257,3.6500000953674316,3.759999990463257,A_exact_transcript,mfa_primary_exact_transcript_auto_qc_pass,1,1,1,1,1,0,366,376,10,10,37,38,1,1,in_interval_valid_face,-1,
-t217m2on-s$_$2,11,is,895,3.759999990463257,4.409999847412109,3.759999990463257,4.409999847412109,A_exact_transcript,mfa_primary_exact_transcript_auto_qc_pass,1,1,1,1,1,0,376,441,65,65,38,45,7,7,in_interval_valid_face,-1,
-t217m2on-s$_$2,12,effective,896,4.409999847412109,5.050000190734863,4.409999847412109,5.050000190734863,A_exact_transcript,mfa_primary_exact_transcript_auto_qc_pass,1,1,1,1,1,0,441,506,65,50,45,51,6,6,in_interval_valid_face,-1,
-t217m2on-s$_$7,1,If,897,,,,,A_exact_transcript,mfa_whisper_discrepancy_over_0_5s_null_primary,1,0,0,0,0,0,-1,-1,0,0,-1,-1,0,0,no_primary_word_time,-1,
-t217m2on-s$_$7,2,you,898,0.6700000166893005,0.7300000190734863,0.6700000166893005,0.7300000190734863,A_exact_transcript,mfa_primary_exact_transcript_auto_qc_pass,1,1,1,1,1,0,68,74,6,6,7,8,1,1,in_interval_valid_face,-1,
-t217m2on-s$_$7,3,find,899,0.7300000190734863,1.149999976158142,0.7300000190734863,1.149999976158142,A_exact_transcript,mfa_primary_exact_transcript_auto_qc_pass,1,1,1,1,1,0,74,115,41,39,8,12,4,4,in_interval_valid_face,-1,
-t217m2on-s$_$7,4,that,900,1.149999976158142,1.3799999952316284,1.149999976158142,1.3799999952316284,A_exact_transcript,mfa_primary_exact_transcript_auto_qc_pass,1,1,1,1,1,0,115,138,23,12,12,14,2,2,in_interval_valid_face,-1,
-t217m2on-s$_$7,5,your,901,1.3799999952316284,1.5199999809265137,1.3799999952316284,1.5199999809265137,A_exact_transcript,mfa_primary_exact_transcript_auto_qc_pass,1,1,1,1,1,0,138,152,14,14,14,16,2,2,in_interval_valid_face,-1,
-t217m2on-s$_$7,6,ears,902,1.5199999809265137,2.2899999618530273,1.5199999809265137,2.2899999618530273,A_exact_transcript,mfa_primary_exact_transcript_auto_qc_pass,1,1,1,1,1,0,152,229,77,51,16,23,7,7,in_interval_valid_face,-1,
-t217m2on-s$_$7,7,consistently,903,,,,,A_exact_transcript,mfa_whisper_discrepancy_over_0_5s_null_primary,1,0,0,0,0,0,-1,-1,0,0,-1,-1,0,0,no_primary_word_time,-1,
-t217m2on-s$_$7,8,do,904,,,,,A_exact_transcript,mfa_whisper_discrepancy_over_0_5s_null_primary,1,0,0,0,0,0,-1,-1,0,0,-1,-1,0,0,no_primary_word_time,-1,
-t217m2on-s$_$7,9,this,905,4.460000038146973,4.78000020980835,4.460000038146973,4.78000020980835,A_exact_transcript,mfa_primary_exact_transcript_auto_qc_pass,1,1,1,1,1,0,447,479,32,28,45,48,3,3,in_interval_valid_face,-1,
-t217m2on-s$_$7,10,and,906,4.78000020980835,4.880000114440918,4.78000020980835,4.880000114440918,A_exact_transcript,mfa_primary_exact_transcript_auto_qc_pass,1,1,1,1,1,0,479,489,10,10,48,49,1,1,in_interval_valid_face,-1,
-t217m2on-s$_$7,11,you,907,4.880000114440918,4.960000038146973,4.880000114440918,4.960000038146973,A_exact_transcript,mfa_primary_exact_transcript_auto_qc_pass,1,1,1,1,1,0,489,497,8,8,49,50,1,1,in_interval_valid_face,-1,
-t217m2on-s$_$7,12,can't,908,4.960000038146973,5.53000020980835,4.960000038146973,5.53000020980835,A_exact_transcript,mfa_primary_exact_transcript_auto_qc_pass,1,1,1,1,1,0,497,554,57,41,50,56,6,6,in_interval_valid_face,-1,
-t217m2on-s$_$7,13,pop,909,5.53000020980835,5.880000114440918,5.53000020980835,5.880000114440918,A_exact_transcript,mfa_primary_exact_transcript_auto_qc_pass,1,1,1,1,1,0,554,589,35,22,56,59,3,3,in_interval_valid_face,-1,
-t217m2on-s$_$7,14,them,910,5.880000114440918,6.050000190734863,5.880000114440918,6.050000190734863,A_exact_transcript,mfa_primary_exact_transcript_auto_qc_pass,1,1,1,1,1,0,589,606,17,14,59,61,2,2,in_interval_valid_face,-1,
-t217m2on-s$_$7,15,often,911,6.050000190734863,6.519999980926514,6.050000190734863,6.519999980926514,A_exact_transcript,mfa_primary_exact_transcript_auto_qc_pass,1,1,1,1,1,0,606,652,46,37,61,66,5,5,in_interval_valid_face,-1,
-t217m2on-s$_$7,16,you'll,912,6.940000057220459,7.039999961853027,6.940000057220459,7.039999961853027,A_exact_transcript,mfa_primary_exact_transcript_auto_qc_pass,1,1,1,1,1,0,695,704,9,8,70,71,1,1,in_interval_valid_face,-1,
-t217m2on-s$_$7,17,definitely,913,7.039999961853027,7.699999809265137,7.039999961853027,7.699999809265137,A_exact_transcript,mfa_primary_exact_transcript_auto_qc_pass,1,1,1,1,1,0,704,770,66,66,71,77,6,6,in_interval_valid_face,-1,
-t217m2on-s$_$7,18,need,914,7.730000019073486,7.929999828338623,7.730000019073486,7.929999828338623,A_exact_transcript,mfa_primary_exact_transcript_auto_qc_pass,1,1,1,1,1,0,774,793,19,19,78,80,2,2,in_interval_valid_face,-1,
-t217m2on-s$_$7,19,to,915,7.929999828338623,7.989999771118164,7.929999828338623,7.989999771118164,A_exact_transcript,mfa_primary_exact_transcript_auto_qc_pass,1,1,1,1,0,1,793,799,6,6,80,80,0,0,no_visual_frame_in_interval,80,0.010000228881835938
-t217m2on-s$_$7,20,see,916,7.989999771118164,8.199999809265137,7.989999771118164,8.199999809265137,A_exact_transcript,mfa_primary_exact_transcript_auto_qc_pass,1,1,1,1,1,0,799,820,21,17,80,82,2,2,in_interval_valid_face,-1,
-t217m2on-s$_$7,21,a,917,8.199999809265137,8.260000228881836,8.199999809265137,8.260000228881836,A_exact_transcript,mfa_primary_exact_transcript_auto_qc_pass,1,1,1,1,1,0,820,827,7,7,82,83,1,1,in_interval_valid_face,-1,
-t217m2on-s$_$7,22,physician,918,8.260000228881836,8.970000267028809,8.260000228881836,8.970000267028809,A_exact_transcript,mfa_primary_exact_transcript_auto_qc_pass,1,1,1,1,1,0,827,898,71,61,83,90,7,7,in_interval_valid_face,-1,
-t217m2on-s$_$7,23,regarding,919,,,,,A_exact_transcript,mfa_whisper_discrepancy_over_0_5s_null_primary,1,0,0,0,0,0,-1,-1,0,0,-1,-1,0,0,no_primary_word_time,-1,
-t217m2on-s$_$7,24,those,920,9.949999809265137,10.140000343322754,9.949999809265137,10.140000343322754,A_exact_transcript,mfa_primary_exact_transcript_auto_qc_pass,1,1,1,1,1,0,995,1015,20,19,100,102,2,2,in_interval_valid_face,-1,
-t217m2on-s$_$7,25,things,921,10.140000343322754,10.649999618530273,10.140000343322754,10.649999618530273,A_exact_transcript,mfa_primary_exact_transcript_auto_qc_pass,1,1,1,1,1,0,1015,1065,50,38,102,107,5,5,in_interval_valid_face,-1,
-t217m2on-s$_$7,26,it,922,10.84000015258789,10.989999771118164,10.84000015258789,10.989999771118164,A_exact_transcript,mfa_primary_exact_transcript_auto_qc_pass,1,1,1,1,1,0,1085,1099,14,14,109,110,1,1,in_interval_valid_face,-1,
-t217m2on-s$_$7,27,could,923,10.989999771118164,11.199999809265137,10.989999771118164,11.199999809265137,A_exact_transcript,mfa_primary_exact_transcript_auto_qc_pass,1,1,1,1,1,0,1099,1120,21,18,110,112,2,2,in_interval_valid_face,-1,
-t217m2on-s$_$7,28,be,924,11.199999809265137,11.3100004196167,11.199999809265137,11.3100004196167,A_exact_transcript,mfa_primary_exact_transcript_auto_qc_pass,1,1,1,1,1,0,1120,1132,12,12,112,114,2,2,in_interval_valid_face,-1,
-t217m2on-s$_$7,29,something,925,11.3100004196167,11.720000267028809,11.3100004196167,11.720000267028809,A_exact_transcript,mfa_primary_exact_transcript_auto_qc_pass,1,1,1,1,1,0,1132,1173,41,40,114,118,4,4,in_interval_valid_face,-1,
-t217m2on-s$_$7,30,more,926,11.720000267028809,11.979999542236328,11.720000267028809,11.979999542236328,A_exact_transcript,mfa_primary_exact_transcript_auto_qc_pass,1,1,1,1,1,0,1173,1198,25,25,118,120,2,2,in_interval_valid_face,-1,
-t217m2on-s$_$7,31,of,927,11.979999542236328,12.050000190734863,11.979999542236328,12.050000190734863,A_exact_transcript,mfa_primary_exact_transcript_auto_qc_pass,1,1,1,1,1,0,1198,1206,8,8,120,121,1,1,in_interval_valid_face,-1,
-t217m2on-s$_$7,32,a,928,12.050000190734863,12.109999656677246,12.050000190734863,12.109999656677246,A_exact_transcript,mfa_primary_exact_transcript_auto_qc_pass,1,1,1,1,1,0,1206,1211,5,5,121,122,1,1,in_interval_valid_face,-1,
-t217m2on-s$_$7,33,nasal,929,12.109999656677246,12.520000457763672,12.109999656677246,12.520000457763672,A_exact_transcript,mfa_primary_exact_transcript_auto_qc_pass,1,1,1,1,1,0,1211,1253,42,42,122,126,4,4,in_interval_valid_face,-1,
-t217m2on-s$_$7,34,infection,930,12.520000457763672,13.15999984741211,12.520000457763672,13.15999984741211,A_exact_transcript,mfa_primary_exact_transcript_auto_qc_pass,1,1,1,1,1,0,1253,1316,63,52,126,132,6,6,in_interval_valid_face,-1,
-t217m2on-s$_$7,35,or,931,13.15999984741211,13.430000305175781,13.15999984741211,13.430000305175781,A_exact_transcript,mfa_primary_exact_transcript_auto_qc_pass,1,1,1,1,1,0,1316,1344,28,14,132,135,3,3,in_interval_valid_face,-1,
-t217m2on-s$_$7,36,a,932,13.430000305175781,13.479999542236328,13.430000305175781,13.479999542236328,A_exact_transcript,mfa_primary_exact_transcript_auto_qc_pass,1,1,1,1,0,1,1344,1348,4,4,135,135,0,0,no_visual_frame_in_interval,135,0.020000457763671875
-t217m2on-s$_$7,37,sinus,933,13.479999542236328,13.970000267028809,13.479999542236328,13.970000267028809,A_exact_transcript,mfa_primary_exact_transcript_auto_qc_pass,1,1,1,1,1,0,1348,1398,50,35,135,140,5,5,in_interval_valid_face,-1,
-t217m2on-s$_$7,38,infection,934,13.970000267028809,14.6899995803833,13.970000267028809,14.6899995803833,A_exact_transcript,mfa_primary_exact_transcript_auto_qc_pass,1,1,1,1,1,0,1398,1469,71,50,140,147,7,7,in_interval_valid_face,-1,
-t217m2on-s$_$7,39,that,935,,,,,A_exact_transcript,mfa_whisper_discrepancy_over_0_5s_null_primary,1,0,0,0,0,0,-1,-1,0,0,-1,-1,0,0,no_primary_word_time,-1,
-t217m2on-s$_$7,40,he,936,15.300000190734863,15.5,15.300000190734863,15.5,A_exact_transcript,mfa_primary_exact_transcript_auto_qc_pass,1,1,1,1,1,0,1531,1550,19,13,154,155,1,1,in_interval_valid_face,-1,
-t217m2on-s$_$7,41,would,937,15.5,15.770000457763672,15.5,15.770000457763672,A_exact_transcript,mfa_primary_exact_transcript_auto_qc_pass,1,1,1,1,1,0,1550,1578,28,28,155,158,3,3,in_interval_valid_face,-1,
-t217m2on-s$_$7,42,need,938,15.770000457763672,15.960000038146973,15.770000457763672,15.960000038146973,A_exact_transcript,mfa_primary_exact_transcript_auto_qc_pass,1,1,1,1,1,0,1578,1597,19,19,158,160,2,2,in_interval_valid_face,-1,
-t217m2on-s$_$7,43,to,939,15.960000038146973,16.020000457763672,15.960000038146973,16.020000457763672,A_exact_transcript,mfa_primary_exact_transcript_auto_qc_pass,1,1,1,1,1,0,1597,1603,6,6,160,161,1,1,in_interval_valid_face,-1,
-t217m2on-s$_$7,44,deal,940,16.020000457763672,16.31999969482422,16.020000457763672,16.31999969482422,A_exact_transcript,mfa_primary_exact_transcript_auto_qc_pass,1,1,1,1,1,0,1603,1632,29,26,161,164,3,3,in_interval_valid_face,-1,
-t217m2on-s$_$7,45,with,941,16.31999969482422,16.469999313354492,16.31999969482422,16.469999313354492,A_exact_transcript,mfa_primary_exact_transcript_auto_qc_pass,1,1,1,0,1,0,1632,1647,15,0,164,165,1,1,in_interval_valid_face,-1,
-tANM6ETl_M$_$3,1,The,942,,,,,B_unique_word_overlap_in_mismatched_transcript,mfa_whisper_discrepancy_over_0_5s_null_primary,1,0,0,0,0,0,-1,-1,0,0,-1,-1,0,0,no_primary_word_time,-1,
-tANM6ETl_M$_$3,2,first,943,0.6100000143051147,0.9900000095367432,0.6100000143051147,0.9900000095367432,B_unique_word_overlap_in_mismatched_transcript,mfa_primary_unique_word_overlap_auto_qc_pass,1,1,1,1,1,0,62,100,38,19,7,10,3,3,in_interval_valid_face,-1,
-tANM6ETl_M$_$3,3,place,944,0.9900000095367432,1.340000033378601,0.9900000095367432,1.340000033378601,B_unique_word_overlap_in_mismatched_transcript,mfa_primary_unique_word_overlap_auto_qc_pass,1,1,1,1,1,0,100,135,35,32,10,14,4,4,in_interval_valid_face,-1,
-tANM6ETl_M$_$3,4,is,945,1.340000033378601,1.5099999904632568,1.340000033378601,1.5099999904632568,B_unique_word_overlap_in_mismatched_transcript,mfa_primary_unique_word_overlap_auto_qc_pass,1,1,1,1,1,0,135,151,16,16,14,16,2,2,in_interval_valid_face,-1,
-tANM6ETl_M$_$3,5,either,946,1.5099999904632568,1.7599999904632568,1.5099999904632568,1.7599999904632568,B_unique_word_overlap_in_mismatched_transcript,mfa_primary_unique_word_overlap_auto_qc_pass,1,1,1,1,1,0,151,176,25,25,16,18,2,2,in_interval_valid_face,-1,
-tANM6ETl_M$_$3,6,you,947,1.7599999904632568,1.9700000286102295,1.7599999904632568,1.9700000286102295,B_unique_word_overlap_in_mismatched_transcript,mfa_primary_unique_word_overlap_auto_qc_pass,1,1,1,1,1,0,176,198,22,22,18,20,2,2,in_interval_valid_face,-1,
-tANM6ETl_M$_$3,7,have,948,1.9700000286102295,2.200000047683716,1.9700000286102295,2.200000047683716,B_unique_word_overlap_in_mismatched_transcript,mfa_primary_unique_word_overlap_auto_qc_pass,1,1,1,1,1,0,198,221,23,23,20,23,3,3,in_interval_valid_face,-1,
-tANM6ETl_M$_$3,8,a,949,2.200000047683716,2.2699999809265137,2.200000047683716,2.2699999809265137,B_unique_word_overlap_in_mismatched_transcript,mfa_primary_unique_word_overlap_auto_qc_pass,1,1,1,1,0,1,221,227,6,6,23,23,0,0,no_visual_frame_in_interval,22,4.7683715642676816e-08
-tANM6ETl_M$_$3,9,prospect,950,2.2699999809265137,2.930000066757202,2.2699999809265137,2.930000066757202,B_unique_word_overlap_in_mismatched_transcript,mfa_primary_unique_word_overlap_auto_qc_pass,1,1,1,1,1,0,227,294,67,56,23,30,7,7,in_interval_valid_face,-1,
-tANM6ETl_M$_$3,10,or,951,2.930000066757202,3.0199999809265137,2.930000066757202,3.0199999809265137,B_unique_word_overlap_in_mismatched_transcript,mfa_primary_unique_word_overlap_auto_qc_pass,1,1,1,1,1,0,294,302,8,8,30,31,1,1,in_interval_valid_face,-1,
-tANM6ETl_M$_$3,11,a,952,3.0199999809265137,3.069999933242798,3.0199999809265137,3.069999933242798,B_unique_word_overlap_in_mismatched_transcript,mfa_primary_unique_word_overlap_auto_qc_pass,1,1,1,1,0,1,302,307,5,5,31,31,0,0,no_visual_frame_in_interval,30,0.019999980926513672
-tANM6ETl_M$_$3,12,customer,953,3.069999933242798,3.509999990463257,3.069999933242798,3.509999990463257,B_unique_word_overlap_in_mismatched_transcript,mfa_primary_unique_word_overlap_auto_qc_pass,1,1,1,1,1,0,307,351,44,41,31,36,5,5,in_interval_valid_face,-1,
-tANM6ETl_M$_$3,13,who's,954,3.509999990463257,3.7100000381469727,3.509999990463257,3.7100000381469727,B_unique_word_overlap_in_mismatched_transcript,mfa_primary_unique_word_overlap_auto_qc_pass,1,1,1,1,1,0,351,372,21,21,36,38,2,2,in_interval_valid_face,-1,
-tANM6ETl_M$_$3,14,never,955,3.7100000381469727,4.190000057220459,3.7100000381469727,4.190000057220459,B_unique_word_overlap_in_mismatched_transcript,mfa_primary_unique_word_overlap_auto_qc_pass,1,1,1,1,1,0,372,420,48,47,38,42,4,4,in_interval_valid_face,-1,
-tANM6ETl_M$_$3,15,done,956,4.190000057220459,4.460000038146973,4.190000057220459,4.460000038146973,B_unique_word_overlap_in_mismatched_transcript,mfa_primary_unique_word_overlap_auto_qc_pass,1,1,1,1,1,0,420,447,27,27,42,45,3,3,in_interval_valid_face,-1,
-tANM6ETl_M$_$3,16,it,957,4.460000038146973,4.619999885559082,4.460000038146973,4.619999885559082,B_unique_word_overlap_in_mismatched_transcript,mfa_primary_unique_word_overlap_auto_qc_pass,1,1,1,1,1,0,447,462,15,14,45,47,2,2,in_interval_valid_face,-1,
-tANM6ETl_M$_$3,17,before,958,4.619999885559082,5.099999904632568,4.619999885559082,5.099999904632568,B_unique_word_overlap_in_mismatched_transcript,mfa_primary_unique_word_overlap_auto_qc_pass,1,1,1,1,1,0,462,510,48,44,47,51,4,4,in_interval_valid_face,-1,
-tANM6ETl_M$_$3,18,or,959,,,,,,official_word_unmatched_or_ambiguous_in_asr,1,0,0,0,0,0,-1,-1,0,0,-1,-1,0,0,no_primary_word_time,-1,
-tANM6ETl_M$_$3,19,they've,960,5.099999904632568,5.309999942779541,5.099999904632568,5.309999942779541,B_unique_word_overlap_in_mismatched_transcript,mfa_primary_unique_word_overlap_auto_qc_pass,1,1,1,1,1,0,510,531,21,21,51,54,3,3,in_interval_valid_face,-1,
-tANM6ETl_M$_$3,20,never,961,5.309999942779541,5.650000095367432,5.309999942779541,5.650000095367432,B_unique_word_overlap_in_mismatched_transcript,mfa_primary_unique_word_overlap_auto_qc_pass,1,1,1,1,1,0,531,566,35,26,54,57,3,3,in_interval_valid_face,-1,
-tANM6ETl_M$_$3,21,tried,962,5.650000095367432,5.989999771118164,5.650000095367432,5.989999771118164,B_unique_word_overlap_in_mismatched_transcript,mfa_primary_unique_word_overlap_auto_qc_pass,1,1,1,1,1,0,566,599,33,13,57,60,3,3,in_interval_valid_face,-1,
-tANM6ETl_M$_$3,22,it,963,5.989999771118164,6.090000152587891,5.989999771118164,6.090000152587891,B_unique_word_overlap_in_mismatched_transcript,mfa_primary_unique_word_overlap_auto_qc_pass,1,1,1,1,1,0,599,610,11,11,60,61,1,1,in_interval_valid_face,-1,
-tPCytz4rww$_$11,1,Make,964,0.5,0.6399999856948853,0.5,0.6399999856948853,B_unique_word_overlap_in_mismatched_transcript,mfa_primary_unique_word_overlap_auto_qc_pass,1,1,1,1,1,0,50,64,14,14,5,7,2,2,in_interval_valid_face,-1,
-tPCytz4rww$_$11,2,sure,965,0.6399999856948853,0.8700000047683716,0.6399999856948853,0.8700000047683716,B_unique_word_overlap_in_mismatched_transcript,mfa_primary_unique_word_overlap_auto_qc_pass,1,1,1,1,1,0,64,88,24,23,7,9,2,2,in_interval_valid_face,-1,
-tPCytz4rww$_$11,3,that,966,0.8700000047683716,1.0199999809265137,0.8700000047683716,1.0199999809265137,B_unique_word_overlap_in_mismatched_transcript,mfa_primary_unique_word_overlap_auto_qc_pass,1,1,1,1,1,0,88,102,14,12,9,11,2,2,in_interval_valid_face,-1,
-tPCytz4rww$_$11,4,your,967,,,,,,official_word_unmatched_or_ambiguous_in_asr,1,0,0,0,0,0,-1,-1,0,0,-1,-1,0,0,no_primary_word_time,-1,
-tPCytz4rww$_$11,5,using,968,1.149999976158142,1.5199999809265137,1.149999976158142,1.5199999809265137,B_unique_word_overlap_in_mismatched_transcript,mfa_primary_unique_word_overlap_auto_qc_pass,1,1,1,1,1,0,115,152,37,37,12,16,4,4,in_interval_valid_face,-1,
-tPCytz4rww$_$11,6,comps,969,1.5199999809265137,1.899999976158142,1.5199999809265137,1.899999976158142,B_unique_word_overlap_in_mismatched_transcript,mfa_primary_unique_word_overlap_auto_qc_pass,1,1,1,1,1,0,152,190,38,36,16,19,3,3,in_interval_valid_face,-1,
-tPCytz4rww$_$11,7,that,970,1.899999976158142,2.059999942779541,1.899999976158142,2.059999942779541,B_unique_word_overlap_in_mismatched_transcript,mfa_primary_unique_word_overlap_auto_qc_pass,1,1,1,1,1,0,190,206,16,3,19,21,2,2,in_interval_valid_face,-1,
-tPCytz4rww$_$11,8,are,971,2.059999942779541,2.140000104904175,2.059999942779541,2.140000104904175,B_unique_word_overlap_in_mismatched_transcript,mfa_primary_unique_word_overlap_auto_qc_pass,1,1,1,1,1,0,206,215,9,9,21,22,1,1,in_interval_valid_face,-1,
-tPCytz4rww$_$11,9,not,972,,,,,,official_word_unmatched_or_ambiguous_in_asr,1,0,0,0,0,0,-1,-1,0,0,-1,-1,0,0,no_primary_word_time,-1,
-tPCytz4rww$_$11,10,larger,973,,,,,,official_word_unmatched_or_ambiguous_in_asr,1,0,0,0,0,0,-1,-1,0,0,-1,-1,0,0,no_primary_word_time,-1,
-tPCytz4rww$_$11,11,no,974,2.140000104904175,2.3399999141693115,2.140000104904175,2.3399999141693115,B_unique_word_overlap_in_mismatched_transcript,mfa_primary_unique_word_overlap_auto_qc_pass,1,1,1,1,1,0,215,234,19,19,22,24,2,2,in_interval_valid_face,-1,
-tPCytz4rww$_$11,12,larger,975,2.3399999141693115,2.9100000858306885,2.3399999141693115,2.9100000858306885,B_unique_word_overlap_in_mismatched_transcript,mfa_primary_unique_word_overlap_auto_qc_pass,1,1,1,1,1,0,234,292,58,58,24,30,6,6,in_interval_valid_face,-1,
-tPCytz4rww$_$11,13,than,976,,,,,B_unique_word_overlap_in_mismatched_transcript,mfa_whisper_discrepancy_over_0_5s_null_primary,1,0,0,0,0,0,-1,-1,0,0,-1,-1,0,0,no_primary_word_time,-1,
-tPCytz4rww$_$11,14,twelve,977,,,,,,official_word_unmatched_or_ambiguous_in_asr,1,0,0,0,0,0,-1,-1,0,0,-1,-1,0,0,no_primary_word_time,-1,
-tPCytz4rww$_$11,15,hundred,978,,,,,,official_word_unmatched_or_ambiguous_in_asr,1,0,0,0,0,0,-1,-1,0,0,-1,-1,0,0,no_primary_word_time,-1,
-tPCytz4rww$_$11,16,square,979,4.389999866485596,4.599999904632568,4.389999866485596,4.599999904632568,B_unique_word_overlap_in_mismatched_transcript,mfa_primary_unique_word_overlap_auto_qc_pass,1,1,1,1,1,0,439,460,21,8,44,46,2,2,in_interval_valid_face,-1,
-tPCytz4rww$_$11,17,feet,980,4.599999904632568,4.860000133514404,4.599999904632568,4.860000133514404,B_unique_word_overlap_in_mismatched_transcript,mfa_primary_unique_word_overlap_auto_qc_pass,1,1,1,1,1,0,460,487,27,23,46,49,3,3,in_interval_valid_face,-1,
-tPCytz4rww$_$10,1,Say,981,0.5400000214576721,0.7400000095367432,0.5400000214576721,0.7400000095367432,B_unique_word_overlap_in_mismatched_transcript,mfa_primary_unique_word_overlap_auto_qc_pass,1,1,1,1,1,0,55,75,20,14,6,8,2,2,in_interval_valid_face,-1,
-tPCytz4rww$_$10,2,twenty,982,,,,,,official_word_unmatched_or_ambiguous_in_asr,1,0,0,0,0,0,-1,-1,0,0,-1,-1,0,0,no_primary_word_time,-1,
-tPCytz4rww$_$10,3,percent,983,,,,,,official_word_unmatched_or_ambiguous_in_asr,1,0,0,0,0,0,-1,-1,0,0,-1,-1,0,0,no_primary_word_time,-1,
-tPCytz4rww$_$10,4,so,984,1.5199999809265137,1.8600000143051147,1.5199999809265137,1.8600000143051147,B_unique_word_overlap_in_mismatched_transcript,mfa_primary_unique_word_overlap_auto_qc_pass,1,1,1,1,1,0,152,187,35,22,16,19,3,3,in_interval_valid_face,-1,
-tPCytz4rww$_$10,5,if,985,1.8600000143051147,2.069999933242798,1.8600000143051147,2.069999933242798,B_unique_word_overlap_in_mismatched_transcript,mfa_primary_unique_word_overlap_auto_qc_pass,1,1,1,1,1,0,187,207,20,4,19,21,2,2,in_interval_valid_face,-1,
-tPCytz4rww$_$10,6,you've,986,2.069999933242798,2.190000057220459,2.069999933242798,2.190000057220459,B_unique_word_overlap_in_mismatched_transcript,mfa_primary_unique_word_overlap_auto_qc_pass,1,1,1,1,1,0,207,220,13,13,21,22,1,1,in_interval_valid_face,-1,
-tPCytz4rww$_$10,7,got,987,2.190000057220459,2.3299999237060547,2.190000057220459,2.3299999237060547,B_unique_word_overlap_in_mismatched_transcript,mfa_primary_unique_word_overlap_auto_qc_pass,1,1,1,1,1,0,220,233,13,13,22,24,2,2,in_interval_valid_face,-1,
-tPCytz4rww$_$10,8,a,988,2.3299999237060547,2.380000114440918,2.3299999237060547,2.380000114440918,B_unique_word_overlap_in_mismatched_transcript,mfa_primary_unique_word_overlap_auto_qc_pass,1,1,1,1,0,1,233,239,6,6,24,24,0,0,no_visual_frame_in_interval,24,0.019999885559081942
-tPCytz4rww$_$10,9,thousand,989,2.380000114440918,2.759999990463257,2.380000114440918,2.759999990463257,B_unique_word_overlap_in_mismatched_transcript,mfa_primary_unique_word_overlap_auto_qc_pass,1,1,1,1,1,0,239,276,37,33,24,28,4,4,in_interval_valid_face,-1,
-tPCytz4rww$_$10,10,square,990,2.759999990463257,3.0199999809265137,2.759999990463257,3.0199999809265137,B_unique_word_overlap_in_mismatched_transcript,mfa_primary_unique_word_overlap_auto_qc_pass,1,1,1,1,1,0,276,302,26,22,28,31,3,3,in_interval_valid_face,-1,
-tPCytz4rww$_$10,11,foot,991,3.0199999809265137,3.359999895095825,3.0199999809265137,3.359999895095825,B_unique_word_overlap_in_mismatched_transcript,mfa_primary_unique_word_overlap_auto_qc_pass,1,1,1,1,1,0,302,336,34,21,31,34,3,3,in_interval_valid_face,-1,
-tPCytz4rww$_$10,12,condo,992,3.6500000953674316,4.150000095367432,3.6500000953674316,4.150000095367432,B_unique_word_overlap_in_mismatched_transcript,mfa_primary_unique_word_overlap_auto_qc_pass,1,1,1,1,1,0,366,416,50,48,37,42,5,5,in_interval_valid_face,-1,
-tPCytz4rww$_$12,1,No,993,0.49000000953674316,0.6600000262260437,0.49000000953674316,0.6600000262260437,B_unique_word_overlap_in_mismatched_transcript,mfa_primary_unique_word_overlap_auto_qc_pass,1,1,1,1,1,0,50,67,17,16,5,7,2,2,in_interval_valid_face,-1,
-tPCytz4rww$_$12,2,less,994,0.6600000262260437,0.8999999761581421,0.6600000262260437,0.8999999761581421,B_unique_word_overlap_in_mismatched_transcript,mfa_primary_unique_word_overlap_auto_qc_pass,1,1,1,1,1,0,67,90,23,12,7,9,2,2,in_interval_valid_face,-1,
-tPCytz4rww$_$12,3,than,995,0.8999999761581421,1.2000000476837158,0.8999999761581421,1.2000000476837158,B_unique_word_overlap_in_mismatched_transcript,mfa_primary_unique_word_overlap_auto_qc_pass,1,1,1,1,1,0,90,121,31,24,9,13,4,4,in_interval_valid_face,-1,
-tPCytz4rww$_$12,4,eight,996,,,,,,official_word_unmatched_or_ambiguous_in_asr,1,0,0,0,0,0,-1,-1,0,0,-1,-1,0,0,no_primary_word_time,-1,
-tPCytz4rww$_$12,5,hundred,997,,,,,,official_word_unmatched_or_ambiguous_in_asr,1,0,0,0,0,0,-1,-1,0,0,-1,-1,0,0,no_primary_word_time,-1,
-tPCytz4rww$_$12,6,squire,998,,,,,,official_word_unmatched_or_ambiguous_in_asr,1,0,0,0,0,0,-1,-1,0,0,-1,-1,0,0,no_primary_word_time,-1,
-tPCytz4rww$_$12,7,feet,999,1.9800000190734863,2.259999990463257,1.9800000190734863,2.259999990463257,B_unique_word_overlap_in_mismatched_transcript,mfa_primary_unique_word_overlap_auto_qc_pass,1,1,1,1,1,0,199,226,27,24,20,23,3,3,in_interval_valid_face,-1,
-tPCytz4rww$_$12,8,and,1000,2.5999999046325684,2.9600000381469727,2.5999999046325684,2.9600000381469727,B_unique_word_overlap_in_mismatched_transcript,mfa_primary_unique_word_overlap_auto_qc_pass,1,1,1,1,1,0,260,297,37,32,26,30,4,4,in_interval_valid_face,-1,
-tPCytz4rww$_$12,9,going,1001,,,,,B_unique_word_overlap_in_mismatched_transcript,mfa_whisper_discrepancy_over_0_5s_null_primary,1,0,0,0,0,0,-1,-1,0,0,-1,-1,0,0,no_primary_word_time,-1,
-tPCytz4rww$_$12,10,to,1002,,,,,B_unique_word_overlap_in_mismatched_transcript,mfa_whisper_discrepancy_over_0_5s_null_primary,1,0,0,0,0,0,-1,-1,0,0,-1,-1,0,0,no_primary_word_time,-1,
-tPCytz4rww$_$12,11,similar,1003,,,,,,official_word_unmatched_or_ambiguous_in_asr,1,0,0,0,0,0,-1,-1,0,0,-1,-1,0,0,no_primary_word_time,-1,
-tPCytz4rww$_$12,12,in,1004,,,,,,official_word_unmatched_or_ambiguous_in_asr,1,0,0,0,0,0,-1,-1,0,0,-1,-1,0,0,no_primary_word_time,-1,
-tPCytz4rww$_$12,13,similar,1005,,,,,,official_word_unmatched_or_ambiguous_in_asr,1,0,0,0,0,0,-1,-1,0,0,-1,-1,0,0,no_primary_word_time,-1,
-tPCytz4rww$_$12,14,with,1006,,,,,B_unique_word_overlap_in_mismatched_transcript,mfa_whisper_discrepancy_over_0_5s_null_primary,1,0,0,0,0,0,-1,-1,0,0,-1,-1,0,0,no_primary_word_time,-1,
-tPCytz4rww$_$12,15,bedrooms,1007,5.889999866485596,6.28000020980835,5.889999866485596,6.28000020980835,B_unique_word_overlap_in_mismatched_transcript,mfa_primary_unique_word_overlap_auto_qc_pass,1,1,1,1,1,0,589,629,40,40,59,63,4,4,in_interval_valid_face,-1,
-tPCytz4rww$_$12,16,and,1008,6.28000020980835,6.380000114440918,6.28000020980835,6.380000114440918,B_unique_word_overlap_in_mismatched_transcript,mfa_primary_unique_word_overlap_auto_qc_pass,1,1,1,1,1,0,629,639,10,10,63,64,1,1,in_interval_valid_face,-1,
-tPCytz4rww$_$12,17,bathrooms,1009,6.380000114440918,6.909999847412109,6.380000114440918,6.909999847412109,B_unique_word_overlap_in_mismatched_transcript,mfa_primary_unique_word_overlap_auto_qc_pass,1,1,1,1,1,0,639,691,52,52,64,70,6,6,in_interval_valid_face,-1,
-tPCytz4rww$_$12,18,as,1010,6.909999847412109,7.03000020980835,6.909999847412109,7.03000020980835,B_unique_word_overlap_in_mismatched_transcript,mfa_primary_unique_word_overlap_auto_qc_pass,1,1,1,1,1,0,691,704,13,13,70,71,1,1,in_interval_valid_face,-1,
-tPCytz4rww$_$12,19,well,1011,7.03000020980835,7.380000114440918,7.03000020980835,7.380000114440918,B_unique_word_overlap_in_mismatched_transcript,mfa_primary_unique_word_overlap_auto_qc_pass,1,1,1,1,1,0,704,739,35,35,71,74,3,3,in_interval_valid_face,-1,
-tPCytz4rww$_$12,20,and,1012,7.690000057220459,8.09000015258789,7.690000057220459,8.09000015258789,B_unique_word_overlap_in_mismatched_transcript,mfa_primary_unique_word_overlap_auto_qc_pass,1,1,1,1,1,0,770,810,40,40,77,81,4,4,in_interval_valid_face,-1,
-tPCytz4rww$_$12,21,hopefully,1013,8.09000015258789,8.760000228881836,8.09000015258789,8.760000228881836,B_unique_word_overlap_in_mismatched_transcript,mfa_primary_unique_word_overlap_auto_qc_pass,1,1,1,1,1,0,810,877,67,65,81,88,7,7,in_interval_valid_face,-1,
-tPCytz4rww$_$12,22,the,1014,8.760000228881836,9.270000457763672,8.760000228881836,9.270000457763672,B_unique_word_overlap_in_mismatched_transcript,mfa_primary_unique_word_overlap_auto_qc_pass,1,1,1,1,1,0,877,928,51,44,88,93,5,5,in_interval_valid_face,-1,
-tPCytz4rww$_$12,23,complexes,1015,9.270000457763672,9.869999885559082,9.270000457763672,9.869999885559082,B_unique_word_overlap_in_mismatched_transcript,mfa_primary_unique_word_overlap_auto_qc_pass,1,1,1,1,1,0,928,987,59,40,93,99,6,6,in_interval_valid_face,-1,
-tPCytz4rww$_$12,24,have,1016,9.869999885559082,10.079999923706055,9.869999885559082,10.079999923706055,B_unique_word_overlap_in_mismatched_transcript,mfa_primary_unique_word_overlap_auto_qc_pass,1,1,1,1,1,0,987,1008,21,6,99,101,2,2,in_interval_valid_face,-1,
-tPCytz4rww$_$12,25,similar,1017,10.079999923706055,10.529999732971191,10.079999923706055,10.529999732971191,B_unique_word_overlap_in_mismatched_transcript,mfa_primary_unique_word_overlap_auto_qc_pass,1,1,1,1,1,0,1008,1053,45,34,101,106,5,5,in_interval_valid_face,-1,
-tPCytz4rww$_$12,26,amenities,1018,10.529999732971191,11.199999809265137,10.529999732971191,11.199999809265137,B_unique_word_overlap_in_mismatched_transcript,mfa_primary_unique_word_overlap_auto_qc_pass,1,1,1,1,1,0,1053,1120,67,63,106,112,6,6,in_interval_valid_face,-1,
-tPCytz4rww$_$16,1,So,1019,0.5,0.8500000238418579,0.5,0.8500000238418579,B_unique_word_overlap_in_mismatched_transcript,mfa_primary_unique_word_overlap_auto_qc_pass,1,1,1,1,1,0,50,86,36,24,5,9,4,4,in_interval_valid_face,-1,
-tPCytz4rww$_$16,2,make,1020,0.8500000238418579,1.100000023841858,0.8500000238418579,1.100000023841858,B_unique_word_overlap_in_mismatched_transcript,mfa_primary_unique_word_overlap_auto_qc_pass,1,1,1,1,1,0,86,111,25,25,9,12,3,3,in_interval_valid_face,-1,
-tPCytz4rww$_$16,3,sure,1021,1.100000023841858,1.3799999952316284,1.100000023841858,1.3799999952316284,B_unique_word_overlap_in_mismatched_transcript,mfa_primary_unique_word_overlap_auto_qc_pass,1,1,1,1,1,0,111,138,27,27,12,14,2,2,in_interval_valid_face,-1,
-tPCytz4rww$_$16,4,to,1022,1.3799999952316284,1.8300000429153442,1.3799999952316284,1.8300000429153442,B_unique_word_overlap_in_mismatched_transcript,mfa_primary_unique_word_overlap_auto_qc_pass,1,1,1,1,1,0,138,184,46,39,14,19,5,5,in_interval_valid_face,-1,
-tPCytz4rww$_$16,5,get,1023,1.8300000429153442,2.0399999618530273,1.8300000429153442,2.0399999618530273,B_unique_word_overlap_in_mismatched_transcript,mfa_primary_unique_word_overlap_auto_qc_pass,1,1,1,1,1,0,184,204,20,7,19,21,2,2,in_interval_valid_face,-1,
-tPCytz4rww$_$16,6,a,1024,2.0399999618530273,2.0799999237060547,2.0399999618530273,2.0799999237060547,B_unique_word_overlap_in_mismatched_transcript,mfa_primary_unique_word_overlap_auto_qc_pass,1,1,1,1,0,1,204,208,4,3,21,21,0,0,no_visual_frame_in_interval,21,0.0200000762939454
-tPCytz4rww$_$16,7,through,1025,,,,,,official_word_unmatched_or_ambiguous_in_asr,1,0,0,0,0,0,-1,-1,0,0,-1,-1,0,0,no_primary_word_time,-1,
-tPCytz4rww$_$16,8,or,1026,,,,,B_unique_word_overlap_in_mismatched_transcript,mfa_whisper_discrepancy_over_0_5s_null_primary,1,0,0,0,0,0,-1,-1,0,0,-1,-1,0,0,no_primary_word_time,-1,
-tPCytz4rww$_$16,9,to,1027,3.819999933242798,4.03000020980835,3.819999933242798,4.03000020980835,B_unique_word_overlap_in_mismatched_transcript,mfa_primary_unique_word_overlap_auto_qc_pass,1,1,1,0,1,0,382,404,22,0,39,41,2,2,in_interval_valid_face,-1,
-tPCytz4rww$_$16,10,do,1028,4.03000020980835,4.579999923706055,4.03000020980835,4.579999923706055,B_unique_word_overlap_in_mismatched_transcript,mfa_primary_unique_word_overlap_auto_qc_pass,1,1,1,1,1,0,404,458,54,29,41,46,5,5,in_interval_valid_face,-1,
-tPCytz4rww$_$16,11,a,1029,4.579999923706055,4.659999847412109,4.579999923706055,4.659999847412109,B_unique_word_overlap_in_mismatched_transcript,mfa_primary_unique_word_overlap_auto_qc_pass,1,1,1,0,1,0,458,466,8,0,46,47,1,1,in_interval_valid_face,-1,
-tPCytz4rww$_$16,12,through,1030,,,,,,official_word_unmatched_or_ambiguous_in_asr,1,0,0,0,0,0,-1,-1,0,0,-1,-1,0,0,no_primary_word_time,-1,
-tPCytz4rww$_$16,13,cleaning,1031,5.090000152587891,5.659999847412109,5.090000152587891,5.659999847412109,B_unique_word_overlap_in_mismatched_transcript,mfa_primary_unique_word_overlap_auto_qc_pass,1,1,1,1,1,0,510,566,56,51,51,57,6,6,in_interval_valid_face,-1,
-tPCytz4rww$_$16,14,of,1032,5.730000019073486,5.940000057220459,5.730000019073486,5.940000057220459,B_unique_word_overlap_in_mismatched_transcript,mfa_primary_unique_word_overlap_auto_qc_pass,1,1,1,1,1,0,574,595,21,16,58,60,2,2,in_interval_valid_face,-1,
-tPCytz4rww$_$16,15,the,1033,5.940000057220459,6.059999942779541,5.940000057220459,6.059999942779541,B_unique_word_overlap_in_mismatched_transcript,mfa_primary_unique_word_overlap_auto_qc_pass,1,1,1,1,1,0,595,606,11,11,60,61,1,1,in_interval_valid_face,-1,
-tPCytz4rww$_$16,16,property,1034,6.059999942779541,6.579999923706055,6.059999942779541,6.579999923706055,B_unique_word_overlap_in_mismatched_transcript,mfa_primary_unique_word_overlap_auto_qc_pass,1,1,1,1,1,0,606,658,52,47,61,66,5,5,in_interval_valid_face,-1,
-tPCytz4rww$_$18,1,Do,1035,,,,,,mfa_alignment_output_missing,1,0,0,0,0,0,-1,-1,0,0,-1,-1,0,0,no_primary_word_time,-1,
-tPCytz4rww$_$18,2,so,1036,,,,,,mfa_alignment_output_missing,1,0,0,0,0,0,-1,-1,0,0,-1,-1,0,0,no_primary_word_time,-1,
-tPCytz4rww$_$18,3,and,1037,,,,,,mfa_alignment_output_missing,1,0,0,0,0,0,-1,-1,0,0,-1,-1,0,0,no_primary_word_time,-1,
-tPCytz4rww$_$18,4,as,1038,,,,,,mfa_alignment_output_missing,1,0,0,0,0,0,-1,-1,0,0,-1,-1,0,0,no_primary_word_time,-1,
-tPCytz4rww$_$18,5,well,1039,,,,,,mfa_alignment_output_missing,1,0,0,0,0,0,-1,-1,0,0,-1,-1,0,0,no_primary_word_time,-1,
-tPCytz4rww$_$18,6,you'll,1040,,,,,,mfa_alignment_output_missing,1,0,0,0,0,0,-1,-1,0,0,-1,-1,0,0,no_primary_word_time,-1,
-tPCytz4rww$_$18,7,also,1041,,,,,,mfa_alignment_output_missing,1,0,0,0,0,0,-1,-1,0,0,-1,-1,0,0,no_primary_word_time,-1,
-tPCytz4rww$_$18,8,want,1042,,,,,,mfa_alignment_output_missing,1,0,0,0,0,0,-1,-1,0,0,-1,-1,0,0,no_primary_word_time,-1,
-tPCytz4rww$_$18,9,to,1043,,,,,,mfa_alignment_output_missing,1,0,0,0,0,0,-1,-1,0,0,-1,-1,0,0,no_primary_word_time,-1,
-tPCytz4rww$_$18,10,remove,1044,,,,,,mfa_alignment_output_missing,1,0,0,0,0,0,-1,-1,0,0,-1,-1,0,0,no_primary_word_time,-1,
-tPCytz4rww$_$18,11,any,1045,,,,,,mfa_alignment_output_missing,1,0,0,0,0,0,-1,-1,0,0,-1,-1,0,0,no_primary_word_time,-1,
-tPCytz4rww$_$18,12,clutter,1046,,,,,,mfa_alignment_output_missing,1,0,0,0,0,0,-1,-1,0,0,-1,-1,0,0,no_primary_word_time,-1,
-tPCytz4rww$_$18,13,from,1047,,,,,,mfa_alignment_output_missing,1,0,0,0,0,0,-1,-1,0,0,-1,-1,0,0,no_primary_word_time,-1,
-tPCytz4rww$_$18,14,that,1048,,,,,,mfa_alignment_output_missing,1,0,0,0,0,0,-1,-1,0,0,-1,-1,0,0,no_primary_word_time,-1,
-tPCytz4rww$_$18,15,you've,1049,,,,,,mfa_alignment_output_missing,1,0,0,0,0,0,-1,-1,0,0,-1,-1,0,0,no_primary_word_time,-1,
-tPCytz4rww$_$18,16,accumulated,1050,,,,,,mfa_alignment_output_missing,1,0,0,0,0,0,-1,-1,0,0,-1,-1,0,0,no_primary_word_time,-1,
-vxjVxOeScU$_$4,1,You're,1051,0.0,0.23999999463558197,0.0,0.23999999463558197,A_exact_transcript,mfa_primary_exact_transcript_auto_qc_pass,1,1,1,1,1,0,0,24,24,24,0,3,3,3,in_interval_valid_face,-1,
-vxjVxOeScU$_$4,2,going,1052,0.5199999809265137,0.6800000071525574,0.5199999809265137,0.6800000071525574,A_exact_transcript,mfa_primary_exact_transcript_auto_qc_pass,1,1,1,1,1,0,52,69,17,16,6,7,1,1,in_interval_valid_face,-1,
-vxjVxOeScU$_$4,3,to,1053,0.6800000071525574,0.75,0.6800000071525574,0.75,A_exact_transcript,mfa_primary_exact_transcript_auto_qc_pass,1,1,1,0,1,0,69,75,6,0,7,8,1,1,in_interval_valid_face,-1,
-vxjVxOeScU$_$4,4,talk,1054,0.75,1.100000023841858,0.75,1.100000023841858,A_exact_transcript,mfa_primary_exact_transcript_auto_qc_pass,1,1,1,1,1,0,75,111,36,28,8,12,4,4,in_interval_valid_face,-1,
-vxjVxOeScU$_$4,5,about,1055,1.100000023841858,1.6799999475479126,1.100000023841858,1.6799999475479126,A_exact_transcript,mfa_primary_exact_transcript_auto_qc_pass,1,1,1,1,1,0,111,168,57,55,12,17,5,5,in_interval_valid_face,-1,
-vxjVxOeScU$_$4,6,their,1056,1.6799999475479126,2.119999885559082,1.6799999475479126,2.119999885559082,A_exact_transcript,mfa_primary_exact_transcript_auto_qc_pass,1,1,1,1,1,0,168,212,44,30,17,22,5,5,in_interval_valid_face,-1,
-vxjVxOeScU$_$4,7,life,1057,2.119999885559082,2.809999942779541,2.119999885559082,2.809999942779541,A_exact_transcript,mfa_primary_exact_transcript_auto_qc_pass,1,1,1,1,1,0,212,281,69,69,22,29,7,7,in_interval_valid_face,-1,
-vxjVxOeScU$_$4,8,their,1058,2.869999885559082,3.200000047683716,2.869999885559082,3.200000047683716,A_exact_transcript,mfa_primary_exact_transcript_auto_qc_pass,1,1,1,1,1,0,287,321,34,29,29,33,4,4,in_interval_valid_face,-1,
-vxjVxOeScU$_$4,9,marriage,1059,3.200000047683716,3.950000047683716,3.200000047683716,3.950000047683716,A_exact_transcript,mfa_primary_exact_transcript_auto_qc_pass,1,1,1,1,1,0,321,396,75,59,33,40,7,7,in_interval_valid_face,-1,
-vxjVxOeScU$_$4,10,and,1060,4.349999904632568,4.860000133514404,4.349999904632568,4.860000133514404,A_exact_transcript,mfa_primary_exact_transcript_auto_qc_pass,1,1,1,0,1,0,435,487,52,0,44,49,5,5,in_interval_valid_face,-1,
-vxjVxOeScU$_$4,11,usually,1061,4.860000133514404,5.510000228881836,4.860000133514404,5.510000228881836,A_exact_transcript,mfa_primary_exact_transcript_auto_qc_pass,1,1,1,1,1,0,487,552,65,38,49,56,7,7,in_interval_valid_face,-1,
-vxjVxOeScU$_$4,12,how,1062,5.510000228881836,5.909999847412109,5.510000228881836,5.909999847412109,A_exact_transcript,mfa_primary_exact_transcript_auto_qc_pass,1,1,1,1,1,0,552,591,39,38,56,60,4,4,in_interval_valid_face,-1,
-vxjVxOeScU$_$4,13,amazing,1063,5.909999847412109,6.409999847412109,5.909999847412109,6.409999847412109,A_exact_transcript,mfa_primary_exact_transcript_auto_qc_pass,1,1,1,1,1,0,591,641,50,43,60,65,5,5,in_interval_valid_face,-1,
-vxjVxOeScU$_$4,14,it,1064,6.409999847412109,6.53000020980835,6.409999847412109,6.53000020980835,A_exact_transcript,mfa_primary_exact_transcript_auto_qc_pass,1,1,1,1,1,0,641,654,13,13,65,66,1,1,in_interval_valid_face,-1,
-vxjVxOeScU$_$4,15,is,1065,6.53000020980835,6.800000190734863,6.53000020980835,6.800000190734863,A_exact_transcript,mfa_primary_exact_transcript_auto_qc_pass,1,1,1,1,1,0,654,681,27,25,66,69,3,3,in_interval_valid_face,-1,
-vxjVxOeScU$_$4,16,that,1066,6.800000190734863,6.960000038146973,6.800000190734863,6.960000038146973,A_exact_transcript,mfa_primary_exact_transcript_auto_qc_pass,1,1,1,1,1,0,681,697,16,12,69,70,1,1,in_interval_valid_face,-1,
-vxjVxOeScU$_$4,17,they've,1067,6.960000038146973,7.139999866485596,6.960000038146973,7.139999866485596,A_exact_transcript,mfa_primary_exact_transcript_auto_qc_pass,1,1,1,1,1,0,697,714,17,16,70,72,2,2,in_interval_valid_face,-1,
-vxjVxOeScU$_$4,18,stayed,1068,7.139999866485596,7.480000019073486,7.139999866485596,7.480000019073486,A_exact_transcript,mfa_primary_exact_transcript_auto_qc_pass,1,1,1,1,1,0,714,749,35,16,72,75,3,3,in_interval_valid_face,-1,
-vxjVxOeScU$_$4,19,together,1069,7.480000019073486,7.889999866485596,7.480000019073486,7.889999866485596,A_exact_transcript,mfa_primary_exact_transcript_auto_qc_pass,1,1,1,1,1,0,749,789,40,36,75,79,4,4,in_interval_valid_face,-1,
-vxjVxOeScU$_$4,20,this,1070,7.889999866485596,8.1899995803833,7.889999866485596,8.1899995803833,A_exact_transcript,mfa_primary_exact_transcript_auto_qc_pass,1,1,1,1,1,0,789,819,30,8,79,82,3,3,in_interval_valid_face,-1,
-vxjVxOeScU$_$4,21,long,1071,8.1899995803833,8.930000305175781,8.1899995803833,8.930000305175781,A_exact_transcript,mfa_primary_exact_transcript_auto_qc_pass,1,1,1,1,1,0,819,894,75,51,82,90,8,8,in_interval_valid_face,-1,
-wMB_hJL-3o$_$7,1,So,1072,0.5,1.0,0.5,1.0,A_exact_transcript,mfa_primary_exact_transcript_auto_qc_pass,1,1,1,1,1,0,50,100,50,26,5,10,5,5,in_interval_valid_face,-1,
-wMB_hJL-3o$_$7,2,if,1073,1.0,1.2200000286102295,1.0,1.2200000286102295,A_exact_transcript,mfa_primary_exact_transcript_auto_qc_pass,1,1,1,1,1,0,100,123,23,15,10,13,3,3,in_interval_valid_face,-1,
-wMB_hJL-3o$_$7,3,you,1074,1.2200000286102295,1.2899999618530273,1.2200000286102295,1.2899999618530273,A_exact_transcript,mfa_primary_exact_transcript_auto_qc_pass,1,1,1,1,0,1,123,129,6,6,13,13,0,0,no_visual_frame_in_interval,13,0.0100000381469727
-wMB_hJL-3o$_$7,4,have,1075,1.2899999618530273,1.4700000286102295,1.2899999618530273,1.4700000286102295,A_exact_transcript,mfa_primary_exact_transcript_auto_qc_pass,1,1,1,1,1,0,129,148,19,19,13,15,2,2,in_interval_valid_face,-1,
-wMB_hJL-3o$_$7,5,a,1076,1.4700000286102295,1.5199999809265137,1.4700000286102295,1.5199999809265137,A_exact_transcript,mfa_primary_exact_transcript_auto_qc_pass,1,1,1,1,1,0,148,152,4,4,15,16,1,1,in_interval_valid_face,-1,
-wMB_hJL-3o$_$7,6,loved,1077,1.5199999809265137,1.809999942779541,1.5199999809265137,1.809999942779541,A_exact_transcript,mfa_primary_exact_transcript_auto_qc_pass,1,1,1,1,1,0,152,181,29,29,16,19,3,3,in_interval_valid_face,-1,
-wMB_hJL-3o$_$7,7,one,1078,1.809999942779541,1.9700000286102295,1.809999942779541,1.9700000286102295,A_exact_transcript,mfa_primary_exact_transcript_auto_qc_pass,1,1,1,1,1,0,181,198,17,17,19,20,1,1,in_interval_valid_face,-1,
-wMB_hJL-3o$_$7,8,who,1079,1.9700000286102295,2.140000104904175,1.9700000286102295,2.140000104904175,A_exact_transcript,mfa_primary_exact_transcript_auto_qc_pass,1,1,1,1,1,0,198,215,17,17,20,22,2,2,in_interval_valid_face,-1,
-wMB_hJL-3o$_$7,9,is,1080,2.140000104904175,2.259999990463257,2.140000104904175,2.259999990463257,A_exact_transcript,mfa_primary_exact_transcript_auto_qc_pass,1,1,1,1,1,0,215,226,11,11,22,23,1,1,in_interval_valid_face,-1,
-wMB_hJL-3o$_$7,10,depressed,1081,2.259999990463257,2.9700000286102295,2.259999990463257,2.9700000286102295,A_exact_transcript,mfa_primary_exact_transcript_auto_qc_pass,1,1,1,1,1,0,226,298,72,54,23,30,7,7,in_interval_valid_face,-1,
-wMB_hJL-3o$_$7,11,those,1082,3.259999990463257,3.4700000286102295,3.259999990463257,3.4700000286102295,A_exact_transcript,mfa_primary_exact_transcript_auto_qc_pass,1,1,1,1,1,0,326,348,22,22,33,35,2,2,in_interval_valid_face,-1,
-wMB_hJL-3o$_$7,12,are,1083,3.4700000286102295,3.5199999809265137,3.4700000286102295,3.5199999809265137,A_exact_transcript,mfa_primary_exact_transcript_auto_qc_pass,1,1,1,1,1,0,348,352,4,4,35,36,1,1,in_interval_valid_face,-1,
-wMB_hJL-3o$_$7,13,some,1084,3.5199999809265137,3.759999990463257,3.5199999809265137,3.759999990463257,A_exact_transcript,mfa_primary_exact_transcript_auto_qc_pass,1,1,1,1,1,0,352,376,24,24,36,38,2,2,in_interval_valid_face,-1,
-wMB_hJL-3o$_$7,14,of,1085,3.759999990463257,3.819999933242798,3.759999990463257,3.819999933242798,A_exact_transcript,mfa_primary_exact_transcript_auto_qc_pass,1,1,1,1,1,0,376,382,6,6,38,39,1,1,in_interval_valid_face,-1,
-wMB_hJL-3o$_$7,15,the,1086,3.819999933242798,3.9100000858306885,3.819999933242798,3.9100000858306885,A_exact_transcript,mfa_primary_exact_transcript_auto_qc_pass,1,1,1,1,1,0,382,392,10,10,39,40,1,1,in_interval_valid_face,-1,
-wMB_hJL-3o$_$7,16,things,1087,3.9100000858306885,4.230000019073486,3.9100000858306885,4.230000019073486,A_exact_transcript,mfa_primary_exact_transcript_auto_qc_pass,1,1,1,1,1,0,392,424,32,31,40,43,3,3,in_interval_valid_face,-1,
-wMB_hJL-3o$_$7,17,that,1088,4.230000019073486,4.340000152587891,4.230000019073486,4.340000152587891,A_exact_transcript,mfa_primary_exact_transcript_auto_qc_pass,1,1,1,1,1,0,424,435,11,11,43,44,1,1,in_interval_valid_face,-1,
-wMB_hJL-3o$_$7,18,you,1089,4.340000152587891,4.480000019073486,4.340000152587891,4.480000019073486,A_exact_transcript,mfa_primary_exact_transcript_auto_qc_pass,1,1,1,1,1,0,435,449,14,14,44,45,1,1,in_interval_valid_face,-1,
-wMB_hJL-3o$_$7,19,should,1090,4.480000019073486,4.710000038146973,4.480000019073486,4.710000038146973,A_exact_transcript,mfa_primary_exact_transcript_auto_qc_pass,1,1,1,1,1,0,449,472,23,22,45,48,3,3,in_interval_valid_face,-1,
-wMB_hJL-3o$_$7,20,think,1091,4.710000038146973,4.889999866485596,4.710000038146973,4.889999866485596,A_exact_transcript,mfa_primary_exact_transcript_auto_qc_pass,1,1,1,1,1,0,472,489,17,17,48,49,1,1,in_interval_valid_face,-1,
-wMB_hJL-3o$_$7,21,about,1092,4.889999866485596,5.159999847412109,4.889999866485596,5.159999847412109,A_exact_transcript,mfa_primary_exact_transcript_auto_qc_pass,1,1,1,1,1,0,489,516,27,27,49,52,3,3,in_interval_valid_face,-1,
-wMB_hJL-3o$_$7,22,doing,1093,5.159999847412109,5.440000057220459,5.159999847412109,5.440000057220459,A_exact_transcript,mfa_primary_exact_transcript_auto_qc_pass,1,1,1,0,1,0,516,545,29,0,52,55,3,3,in_interval_valid_face,-1,
-wny0OAz3g8$_$1,1,And,1094,0.5199999809265137,0.6399999856948853,0.5199999809265137,0.6399999856948853,B_unique_word_overlap_in_mismatched_transcript,mfa_primary_unique_word_overlap_auto_qc_pass,1,1,1,1,0,0,52,64,12,12,6,7,1,0,in_interval_frames_no_valid_face,4,0.11999998092651365
-wny0OAz3g8$_$1,2,because,1095,0.6399999856948853,0.949999988079071,0.6399999856948853,0.949999988079071,B_unique_word_overlap_in_mismatched_transcript,mfa_primary_unique_word_overlap_auto_qc_pass,1,1,1,1,0,0,64,95,31,29,7,10,3,0,in_interval_frames_no_valid_face,4,0.23999998569488523
-wny0OAz3g8$_$1,3,they,1096,0.949999988079071,1.059999942779541,0.949999988079071,1.059999942779541,B_unique_word_overlap_in_mismatched_transcript,mfa_primary_unique_word_overlap_auto_qc_pass,1,1,1,1,0,0,95,106,11,11,10,11,1,0,in_interval_frames_no_valid_face,4,0.549999988079071
-wny0OAz3g8$_$1,4,couldn't,1097,1.059999942779541,1.3300000429153442,1.059999942779541,1.3300000429153442,B_unique_word_overlap_in_mismatched_transcript,mfa_primary_unique_word_overlap_auto_qc_pass,1,1,1,1,0,0,106,134,28,28,11,14,3,0,in_interval_frames_no_valid_face,4,0.659999942779541
-wny0OAz3g8$_$1,5,join,1098,1.3300000429153442,1.6200000047683716,1.3300000429153442,1.6200000047683716,B_unique_word_overlap_in_mismatched_transcript,mfa_primary_unique_word_overlap_auto_qc_pass,1,1,1,1,0,0,134,163,29,29,14,17,3,0,in_interval_frames_no_valid_face,4,0.9300000429153442
-wny0OAz3g8$_$1,6,unions,1099,1.6200000047683716,2.069999933242798,1.6200000047683716,2.069999933242798,B_unique_word_overlap_in_mismatched_transcript,mfa_primary_unique_word_overlap_auto_qc_pass,1,1,1,1,0,0,163,207,44,37,17,21,4,0,in_interval_frames_no_valid_face,29,0.8300000667572021
-wny0OAz3g8$_$1,7,many,1100,2.109999895095825,2.309999942779541,2.109999895095825,2.309999942779541,B_unique_word_overlap_in_mismatched_transcript,mfa_primary_unique_word_overlap_auto_qc_pass,1,1,1,1,0,0,211,231,20,18,22,24,2,0,in_interval_frames_no_valid_face,29,0.5900000572204589
-wny0OAz3g8$_$1,8,Black,1101,2.309999942779541,2.5999999046325684,2.309999942779541,2.5999999046325684,B_unique_word_overlap_in_mismatched_transcript,mfa_primary_unique_word_overlap_auto_qc_pass,1,1,1,1,0,0,231,260,29,18,24,26,2,0,in_interval_frames_no_valid_face,29,0.30000009536743155
-wny0OAz3g8$_$1,9,workers,1102,2.5999999046325684,2.9100000858306885,2.5999999046325684,2.9100000858306885,B_unique_word_overlap_in_mismatched_transcript,mfa_primary_unique_word_overlap_auto_qc_pass,1,1,1,1,1,0,260,292,32,32,26,30,4,1,in_interval_valid_face,-1,
-wny0OAz3g8$_$1,10,couldn't,1103,2.9100000858306885,3.200000047683716,2.9100000858306885,3.200000047683716,B_unique_word_overlap_in_mismatched_transcript,mfa_primary_unique_word_overlap_auto_qc_pass,1,1,1,1,0,1,292,321,29,25,30,33,3,0,in_interval_frames_no_valid_face,29,0.010000085830688565
-wny0OAz3g8$_$1,11,get,1104,3.200000047683716,3.369999885559082,3.200000047683716,3.369999885559082,B_unique_word_overlap_in_mismatched_transcript,mfa_primary_unique_word_overlap_auto_qc_pass,1,1,1,1,0,0,321,337,16,16,33,34,1,0,in_interval_frames_no_valid_face,29,0.3000000476837159
-wny0OAz3g8$_$1,12,manufacturing,1105,3.369999885559082,4.010000228881836,3.369999885559082,4.010000228881836,B_unique_word_overlap_in_mismatched_transcript,mfa_primary_unique_word_overlap_auto_qc_pass,1,1,1,1,0,0,337,402,65,60,34,41,7,0,in_interval_frames_no_valid_face,29,0.4699998855590821
-wny0OAz3g8$_$1,13,or,1106,4.010000228881836,4.079999923706055,4.010000228881836,4.079999923706055,B_unique_word_overlap_in_mismatched_transcript,mfa_primary_unique_word_overlap_auto_qc_pass,1,1,1,1,0,0,402,408,6,6,41,41,0,0,no_visual_frame_in_interval,29,1.110000228881836
-wny0OAz3g8$_$1,14,trade,1107,4.079999923706055,4.369999885559082,4.079999923706055,4.369999885559082,B_unique_word_overlap_in_mismatched_transcript,mfa_primary_unique_word_overlap_auto_qc_pass,1,1,1,1,0,0,408,437,29,24,41,44,3,0,in_interval_frames_no_valid_face,29,1.1799999237060548
-wny0OAz3g8$_$1,15,work,1108,4.369999885559082,4.619999885559082,4.369999885559082,4.619999885559082,B_unique_word_overlap_in_mismatched_transcript,mfa_primary_unique_word_overlap_auto_qc_pass,1,1,1,1,0,0,437,462,25,3,44,47,3,0,in_interval_frames_no_valid_face,29,1.4699998855590821
-wny0OAz3g8$_$1,16,which,1109,4.619999885559082,4.849999904632568,4.619999885559082,4.849999904632568,B_unique_word_overlap_in_mismatched_transcript,mfa_primary_unique_word_overlap_auto_qc_pass,1,1,1,1,0,0,462,485,23,21,47,49,2,0,in_interval_frames_no_valid_face,63,1.4500000953674315
-wny0OAz3g8$_$1,17,paid,1110,4.849999904632568,5.079999923706055,4.849999904632568,5.079999923706055,B_unique_word_overlap_in_mismatched_transcript,mfa_primary_unique_word_overlap_auto_qc_pass,1,1,1,1,0,0,485,508,23,20,49,51,2,0,in_interval_frames_no_valid_face,63,1.2200000762939451
-wny0OAz3g8$_$1,18,much,1111,5.079999923706055,5.380000114440918,5.079999923706055,5.380000114440918,B_unique_word_overlap_in_mismatched_transcript,mfa_primary_unique_word_overlap_auto_qc_pass,1,1,1,1,0,0,508,539,31,30,51,54,3,0,in_interval_frames_no_valid_face,63,0.9199998855590819
-wny0OAz3g8$_$1,19,better,1112,5.380000114440918,5.599999904632568,5.380000114440918,5.599999904632568,B_unique_word_overlap_in_mismatched_transcript,mfa_primary_unique_word_overlap_auto_qc_pass,1,1,1,1,0,0,539,560,21,13,54,56,2,0,in_interval_frames_no_valid_face,63,0.7000000953674315
-wny0OAz3g8$_$1,20,than,1113,5.599999904632568,5.739999771118164,5.599999904632568,5.739999771118164,B_unique_word_overlap_in_mismatched_transcript,mfa_primary_unique_word_overlap_auto_qc_pass,1,1,1,1,0,0,560,574,14,14,56,58,2,0,in_interval_frames_no_valid_face,63,0.5600002288818358
-wny0OAz3g8$_$1,21,service,1114,5.739999771118164,6.099999904632568,5.739999771118164,6.099999904632568,B_unique_word_overlap_in_mismatched_transcript,mfa_primary_unique_word_overlap_auto_qc_pass,1,1,1,1,0,0,574,610,36,21,58,61,3,0,in_interval_frames_no_valid_face,63,0.20000009536743146
-wny0OAz3g8$_$1,22,work,1115,6.099999904632568,6.28000020980835,6.099999904632568,6.28000020980835,B_unique_word_overlap_in_mismatched_transcript,mfa_primary_unique_word_overlap_auto_qc_pass,1,1,1,1,0,1,610,629,19,5,61,63,2,0,in_interval_frames_no_valid_face,63,0.019999790191650213
-wny0OAz3g8$_$0,1,trade,1116,,,,,,official_word_unmatched_or_ambiguous_in_asr,1,0,0,0,0,0,-1,-1,0,0,-1,-1,0,0,no_primary_word_time,-1,
-wny0OAz3g8$_$0,2,labor,1117,,,,,,official_word_unmatched_or_ambiguous_in_asr,1,0,0,0,0,0,-1,-1,0,0,-1,-1,0,0,no_primary_word_time,-1,
-wny0OAz3g8$_$0,3,unions,1118,,,,,,official_word_unmatched_or_ambiguous_in_asr,1,0,0,0,0,0,-1,-1,0,0,-1,-1,0,0,no_primary_word_time,-1,
-wny0OAz3g8$_$0,4,didn't,1119,,,,,,official_word_unmatched_or_ambiguous_in_asr,1,0,0,0,0,0,-1,-1,0,0,-1,-1,0,0,no_primary_word_time,-1,
-wny0OAz3g8$_$0,5,allow,1120,,,,,B_unique_word_overlap_in_mismatched_transcript,mfa_whisper_discrepancy_over_0_5s_null_primary,1,0,0,0,0,0,-1,-1,0,0,-1,-1,0,0,no_primary_word_time,-1,
-wny0OAz3g8$_$0,6,Black,1121,,,,,B_unique_word_overlap_in_mismatched_transcript,mfa_whisper_discrepancy_over_0_5s_null_primary,1,0,0,0,0,0,-1,-1,0,0,-1,-1,0,0,no_primary_word_time,-1,
-wny0OAz3g8$_$0,7,workers,1122,,,,,B_unique_word_overlap_in_mismatched_transcript,mfa_whisper_discrepancy_over_0_5s_null_primary,1,0,0,0,0,0,-1,-1,0,0,-1,-1,0,0,no_primary_word_time,-1,
-wny0OAz3g8$_$0,8,to,1123,,,,,B_unique_word_overlap_in_mismatched_transcript,mfa_whisper_discrepancy_over_0_5s_null_primary,1,0,0,0,0,0,-1,-1,0,0,-1,-1,0,0,no_primary_word_time,-1,
-wny0OAz3g8$_$0,9,join,1124,2.4200000762939453,2.990000009536743,2.4200000762939453,2.990000009536743,B_unique_word_overlap_in_mismatched_transcript,mfa_primary_unique_word_overlap_auto_qc_pass,1,1,1,1,1,0,243,300,57,45,25,30,5,3,in_interval_valid_face,-1,
-wny0OAz3g8$_$3,1,Which,1125,0.0,0.4099999964237213,0.0,0.4099999964237213,B_unique_word_overlap_in_mismatched_transcript,mfa_primary_unique_word_overlap_auto_qc_pass,1,1,1,1,1,0,0,41,41,41,0,5,5,5,in_interval_valid_face,-1,
-wny0OAz3g8$_$3,2,then,1126,0.4099999964237213,0.8999999761581421,0.4099999964237213,0.8999999761581421,B_unique_word_overlap_in_mismatched_transcript,mfa_primary_unique_word_overlap_auto_qc_pass,1,1,1,1,0,1,41,90,49,43,5,9,4,0,in_interval_frames_no_valid_face,4,0.009999996423721291
-wny0OAz3g8$_$3,3,allowed,1127,0.8999999761581421,1.159999966621399,0.8999999761581421,1.159999966621399,B_unique_word_overlap_in_mismatched_transcript,mfa_primary_unique_word_overlap_auto_qc_pass,1,1,1,1,0,0,90,116,26,17,9,12,3,0,in_interval_frames_no_valid_face,4,0.49999997615814207
-wny0OAz3g8$_$3,4,the,1128,1.159999966621399,1.2400000095367432,1.159999966621399,1.2400000095367432,B_unique_word_overlap_in_mismatched_transcript,mfa_primary_unique_word_overlap_auto_qc_pass,1,1,1,1,0,0,116,125,9,9,12,13,1,0,in_interval_frames_no_valid_face,4,0.7599999666213989
-wny0OAz3g8$_$3,5,white,1129,1.2400000095367432,1.4700000286102295,1.2400000095367432,1.4700000286102295,B_unique_word_overlap_in_mismatched_transcript,mfa_primary_unique_word_overlap_auto_qc_pass,1,1,1,1,0,0,125,148,23,23,13,15,2,0,in_interval_frames_no_valid_face,4,0.8400000095367431
-wny0OAz3g8$_$3,6,workers,1130,1.4700000286102295,1.7699999809265137,1.4700000286102295,1.7699999809265137,B_unique_word_overlap_in_mismatched_transcript,mfa_primary_unique_word_overlap_auto_qc_pass,1,1,1,1,0,0,148,177,29,29,15,18,3,0,in_interval_frames_no_valid_face,4,1.0700000286102296
-wny0OAz3g8$_$3,7,and,1131,1.7699999809265137,1.909999966621399,1.7699999809265137,1.909999966621399,B_unique_word_overlap_in_mismatched_transcript,mfa_primary_unique_word_overlap_auto_qc_pass,1,1,1,1,0,0,177,191,14,14,18,20,2,0,in_interval_frames_no_valid_face,4,1.3699999809265138
-wny0OAz3g8$_$3,8,unions,1132,1.909999966621399,2.2100000381469727,1.909999966621399,2.2100000381469727,B_unique_word_overlap_in_mismatched_transcript,mfa_primary_unique_word_overlap_auto_qc_pass,1,1,1,1,0,0,191,222,31,31,20,23,3,0,in_interval_frames_no_valid_face,4,1.509999966621399
-wny0OAz3g8$_$3,9,to,1133,2.2100000381469727,2.319999933242798,2.2100000381469727,2.319999933242798,B_unique_word_overlap_in_mismatched_transcript,mfa_primary_unique_word_overlap_auto_qc_pass,1,1,1,1,0,0,222,232,10,10,23,24,1,0,in_interval_frames_no_valid_face,4,1.8100000381469727
-wny0OAz3g8$_$3,10,justify,1134,2.319999933242798,2.8499999046325684,2.319999933242798,2.8499999046325684,B_unique_word_overlap_in_mismatched_transcript,mfa_primary_unique_word_overlap_auto_qc_pass,1,1,1,1,0,0,232,285,53,27,24,29,5,0,in_interval_frames_no_valid_face,4,1.919999933242798
-wny0OAz3g8$_$3,11,their,1135,2.8499999046325684,2.9700000286102295,2.8499999046325684,2.9700000286102295,B_unique_word_overlap_in_mismatched_transcript,mfa_primary_unique_word_overlap_auto_qc_pass,1,1,1,1,0,0,285,298,13,13,29,30,1,0,in_interval_frames_no_valid_face,4,2.4499999046325684
-wny0OAz3g8$_$3,12,decision,1136,2.9700000286102295,3.3299999237060547,2.9700000286102295,3.3299999237060547,B_unique_word_overlap_in_mismatched_transcript,mfa_primary_unique_word_overlap_auto_qc_pass,1,1,1,1,0,0,298,333,35,32,30,34,4,0,in_interval_frames_no_valid_face,56,2.270000076293945
-wny0OAz3g8$_$3,13,to,1137,3.3299999237060547,3.430000066757202,3.3299999237060547,3.430000066757202,B_unique_word_overlap_in_mismatched_transcript,mfa_primary_unique_word_overlap_auto_qc_pass,1,1,1,1,0,0,333,344,11,11,34,35,1,0,in_interval_frames_no_valid_face,56,2.1699999332427975
-wny0OAz3g8$_$3,14,not,1138,3.430000066757202,3.7300000190734863,3.430000066757202,3.7300000190734863,B_unique_word_overlap_in_mismatched_transcript,mfa_primary_unique_word_overlap_auto_qc_pass,1,1,1,1,0,0,344,374,30,30,35,38,3,0,in_interval_frames_no_valid_face,56,1.8699999809265133
-wny0OAz3g8$_$3,15,allow,1139,3.7300000190734863,3.9700000286102295,3.7300000190734863,3.9700000286102295,B_unique_word_overlap_in_mismatched_transcript,mfa_primary_unique_word_overlap_auto_qc_pass,1,1,1,1,0,0,374,398,24,23,38,40,2,0,in_interval_frames_no_valid_face,56,1.6299999713897702
-wny0OAz3g8$_$3,16,black,1140,3.9700000286102295,4.289999961853027,3.9700000286102295,4.289999961853027,B_unique_word_overlap_in_mismatched_transcript,mfa_primary_unique_word_overlap_auto_qc_pass,1,1,1,1,0,0,398,429,31,27,40,43,3,0,in_interval_frames_no_valid_face,56,1.3100000381469723
-wny0OAz3g8$_$3,17,workers,1141,4.289999961853027,4.670000076293945,4.289999961853027,4.670000076293945,B_unique_word_overlap_in_mismatched_transcript,mfa_primary_unique_word_overlap_auto_qc_pass,1,1,1,1,0,0,429,468,39,36,43,47,4,0,in_interval_frames_no_valid_face,56,0.9299999237060543
-wny0OAz3g8$_$3,18,into,1142,4.670000076293945,5.019999980926514,4.670000076293945,5.019999980926514,B_unique_word_overlap_in_mismatched_transcript,mfa_primary_unique_word_overlap_auto_qc_pass,1,1,1,1,0,0,468,502,34,32,47,51,4,0,in_interval_frames_no_valid_face,56,0.580000019073486
-wny0OAz3g8$_$3,19,their,1143,5.019999980926514,5.159999847412109,5.019999980926514,5.159999847412109,B_unique_word_overlap_in_mismatched_transcript,mfa_primary_unique_word_overlap_auto_qc_pass,1,1,1,1,0,0,502,516,14,14,51,52,1,0,in_interval_frames_no_valid_face,56,0.44000015258789027
-wny0OAz3g8$_$3,20,union,1144,5.159999847412109,5.639999866485596,5.159999847412109,5.639999866485596,B_unique_word_overlap_in_mismatched_transcript,mfa_primary_unique_word_overlap_auto_qc_pass,1,1,1,1,1,0,516,564,48,47,52,57,5,1,in_interval_valid_face,-1,
-wny0OAz3g8$_$2,1,And,1145,0.5199999809265137,0.6399999856948853,0.5199999809265137,0.6399999856948853,B_unique_word_overlap_in_mismatched_transcript,mfa_primary_unique_word_overlap_auto_qc_pass,1,1,1,1,1,0,52,64,12,12,6,7,1,1,in_interval_valid_face,-1,
-wny0OAz3g8$_$2,2,because,1146,0.6399999856948853,0.9900000095367432,0.6399999856948853,0.9900000095367432,B_unique_word_overlap_in_mismatched_transcript,mfa_primary_unique_word_overlap_auto_qc_pass,1,1,1,1,1,0,64,100,36,34,7,10,3,3,in_interval_valid_face,-1,
-wny0OAz3g8$_$2,3,they,1147,0.9900000095367432,1.090000033378601,0.9900000095367432,1.090000033378601,B_unique_word_overlap_in_mismatched_transcript,mfa_primary_unique_word_overlap_auto_qc_pass,1,1,1,1,1,0,100,110,10,10,10,11,1,1,in_interval_valid_face,-1,
-wny0OAz3g8$_$2,4,couldn't,1148,1.090000033378601,1.3300000429153442,1.090000033378601,1.3300000429153442,B_unique_word_overlap_in_mismatched_transcript,mfa_primary_unique_word_overlap_auto_qc_pass,1,1,1,1,1,0,110,134,24,24,11,14,3,3,in_interval_valid_face,-1,
-wny0OAz3g8$_$2,5,get,1149,1.3300000429153442,1.4600000381469727,1.3300000429153442,1.4600000381469727,B_unique_word_overlap_in_mismatched_transcript,mfa_primary_unique_word_overlap_auto_qc_pass,1,1,1,1,1,0,134,147,13,13,14,15,1,1,in_interval_valid_face,-1,
-wny0OAz3g8$_$2,6,these,1150,1.4600000381469727,1.6399999856948853,1.4600000381469727,1.6399999856948853,B_unique_word_overlap_in_mismatched_transcript,mfa_primary_unique_word_overlap_auto_qc_pass,1,1,1,1,1,0,147,164,17,16,15,17,2,2,in_interval_valid_face,-1,
-wny0OAz3g8$_$2,7,jobs,1151,1.6399999856948853,2.0799999237060547,1.6399999856948853,2.0799999237060547,B_unique_word_overlap_in_mismatched_transcript,mfa_primary_unique_word_overlap_auto_qc_pass,1,1,1,1,1,0,164,208,44,17,17,21,4,4,in_interval_valid_face,-1,
-wny0OAz3g8$_$2,8,Black,1152,2.0799999237060547,2.4000000953674316,2.0799999237060547,2.4000000953674316,B_unique_word_overlap_in_mismatched_transcript,mfa_primary_unique_word_overlap_auto_qc_pass,1,1,1,1,1,0,208,241,33,21,21,25,4,4,in_interval_valid_face,-1,
-wny0OAz3g8$_$2,9,communities,1153,2.4000000953674316,2.7899999618530273,2.4000000953674316,2.7899999618530273,B_unique_word_overlap_in_mismatched_transcript,mfa_primary_unique_word_overlap_auto_qc_pass,1,1,1,1,1,0,241,279,38,38,25,28,3,3,in_interval_valid_face,-1,
-wny0OAz3g8$_$2,10,had,1154,2.7899999618530273,2.9200000762939453,2.7899999618530273,2.9200000762939453,B_unique_word_overlap_in_mismatched_transcript,mfa_primary_unique_word_overlap_auto_qc_pass,1,1,1,1,1,0,279,293,14,14,28,30,2,2,in_interval_valid_face,-1,
-wny0OAz3g8$_$2,11,more,1155,2.9200000762939453,3.119999885559082,2.9200000762939453,3.119999885559082,B_unique_word_overlap_in_mismatched_transcript,mfa_primary_unique_word_overlap_auto_qc_pass,1,1,1,1,1,0,293,312,19,19,30,32,2,2,in_interval_valid_face,-1,
-wny0OAz3g8$_$2,12,men,1156,3.119999885559082,3.2799999713897705,3.119999885559082,3.2799999713897705,B_unique_word_overlap_in_mismatched_transcript,mfa_primary_unique_word_overlap_auto_qc_pass,1,1,1,1,1,0,312,328,16,16,32,33,1,1,in_interval_valid_face,-1,
-wny0OAz3g8$_$2,13,out,1157,3.2799999713897705,3.380000114440918,3.2799999713897705,3.380000114440918,B_unique_word_overlap_in_mismatched_transcript,mfa_primary_unique_word_overlap_auto_qc_pass,1,1,1,1,1,0,328,339,11,10,33,34,1,1,in_interval_valid_face,-1,
-wny0OAz3g8$_$2,14,of,1158,3.380000114440918,3.5,3.380000114440918,3.5,B_unique_word_overlap_in_mismatched_transcript,mfa_primary_unique_word_overlap_auto_qc_pass,1,1,1,1,1,0,339,350,11,7,34,35,1,1,in_interval_valid_face,-1,
-wny0OAz3g8$_$2,15,work,1159,3.5,3.809999942779541,3.5,3.809999942779541,B_unique_word_overlap_in_mismatched_transcript,mfa_primary_unique_word_overlap_auto_qc_pass,1,1,1,1,1,0,350,381,31,17,35,39,4,4,in_interval_valid_face,-1,
-wny0OAz3g8$_$2,16,higher,1160,3.950000047683716,4.21999979019165,3.950000047683716,4.21999979019165,B_unique_word_overlap_in_mismatched_transcript,mfa_primary_unique_word_overlap_auto_qc_pass,1,1,1,1,1,0,396,422,26,18,40,43,3,3,in_interval_valid_face,-1,
-wny0OAz3g8$_$2,17,rates,1161,4.21999979019165,4.389999866485596,4.21999979019165,4.389999866485596,B_unique_word_overlap_in_mismatched_transcript,mfa_primary_unique_word_overlap_auto_qc_pass,1,1,1,1,1,0,422,439,17,17,43,44,1,1,in_interval_valid_face,-1,
-wny0OAz3g8$_$2,18,of,1162,4.389999866485596,4.460000038146973,4.389999866485596,4.460000038146973,B_unique_word_overlap_in_mismatched_transcript,mfa_primary_unique_word_overlap_auto_qc_pass,1,1,1,1,1,0,439,447,8,8,44,45,1,1,in_interval_valid_face,-1,
-wny0OAz3g8$_$2,19,poverty,1163,4.460000038146973,4.929999828338623,4.460000038146973,4.929999828338623,B_unique_word_overlap_in_mismatched_transcript,mfa_primary_unique_word_overlap_auto_qc_pass,1,1,1,1,1,0,447,493,46,40,45,50,5,5,in_interval_valid_face,-1,
-wny0OAz3g8$_$2,20,and,1164,4.929999828338623,5.059999942779541,4.929999828338623,5.059999942779541,B_unique_word_overlap_in_mismatched_transcript,mfa_primary_unique_word_overlap_auto_qc_pass,1,1,1,1,1,0,493,506,13,13,50,51,1,1,in_interval_valid_face,-1,
-wny0OAz3g8$_$2,21,more,1165,5.059999942779541,5.21999979019165,5.059999942779541,5.21999979019165,B_unique_word_overlap_in_mismatched_transcript,mfa_primary_unique_word_overlap_auto_qc_pass,1,1,1,1,1,0,506,522,16,16,51,53,2,2,in_interval_valid_face,-1,
-wny0OAz3g8$_$2,22,criminal,1166,5.21999979019165,5.550000190734863,5.21999979019165,5.550000190734863,B_unique_word_overlap_in_mismatched_transcript,mfa_primary_unique_word_overlap_auto_qc_pass,1,1,1,1,1,0,522,556,34,33,53,56,3,3,in_interval_valid_face,-1,
-wny0OAz3g8$_$2,23,behavior,1167,5.550000190734863,6.039999961853027,5.550000190734863,6.039999961853027,B_unique_word_overlap_in_mismatched_transcript,mfa_primary_unique_word_overlap_auto_qc_pass,1,1,1,1,1,0,556,604,48,45,56,61,5,4,in_interval_valid_face,-1,
-wny0OAz3g8$_$5,1,This,1168,,,,,A_exact_transcript,mfa_whisper_discrepancy_over_0_5s_null_primary,1,0,0,0,0,0,-1,-1,0,0,-1,-1,0,0,no_primary_word_time,-1,
-wny0OAz3g8$_$5,2,is,1169,,,,,A_exact_transcript,mfa_whisper_discrepancy_over_0_5s_null_primary,1,0,0,0,0,0,-1,-1,0,0,-1,-1,0,0,no_primary_word_time,-1,
-wny0OAz3g8$_$5,3,what's,1170,,,,,A_exact_transcript,mfa_whisper_discrepancy_over_0_5s_null_primary,1,0,0,0,0,0,-1,-1,0,0,-1,-1,0,0,no_primary_word_time,-1,
-wny0OAz3g8$_$5,4,now,1171,1.0399999618530273,1.25,1.0399999618530273,1.25,A_exact_transcript,mfa_primary_exact_transcript_auto_qc_pass,1,1,1,1,0,0,104,125,21,21,11,13,2,0,in_interval_frames_no_valid_face,4,0.6399999618530273
-wny0OAz3g8$_$5,5,known,1172,1.25,1.5199999809265137,1.25,1.5199999809265137,A_exact_transcript,mfa_primary_exact_transcript_auto_qc_pass,1,1,1,1,0,0,125,152,27,27,13,16,3,0,in_interval_frames_no_valid_face,4,0.85
-wny0OAz3g8$_$5,6,as,1173,1.5199999809265137,1.7100000381469727,1.5199999809265137,1.7100000381469727,A_exact_transcript,mfa_primary_exact_transcript_auto_qc_pass,1,1,1,1,0,0,152,172,20,20,16,18,2,0,in_interval_frames_no_valid_face,4,1.1199999809265138
-wny0OAz3g8$_$5,7,racial,1174,1.7100000381469727,1.9800000190734863,1.7100000381469727,1.9800000190734863,A_exact_transcript,mfa_primary_exact_transcript_auto_qc_pass,1,1,1,1,0,0,172,199,27,27,18,20,2,0,in_interval_frames_no_valid_face,4,1.3100000381469727
-wny0OAz3g8$_$5,8,formation,1175,1.9800000190734863,2.5199999809265137,1.9800000190734863,2.5199999809265137,A_exact_transcript,mfa_primary_exact_transcript_auto_qc_pass,1,1,1,1,0,0,199,252,53,38,20,26,6,0,in_interval_frames_no_valid_face,4,1.5800000190734864
-wny0OAz3g8$_$5,9,theory,1176,2.5199999809265137,2.880000114440918,2.5199999809265137,2.880000114440918,A_exact_transcript,mfa_primary_exact_transcript_auto_qc_pass,1,1,1,0,0,0,252,289,37,0,26,29,3,0,in_interval_frames_no_valid_face,4,2.1199999809265138
-wny0OAz3g8$_$5,10,a,1177,3.059999942779541,3.119999885559082,3.059999942779541,3.119999885559082,A_exact_transcript,mfa_primary_exact_transcript_auto_qc_pass,1,1,1,1,0,0,306,312,6,6,31,32,1,0,in_interval_frames_no_valid_face,4,2.659999942779541
-wny0OAz3g8$_$5,11,theory,1178,3.119999885559082,3.369999885559082,3.119999885559082,3.369999885559082,A_exact_transcript,mfa_primary_exact_transcript_auto_qc_pass,1,1,1,1,0,0,312,337,25,25,32,34,2,0,in_interval_frames_no_valid_face,4,2.719999885559082
-wny0OAz3g8$_$5,12,formalized,1179,3.369999885559082,3.9200000762939453,3.369999885559082,3.9200000762939453,A_exact_transcript,mfa_primary_exact_transcript_auto_qc_pass,1,1,1,1,0,0,337,393,56,43,34,40,6,0,in_interval_frames_no_valid_face,62,2.279999923706055
-wny0OAz3g8$_$5,13,by,1180,3.9200000762939453,4.019999980926514,3.9200000762939453,4.019999980926514,A_exact_transcript,mfa_primary_exact_transcript_auto_qc_pass,1,1,1,1,0,0,393,402,9,9,40,41,1,0,in_interval_frames_no_valid_face,62,2.1800000190734865
-wny0OAz3g8$_$5,14,modern,1181,4.019999980926514,4.340000152587891,4.019999980926514,4.340000152587891,A_exact_transcript,mfa_primary_exact_transcript_auto_qc_pass,1,1,1,1,0,0,402,435,33,33,41,44,3,0,in_interval_frames_no_valid_face,62,1.8599998474121096
-wny0OAz3g8$_$5,15,sociologists,1182,4.340000152587891,4.940000057220459,4.340000152587891,4.940000057220459,A_exact_transcript,mfa_primary_exact_transcript_auto_qc_pass,1,1,1,1,0,0,435,495,60,48,44,50,6,0,in_interval_frames_no_valid_face,62,1.2599999427795412
-wny0OAz3g8$_$5,16,Michael,1183,4.940000057220459,5.190000057220459,4.940000057220459,5.190000057220459,A_exact_transcript,mfa_primary_exact_transcript_auto_qc_pass,1,1,1,1,0,0,495,520,25,13,50,52,2,0,in_interval_frames_no_valid_face,62,1.0099999427795412
-wny0OAz3g8$_$5,17,Omi,1184,5.21999979019165,5.53000020980835,5.21999979019165,5.53000020980835,A_exact_transcript,mfa_primary_exact_transcript_auto_qc_pass,1,1,1,1,0,0,522,554,32,31,53,56,3,0,in_interval_frames_no_valid_face,62,0.6699997901916506
-wny0OAz3g8$_$5,18,and,1185,5.53000020980835,5.630000114440918,5.53000020980835,5.630000114440918,A_exact_transcript,mfa_primary_exact_transcript_auto_qc_pass,1,1,1,1,0,0,554,564,10,7,56,57,1,0,in_interval_frames_no_valid_face,62,0.5699998855590822
-wny0OAz3g8$_$5,19,Howard,1186,5.630000114440918,5.889999866485596,5.630000114440918,5.889999866485596,A_exact_transcript,mfa_primary_exact_transcript_auto_qc_pass,1,1,1,1,0,0,564,589,25,25,57,59,2,0,in_interval_frames_no_valid_face,62,0.3100001335144045
-wny0OAz3g8$_$5,20,Winant,1187,,,,,A_exact_transcript,mfa_whisper_discrepancy_over_0_5s_null_primary,1,0,0,0,0,0,-1,-1,0,0,-1,-1,0,0,no_primary_word_time,-1,
-wny0OAz3g8$_$7,1,Omi,1188,0.5199999809265137,0.7200000286102295,0.5199999809265137,0.7200000286102295,B_unique_word_overlap_in_mismatched_transcript,mfa_primary_unique_word_overlap_auto_qc_pass,1,1,1,1,0,0,52,73,21,21,6,8,2,0,in_interval_frames_no_valid_face,4,0.11999998092651365
-wny0OAz3g8$_$7,2,and,1189,0.7200000286102295,0.8399999737739563,0.7200000286102295,0.8399999737739563,B_unique_word_overlap_in_mismatched_transcript,mfa_primary_unique_word_overlap_auto_qc_pass,1,1,1,1,0,0,73,84,11,8,8,9,1,0,in_interval_frames_no_valid_face,4,0.32000002861022947
-wny0OAz3g8$_$7,3,Winant,1190,0.8399999737739563,1.0499999523162842,0.8399999737739563,1.0499999523162842,B_unique_word_overlap_in_mismatched_transcript,mfa_primary_unique_word_overlap_auto_qc_pass,1,1,1,1,0,0,84,105,21,21,9,11,2,0,in_interval_frames_no_valid_face,4,0.4399999737739563
-wny0OAz3g8$_$7,4,argue,1191,1.0800000429153442,1.3300000429153442,1.0800000429153442,1.3300000429153442,B_unique_word_overlap_in_mismatched_transcript,mfa_primary_unique_word_overlap_auto_qc_pass,1,1,1,1,0,0,109,134,25,25,11,14,3,0,in_interval_frames_no_valid_face,16,0.26999995708465585
-wny0OAz3g8$_$7,5,that,1192,1.3300000429153442,1.440000057220459,1.3300000429153442,1.440000057220459,B_unique_word_overlap_in_mismatched_transcript,mfa_primary_unique_word_overlap_auto_qc_pass,1,1,1,1,0,0,134,145,11,11,14,15,1,0,in_interval_frames_no_valid_face,16,0.1599999427795411
-wny0OAz3g8$_$7,6,the,1193,1.440000057220459,1.5099999904632568,1.440000057220459,1.5099999904632568,B_unique_word_overlap_in_mismatched_transcript,mfa_primary_unique_word_overlap_auto_qc_pass,1,1,1,1,0,0,145,151,6,6,15,16,1,0,in_interval_frames_no_valid_face,16,0.09000000953674325
-wny0OAz3g8$_$7,7,concept,1194,1.5099999904632568,1.9199999570846558,1.5099999904632568,1.9199999570846558,B_unique_word_overlap_in_mismatched_transcript,mfa_primary_unique_word_overlap_auto_qc_pass,1,1,1,1,1,0,151,192,41,34,16,20,4,1,in_interval_valid_face,-1,
-wny0OAz3g8$_$7,8,of,1195,1.9199999570846558,2.059999942779541,1.9199999570846558,2.059999942779541,B_unique_word_overlap_in_mismatched_transcript,mfa_primary_unique_word_overlap_auto_qc_pass,1,1,1,1,0,0,192,206,14,14,20,21,1,0,in_interval_frames_no_valid_face,16,0.3199999570846557
-wny0OAz3g8$_$7,9,race,1196,2.059999942779541,2.2699999809265137,2.059999942779541,2.2699999809265137,B_unique_word_overlap_in_mismatched_transcript,mfa_primary_unique_word_overlap_auto_qc_pass,1,1,1,1,0,0,206,227,21,21,21,23,2,0,in_interval_frames_no_valid_face,27,0.4300000190734865
-wny0OAz3g8$_$7,10,came,1197,2.2699999809265137,2.4700000286102295,2.2699999809265137,2.4700000286102295,B_unique_word_overlap_in_mismatched_transcript,mfa_primary_unique_word_overlap_auto_qc_pass,1,1,1,1,0,0,227,248,21,16,23,25,2,0,in_interval_frames_no_valid_face,27,0.22999997138977069
-wny0OAz3g8$_$7,11,about,1198,2.4700000286102295,2.690000057220459,2.4700000286102295,2.690000057220459,B_unique_word_overlap_in_mismatched_transcript,mfa_primary_unique_word_overlap_auto_qc_pass,1,1,1,1,0,1,248,270,22,18,25,27,2,0,in_interval_frames_no_valid_face,27,0.009999942779541193
-wny0OAz3g8$_$7,12,as,1199,2.690000057220459,2.799999952316284,2.690000057220459,2.799999952316284,B_unique_word_overlap_in_mismatched_transcript,mfa_primary_unique_word_overlap_auto_qc_pass,1,1,1,1,1,0,270,280,10,8,27,28,1,1,in_interval_valid_face,-1,
-wny0OAz3g8$_$7,13,a,1200,2.799999952316284,2.8399999141693115,2.799999952316284,2.8399999141693115,B_unique_word_overlap_in_mismatched_transcript,mfa_primary_unique_word_overlap_auto_qc_pass,1,1,1,1,1,0,280,284,4,4,28,29,1,1,in_interval_valid_face,-1,
-wny0OAz3g8$_$7,14,tool,1201,2.8399999141693115,3.1500000953674316,2.8399999141693115,3.1500000953674316,B_unique_word_overlap_in_mismatched_transcript,mfa_primary_unique_word_overlap_auto_qc_pass,1,1,1,1,1,0,284,316,32,19,29,32,3,3,in_interval_valid_face,-1,
-wny0OAz3g8$_$7,15,to,1202,3.1500000953674316,3.259999990463257,3.1500000953674316,3.259999990463257,B_unique_word_overlap_in_mismatched_transcript,mfa_primary_unique_word_overlap_auto_qc_pass,1,1,1,1,1,0,316,326,10,10,32,33,1,1,in_interval_valid_face,-1,
-wny0OAz3g8$_$7,16,justify,1203,3.259999990463257,3.7799999713897705,3.259999990463257,3.7799999713897705,B_unique_word_overlap_in_mismatched_transcript,mfa_primary_unique_word_overlap_auto_qc_pass,1,1,1,1,1,0,326,378,52,49,33,38,5,5,in_interval_valid_face,-1,
-wny0OAz3g8$_$7,17,and,1204,3.7799999713897705,3.9700000286102295,3.7799999713897705,3.9700000286102295,B_unique_word_overlap_in_mismatched_transcript,mfa_primary_unique_word_overlap_auto_qc_pass,1,1,1,1,0,0,378,398,20,20,38,40,2,0,in_interval_frames_no_valid_face,37,0.07999997138977033
-wny0OAz3g8$_$7,18,maintain,1205,3.9700000286102295,4.510000228881836,3.9700000286102295,4.510000228881836,B_unique_word_overlap_in_mismatched_transcript,mfa_primary_unique_word_overlap_auto_qc_pass,1,1,1,1,0,0,398,452,54,45,40,46,6,0,in_interval_frames_no_valid_face,37,0.2700000286102293
-wny0OAz3g8$_$7,19,the,1206,4.510000228881836,4.659999847412109,4.510000228881836,4.659999847412109,B_unique_word_overlap_in_mismatched_transcript,mfa_primary_unique_word_overlap_auto_qc_pass,1,1,1,1,0,0,452,466,14,11,46,47,1,0,in_interval_frames_no_valid_face,51,0.44000015258789027
-wny0OAz3g8$_$7,20,economic,1207,4.659999847412109,5.110000133514404,4.659999847412109,5.110000133514404,B_unique_word_overlap_in_mismatched_transcript,mfa_primary_unique_word_overlap_auto_qc_pass,1,1,1,1,1,0,466,512,46,46,47,52,5,1,in_interval_valid_face,-1,
-wny0OAz3g8$_$7,21,and,1208,5.110000133514404,5.239999771118164,5.110000133514404,5.239999771118164,B_unique_word_overlap_in_mismatched_transcript,mfa_primary_unique_word_overlap_auto_qc_pass,1,1,1,1,1,0,512,524,12,12,52,53,1,1,in_interval_valid_face,-1,
-wny0OAz3g8$_$7,22,political,1209,5.239999771118164,5.590000152587891,5.239999771118164,5.590000152587891,B_unique_word_overlap_in_mismatched_transcript,mfa_primary_unique_word_overlap_auto_qc_pass,1,1,1,1,1,0,524,560,36,36,53,56,3,2,in_interval_valid_face,-1,
-wny0OAz3g8$_$7,23,power,1210,5.590000152587891,5.960000038146973,5.590000152587891,5.960000038146973,B_unique_word_overlap_in_mismatched_transcript,mfa_primary_unique_word_overlap_auto_qc_pass,1,1,1,1,0,0,560,597,37,12,56,60,4,0,in_interval_frames_no_valid_face,54,0.19000015258789027
-wny0OAz3g8$_$7,24,held,1211,5.960000038146973,6.260000228881836,5.960000038146973,6.260000228881836,B_unique_word_overlap_in_mismatched_transcript,mfa_primary_unique_word_overlap_auto_qc_pass,1,1,1,1,0,0,597,627,30,22,60,63,3,0,in_interval_frames_no_valid_face,54,0.5600000381469723
-wny0OAz3g8$_$7,25,by,1212,6.260000228881836,6.360000133514404,6.260000228881836,6.360000133514404,B_unique_word_overlap_in_mismatched_transcript,mfa_primary_unique_word_overlap_auto_qc_pass,1,1,1,1,0,0,627,637,10,10,63,64,1,0,in_interval_frames_no_valid_face,72,0.8399998664855959
-wny0OAz3g8$_$7,26,those,1213,6.360000133514404,6.570000171661377,6.360000133514404,6.570000171661377,B_unique_word_overlap_in_mismatched_transcript,mfa_primary_unique_word_overlap_auto_qc_pass,1,1,1,1,0,0,637,658,21,21,64,66,2,0,in_interval_frames_no_valid_face,72,0.6299998283386232
-wny0OAz3g8$_$7,27,of,1214,6.570000171661377,6.699999809265137,6.570000171661377,6.699999809265137,B_unique_word_overlap_in_mismatched_transcript,mfa_primary_unique_word_overlap_auto_qc_pass,1,1,1,1,0,0,658,670,12,12,66,67,1,0,in_interval_frames_no_valid_face,72,0.5000001907348635
-wny0OAz3g8$_$7,28,European,1215,6.699999809265137,7.079999923706055,6.699999809265137,7.079999923706055,B_unique_word_overlap_in_mismatched_transcript,mfa_primary_unique_word_overlap_auto_qc_pass,1,1,1,1,0,0,670,708,38,37,67,71,4,0,in_interval_frames_no_valid_face,72,0.12000007629394549
-wny0OAz3g8$_$7,29,descent,1216,7.079999923706055,7.519999980926514,7.079999923706055,7.519999980926514,B_unique_word_overlap_in_mismatched_transcript,mfa_primary_unique_word_overlap_auto_qc_pass,1,1,1,1,1,0,708,752,44,28,71,76,5,2,in_interval_valid_face,-1,
-wny0OAz3g8$_$9,1,He,1217,0.5,0.6100000143051147,0.5,0.6100000143051147,B_unique_word_overlap_in_mismatched_transcript,mfa_primary_unique_word_overlap_auto_qc_pass,1,1,1,1,1,0,50,62,12,9,5,7,2,2,in_interval_valid_face,-1,
-wny0OAz3g8$_$9,2,explores,1218,0.6100000143051147,1.0199999809265137,0.6100000143051147,1.0199999809265137,B_unique_word_overlap_in_mismatched_transcript,mfa_primary_unique_word_overlap_auto_qc_pass,1,1,1,1,1,0,62,102,40,38,7,11,4,4,in_interval_valid_face,-1,
-wny0OAz3g8$_$9,3,why,1219,1.0199999809265137,1.1200000047683716,1.0199999809265137,1.1200000047683716,B_unique_word_overlap_in_mismatched_transcript,mfa_primary_unique_word_overlap_auto_qc_pass,1,1,1,1,1,0,102,113,11,11,11,12,1,1,in_interval_valid_face,-1,
-wny0OAz3g8$_$9,4,Black,1220,1.1200000047683716,1.3799999952316284,1.1200000047683716,1.3799999952316284,B_unique_word_overlap_in_mismatched_transcript,mfa_primary_unique_word_overlap_auto_qc_pass,1,1,1,1,1,0,113,138,25,24,12,14,2,2,in_interval_valid_face,-1,
-wny0OAz3g8$_$9,5,and,1221,1.3799999952316284,1.4700000286102295,1.3799999952316284,1.4700000286102295,B_unique_word_overlap_in_mismatched_transcript,mfa_primary_unique_word_overlap_auto_qc_pass,1,1,1,1,1,0,138,148,10,10,14,15,1,1,in_interval_valid_face,-1,
-wny0OAz3g8$_$9,6,White,1222,1.4700000286102295,1.6100000143051147,1.4700000286102295,1.6100000143051147,B_unique_word_overlap_in_mismatched_transcript,mfa_primary_unique_word_overlap_auto_qc_pass,1,1,1,1,1,0,148,162,14,14,15,17,2,2,in_interval_valid_face,-1,
-wny0OAz3g8$_$9,7,Americans,1223,1.6100000143051147,2.069999933242798,1.6100000143051147,2.069999933242798,B_unique_word_overlap_in_mismatched_transcript,mfa_primary_unique_word_overlap_auto_qc_pass,1,1,1,1,1,0,162,207,45,45,17,21,4,4,in_interval_valid_face,-1,
-wny0OAz3g8$_$9,8,tend,1224,2.069999933242798,2.2699999809265137,2.069999933242798,2.2699999809265137,B_unique_word_overlap_in_mismatched_transcript,mfa_primary_unique_word_overlap_auto_qc_pass,1,1,1,1,1,0,207,227,20,16,21,23,2,2,in_interval_valid_face,-1,
-wny0OAz3g8$_$9,9,to,1225,2.2699999809265137,2.3299999237060547,2.2699999809265137,2.3299999237060547,B_unique_word_overlap_in_mismatched_transcript,mfa_primary_unique_word_overlap_auto_qc_pass,1,1,1,1,1,0,227,233,6,6,23,24,1,1,in_interval_valid_face,-1,
-wny0OAz3g8$_$9,10,have,1226,2.3299999237060547,2.5399999618530273,2.3299999237060547,2.5399999618530273,B_unique_word_overlap_in_mismatched_transcript,mfa_primary_unique_word_overlap_auto_qc_pass,1,1,1,1,1,0,233,254,21,19,24,26,2,2,in_interval_valid_face,-1,
-wny0OAz3g8$_$9,11,such,1227,2.5399999618530273,2.8299999237060547,2.5399999618530273,2.8299999237060547,B_unique_word_overlap_in_mismatched_transcript,mfa_primary_unique_word_overlap_auto_qc_pass,1,1,1,1,1,0,254,283,29,21,26,29,3,3,in_interval_valid_face,-1,
-wny0OAz3g8$_$9,12,different,1228,2.8299999237060547,3.130000114440918,2.8299999237060547,3.130000114440918,B_unique_word_overlap_in_mismatched_transcript,mfa_primary_unique_word_overlap_auto_qc_pass,1,1,1,1,1,0,283,314,31,30,29,32,3,3,in_interval_valid_face,-1,
-wny0OAz3g8$_$9,13,outcomes,1229,3.1600000858306885,3.700000047683716,3.1600000858306885,3.700000047683716,B_unique_word_overlap_in_mismatched_transcript,mfa_primary_unique_word_overlap_auto_qc_pass,1,1,1,1,1,0,317,371,54,39,32,38,6,6,in_interval_valid_face,-1,
-wny0OAz3g8$_$9,14,in,1230,3.700000047683716,3.759999990463257,3.700000047683716,3.759999990463257,B_unique_word_overlap_in_mismatched_transcript,mfa_primary_unique_word_overlap_auto_qc_pass,1,1,1,1,0,1,371,376,5,5,38,38,0,0,no_visual_frame_in_interval,37,4.7683715642676816e-08
-wny0OAz3g8$_$9,15,terms,1231,3.759999990463257,3.9800000190734863,3.759999990463257,3.9800000190734863,B_unique_word_overlap_in_mismatched_transcript,mfa_primary_unique_word_overlap_auto_qc_pass,1,1,1,1,1,0,376,399,23,23,38,40,2,2,in_interval_valid_face,-1,
-wny0OAz3g8$_$9,16,of,1232,3.9800000190734863,4.059999942779541,3.9800000190734863,4.059999942779541,B_unique_word_overlap_in_mismatched_transcript,mfa_primary_unique_word_overlap_auto_qc_pass,1,1,1,1,1,0,399,406,7,7,40,41,1,1,in_interval_valid_face,-1,
-wny0OAz3g8$_$9,17,income,1233,4.059999942779541,4.519999980926514,4.059999942779541,4.519999980926514,B_unique_word_overlap_in_mismatched_transcript,mfa_primary_unique_word_overlap_auto_qc_pass,1,1,1,1,1,0,406,452,46,46,41,46,5,5,in_interval_valid_face,-1,
-wny0OAz3g8$_$9,18,education,1234,4.519999980926514,5.159999847412109,4.519999980926514,5.159999847412109,B_unique_word_overlap_in_mismatched_transcript,mfa_primary_unique_word_overlap_auto_qc_pass,1,1,1,1,1,0,452,516,64,64,46,52,6,6,in_interval_valid_face,-1,
-wny0OAz3g8$_$9,19,and,1235,5.159999847412109,5.289999961853027,5.159999847412109,5.289999961853027,B_unique_word_overlap_in_mismatched_transcript,mfa_primary_unique_word_overlap_auto_qc_pass,1,1,1,1,1,0,516,529,13,13,52,53,1,1,in_interval_valid_face,-1,
-wny0OAz3g8$_$9,20,more,1236,5.289999961853027,5.550000190734863,5.289999961853027,5.550000190734863,B_unique_word_overlap_in_mismatched_transcript,mfa_primary_unique_word_overlap_auto_qc_pass,1,1,1,1,1,0,529,556,27,19,53,56,3,2,in_interval_valid_face,-1,
-571d8cVauQ$_$0,1,This,1237,1.0800000429153442,1.2100000381469727,1.0800000429153442,1.2100000381469727,A_exact_transcript,mfa_primary_exact_transcript_auto_qc_pass,1,1,1,1,1,0,109,122,13,13,11,13,2,2,in_interval_valid_face,-1,
-571d8cVauQ$_$0,2,is,1238,1.2100000381469727,1.2699999809265137,1.2100000381469727,1.2699999809265137,A_exact_transcript,mfa_primary_exact_transcript_auto_qc_pass,1,1,1,1,0,1,122,127,5,5,13,13,0,0,no_visual_frame_in_interval,12,0.0100000381469727
-571d8cVauQ$_$0,3,Rhett,1239,1.2699999809265137,1.4800000190734863,1.2699999809265137,1.4800000190734863,A_exact_transcript,mfa_primary_exact_transcript_auto_qc_pass,1,1,1,1,1,0,127,149,22,22,13,15,2,2,in_interval_valid_face,-1,
-571d8cVauQ$_$0,4,Reiger,1240,1.4800000190734863,1.940000057220459,1.4800000190734863,1.940000057220459,A_exact_transcript,mfa_primary_exact_transcript_auto_qc_pass,1,1,1,1,1,0,149,195,46,42,15,20,5,5,in_interval_valid_face,-1,
-571d8cVauQ$_$0,5,White,1241,1.940000057220459,2.140000104904175,1.940000057220459,2.140000104904175,A_exact_transcript,mfa_primary_exact_transcript_auto_qc_pass,1,1,1,1,1,0,195,215,20,20,20,22,2,2,in_interval_valid_face,-1,
-571d8cVauQ$_$0,6,Caspian,1242,2.140000104904175,2.5799999237060547,2.140000104904175,2.5799999237060547,A_exact_transcript,mfa_primary_exact_transcript_auto_qc_pass,1,1,1,1,1,0,215,258,43,31,22,26,4,4,in_interval_valid_face,-1,
-571d8cVauQ$_$0,7,Studios,1243,2.5799999237060547,3.109999895095825,2.5799999237060547,3.109999895095825,A_exact_transcript,mfa_primary_exact_transcript_auto_qc_pass,1,1,1,1,1,0,258,311,53,45,26,32,6,6,in_interval_valid_face,-1,
-571d8cVauQ$_$0,8,on,1244,3.109999895095825,3.240000009536743,3.109999895095825,3.240000009536743,A_exact_transcript,mfa_primary_exact_transcript_auto_qc_pass,1,1,1,1,1,0,311,325,14,12,32,33,1,1,in_interval_valid_face,-1,
-571d8cVauQ$_$0,9,behalf,1245,3.240000009536743,3.5799999237060547,3.240000009536743,3.5799999237060547,A_exact_transcript,mfa_primary_exact_transcript_auto_qc_pass,1,1,1,1,1,0,325,358,33,23,33,36,3,3,in_interval_valid_face,-1,
-571d8cVauQ$_$0,10,of,1246,3.5799999237060547,3.690000057220459,3.5799999237060547,3.690000057220459,A_exact_transcript,mfa_primary_exact_transcript_auto_qc_pass,1,1,1,1,1,0,358,370,12,5,36,37,1,1,in_interval_valid_face,-1,
-571d8cVauQ$_$0,11,Expert,1247,3.690000057220459,4.019999980926514,3.690000057220459,4.019999980926514,A_exact_transcript,mfa_primary_exact_transcript_auto_qc_pass,1,1,1,1,1,0,370,402,32,30,37,41,4,4,in_interval_valid_face,-1,
-571d8cVauQ$_$0,12,Village,1248,4.019999980926514,4.510000228881836,4.019999980926514,4.510000228881836,A_exact_transcript,mfa_primary_exact_transcript_auto_qc_pass,1,1,1,1,1,0,402,452,50,19,41,46,5,5,in_interval_valid_face,-1,
-571d8cVauQ$_$5,1,So,1249,0.5,0.6700000166893005,0.5,0.6700000166893005,B_unique_word_overlap_in_mismatched_transcript,mfa_primary_unique_word_overlap_auto_qc_pass,1,1,1,0,1,0,50,68,18,0,5,7,2,2,in_interval_valid_face,-1,
-571d8cVauQ$_$5,2,very,1250,0.6700000166893005,0.9900000095367432,0.6700000166893005,0.9900000095367432,B_unique_word_overlap_in_mismatched_transcript,mfa_primary_unique_word_overlap_auto_qc_pass,1,1,1,1,1,0,68,100,32,13,7,10,3,3,in_interval_valid_face,-1,
-571d8cVauQ$_$5,3,important,1251,0.9900000095367432,1.3700000047683716,0.9900000095367432,1.3700000047683716,B_unique_word_overlap_in_mismatched_transcript,mfa_primary_unique_word_overlap_auto_qc_pass,1,1,1,1,1,0,100,138,38,20,10,14,4,4,in_interval_valid_face,-1,
-571d8cVauQ$_$5,4,to,1252,1.3700000047683716,1.4500000476837158,1.3700000047683716,1.4500000476837158,B_unique_word_overlap_in_mismatched_transcript,mfa_primary_unique_word_overlap_auto_qc_pass,1,1,1,0,1,0,138,146,8,0,14,15,1,1,in_interval_valid_face,-1,
-571d8cVauQ$_$5,5,go,1253,1.590000033378601,1.809999942779541,1.590000033378601,1.809999942779541,B_unique_word_overlap_in_mismatched_transcript,mfa_primary_unique_word_overlap_auto_qc_pass,1,1,1,0,1,0,160,181,21,0,16,19,3,3,in_interval_valid_face,-1,
-571d8cVauQ$_$5,6,out,1254,1.809999942779541,2.069999933242798,1.809999942779541,2.069999933242798,B_unique_word_overlap_in_mismatched_transcript,mfa_primary_unique_word_overlap_auto_qc_pass,1,1,1,0,1,0,181,207,26,0,19,21,2,2,in_interval_valid_face,-1,
-571d8cVauQ$_$5,7,to,1255,2.440000057220459,2.619999885559082,2.440000057220459,2.619999885559082,B_unique_word_overlap_in_mismatched_transcript,mfa_primary_unique_word_overlap_auto_qc_pass,1,1,1,1,1,0,245,262,17,13,25,27,2,2,in_interval_valid_face,-1,
-571d8cVauQ$_$5,8,the,1256,2.619999885559082,2.7100000381469727,2.619999885559082,2.7100000381469727,B_unique_word_overlap_in_mismatched_transcript,mfa_primary_unique_word_overlap_auto_qc_pass,1,1,1,1,1,0,262,272,10,10,27,28,1,1,in_interval_valid_face,-1,
-571d8cVauQ$_$5,9,locations,1257,2.7100000381469727,3.4600000381469727,2.7100000381469727,3.4600000381469727,B_unique_word_overlap_in_mismatched_transcript,mfa_primary_unique_word_overlap_auto_qc_pass,1,1,1,1,1,0,272,347,75,63,28,35,7,7,in_interval_valid_face,-1,
-571d8cVauQ$_$5,10,walk,1258,3.7100000381469727,4.079999923706055,3.7100000381469727,4.079999923706055,B_unique_word_overlap_in_mismatched_transcript,mfa_primary_unique_word_overlap_auto_qc_pass,1,1,1,1,1,0,372,408,36,21,38,41,3,3,in_interval_valid_face,-1,
-571d8cVauQ$_$5,11,around,1259,4.079999923706055,4.489999771118164,4.079999923706055,4.489999771118164,B_unique_word_overlap_in_mismatched_transcript,mfa_primary_unique_word_overlap_auto_qc_pass,1,1,1,1,1,0,408,449,41,40,41,45,4,4,in_interval_valid_face,-1,
-571d8cVauQ$_$5,12,talk,1260,4.699999809265137,4.980000019073486,4.699999809265137,4.980000019073486,B_unique_word_overlap_in_mismatched_transcript,mfa_primary_unique_word_overlap_auto_qc_pass,1,1,1,1,1,0,470,499,29,19,47,50,3,3,in_interval_valid_face,-1,
-571d8cVauQ$_$5,13,with,1261,4.980000019073486,5.110000133514404,4.980000019073486,5.110000133514404,B_unique_word_overlap_in_mismatched_transcript,mfa_primary_unique_word_overlap_auto_qc_pass,1,1,1,1,1,0,499,512,13,13,50,52,2,2,in_interval_valid_face,-1,
-571d8cVauQ$_$5,14,the,1262,5.110000133514404,5.260000228881836,5.110000133514404,5.260000228881836,B_unique_word_overlap_in_mismatched_transcript,mfa_primary_unique_word_overlap_auto_qc_pass,1,1,1,1,1,0,512,527,15,10,52,53,1,1,in_interval_valid_face,-1,
-571d8cVauQ$_$5,15,owners,1263,5.260000228881836,5.599999904632568,5.260000228881836,5.599999904632568,B_unique_word_overlap_in_mismatched_transcript,mfa_primary_unique_word_overlap_auto_qc_pass,1,1,1,1,1,0,527,560,33,33,53,56,3,3,in_interval_valid_face,-1,
-571d8cVauQ$_$5,16,if,1264,5.599999904632568,5.760000228881836,5.599999904632568,5.760000228881836,B_unique_word_overlap_in_mismatched_transcript,mfa_primary_unique_word_overlap_auto_qc_pass,1,1,1,1,1,0,560,577,17,17,56,58,2,2,in_interval_valid_face,-1,
-571d8cVauQ$_$5,17,you,1265,5.760000228881836,5.820000171661377,5.760000228881836,5.820000171661377,B_unique_word_overlap_in_mismatched_transcript,mfa_primary_unique_word_overlap_auto_qc_pass,1,1,1,1,1,0,577,583,6,6,58,59,1,1,in_interval_valid_face,-1,
-571d8cVauQ$_$5,18,can,1266,5.820000171661377,6.179999828338623,5.820000171661377,6.179999828338623,B_unique_word_overlap_in_mismatched_transcript,mfa_primary_unique_word_overlap_auto_qc_pass,1,1,1,1,1,0,583,618,35,35,59,62,3,3,in_interval_valid_face,-1,
-571d8cVauQ$_$5,19,tell,1267,6.5,6.670000076293945,6.5,6.670000076293945,B_unique_word_overlap_in_mismatched_transcript,mfa_primary_unique_word_overlap_auto_qc_pass,1,1,1,1,1,0,650,668,18,9,65,67,2,2,in_interval_valid_face,-1,
-571d8cVauQ$_$5,20,them,1268,6.670000076293945,6.829999923706055,6.670000076293945,6.829999923706055,B_unique_word_overlap_in_mismatched_transcript,mfa_primary_unique_word_overlap_auto_qc_pass,1,1,1,1,1,0,668,683,15,15,67,69,2,2,in_interval_valid_face,-1,
-571d8cVauQ$_$5,21,what,1269,6.829999923706055,7.039999961853027,6.829999923706055,7.039999961853027,B_unique_word_overlap_in_mismatched_transcript,mfa_primary_unique_word_overlap_auto_qc_pass,1,1,1,1,1,0,683,704,21,21,69,71,2,2,in_interval_valid_face,-1,
-571d8cVauQ$_$5,22,you're,1270,7.039999961853027,7.130000114440918,7.039999961853027,7.130000114440918,B_unique_word_overlap_in_mismatched_transcript,mfa_primary_unique_word_overlap_auto_qc_pass,1,1,1,1,1,0,704,714,10,10,71,72,1,1,in_interval_valid_face,-1,
-571d8cVauQ$_$5,23,doing,1271,7.130000114440918,7.409999847412109,7.130000114440918,7.409999847412109,B_unique_word_overlap_in_mismatched_transcript,mfa_primary_unique_word_overlap_auto_qc_pass,1,1,1,1,1,0,714,741,27,27,72,75,3,3,in_interval_valid_face,-1,
-571d8cVauQ$_$5,24,build,1272,7.699999809265137,7.909999847412109,7.699999809265137,7.909999847412109,B_unique_word_overlap_in_mismatched_transcript,mfa_primary_unique_word_overlap_auto_qc_pass,1,1,1,1,1,0,770,791,21,20,77,80,3,3,in_interval_valid_face,-1,
-571d8cVauQ$_$5,25,a,1273,7.909999847412109,7.940000057220459,7.909999847412109,7.940000057220459,B_unique_word_overlap_in_mismatched_transcript,mfa_primary_unique_word_overlap_auto_qc_pass,1,1,1,1,0,1,791,795,4,4,80,80,0,0,no_visual_frame_in_interval,79,0.00999984741210902
-571d8cVauQ$_$5,26,little,1274,7.940000057220459,8.25,7.940000057220459,8.25,B_unique_word_overlap_in_mismatched_transcript,mfa_primary_unique_word_overlap_auto_qc_pass,1,1,1,1,1,0,795,825,30,30,80,83,3,3,in_interval_valid_face,-1,
-571d8cVauQ$_$5,27,excitement,1275,8.25,8.869999885559082,8.25,8.869999885559082,B_unique_word_overlap_in_mismatched_transcript,mfa_primary_unique_word_overlap_auto_qc_pass,1,1,1,1,1,0,825,887,62,55,83,89,6,6,in_interval_valid_face,-1,
-571d8cVauQ$_$5,28,put,1276,9.40999984741211,9.529999732971191,9.40999984741211,9.529999732971191,B_unique_word_overlap_in_mismatched_transcript,mfa_primary_unique_word_overlap_auto_qc_pass,1,1,1,1,1,0,941,953,12,12,95,96,1,1,in_interval_valid_face,-1,
-571d8cVauQ$_$5,29,a,1277,9.529999732971191,9.5600004196167,9.529999732971191,9.5600004196167,B_unique_word_overlap_in_mismatched_transcript,mfa_primary_unique_word_overlap_auto_qc_pass,1,1,1,1,0,1,953,957,4,4,96,96,0,0,no_visual_frame_in_interval,95,0.029999732971191406
-571d8cVauQ$_$5,30,little,1278,9.5600004196167,9.8100004196167,9.5600004196167,9.8100004196167,B_unique_word_overlap_in_mismatched_transcript,mfa_primary_unique_word_overlap_auto_qc_pass,1,1,1,1,1,0,957,982,25,25,96,99,3,3,in_interval_valid_face,-1,
-571d8cVauQ$_$5,31,glitz,1279,9.8100004196167,10.180000305175781,9.8100004196167,10.180000305175781,B_unique_word_overlap_in_mismatched_transcript,mfa_primary_unique_word_overlap_auto_qc_pass,1,1,1,1,1,0,982,1019,37,33,99,102,3,3,in_interval_valid_face,-1,
-571d8cVauQ$_$5,32,on,1280,10.180000305175781,10.399999618530273,10.180000305175781,10.399999618530273,B_unique_word_overlap_in_mismatched_transcript,mfa_primary_unique_word_overlap_auto_qc_pass,1,1,1,1,1,0,1019,1040,21,14,102,104,2,2,in_interval_valid_face,-1,
-571d8cVauQ$_$5,33,there,1281,10.399999618530273,10.680000305175781,10.399999618530273,10.680000305175781,B_unique_word_overlap_in_mismatched_transcript,mfa_primary_unique_word_overlap_auto_qc_pass,1,1,1,1,1,0,1040,1069,29,29,104,107,3,3,in_interval_valid_face,-1,
-571d8cVauQ$_$5,34,and,1282,11.239999771118164,11.399999618530273,11.239999771118164,11.399999618530273,B_unique_word_overlap_in_mismatched_transcript,mfa_primary_unique_word_overlap_auto_qc_pass,1,1,1,1,1,0,1124,1140,16,12,113,114,1,1,in_interval_valid_face,-1,
-571d8cVauQ$_$5,35,let,1283,11.5,11.6899995803833,11.5,11.6899995803833,B_unique_word_overlap_in_mismatched_transcript,mfa_primary_unique_word_overlap_auto_qc_pass,1,1,1,1,1,0,1150,1169,19,4,115,117,2,2,in_interval_valid_face,-1,
-571d8cVauQ$_$5,36,everybody,1284,11.6899995803833,12.0600004196167,11.6899995803833,12.0600004196167,B_unique_word_overlap_in_mismatched_transcript,mfa_primary_unique_word_overlap_auto_qc_pass,1,1,1,1,1,0,1169,1207,38,38,117,121,4,4,in_interval_valid_face,-1,
-571d8cVauQ$_$5,37,knows,1285,,,,,,official_word_unmatched_or_ambiguous_in_asr,1,0,0,0,0,0,-1,-1,0,0,-1,-1,0,0,no_primary_word_time,-1,
-571d8cVauQ$_$5,38,this,1286,12.739999771118164,12.9399995803833,12.739999771118164,12.9399995803833,B_unique_word_overlap_in_mismatched_transcript,mfa_primary_unique_word_overlap_auto_qc_pass,1,1,1,1,1,0,1274,1294,20,17,128,130,2,2,in_interval_valid_face,-1,
-571d8cVauQ$_$5,39,is,1287,12.9399995803833,13.079999923706055,12.9399995803833,13.079999923706055,B_unique_word_overlap_in_mismatched_transcript,mfa_primary_unique_word_overlap_auto_qc_pass,1,1,1,1,1,0,1294,1308,14,14,130,131,1,1,in_interval_valid_face,-1,
-571d8cVauQ$_$5,40,a,1288,13.079999923706055,13.180000305175781,13.079999923706055,13.180000305175781,B_unique_word_overlap_in_mismatched_transcript,mfa_primary_unique_word_overlap_auto_qc_pass,1,1,1,1,1,0,1308,1319,11,1,131,132,1,1,in_interval_valid_face,-1,
-571d8cVauQ$_$5,41,very,1289,13.180000305175781,13.569999694824219,13.180000305175781,13.569999694824219,B_unique_word_overlap_in_mismatched_transcript,mfa_primary_unique_word_overlap_auto_qc_pass,1,1,1,1,1,0,1319,1357,38,35,132,136,4,4,in_interval_valid_face,-1,
-571d8cVauQ$_$5,42,valuable,1290,13.569999694824219,14.15999984741211,13.569999694824219,14.15999984741211,B_unique_word_overlap_in_mismatched_transcript,mfa_primary_unique_word_overlap_auto_qc_pass,1,1,1,1,1,0,1357,1416,59,59,136,142,6,6,in_interval_valid_face,-1,
-571d8cVauQ$_$5,43,spot,1291,14.15999984741211,14.640000343322754,14.15999984741211,14.640000343322754,B_unique_word_overlap_in_mismatched_transcript,mfa_primary_unique_word_overlap_auto_qc_pass,1,1,1,1,1,0,1416,1465,49,19,142,147,5,5,in_interval_valid_face,-1,
-I_e4mIh0yE$_$1,1,In,1292,,,,,A_exact_transcript,mfa_whisper_discrepancy_over_0_5s_null_primary,1,0,0,0,0,0,-1,-1,0,0,-1,-1,0,0,no_primary_word_time,-1,
-I_e4mIh0yE$_$1,2,the,1293,0.8899999856948853,0.9599999785423279,0.8899999856948853,0.9599999785423279,A_exact_transcript,mfa_primary_exact_transcript_auto_qc_pass,1,1,1,1,1,0,89,96,7,7,9,10,1,1,in_interval_valid_face,-1,
-I_e4mIh0yE$_$1,3,United,1294,0.9599999785423279,1.2999999523162842,0.9599999785423279,1.2999999523162842,A_exact_transcript,mfa_primary_exact_transcript_auto_qc_pass,1,1,1,1,1,0,96,130,34,34,10,13,3,3,in_interval_valid_face,-1,
-I_e4mIh0yE$_$1,4,States,1295,1.2999999523162842,1.649999976158142,1.2999999523162842,1.649999976158142,A_exact_transcript,mfa_primary_exact_transcript_auto_qc_pass,1,1,1,1,1,0,130,165,35,27,13,17,4,4,in_interval_valid_face,-1,
-I_e4mIh0yE$_$1,5,we,1296,1.649999976158142,1.7599999904632568,1.649999976158142,1.7599999904632568,A_exact_transcript,mfa_primary_exact_transcript_auto_qc_pass,1,1,1,1,1,0,165,176,11,11,17,18,1,1,in_interval_valid_face,-1,
-I_e4mIh0yE$_$1,6,don't,1297,1.7599999904632568,2.1600000858306885,1.7599999904632568,2.1600000858306885,A_exact_transcript,mfa_primary_exact_transcript_auto_qc_pass,1,1,1,1,1,0,176,217,41,31,18,22,4,4,in_interval_valid_face,-1,
-I_e4mIh0yE$_$1,7,punish,1298,2.1600000858306885,2.569999933242798,2.1600000858306885,2.569999933242798,A_exact_transcript,mfa_primary_exact_transcript_auto_qc_pass,1,1,1,1,1,0,217,257,40,33,22,26,4,4,in_interval_valid_face,-1,
-I_e4mIh0yE$_$1,8,failure,1299,2.569999933242798,3.1500000953674316,2.569999933242798,3.1500000953674316,A_exact_transcript,mfa_primary_exact_transcript_auto_qc_pass,1,1,1,1,1,0,257,316,59,41,26,32,6,6,in_interval_valid_face,-1,
-I_e4mIh0yE$_$1,9,to,1300,3.509999990463257,3.630000114440918,3.509999990463257,3.630000114440918,A_exact_transcript,mfa_primary_exact_transcript_auto_qc_pass,1,1,1,1,1,0,351,364,13,8,36,37,1,1,in_interval_valid_face,-1,
-I_e4mIh0yE$_$1,10,the,1301,3.630000114440918,3.7300000190734863,3.630000114440918,3.7300000190734863,A_exact_transcript,mfa_primary_exact_transcript_auto_qc_pass,1,1,1,1,1,0,364,374,10,10,37,38,1,1,in_interval_valid_face,-1,
-I_e4mIh0yE$_$1,11,degree,1302,3.7300000190734863,4.210000038146973,3.7300000190734863,4.210000038146973,A_exact_transcript,mfa_primary_exact_transcript_auto_qc_pass,1,1,1,1,1,0,374,422,48,47,38,43,5,5,in_interval_valid_face,-1,
-I_e4mIh0yE$_$1,12,to,1303,4.210000038146973,4.300000190734863,4.210000038146973,4.300000190734863,A_exact_transcript,mfa_primary_exact_transcript_auto_qc_pass,1,1,1,1,1,0,422,431,9,9,43,44,1,1,in_interval_valid_face,-1,
-I_e4mIh0yE$_$1,13,which,1304,4.300000190734863,4.75,4.300000190734863,4.75,A_exact_transcript,mfa_primary_exact_transcript_auto_qc_pass,1,1,1,1,1,0,431,475,44,28,44,48,4,4,in_interval_valid_face,-1,
-I_e4mIh0yE$_$1,14,failure,1305,4.78000020980835,5.289999961853027,4.78000020980835,5.289999961853027,A_exact_transcript,mfa_primary_exact_transcript_auto_qc_pass,1,1,1,1,1,0,479,529,50,39,48,53,5,5,in_interval_valid_face,-1,
-I_e4mIh0yE$_$1,15,is,1306,5.289999961853027,5.409999847412109,5.289999961853027,5.409999847412109,A_exact_transcript,mfa_primary_exact_transcript_auto_qc_pass,1,1,1,1,1,0,529,541,12,10,53,55,2,2,in_interval_valid_face,-1,
-I_e4mIh0yE$_$1,16,punished,1307,5.409999847412109,5.980000019073486,5.409999847412109,5.980000019073486,A_exact_transcript,mfa_primary_exact_transcript_auto_qc_pass,1,1,1,1,1,0,541,599,58,25,55,60,5,5,in_interval_valid_face,-1,
-I_e4mIh0yE$_$1,17,in,1308,6.139999866485596,6.440000057220459,6.139999866485596,6.440000057220459,A_exact_transcript,mfa_primary_exact_transcript_auto_qc_pass,1,1,1,1,1,0,614,645,31,30,62,65,3,3,in_interval_valid_face,-1,
-I_e4mIh0yE$_$1,18,Europe,1309,6.440000057220459,6.920000076293945,6.440000057220459,6.920000076293945,A_exact_transcript,mfa_primary_exact_transcript_auto_qc_pass,1,1,1,1,1,0,645,693,48,36,65,70,5,5,in_interval_valid_face,-1,
-I_e4mIh0yE$_$3,1,It's,1310,,,,,B_unique_word_overlap_in_mismatched_transcript,mfa_whisper_discrepancy_over_0_5s_null_primary,1,0,0,0,0,0,-1,-1,0,0,-1,-1,0,0,no_primary_word_time,-1,
-I_e4mIh0yE$_$3,2,perceived,1311,0.7799999713897705,1.4700000286102295,0.7799999713897705,1.4700000286102295,B_unique_word_overlap_in_mismatched_transcript,mfa_primary_unique_word_overlap_auto_qc_pass,1,1,1,1,1,0,78,148,70,53,8,15,7,7,in_interval_valid_face,-1,
-I_e4mIh0yE$_$3,3,that,1312,,,,,B_unique_word_overlap_in_mismatched_transcript,mfa_whisper_discrepancy_over_0_5s_null_primary,1,0,0,0,0,0,-1,-1,0,0,-1,-1,0,0,no_primary_word_time,-1,
-I_e4mIh0yE$_$3,4,you,1313,,,,,,official_word_unmatched_or_ambiguous_in_asr,1,0,0,0,0,0,-1,-1,0,0,-1,-1,0,0,no_primary_word_time,-1,
-I_e4mIh0yE$_$3,5,have,1314,,,,,,official_word_unmatched_or_ambiguous_in_asr,1,0,0,0,0,0,-1,-1,0,0,-1,-1,0,0,no_primary_word_time,-1,
-I_e4mIh0yE$_$3,6,actually,1315,,,,,B_unique_word_overlap_in_mismatched_transcript,mfa_whisper_discrepancy_over_0_5s_null_primary,1,0,0,0,0,0,-1,-1,0,0,-1,-1,0,0,no_primary_word_time,-1,
-I_e4mIh0yE$_$3,7,learned,1316,,,,,B_unique_word_overlap_in_mismatched_transcript,mfa_whisper_discrepancy_over_0_5s_null_primary,1,0,0,0,0,0,-1,-1,0,0,-1,-1,0,0,no_primary_word_time,-1,
-I_e4mIh0yE$_$3,8,something,1317,,,,,B_unique_word_overlap_in_mismatched_transcript,mfa_whisper_discrepancy_over_0_5s_null_primary,1,0,0,0,0,0,-1,-1,0,0,-1,-1,0,0,no_primary_word_time,-1,
-I_e4mIh0yE$_$3,9,over,1318,,,,,B_unique_word_overlap_in_mismatched_transcript,mfa_whisper_discrepancy_over_0_5s_null_primary,1,0,0,0,0,0,-1,-1,0,0,-1,-1,0,0,no_primary_word_time,-1,
-I_e4mIh0yE$_$3,10,the,1319,,,,,B_unique_word_overlap_in_mismatched_transcript,mfa_whisper_discrepancy_over_0_5s_null_primary,1,0,0,0,0,0,-1,-1,0,0,-1,-1,0,0,no_primary_word_time,-1,
-I_e4mIh0yE$_$3,11,course,1320,,,,,B_unique_word_overlap_in_mismatched_transcript,mfa_whisper_discrepancy_over_0_5s_null_primary,1,0,0,0,0,0,-1,-1,0,0,-1,-1,0,0,no_primary_word_time,-1,
-I_e4mIh0yE$_$3,12,of,1321,,,,,B_unique_word_overlap_in_mismatched_transcript,mfa_whisper_discrepancy_over_0_5s_null_primary,1,0,0,0,0,0,-1,-1,0,0,-1,-1,0,0,no_primary_word_time,-1,
-I_e4mIh0yE$_$3,13,your,1322,,,,,B_unique_word_overlap_in_mismatched_transcript,mfa_whisper_discrepancy_over_0_5s_null_primary,1,0,0,0,0,0,-1,-1,0,0,-1,-1,0,0,no_primary_word_time,-1,
-I_e4mIh0yE$_$3,14,carreer,1323,,,,,,official_word_unmatched_or_ambiguous_in_asr,1,0,0,0,0,0,-1,-1,0,0,-1,-1,0,0,no_primary_word_time,-1,
-I_e4mIh0yE$_$3,15,and,1324,6.25,6.559999942779541,6.25,6.559999942779541,B_unique_word_overlap_in_mismatched_transcript,mfa_primary_unique_word_overlap_auto_qc_pass,1,1,1,1,1,0,625,656,31,31,63,66,3,3,in_interval_valid_face,-1,
-I_e4mIh0yE$_$3,16,that,1325,6.559999942779541,6.670000076293945,6.559999942779541,6.670000076293945,B_unique_word_overlap_in_mismatched_transcript,mfa_primary_unique_word_overlap_auto_qc_pass,1,1,1,1,1,0,656,668,12,11,66,67,1,1,in_interval_valid_face,-1,
-I_e4mIh0yE$_$3,17,you,1326,6.670000076293945,6.809999942779541,6.670000076293945,6.809999942779541,B_unique_word_overlap_in_mismatched_transcript,mfa_primary_unique_word_overlap_auto_qc_pass,1,1,1,1,1,0,668,681,13,13,67,69,2,2,in_interval_valid_face,-1,
-I_e4mIh0yE$_$3,18,won't,1327,6.809999942779541,7.039999961853027,6.809999942779541,7.039999961853027,B_unique_word_overlap_in_mismatched_transcript,mfa_primary_unique_word_overlap_auto_qc_pass,1,1,1,1,1,0,681,704,23,23,69,71,2,2,in_interval_valid_face,-1,
-I_e4mIh0yE$_$3,19,make,1328,7.039999961853027,7.210000038146973,7.039999961853027,7.210000038146973,B_unique_word_overlap_in_mismatched_transcript,mfa_primary_unique_word_overlap_auto_qc_pass,1,1,1,1,1,0,704,722,18,18,71,73,2,2,in_interval_valid_face,-1,
-I_e4mIh0yE$_$3,20,the,1329,7.309999942779541,7.480000019073486,7.309999942779541,7.480000019073486,B_unique_word_overlap_in_mismatched_transcript,mfa_primary_unique_word_overlap_auto_qc_pass,1,1,1,0,1,0,731,749,18,0,74,75,1,1,in_interval_valid_face,-1,
-I_e4mIh0yE$_$3,21,mistake,1330,7.579999923706055,8.029999732971191,7.579999923706055,8.029999732971191,B_unique_word_overlap_in_mismatched_transcript,mfa_primary_unique_word_overlap_auto_qc_pass,1,1,1,0,1,0,758,803,45,0,76,81,5,5,in_interval_valid_face,-1,
-I_e4mIh0yE$_$3,22,twice,1331,8.029999732971191,8.470000267028809,8.029999732971191,8.470000267028809,B_unique_word_overlap_in_mismatched_transcript,mfa_primary_unique_word_overlap_auto_qc_pass,1,1,1,0,1,0,803,848,45,0,81,85,4,4,in_interval_valid_face,-1,
-UacrmKiTn4$_$10,1,Because,1332,0.0,0.8299999833106995,0.0,0.8299999833106995,A_exact_transcript,mfa_primary_exact_transcript_auto_qc_pass,1,1,1,1,1,0,0,83,83,72,0,9,9,9,in_interval_valid_face,-1,
-UacrmKiTn4$_$10,2,if,1333,0.8299999833106995,0.9700000286102295,0.8299999833106995,0.9700000286102295,A_exact_transcript,mfa_primary_exact_transcript_auto_qc_pass,1,1,1,1,1,0,83,98,15,13,9,10,1,1,in_interval_valid_face,-1,
-UacrmKiTn4$_$10,3,they,1334,0.9700000286102295,1.1699999570846558,0.9700000286102295,1.1699999570846558,A_exact_transcript,mfa_primary_exact_transcript_auto_qc_pass,1,1,1,1,1,0,98,117,19,7,10,12,2,2,in_interval_valid_face,-1,
-UacrmKiTn4$_$10,4,are,1335,1.1699999570846558,1.2899999618530273,1.1699999570846558,1.2899999618530273,A_exact_transcript,mfa_primary_exact_transcript_auto_qc_pass,1,1,1,1,1,0,117,129,12,12,12,13,1,1,in_interval_valid_face,-1,
-UacrmKiTn4$_$10,5,not,1336,1.2899999618530273,1.8300000429153442,1.2899999618530273,1.8300000429153442,A_exact_transcript,mfa_primary_exact_transcript_auto_qc_pass,1,1,1,1,1,0,129,184,55,55,13,19,6,6,in_interval_valid_face,-1,
-UacrmKiTn4$_$10,6,in,1337,2.1500000953674316,2.2699999809265137,2.1500000953674316,2.2699999809265137,A_exact_transcript,mfa_primary_exact_transcript_auto_qc_pass,1,1,1,1,1,0,216,227,11,11,22,23,1,1,in_interval_valid_face,-1,
-UacrmKiTn4$_$10,7,any,1338,2.2699999809265137,2.569999933242798,2.2699999809265137,2.569999933242798,A_exact_transcript,mfa_primary_exact_transcript_auto_qc_pass,1,1,1,1,1,0,227,257,30,27,23,26,3,3,in_interval_valid_face,-1,
-UacrmKiTn4$_$10,8,way,1339,2.569999933242798,2.809999942779541,2.569999933242798,2.809999942779541,A_exact_transcript,mfa_primary_exact_transcript_auto_qc_pass,1,1,1,1,1,0,257,281,24,24,26,29,3,3,in_interval_valid_face,-1,
-UacrmKiTn4$_$10,9,held,1340,2.809999942779541,3.0999999046325684,2.809999942779541,3.0999999046325684,A_exact_transcript,mfa_primary_exact_transcript_auto_qc_pass,1,1,1,1,1,0,281,310,29,29,29,31,2,2,in_interval_valid_face,-1,
-UacrmKiTn4$_$10,10,accountable,1341,3.0999999046325684,3.9100000858306885,3.0999999046325684,3.9100000858306885,A_exact_transcript,mfa_primary_exact_transcript_auto_qc_pass,1,1,1,1,1,0,310,392,82,41,31,40,9,9,in_interval_valid_face,-1,
-UacrmKiTn4$_$10,11,for,1342,3.9700000286102295,4.21999979019165,3.9700000286102295,4.21999979019165,A_exact_transcript,mfa_primary_exact_transcript_auto_qc_pass,1,1,1,1,1,0,398,422,24,23,40,43,3,3,in_interval_valid_face,-1,
-UacrmKiTn4$_$10,12,reading,1343,4.21999979019165,4.590000152587891,4.21999979019165,4.590000152587891,A_exact_transcript,mfa_primary_exact_transcript_auto_qc_pass,1,1,1,1,1,0,422,460,38,38,43,46,3,3,in_interval_valid_face,-1,
-UacrmKiTn4$_$10,13,the,1344,4.590000152587891,4.650000095367432,4.590000152587891,4.650000095367432,A_exact_transcript,mfa_primary_exact_transcript_auto_qc_pass,1,1,1,1,1,0,460,466,6,6,46,47,1,1,in_interval_valid_face,-1,
-UacrmKiTn4$_$10,14,material,1345,4.650000095367432,5.480000019073486,4.650000095367432,5.480000019073486,A_exact_transcript,mfa_primary_exact_transcript_auto_qc_pass,1,1,1,1,1,0,466,549,83,69,47,55,8,8,in_interval_valid_face,-1,
-UacrmKiTn4$_$10,15,they,1346,5.909999847412109,6.090000152587891,5.909999847412109,6.090000152587891,A_exact_transcript,mfa_primary_exact_transcript_auto_qc_pass,1,1,1,1,1,0,591,610,19,19,60,61,1,1,in_interval_valid_face,-1,
-UacrmKiTn4$_$10,16,won't,1347,6.090000152587891,6.380000114440918,6.090000152587891,6.380000114440918,A_exact_transcript,mfa_primary_exact_transcript_auto_qc_pass,1,1,1,1,1,0,610,639,29,26,61,64,3,3,in_interval_valid_face,-1,
-UacrmKiTn4$_$10,17,do,1348,6.380000114440918,6.539999961853027,6.380000114440918,6.539999961853027,A_exact_transcript,mfa_primary_exact_transcript_auto_qc_pass,1,1,1,0,1,0,639,654,15,0,64,66,2,2,in_interval_valid_face,-1,
-UacrmKiTn4$_$10,18,it,1349,6.539999961853027,6.809999942779541,6.539999961853027,6.809999942779541,A_exact_transcript,mfa_primary_exact_transcript_auto_qc_pass,1,1,1,1,1,0,654,681,27,6,66,69,3,3,in_interval_valid_face,-1,
-UacrmKiTn4$_$4,1,Just,1350,0.5,0.75,0.5,0.75,B_unique_word_overlap_in_mismatched_transcript,mfa_primary_unique_word_overlap_auto_qc_pass,1,1,1,1,1,0,50,75,25,24,5,8,3,3,in_interval_valid_face,-1,
-UacrmKiTn4$_$4,2,given,1351,0.75,0.9800000190734863,0.75,0.9800000190734863,B_unique_word_overlap_in_mismatched_transcript,mfa_primary_unique_word_overlap_auto_qc_pass,1,1,1,1,1,0,75,99,24,24,8,10,2,2,in_interval_valid_face,-1,
-UacrmKiTn4$_$4,3,to,1352,0.9800000190734863,1.100000023841858,0.9800000190734863,1.100000023841858,B_unique_word_overlap_in_mismatched_transcript,mfa_primary_unique_word_overlap_auto_qc_pass,1,1,1,1,1,0,99,111,12,12,10,12,2,2,in_interval_valid_face,-1,
-UacrmKiTn4$_$4,4,their,1353,1.100000023841858,1.3200000524520874,1.100000023841858,1.3200000524520874,B_unique_word_overlap_in_mismatched_transcript,mfa_primary_unique_word_overlap_auto_qc_pass,1,1,1,1,1,0,111,133,22,20,12,14,2,2,in_interval_valid_face,-1,
-UacrmKiTn4$_$4,5,own,1354,1.3200000524520874,1.5,1.3200000524520874,1.5,B_unique_word_overlap_in_mismatched_transcript,mfa_primary_unique_word_overlap_auto_qc_pass,1,1,1,1,1,0,133,150,17,11,14,15,1,1,in_interval_valid_face,-1,
-UacrmKiTn4$_$4,6,devices,1355,1.5,2.130000114440918,1.5,2.130000114440918,B_unique_word_overlap_in_mismatched_transcript,mfa_primary_unique_word_overlap_auto_qc_pass,1,1,1,1,1,0,150,214,64,63,15,22,7,7,in_interval_valid_face,-1,
-UacrmKiTn4$_$4,7,they,1356,2.130000114440918,2.2899999618530273,2.130000114440918,2.2899999618530273,B_unique_word_overlap_in_mismatched_transcript,mfa_primary_unique_word_overlap_auto_qc_pass,1,1,1,1,1,0,214,229,15,14,22,23,1,1,in_interval_valid_face,-1,
-UacrmKiTn4$_$4,8,are,1357,2.2899999618530273,2.430000066757202,2.2899999618530273,2.430000066757202,B_unique_word_overlap_in_mismatched_transcript,mfa_primary_unique_word_overlap_auto_qc_pass,1,1,1,1,1,0,229,244,15,15,23,25,2,2,in_interval_valid_face,-1,
-UacrmKiTn4$_$4,9,not,1358,2.430000066757202,2.759999990463257,2.430000066757202,2.759999990463257,B_unique_word_overlap_in_mismatched_transcript,mfa_primary_unique_word_overlap_auto_qc_pass,1,1,1,1,1,0,244,276,32,32,25,28,3,3,in_interval_valid_face,-1,
-UacrmKiTn4$_$4,10,going,1359,2.759999990463257,3.0199999809265137,2.759999990463257,3.0199999809265137,B_unique_word_overlap_in_mismatched_transcript,mfa_primary_unique_word_overlap_auto_qc_pass,1,1,1,1,1,0,276,302,26,26,28,31,3,3,in_interval_valid_face,-1,
-UacrmKiTn4$_$4,11,to,1360,3.0199999809265137,3.1500000953674316,3.0199999809265137,3.1500000953674316,B_unique_word_overlap_in_mismatched_transcript,mfa_primary_unique_word_overlap_auto_qc_pass,1,1,1,1,1,0,302,316,14,14,31,32,1,1,in_interval_valid_face,-1,
-UacrmKiTn4$_$4,12,read,1361,3.1500000953674316,3.4200000762939453,3.1500000953674316,3.4200000762939453,B_unique_word_overlap_in_mismatched_transcript,mfa_primary_unique_word_overlap_auto_qc_pass,1,1,1,1,1,0,316,343,27,25,32,35,3,3,in_interval_valid_face,-1,
-UacrmKiTn4$_$4,13,the,1362,3.4200000762939453,3.4800000190734863,3.4200000762939453,3.4800000190734863,B_unique_word_overlap_in_mismatched_transcript,mfa_primary_unique_word_overlap_auto_qc_pass,1,1,1,1,0,1,343,349,6,6,35,35,0,0,no_visual_frame_in_interval,35,0.019999980926513672
-UacrmKiTn4$_$4,14,textbook,1363,3.4800000190734863,4.190000057220459,3.4800000190734863,4.190000057220459,B_unique_word_overlap_in_mismatched_transcript,mfa_primary_unique_word_overlap_auto_qc_pass,1,1,1,1,1,0,349,420,71,32,35,42,7,7,in_interval_valid_face,-1,
-hnBHBN8p5A$_$7,1,Picture,1364,,,,,,official_word_unmatched_or_ambiguous_in_asr,1,0,0,0,0,0,-1,-1,0,0,-1,-1,0,0,no_primary_word_time,-1,
-hnBHBN8p5A$_$7,2,this,1365,,,,,,official_word_unmatched_or_ambiguous_in_asr,1,0,0,0,0,0,-1,-1,0,0,-1,-1,0,0,no_primary_word_time,-1,
-hnBHBN8p5A$_$7,3,before,1366,,,,,,official_word_unmatched_or_ambiguous_in_asr,1,0,0,0,0,0,-1,-1,0,0,-1,-1,0,0,no_primary_word_time,-1,
-hnBHBN8p5A$_$7,4,we,1367,,,,,,official_word_unmatched_or_ambiguous_in_asr,1,0,0,0,0,0,-1,-1,0,0,-1,-1,0,0,no_primary_word_time,-1,
-hnBHBN8p5A$_$7,5,actually,1368,,,,,,official_word_unmatched_or_ambiguous_in_asr,1,0,0,0,0,0,-1,-1,0,0,-1,-1,0,0,no_primary_word_time,-1,
-hnBHBN8p5A$_$7,6,start,1369,,,,,,official_word_unmatched_or_ambiguous_in_asr,1,0,0,0,0,0,-1,-1,0,0,-1,-1,0,0,no_primary_word_time,-1,
-hnBHBN8p5A$_$7,7,hacking,1370,,,,,,official_word_unmatched_or_ambiguous_in_asr,1,0,0,0,0,0,-1,-1,0,0,-1,-1,0,0,no_primary_word_time,-1,
-hnBHBN8p5A$_$7,8,we're,1371,,,,,,official_word_unmatched_or_ambiguous_in_asr,1,0,0,0,0,0,-1,-1,0,0,-1,-1,0,0,no_primary_word_time,-1,
-hnBHBN8p5A$_$7,9,in,1372,,,,,,official_word_unmatched_or_ambiguous_in_asr,1,0,0,0,0,0,-1,-1,0,0,-1,-1,0,0,no_primary_word_time,-1,
-hnBHBN8p5A$_$7,10,a,1373,,,,,,official_word_unmatched_or_ambiguous_in_asr,1,0,0,0,0,0,-1,-1,0,0,-1,-1,0,0,no_primary_word_time,-1,
-hnBHBN8p5A$_$7,11,room,1374,,,,,,official_word_unmatched_or_ambiguous_in_asr,1,0,0,0,0,0,-1,-1,0,0,-1,-1,0,0,no_primary_word_time,-1,
-hnBHBN8p5A$_$7,12,formal,1375,,,,,,official_word_unmatched_or_ambiguous_in_asr,1,0,0,0,0,0,-1,-1,0,0,-1,-1,0,0,no_primary_word_time,-1,
-hnBHBN8p5A$_$7,13,setting,1376,,,,,,official_word_unmatched_or_ambiguous_in_asr,1,0,0,0,0,0,-1,-1,0,0,-1,-1,0,0,no_primary_word_time,-1,
-hnBHBN8p5A$_$6,1,Discussion,1377,,,,,,official_word_unmatched_or_ambiguous_in_asr,1,0,0,0,0,0,-1,-1,0,0,-1,-1,0,0,no_primary_word_time,-1,
-hnBHBN8p5A$_$6,2,how,1378,,,,,,official_word_unmatched_or_ambiguous_in_asr,1,0,0,0,0,0,-1,-1,0,0,-1,-1,0,0,no_primary_word_time,-1,
-hnBHBN8p5A$_$6,3,to,1379,,,,,,official_word_unmatched_or_ambiguous_in_asr,1,0,0,0,0,0,-1,-1,0,0,-1,-1,0,0,no_primary_word_time,-1,
-hnBHBN8p5A$_$6,4,discuss,1380,,,,,,official_word_unmatched_or_ambiguous_in_asr,1,0,0,0,0,0,-1,-1,0,0,-1,-1,0,0,no_primary_word_time,-1,
-hnBHBN8p5A$_$6,5,ideas,1381,,,,,,official_word_unmatched_or_ambiguous_in_asr,1,0,0,0,0,0,-1,-1,0,0,-1,-1,0,0,no_primary_word_time,-1,
-hnBHBN8p5A$_$6,6,and,1382,,,,,,official_word_unmatched_or_ambiguous_in_asr,1,0,0,0,0,0,-1,-1,0,0,-1,-1,0,0,no_primary_word_time,-1,
-hnBHBN8p5A$_$6,7,opinions,1383,,,,,,official_word_unmatched_or_ambiguous_in_asr,1,0,0,0,0,0,-1,-1,0,0,-1,-1,0,0,no_primary_word_time,-1,
-hnBHBN8p5A$_$6,8,more,1384,,,,,,official_word_unmatched_or_ambiguous_in_asr,1,0,0,0,0,0,-1,-1,0,0,-1,-1,0,0,no_primary_word_time,-1,
-hnBHBN8p5A$_$6,9,effectively,1385,,,,,,official_word_unmatched_or_ambiguous_in_asr,1,0,0,0,0,0,-1,-1,0,0,-1,-1,0,0,no_primary_word_time,-1,
-hnBHBN8p5A$_$6,10,than,1386,,,,,,official_word_unmatched_or_ambiguous_in_asr,1,0,0,0,0,0,-1,-1,0,0,-1,-1,0,0,no_primary_word_time,-1,
-hnBHBN8p5A$_$6,11,a,1387,,,,,B_unique_word_overlap_in_mismatched_transcript,mfa_whisper_discrepancy_over_0_5s_null_primary,1,0,0,0,0,0,-1,-1,0,0,-1,-1,0,0,no_primary_word_time,-1,
-hnBHBN8p5A$_$6,12,native,1388,,,,,,official_word_unmatched_or_ambiguous_in_asr,1,0,0,0,0,0,-1,-1,0,0,-1,-1,0,0,no_primary_word_time,-1,
-hnBHBN8p5A$_$6,13,speaker,1389,,,,,,official_word_unmatched_or_ambiguous_in_asr,1,0,0,0,0,0,-1,-1,0,0,-1,-1,0,0,no_primary_word_time,-1,
-qDkUB0GgYY$_$6,1,We,1390,0.49000000953674316,0.5899999737739563,0.49000000953674316,0.5899999737739563,B_unique_word_overlap_in_mismatched_transcript,mfa_primary_unique_word_overlap_auto_qc_pass,1,1,1,1,1,0,50,59,9,9,5,6,1,1,in_interval_valid_face,-1,
-qDkUB0GgYY$_$6,2,always,1391,0.5899999737739563,0.9200000166893005,0.5899999737739563,0.9200000166893005,B_unique_word_overlap_in_mismatched_transcript,mfa_primary_unique_word_overlap_auto_qc_pass,1,1,1,1,1,0,59,93,34,31,6,10,4,4,in_interval_valid_face,-1,
-qDkUB0GgYY$_$6,3,love,1392,0.9200000166893005,1.149999976158142,0.9200000166893005,1.149999976158142,B_unique_word_overlap_in_mismatched_transcript,mfa_primary_unique_word_overlap_auto_qc_pass,1,1,1,1,1,0,93,115,22,22,10,12,2,2,in_interval_valid_face,-1,
-qDkUB0GgYY$_$6,4,to,1393,1.149999976158142,1.2599999904632568,1.149999976158142,1.2599999904632568,B_unique_word_overlap_in_mismatched_transcript,mfa_primary_unique_word_overlap_auto_qc_pass,1,1,1,1,1,0,115,126,11,11,12,13,1,1,in_interval_valid_face,-1,
-qDkUB0GgYY$_$6,5,hear,1394,1.2599999904632568,1.4299999475479126,1.2599999904632568,1.4299999475479126,B_unique_word_overlap_in_mismatched_transcript,mfa_primary_unique_word_overlap_auto_qc_pass,1,1,1,1,1,0,126,143,17,17,13,15,2,2,in_interval_valid_face,-1,
-qDkUB0GgYY$_$6,6,what,1395,1.4299999475479126,1.5399999618530273,1.4299999475479126,1.5399999618530273,B_unique_word_overlap_in_mismatched_transcript,mfa_primary_unique_word_overlap_auto_qc_pass,1,1,1,1,1,0,143,154,11,11,15,16,1,1,in_interval_valid_face,-1,
-qDkUB0GgYY$_$6,7,you,1396,1.5399999618530273,1.6399999856948853,1.5399999618530273,1.6399999856948853,B_unique_word_overlap_in_mismatched_transcript,mfa_primary_unique_word_overlap_auto_qc_pass,1,1,1,1,1,0,154,164,10,10,16,17,1,1,in_interval_valid_face,-1,
-qDkUB0GgYY$_$6,8,say,1397,1.8200000524520874,2.240000009536743,1.8200000524520874,2.240000009536743,B_unique_word_overlap_in_mismatched_transcript,mfa_primary_unique_word_overlap_auto_qc_pass,1,1,1,1,1,0,183,225,42,35,19,23,4,4,in_interval_valid_face,-1,
-qDkUB0GgYY$_$6,9,and,1398,2.559999942779541,2.7200000286102295,2.559999942779541,2.7200000286102295,B_unique_word_overlap_in_mismatched_transcript,mfa_primary_unique_word_overlap_auto_qc_pass,1,1,1,1,1,0,256,273,17,15,26,28,2,2,in_interval_valid_face,-1,
-qDkUB0GgYY$_$6,10,like,1399,2.7200000286102295,2.9200000762939453,2.7200000286102295,2.9200000762939453,B_unique_word_overlap_in_mismatched_transcript,mfa_primary_unique_word_overlap_auto_qc_pass,1,1,1,1,1,0,273,293,20,20,28,30,2,2,in_interval_valid_face,-1,
-qDkUB0GgYY$_$6,11,and,1400,2.9200000762939453,3.0199999809265137,2.9200000762939453,3.0199999809265137,B_unique_word_overlap_in_mismatched_transcript,mfa_primary_unique_word_overlap_auto_qc_pass,1,1,1,1,1,0,293,302,9,9,30,31,1,1,in_interval_valid_face,-1,
-qDkUB0GgYY$_$6,12,share,1401,3.0199999809265137,3.1700000762939453,3.0199999809265137,3.1700000762939453,B_unique_word_overlap_in_mismatched_transcript,mfa_primary_unique_word_overlap_auto_qc_pass,1,1,1,1,1,0,302,318,16,16,31,32,1,1,in_interval_valid_face,-1,
-qDkUB0GgYY$_$6,13,this,1402,3.1700000762939453,3.319999933242798,3.1700000762939453,3.319999933242798,B_unique_word_overlap_in_mismatched_transcript,mfa_primary_unique_word_overlap_auto_qc_pass,1,1,1,1,1,0,318,332,14,13,32,34,2,2,in_interval_valid_face,-1,
-qDkUB0GgYY$_$6,14,video,1403,3.319999933242798,3.5299999713897705,3.319999933242798,3.5299999713897705,B_unique_word_overlap_in_mismatched_transcript,mfa_primary_unique_word_overlap_auto_qc_pass,1,1,1,1,1,0,332,353,21,20,34,36,2,2,in_interval_valid_face,-1,
-qDkUB0GgYY$_$6,15,as,1404,3.5299999713897705,3.759999990463257,3.5299999713897705,3.759999990463257,B_unique_word_overlap_in_mismatched_transcript,mfa_primary_unique_word_overlap_auto_qc_pass,1,1,1,1,1,0,353,376,23,22,36,38,2,2,in_interval_valid_face,-1,
-qDkUB0GgYY$_$6,16,well,1405,3.759999990463257,4.090000152587891,3.759999990463257,4.090000152587891,B_unique_word_overlap_in_mismatched_transcript,mfa_primary_unique_word_overlap_auto_qc_pass,1,1,1,1,1,0,376,410,34,34,38,41,3,3,in_interval_valid_face,-1,
-uywlfIYOS8$_$4,1,And,1406,,,,,B_unique_word_overlap_in_mismatched_transcript,mfa_whisper_discrepancy_over_0_5s_null_primary,1,0,0,0,0,0,-1,-1,0,0,-1,-1,0,0,no_primary_word_time,-1,
-uywlfIYOS8$_$4,2,then,1407,,,,,B_unique_word_overlap_in_mismatched_transcript,mfa_whisper_discrepancy_over_0_5s_null_primary,1,0,0,0,0,0,-1,-1,0,0,-1,-1,0,0,no_primary_word_time,-1,
-uywlfIYOS8$_$4,3,from,1408,,,,,B_unique_word_overlap_in_mismatched_transcript,mfa_whisper_discrepancy_over_0_5s_null_primary,1,0,0,0,0,0,-1,-1,0,0,-1,-1,0,0,no_primary_word_time,-1,
-uywlfIYOS8$_$4,4,a,1409,,,,,B_unique_word_overlap_in_mismatched_transcript,mfa_whisper_discrepancy_over_0_5s_null_primary,1,0,0,0,0,0,-1,-1,0,0,-1,-1,0,0,no_primary_word_time,-1,
-uywlfIYOS8$_$4,5,brand,1410,,,,,B_unique_word_overlap_in_mismatched_transcript,mfa_whisper_discrepancy_over_0_5s_null_primary,1,0,0,0,0,0,-1,-1,0,0,-1,-1,0,0,no_primary_word_time,-1,
-uywlfIYOS8$_$4,6,point,1411,,,,,B_unique_word_overlap_in_mismatched_transcript,mfa_whisper_discrepancy_over_0_5s_null_primary,1,0,0,0,0,0,-1,-1,0,0,-1,-1,0,0,no_primary_word_time,-1,
-uywlfIYOS8$_$4,7,of,1412,,,,,B_unique_word_overlap_in_mismatched_transcript,mfa_whisper_discrepancy_over_0_5s_null_primary,1,0,0,0,0,0,-1,-1,0,0,-1,-1,0,0,no_primary_word_time,-1,
-uywlfIYOS8$_$4,8,view,1413,,,,,B_unique_word_overlap_in_mismatched_transcript,mfa_whisper_discrepancy_over_0_5s_null_primary,1,0,0,0,0,0,-1,-1,0,0,-1,-1,0,0,no_primary_word_time,-1,
-uywlfIYOS8$_$4,9,we,1414,,,,,B_unique_word_overlap_in_mismatched_transcript,mfa_whisper_discrepancy_over_0_5s_null_primary,1,0,0,0,0,0,-1,-1,0,0,-1,-1,0,0,no_primary_word_time,-1,
-uywlfIYOS8$_$4,10,need,1415,,,,,B_unique_word_overlap_in_mismatched_transcript,mfa_whisper_discrepancy_over_0_5s_null_primary,1,0,0,0,0,0,-1,-1,0,0,-1,-1,0,0,no_primary_word_time,-1,
-uywlfIYOS8$_$4,11,to,1416,,,,,B_unique_word_overlap_in_mismatched_transcript,mfa_whisper_discrepancy_over_0_5s_null_primary,1,0,0,0,0,0,-1,-1,0,0,-1,-1,0,0,no_primary_word_time,-1,
-uywlfIYOS8$_$4,12,make,1417,,,,,B_unique_word_overlap_in_mismatched_transcript,mfa_whisper_discrepancy_over_0_5s_null_primary,1,0,0,0,0,0,-1,-1,0,0,-1,-1,0,0,no_primary_word_time,-1,
-uywlfIYOS8$_$4,13,sure,1418,3.049999952316284,3.140000104904175,3.049999952316284,3.140000104904175,B_unique_word_overlap_in_mismatched_transcript,mfa_primary_unique_word_overlap_auto_qc_pass,1,1,1,1,1,0,305,315,10,10,31,32,1,1,in_interval_valid_face,-1,
-uywlfIYOS8$_$4,14,we're,1419,3.680000066757202,3.799999952316284,3.680000066757202,3.799999952316284,B_unique_word_overlap_in_mismatched_transcript,mfa_primary_unique_word_overlap_auto_qc_pass,1,1,1,1,1,0,369,380,11,11,37,38,1,1,in_interval_valid_face,-1,
-uywlfIYOS8$_$4,15,driving,1420,3.799999952316284,4.210000038146973,3.799999952316284,4.210000038146973,B_unique_word_overlap_in_mismatched_transcript,mfa_primary_unique_word_overlap_auto_qc_pass,1,1,1,1,1,0,380,422,42,42,38,43,5,5,in_interval_valid_face,-1,
-uywlfIYOS8$_$4,16,the,1421,4.210000038146973,4.300000190734863,4.210000038146973,4.300000190734863,B_unique_word_overlap_in_mismatched_transcript,mfa_primary_unique_word_overlap_auto_qc_pass,1,1,1,1,1,0,422,431,9,9,43,44,1,1,in_interval_valid_face,-1,
-uywlfIYOS8$_$4,17,relevant,1422,4.300000190734863,4.730000019073486,4.300000190734863,4.730000019073486,B_unique_word_overlap_in_mismatched_transcript,mfa_primary_unique_word_overlap_auto_qc_pass,1,1,1,1,1,0,431,474,43,42,44,48,4,4,in_interval_valid_face,-1,
-uywlfIYOS8$_$4,18,insight,1423,,,,,,official_word_unmatched_or_ambiguous_in_asr,1,0,0,0,0,0,-1,-1,0,0,-1,-1,0,0,no_primary_word_time,-1,
-6rXp3zJ3kc$_$8,1,Many,1424,0.47999998927116394,0.7099999785423279,0.47999998927116394,0.7099999785423279,B_unique_word_overlap_in_mismatched_transcript,mfa_primary_unique_word_overlap_auto_qc_pass,1,1,1,1,1,0,48,71,23,23,5,8,3,3,in_interval_valid_face,-1,
-6rXp3zJ3kc$_$8,2,people,1425,0.7099999785423279,1.0099999904632568,0.7099999785423279,1.0099999904632568,B_unique_word_overlap_in_mismatched_transcript,mfa_primary_unique_word_overlap_auto_qc_pass,1,1,1,1,1,0,71,101,30,27,8,11,3,3,in_interval_valid_face,-1,
-6rXp3zJ3kc$_$8,3,are,1426,1.0099999904632568,1.149999976158142,1.0099999904632568,1.149999976158142,B_unique_word_overlap_in_mismatched_transcript,mfa_primary_unique_word_overlap_auto_qc_pass,1,1,1,1,1,0,101,115,14,14,11,12,1,1,in_interval_valid_face,-1,
-6rXp3zJ3kc$_$8,4,not,1427,1.149999976158142,1.5299999713897705,1.149999976158142,1.5299999713897705,B_unique_word_overlap_in_mismatched_transcript,mfa_primary_unique_word_overlap_auto_qc_pass,1,1,1,1,1,0,115,153,38,34,12,16,4,4,in_interval_valid_face,-1,
-6rXp3zJ3kc$_$8,5,until,1428,1.5299999713897705,1.840000033378601,1.5299999713897705,1.840000033378601,B_unique_word_overlap_in_mismatched_transcript,mfa_primary_unique_word_overlap_auto_qc_pass,1,1,1,1,1,0,153,185,32,16,16,19,3,3,in_interval_valid_face,-1,
-6rXp3zJ3kc$_$8,6,they,1429,1.840000033378601,1.9700000286102295,1.840000033378601,1.9700000286102295,B_unique_word_overlap_in_mismatched_transcript,mfa_primary_unique_word_overlap_auto_qc_pass,1,1,1,1,1,0,185,198,13,13,19,20,1,1,in_interval_valid_face,-1,
-6rXp3zJ3kc$_$8,7,get,1430,1.9700000286102295,2.2300000190734863,1.9700000286102295,2.2300000190734863,B_unique_word_overlap_in_mismatched_transcript,mfa_primary_unique_word_overlap_auto_qc_pass,1,1,1,1,1,0,198,224,26,2,20,23,3,3,in_interval_valid_face,-1,
-6rXp3zJ3kc$_$8,8,to,1431,2.2300000190734863,2.3399999141693115,2.2300000190734863,2.3399999141693115,B_unique_word_overlap_in_mismatched_transcript,mfa_primary_unique_word_overlap_auto_qc_pass,1,1,1,1,1,0,224,234,10,8,23,24,1,1,in_interval_valid_face,-1,
-6rXp3zJ3kc$_$8,9,be,1432,2.3399999141693115,2.549999952316284,2.3399999141693115,2.549999952316284,B_unique_word_overlap_in_mismatched_transcript,mfa_primary_unique_word_overlap_auto_qc_pass,1,1,1,1,1,0,234,255,21,21,24,26,2,2,in_interval_valid_face,-1,
-6rXp3zJ3kc$_$8,10,a,1433,,,,,,official_word_unmatched_or_ambiguous_in_asr,1,0,0,0,0,0,-1,-1,0,0,-1,-1,0,0,no_primary_word_time,-1,
-6rXp3zJ3kc$_$8,11,older,1434,3.200000047683716,3.5999999046325684,3.200000047683716,3.5999999046325684,B_unique_word_overlap_in_mismatched_transcript,mfa_primary_unique_word_overlap_auto_qc_pass,1,1,1,1,1,0,321,360,39,39,33,36,3,3,in_interval_valid_face,-1,
-6rXp3zJ3kc$_$8,12,age,1435,3.5999999046325684,3.990000009536743,3.5999999046325684,3.990000009536743,B_unique_word_overlap_in_mismatched_transcript,mfa_primary_unique_word_overlap_auto_qc_pass,1,1,1,1,1,0,360,400,40,33,36,40,4,4,in_interval_valid_face,-1,
-6rXp3zJ3kc$_$8,13,and,1436,3.990000009536743,4.139999866485596,3.990000009536743,4.139999866485596,B_unique_word_overlap_in_mismatched_transcript,mfa_primary_unique_word_overlap_auto_qc_pass,1,1,1,1,1,0,400,414,14,14,40,42,2,2,in_interval_valid_face,-1,
-6rXp3zJ3kc$_$8,14,they,1437,4.139999866485596,4.21999979019165,4.139999866485596,4.21999979019165,B_unique_word_overlap_in_mismatched_transcript,mfa_primary_unique_word_overlap_auto_qc_pass,1,1,1,1,1,0,414,422,8,8,42,43,1,1,in_interval_valid_face,-1,
-6rXp3zJ3kc$_$8,15,realize,1438,4.21999979019165,4.809999942779541,4.21999979019165,4.809999942779541,B_unique_word_overlap_in_mismatched_transcript,mfa_primary_unique_word_overlap_auto_qc_pass,1,1,1,1,1,0,422,481,59,53,43,49,6,6,in_interval_valid_face,-1,
-6rXp3zJ3kc$_$8,16,that,1439,4.809999942779541,5.03000020980835,4.809999942779541,5.03000020980835,B_unique_word_overlap_in_mismatched_transcript,mfa_primary_unique_word_overlap_auto_qc_pass,1,1,1,0,1,0,481,504,23,0,49,51,2,2,in_interval_valid_face,-1,
-6rXp3zJ3kc$_$8,17,gosh,1440,5.03000020980835,5.400000095367432,5.03000020980835,5.400000095367432,B_unique_word_overlap_in_mismatched_transcript,mfa_primary_unique_word_overlap_auto_qc_pass,1,1,1,1,1,0,504,541,37,30,51,55,4,4,in_interval_valid_face,-1,
-6rXp3zJ3kc$_$8,18,they,1441,,,,,,official_word_unmatched_or_ambiguous_in_asr,1,0,0,0,0,0,-1,-1,0,0,-1,-1,0,0,no_primary_word_time,-1,
-6rXp3zJ3kc$_$8,19,wasted,1442,5.929999828338623,6.320000171661377,5.929999828338623,6.320000171661377,B_unique_word_overlap_in_mismatched_transcript,mfa_primary_unique_word_overlap_auto_qc_pass,1,1,1,1,1,0,593,633,40,38,60,64,4,4,in_interval_valid_face,-1,
-6rXp3zJ3kc$_$8,20,a,1443,6.320000171661377,6.360000133514404,6.320000171661377,6.360000133514404,B_unique_word_overlap_in_mismatched_transcript,mfa_primary_unique_word_overlap_auto_qc_pass,1,1,1,1,0,1,633,637,4,4,64,64,0,0,no_visual_frame_in_interval,63,0.02000017166137713
-6rXp3zJ3kc$_$8,21,lot,1444,6.360000133514404,6.579999923706055,6.360000133514404,6.579999923706055,B_unique_word_overlap_in_mismatched_transcript,mfa_primary_unique_word_overlap_auto_qc_pass,1,1,1,1,1,0,637,658,21,21,64,66,2,2,in_interval_valid_face,-1,
-6rXp3zJ3kc$_$8,22,of,1445,6.579999923706055,6.679999828338623,6.579999923706055,6.679999828338623,B_unique_word_overlap_in_mismatched_transcript,mfa_primary_unique_word_overlap_auto_qc_pass,1,1,1,1,1,0,658,668,10,8,66,67,1,1,in_interval_valid_face,-1,
-6rXp3zJ3kc$_$8,23,time,1446,6.679999828338623,7.110000133514404,6.679999828338623,7.110000133514404,B_unique_word_overlap_in_mismatched_transcript,mfa_primary_unique_word_overlap_auto_qc_pass,1,1,1,1,1,0,668,712,44,37,67,72,5,5,in_interval_valid_face,-1,
-6rXp3zJ3kc$_$8,24,and,1447,7.110000133514404,7.269999980926514,7.110000133514404,7.269999980926514,B_unique_word_overlap_in_mismatched_transcript,mfa_primary_unique_word_overlap_auto_qc_pass,1,1,1,1,1,0,712,727,15,15,72,73,1,1,in_interval_valid_face,-1,
-6rXp3zJ3kc$_$8,25,money,1448,7.269999980926514,7.610000133514404,7.269999980926514,7.610000133514404,B_unique_word_overlap_in_mismatched_transcript,mfa_primary_unique_word_overlap_auto_qc_pass,1,1,1,1,1,0,727,762,35,35,73,77,4,4,in_interval_valid_face,-1,
-6rXp3zJ3kc$_$8,26,in,1449,,,,,B_unique_word_overlap_in_mismatched_transcript,mfa_whisper_discrepancy_over_0_5s_null_primary,1,0,0,0,0,0,-1,-1,0,0,-1,-1,0,0,no_primary_word_time,-1,
-6rXp3zJ3kc$_$8,27,placing,1450,,,,,B_unique_word_overlap_in_mismatched_transcript,mfa_whisper_discrepancy_over_0_5s_null_primary,1,0,0,0,0,0,-1,-1,0,0,-1,-1,0,0,no_primary_word_time,-1,
-6rXp3zJ3kc$_$8,28,bets,1451,9.670000076293945,9.970000267028809,9.670000076293945,9.970000267028809,B_unique_word_overlap_in_mismatched_transcript,mfa_primary_unique_word_overlap_auto_qc_pass,1,1,1,1,1,0,968,998,30,23,97,100,3,3,in_interval_valid_face,-1,
-6rXp3zJ3kc$_$8,29,on,1452,9.970000267028809,10.09000015258789,9.970000267028809,10.09000015258789,B_unique_word_overlap_in_mismatched_transcript,mfa_primary_unique_word_overlap_auto_qc_pass,1,1,1,0,1,0,998,1010,12,0,100,101,1,1,in_interval_valid_face,-1,
-6rXp3zJ3kc$_$8,30,stock,1453,10.09000015258789,10.479999542236328,10.09000015258789,10.479999542236328,B_unique_word_overlap_in_mismatched_transcript,mfa_primary_unique_word_overlap_auto_qc_pass,1,1,1,0,1,0,1010,1048,38,0,101,105,4,4,in_interval_valid_face,-1,
-6rXp3zJ3kc$_$8,31,that's,1454,10.479999542236328,10.760000228881836,10.479999542236328,10.760000228881836,B_unique_word_overlap_in_mismatched_transcript,mfa_primary_unique_word_overlap_auto_qc_pass,1,1,1,0,1,0,1048,1077,29,0,105,108,3,3,in_interval_valid_face,-1,
-6rXp3zJ3kc$_$8,32,ultimately,1455,10.760000228881836,11.359999656677246,10.760000228881836,11.359999656677246,B_unique_word_overlap_in_mismatched_transcript,mfa_primary_unique_word_overlap_auto_qc_pass,1,1,1,1,1,0,1077,1136,59,49,108,114,6,6,in_interval_valid_face,-1,
-6rXp3zJ3kc$_$8,33,lost,1456,11.359999656677246,11.739999771118164,11.359999656677246,11.739999771118164,B_unique_word_overlap_in_mismatched_transcript,mfa_primary_unique_word_overlap_auto_qc_pass,1,1,1,1,1,0,1136,1174,38,31,114,118,4,4,in_interval_valid_face,-1,
-6rXp3zJ3kc$_$8,34,value,1457,11.739999771118164,12.239999771118164,11.739999771118164,12.239999771118164,B_unique_word_overlap_in_mismatched_transcript,mfa_primary_unique_word_overlap_auto_qc_pass,1,1,1,1,1,0,1174,1224,50,45,118,123,5,5,in_interval_valid_face,-1,
-9y-fZ3swSY$_$0,1,is,1458,,,,,,official_word_unmatched_or_ambiguous_in_asr,1,0,0,0,0,0,-1,-1,0,0,-1,-1,0,0,no_primary_word_time,-1,
-9y-fZ3swSY$_$0,2,you,1459,0.18000000715255737,0.25,0.18000000715255737,0.25,B_unique_word_overlap_in_mismatched_transcript,mfa_primary_unique_word_overlap_auto_qc_pass,1,1,1,1,1,0,19,25,6,4,2,3,1,1,in_interval_valid_face,-1,
-9y-fZ3swSY$_$0,3,can,1460,0.25,0.4099999964237213,0.25,0.4099999964237213,B_unique_word_overlap_in_mismatched_transcript,mfa_primary_unique_word_overlap_auto_qc_pass,1,1,1,1,1,0,25,41,16,15,3,5,2,2,in_interval_valid_face,-1,
-9y-fZ3swSY$_$0,4,say,1461,0.4099999964237213,0.6700000166893005,0.4099999964237213,0.6700000166893005,B_unique_word_overlap_in_mismatched_transcript,mfa_primary_unique_word_overlap_auto_qc_pass,1,1,1,1,1,0,41,68,27,27,5,7,2,1,in_interval_valid_face,-1,
-9y-fZ3swSY$_$0,5,hey,1462,0.6700000166893005,1.1799999475479126,0.6700000166893005,1.1799999475479126,B_unique_word_overlap_in_mismatched_transcript,mfa_primary_unique_word_overlap_auto_qc_pass,1,1,1,1,1,0,68,118,50,42,7,12,5,3,in_interval_valid_face,-1,
-9y-fZ3swSY$_$0,6,I,1463,1.899999976158142,1.9700000286102295,1.899999976158142,1.9700000286102295,B_unique_word_overlap_in_mismatched_transcript,mfa_primary_unique_word_overlap_auto_qc_pass,1,1,1,1,1,0,190,198,8,8,19,20,1,1,in_interval_valid_face,-1,
-9y-fZ3swSY$_$0,7,really,1464,1.9700000286102295,2.3499999046325684,1.9700000286102295,2.3499999046325684,B_unique_word_overlap_in_mismatched_transcript,mfa_primary_unique_word_overlap_auto_qc_pass,1,1,1,1,1,0,198,235,37,37,20,24,4,4,in_interval_valid_face,-1,
-9y-fZ3swSY$_$0,8,like,1465,2.3499999046325684,2.7799999713897705,2.3499999046325684,2.7799999713897705,B_unique_word_overlap_in_mismatched_transcript,mfa_primary_unique_word_overlap_auto_qc_pass,1,1,1,1,1,0,235,278,43,38,24,28,4,4,in_interval_valid_face,-1,
-9y-fZ3swSY$_$0,9,baby,1466,,,,,,official_word_unmatched_or_ambiguous_in_asr,1,0,0,0,0,0,-1,-1,0,0,-1,-1,0,0,no_primary_word_time,-1,
-9y-fZ3swSY$_$0,10,skin,1467,,,,,,official_word_unmatched_or_ambiguous_in_asr,1,0,0,0,0,0,-1,-1,0,0,-1,-1,0,0,no_primary_word_time,-1,
-9y-fZ3swSY$_$0,11,they,1468,,,,,,official_word_unmatched_or_ambiguous_in_asr,1,0,0,0,0,0,-1,-1,0,0,-1,-1,0,0,no_primary_word_time,-1,
-9y-fZ3swSY$_$0,12,are,1469,,,,,,official_word_unmatched_or_ambiguous_in_asr,1,0,0,0,0,0,-1,-1,0,0,-1,-1,0,0,no_primary_word_time,-1,
-9y-fZ3swSY$_$0,13,so,1470,3.7699999809265137,4.039999961853027,3.7699999809265137,4.039999961853027,B_unique_word_overlap_in_mismatched_transcript,mfa_primary_unique_word_overlap_auto_qc_pass,1,1,1,1,1,0,377,404,27,24,38,41,3,3,in_interval_valid_face,-1,
-9y-fZ3swSY$_$0,14,soft,1471,4.039999961853027,4.639999866485596,4.039999961853027,4.639999866485596,B_unique_word_overlap_in_mismatched_transcript,mfa_primary_unique_word_overlap_auto_qc_pass,1,1,1,1,1,0,404,464,60,27,41,47,6,6,in_interval_valid_face,-1,
-9y-fZ3swSY$_$0,15,they,1472,4.639999866485596,4.710000038146973,4.639999866485596,4.710000038146973,B_unique_word_overlap_in_mismatched_transcript,mfa_primary_unique_word_overlap_auto_qc_pass,1,1,1,1,1,0,464,472,8,8,47,48,1,1,in_interval_valid_face,-1,
-9y-fZ3swSY$_$0,16,don't,1473,4.710000038146973,4.940000057220459,4.710000038146973,4.940000057220459,B_unique_word_overlap_in_mismatched_transcript,mfa_primary_unique_word_overlap_auto_qc_pass,1,1,1,1,1,0,472,495,23,23,48,50,2,2,in_interval_valid_face,-1,
-9y-fZ3swSY$_$0,17,have,1474,4.940000057220459,5.260000228881836,4.940000057220459,5.260000228881836,B_unique_word_overlap_in_mismatched_transcript,mfa_primary_unique_word_overlap_auto_qc_pass,1,1,1,1,1,0,495,527,32,30,50,53,3,3,in_interval_valid_face,-1,
-9y-fZ3swSY$_$0,18,any,1475,5.260000228881836,5.449999809265137,5.260000228881836,5.449999809265137,B_unique_word_overlap_in_mismatched_transcript,mfa_primary_unique_word_overlap_auto_qc_pass,1,1,1,1,1,0,527,545,18,13,53,55,2,2,in_interval_valid_face,-1,
-9y-fZ3swSY$_$0,19,hair,1476,5.449999809265137,5.739999771118164,5.449999809265137,5.739999771118164,B_unique_word_overlap_in_mismatched_transcript,mfa_primary_unique_word_overlap_auto_qc_pass,1,1,1,1,1,0,545,574,29,26,55,58,3,3,in_interval_valid_face,-1,
-9y-fZ3swSY$_$0,20,on,1477,5.739999771118164,5.820000171661377,5.739999771118164,5.820000171661377,B_unique_word_overlap_in_mismatched_transcript,mfa_primary_unique_word_overlap_auto_qc_pass,1,1,1,1,1,0,574,583,9,8,58,59,1,1,in_interval_valid_face,-1,
-9y-fZ3swSY$_$0,21,their,1478,5.820000171661377,5.940000057220459,5.820000171661377,5.940000057220459,B_unique_word_overlap_in_mismatched_transcript,mfa_primary_unique_word_overlap_auto_qc_pass,1,1,1,1,1,0,583,595,12,11,59,60,1,1,in_interval_valid_face,-1,
-9y-fZ3swSY$_$0,22,face,1479,5.940000057220459,6.269999980926514,5.940000057220459,6.269999980926514,B_unique_word_overlap_in_mismatched_transcript,mfa_primary_unique_word_overlap_auto_qc_pass,1,1,1,1,1,0,595,627,32,29,60,63,3,3,in_interval_valid_face,-1,
-9y-fZ3swSY$_$4,1,I've,1480,0.30000001192092896,0.5299999713897705,0.30000001192092896,0.5299999713897705,A_exact_transcript,mfa_primary_exact_transcript_auto_qc_pass,1,1,1,1,1,0,31,53,22,18,4,6,2,2,in_interval_valid_face,-1,
-9y-fZ3swSY$_$4,2,seen,1481,0.5299999713897705,0.75,0.5299999713897705,0.75,A_exact_transcript,mfa_primary_exact_transcript_auto_qc_pass,1,1,1,1,1,0,53,75,22,19,6,8,2,2,in_interval_valid_face,-1,
-9y-fZ3swSY$_$4,3,this,1482,0.75,0.949999988079071,0.75,0.949999988079071,A_exact_transcript,mfa_primary_exact_transcript_auto_qc_pass,1,1,1,1,1,0,75,95,20,18,8,10,2,2,in_interval_valid_face,-1,
-9y-fZ3swSY$_$4,4,in,1483,0.949999988079071,1.1399999856948853,0.949999988079071,1.1399999856948853,A_exact_transcript,mfa_primary_exact_transcript_auto_qc_pass,1,1,1,1,1,0,95,114,19,18,10,12,2,2,in_interval_valid_face,-1,
-9y-fZ3swSY$_$4,5,US,1484,1.1399999856948853,1.649999976158142,1.1399999856948853,1.649999976158142,A_exact_transcript,mfa_primary_exact_transcript_auto_qc_pass,1,1,1,1,1,0,114,165,51,20,12,17,5,5,in_interval_valid_face,-1,
-9y-fZ3swSY$_$4,6,or,1485,1.7599999904632568,1.899999976158142,1.7599999904632568,1.899999976158142,A_exact_transcript,mfa_primary_exact_transcript_auto_qc_pass,1,1,1,1,1,0,176,190,14,14,18,19,1,1,in_interval_valid_face,-1,
-9y-fZ3swSY$_$4,7,in,1486,1.899999976158142,2.0299999713897705,1.899999976158142,2.0299999713897705,A_exact_transcript,mfa_primary_exact_transcript_auto_qc_pass,1,1,1,1,1,0,190,203,13,13,19,21,2,2,in_interval_valid_face,-1,
-9y-fZ3swSY$_$4,8,the,1487,2.0299999713897705,2.109999895095825,2.0299999713897705,2.109999895095825,A_exact_transcript,mfa_primary_exact_transcript_auto_qc_pass,1,1,1,1,1,0,203,211,8,8,21,22,1,1,in_interval_valid_face,-1,
-9y-fZ3swSY$_$4,9,US,1488,2.109999895095825,2.630000114440918,2.109999895095825,2.630000114440918,A_exact_transcript,mfa_primary_exact_transcript_auto_qc_pass,1,1,1,1,1,0,211,264,53,20,22,27,5,5,in_interval_valid_face,-1,
-9y-fZ3swSY$_$8,1,That's,1489,0.27000001072883606,0.4699999988079071,0.27000001072883606,0.4699999988079071,B_unique_word_overlap_in_mismatched_transcript,mfa_primary_unique_word_overlap_auto_qc_pass,1,1,1,1,1,0,28,47,19,10,3,5,2,2,in_interval_valid_face,-1,
-9y-fZ3swSY$_$8,2,a,1490,0.5299999713897705,0.6200000047683716,0.5299999713897705,0.6200000047683716,B_unique_word_overlap_in_mismatched_transcript,mfa_primary_unique_word_overlap_auto_qc_pass,1,1,1,1,0,0,53,63,10,10,6,7,1,0,in_interval_frames_no_valid_face,4,0.12999997138977049
-9y-fZ3swSY$_$8,3,more,1491,0.8899999856948853,1.2000000476837158,0.8899999856948853,1.2000000476837158,B_unique_word_overlap_in_mismatched_transcript,mfa_primary_unique_word_overlap_auto_qc_pass,1,1,1,1,1,0,89,121,32,32,9,13,4,4,in_interval_valid_face,-1,
-9y-fZ3swSY$_$8,4,decent,1492,1.3300000429153442,1.8300000429153442,1.3300000429153442,1.8300000429153442,B_unique_word_overlap_in_mismatched_transcript,mfa_primary_unique_word_overlap_auto_qc_pass,1,1,1,1,1,0,134,184,50,41,14,19,5,3,in_interval_valid_face,-1,
-9y-fZ3swSY$_$8,5,and,1493,2.0899999141693115,2.180000066757202,2.0899999141693115,2.180000066757202,B_unique_word_overlap_in_mismatched_transcript,mfa_primary_unique_word_overlap_auto_qc_pass,1,1,1,1,1,0,209,219,10,10,21,22,1,1,in_interval_valid_face,-1,
-9y-fZ3swSY$_$8,6,more,1494,2.180000066757202,2.3299999237060547,2.180000066757202,2.3299999237060547,B_unique_word_overlap_in_mismatched_transcript,mfa_primary_unique_word_overlap_auto_qc_pass,1,1,1,1,1,0,219,233,14,14,22,24,2,2,in_interval_valid_face,-1,
-9y-fZ3swSY$_$8,7,polite,1495,2.3299999237060547,2.859999895095825,2.3299999237060547,2.859999895095825,B_unique_word_overlap_in_mismatched_transcript,mfa_primary_unique_word_overlap_auto_qc_pass,1,1,1,1,1,0,233,286,53,40,24,29,5,3,in_interval_valid_face,-1,
-9y-fZ3swSY$_$8,8,way,1496,2.859999895095825,3.130000114440918,2.859999895095825,3.130000114440918,B_unique_word_overlap_in_mismatched_transcript,mfa_primary_unique_word_overlap_auto_qc_pass,1,1,1,1,0,0,286,314,28,27,29,32,3,0,in_interval_frames_no_valid_face,26,0.2599998950958251
-9y-fZ3swSY$_$8,9,to,1497,3.1700000762939453,3.259999990463257,3.1700000762939453,3.259999990463257,B_unique_word_overlap_in_mismatched_transcript,mfa_primary_unique_word_overlap_auto_qc_pass,1,1,1,1,0,0,318,326,8,8,32,33,1,0,in_interval_frames_no_valid_face,26,0.5700000762939452
-9y-fZ3swSY$_$8,10,call,1498,3.259999990463257,3.7100000381469727,3.259999990463257,3.7100000381469727,B_unique_word_overlap_in_mismatched_transcript,mfa_primary_unique_word_overlap_auto_qc_pass,1,1,1,1,0,0,326,372,46,40,33,38,5,0,in_interval_frames_no_valid_face,40,0.28999996185302734
-9y-fZ3swSY$_$8,11,a,1499,3.990000009536743,4.050000190734863,3.990000009536743,4.050000190734863,B_unique_word_overlap_in_mismatched_transcript,mfa_primary_unique_word_overlap_auto_qc_pass,1,1,1,1,1,0,400,406,6,6,40,41,1,1,in_interval_valid_face,-1,
-9y-fZ3swSY$_$8,12,lady,1500,4.050000190734863,4.460000038146973,4.050000190734863,4.460000038146973,B_unique_word_overlap_in_mismatched_transcript,mfa_primary_unique_word_overlap_auto_qc_pass,1,1,1,1,1,0,406,447,41,21,41,45,4,3,in_interval_valid_face,-1,
-AUZQgSxyPQ$_$2,1,The,1501,0.49000000953674316,0.5699999928474426,0.49000000953674316,0.5699999928474426,B_unique_word_overlap_in_mismatched_transcript,mfa_primary_unique_word_overlap_auto_qc_pass,1,1,1,0,1,0,50,57,7,0,5,6,1,1,in_interval_valid_face,-1,
-AUZQgSxyPQ$_$2,2,perfect,1502,0.5699999928474426,0.949999988079071,0.5699999928474426,0.949999988079071,B_unique_word_overlap_in_mismatched_transcript,mfa_primary_unique_word_overlap_auto_qc_pass,1,1,1,1,1,0,57,95,38,28,6,10,4,4,in_interval_valid_face,-1,
-AUZQgSxyPQ$_$2,3,soul,1503,,,,,,official_word_unmatched_or_ambiguous_in_asr,1,0,0,0,0,0,-1,-1,0,0,-1,-1,0,0,no_primary_word_time,-1,
-AUZQgSxyPQ$_$2,4,mate,1504,,,,,,official_word_unmatched_or_ambiguous_in_asr,1,0,0,0,0,0,-1,-1,0,0,-1,-1,0,0,no_primary_word_time,-1,
-AUZQgSxyPQ$_$2,5,to,1505,1.590000033378601,1.659999966621399,1.590000033378601,1.659999966621399,B_unique_word_overlap_in_mismatched_transcript,mfa_primary_unique_word_overlap_auto_qc_pass,1,1,1,0,1,0,160,166,6,0,16,17,1,1,in_interval_valid_face,-1,
-AUZQgSxyPQ$_$2,6,the,1506,,,,,,official_word_unmatched_or_ambiguous_in_asr,1,0,0,0,0,0,-1,-1,0,0,-1,-1,0,0,no_primary_word_time,-1,
-AUZQgSxyPQ$_$2,7,Clarisonic,1507,,,,,,official_word_unmatched_or_ambiguous_in_asr,1,0,0,0,0,0,-1,-1,0,0,-1,-1,0,0,no_primary_word_time,-1,
-AUZQgSxyPQ$_$2,8,Spot,1508,3.009999990463257,3.450000047683716,3.009999990463257,3.450000047683716,B_unique_word_overlap_in_mismatched_transcript,mfa_primary_unique_word_overlap_auto_qc_pass,1,1,1,0,1,0,301,346,45,0,31,35,4,4,in_interval_valid_face,-1,
-AUZQgSxyPQ$_$2,9,Therapy,1509,3.450000047683716,4.0,3.450000047683716,4.0,B_unique_word_overlap_in_mismatched_transcript,mfa_primary_unique_word_overlap_auto_qc_pass,1,1,1,0,1,0,346,400,54,0,35,40,5,5,in_interval_valid_face,-1,
-AUZQgSxyPQ$_$2,10,Brush,1510,4.0,4.440000057220459,4.0,4.440000057220459,B_unique_word_overlap_in_mismatched_transcript,mfa_primary_unique_word_overlap_auto_qc_pass,1,1,1,0,1,0,400,445,45,0,40,45,5,5,in_interval_valid_face,-1,
-AUZQgSxyPQ$_$2,11,this,1511,4.949999809265137,5.119999885559082,4.949999809265137,5.119999885559082,B_unique_word_overlap_in_mismatched_transcript,mfa_primary_unique_word_overlap_auto_qc_pass,1,1,1,0,1,0,495,512,17,0,50,52,2,2,in_interval_valid_face,-1,
-AUZQgSxyPQ$_$2,12,gentle,1512,5.119999885559082,5.699999809265137,5.119999885559082,5.699999809265137,B_unique_word_overlap_in_mismatched_transcript,mfa_primary_unique_word_overlap_auto_qc_pass,1,1,1,1,1,0,512,570,58,39,52,57,5,5,in_interval_valid_face,-1,
-AUZQgSxyPQ$_$2,13,Ph,1513,5.760000228881836,6.170000076293945,5.760000228881836,6.170000076293945,B_unique_word_overlap_in_mismatched_transcript,mfa_primary_unique_word_overlap_auto_qc_pass,1,1,1,0,1,0,577,618,41,0,58,62,4,4,in_interval_valid_face,-1,
-AUZQgSxyPQ$_$2,14,balanced,1514,6.170000076293945,6.619999885559082,6.170000076293945,6.619999885559082,B_unique_word_overlap_in_mismatched_transcript,mfa_primary_unique_word_overlap_auto_qc_pass,1,1,1,1,1,0,618,662,44,3,62,67,5,5,in_interval_valid_face,-1,
-AUZQgSxyPQ$_$2,15,and,1515,6.619999885559082,6.820000171661377,6.619999885559082,6.820000171661377,B_unique_word_overlap_in_mismatched_transcript,mfa_primary_unique_word_overlap_auto_qc_pass,1,1,1,1,1,0,662,683,21,16,67,69,2,2,in_interval_valid_face,-1,
-AUZQgSxyPQ$_$2,16,hydrating,1516,6.820000171661377,7.659999847412109,6.820000171661377,7.659999847412109,B_unique_word_overlap_in_mismatched_transcript,mfa_primary_unique_word_overlap_auto_qc_pass,1,1,1,1,1,0,683,766,83,63,69,77,8,8,in_interval_valid_face,-1,
-AUZQgSxyPQ$_$2,17,exfoliant,1517,7.659999847412109,8.260000228881836,7.659999847412109,8.260000228881836,B_unique_word_overlap_in_mismatched_transcript,mfa_primary_unique_word_overlap_auto_qc_pass,1,1,1,1,1,0,766,827,61,36,77,83,6,6,in_interval_valid_face,-1,
-AUZQgSxyPQ$_$2,18,containing,1518,,,,,,official_word_unmatched_or_ambiguous_in_asr,1,0,0,0,0,0,-1,-1,0,0,-1,-1,0,0,no_primary_word_time,-1,
-AUZQgSxyPQ$_$2,19,jojoba,1519,9.1899995803833,10.289999961853027,9.1899995803833,10.289999961853027,B_unique_word_overlap_in_mismatched_transcript,mfa_primary_unique_word_overlap_auto_qc_pass,1,1,1,1,1,0,919,1029,110,44,92,103,11,11,in_interval_valid_face,-1,
-AUZQgSxyPQ$_$2,20,and,1520,10.289999961853027,10.390000343322754,10.289999961853027,10.390000343322754,B_unique_word_overlap_in_mismatched_transcript,mfa_primary_unique_word_overlap_auto_qc_pass,1,1,1,0,1,0,1029,1040,11,0,103,104,1,1,in_interval_valid_face,-1,
-AUZQgSxyPQ$_$2,21,acai,1521,10.390000343322754,10.930000305175781,10.390000343322754,10.930000305175781,B_unique_word_overlap_in_mismatched_transcript,mfa_primary_unique_word_overlap_auto_qc_pass,1,1,1,0,1,0,1040,1094,54,0,104,110,6,6,in_interval_valid_face,-1,
-AUZQgSxyPQ$_$2,22,fruit,1522,10.930000305175781,11.399999618530273,10.930000305175781,11.399999618530273,B_unique_word_overlap_in_mismatched_transcript,mfa_primary_unique_word_overlap_auto_qc_pass,1,1,1,0,1,0,1094,1140,46,0,110,114,4,4,in_interval_valid_face,-1,
-AUZQgSxyPQ$_$2,23,oils,1523,11.399999618530273,11.8100004196167,11.399999618530273,11.8100004196167,B_unique_word_overlap_in_mismatched_transcript,mfa_primary_unique_word_overlap_auto_qc_pass,1,1,1,0,1,0,1140,1182,42,0,114,119,5,5,in_interval_valid_face,-1,
-AUZQgSxyPQ$_$2,24,and,1524,,,,,,official_word_unmatched_or_ambiguous_in_asr,1,0,0,0,0,0,-1,-1,0,0,-1,-1,0,0,no_primary_word_time,-1,
-AUZQgSxyPQ$_$2,25,bamboo,1525,12.680000305175781,13.239999771118164,12.680000305175781,13.239999771118164,B_unique_word_overlap_in_mismatched_transcript,mfa_primary_unique_word_overlap_auto_qc_pass,1,1,1,1,1,0,1269,1324,55,32,127,133,6,6,in_interval_valid_face,-1,
-AUZQgSxyPQ$_$2,26,and,1526,13.5,13.739999771118164,13.5,13.739999771118164,B_unique_word_overlap_in_mismatched_transcript,mfa_primary_unique_word_overlap_auto_qc_pass,1,1,1,1,1,0,1350,1374,24,19,135,138,3,3,in_interval_valid_face,-1,
-AUZQgSxyPQ$_$2,27,prickly,1527,13.739999771118164,14.069999694824219,13.739999771118164,14.069999694824219,B_unique_word_overlap_in_mismatched_transcript,mfa_primary_unique_word_overlap_auto_qc_pass,1,1,1,0,1,0,1374,1407,33,0,138,141,3,3,in_interval_valid_face,-1,
-AUZQgSxyPQ$_$2,28,bear,1528,14.069999694824219,14.470000267028809,14.069999694824219,14.470000267028809,B_unique_word_overlap_in_mismatched_transcript,mfa_primary_unique_word_overlap_auto_qc_pass,1,1,1,1,1,0,1407,1448,41,11,141,145,4,4,in_interval_valid_face,-1,
-AUZQgSxyPQ$_$2,29,extracts,1529,14.5600004196167,15.220000267028809,14.5600004196167,15.220000267028809,B_unique_word_overlap_in_mismatched_transcript,mfa_primary_unique_word_overlap_auto_qc_pass,1,1,1,1,1,0,1457,1523,66,26,146,153,7,7,in_interval_valid_face,-1,
-AUZQgSxyPQ$_$2,30,deliver,1530,15.890000343322754,16.329999923706055,15.890000343322754,16.329999923706055,B_unique_word_overlap_in_mismatched_transcript,mfa_primary_unique_word_overlap_auto_qc_pass,1,1,1,1,1,0,1590,1633,43,43,159,164,5,5,in_interval_valid_face,-1,
-AUZQgSxyPQ$_$2,31,intense,1531,16.329999923706055,16.8700008392334,16.329999923706055,16.8700008392334,B_unique_word_overlap_in_mismatched_transcript,mfa_primary_unique_word_overlap_auto_qc_pass,1,1,1,1,1,0,1633,1688,55,27,164,169,5,5,in_interval_valid_face,-1,
-AUZQgSxyPQ$_$2,32,healing,1532,16.8700008392334,17.350000381469727,16.8700008392334,17.350000381469727,B_unique_word_overlap_in_mismatched_transcript,mfa_primary_unique_word_overlap_auto_qc_pass,1,1,1,1,1,0,1688,1736,48,36,169,174,5,5,in_interval_valid_face,-1,
-AUZQgSxyPQ$_$2,33,while,1533,,,,,B_unique_word_overlap_in_mismatched_transcript,mfa_whisper_discrepancy_over_0_5s_null_primary,1,0,0,0,0,0,-1,-1,0,0,-1,-1,0,0,no_primary_word_time,-1,
-AUZQgSxyPQ$_$2,34,smooth,1534,18.0,18.440000534057617,18.0,18.440000534057617,B_unique_word_overlap_in_mismatched_transcript,mfa_primary_unique_word_overlap_auto_qc_pass,1,1,1,1,1,0,1800,1845,45,31,180,185,5,5,in_interval_valid_face,-1,
-AUZQgSxyPQ$_$2,35,granules,1535,18.440000534057617,18.940000534057617,18.440000534057617,18.940000534057617,B_unique_word_overlap_in_mismatched_transcript,mfa_primary_unique_word_overlap_auto_qc_pass,1,1,1,1,1,0,1845,1895,50,34,185,190,5,5,in_interval_valid_face,-1,
-AUZQgSxyPQ$_$2,36,buff,1536,18.940000534057617,19.290000915527344,18.940000534057617,19.290000915527344,B_unique_word_overlap_in_mismatched_transcript,mfa_primary_unique_word_overlap_auto_qc_pass,1,1,1,1,1,0,1895,1930,35,10,190,193,3,3,in_interval_valid_face,-1,
-AUZQgSxyPQ$_$2,37,away,1537,19.290000915527344,19.739999771118164,19.290000915527344,19.739999771118164,B_unique_word_overlap_in_mismatched_transcript,mfa_primary_unique_word_overlap_auto_qc_pass,1,1,1,1,1,0,1930,1974,44,13,193,198,5,5,in_interval_valid_face,-1,
-AUZQgSxyPQ$_$2,38,dead,1538,20.110000610351562,20.40999984741211,20.110000610351562,20.40999984741211,B_unique_word_overlap_in_mismatched_transcript,mfa_primary_unique_word_overlap_auto_qc_pass,1,1,1,1,1,0,2012,2041,29,29,202,205,3,3,in_interval_valid_face,-1,
-AUZQgSxyPQ$_$2,39,dry,1539,20.690000534057617,21.059999465942383,20.690000534057617,21.059999465942383,B_unique_word_overlap_in_mismatched_transcript,mfa_primary_unique_word_overlap_auto_qc_pass,1,1,1,0,1,0,2070,2106,36,0,207,211,4,4,in_interval_valid_face,-1,
-AUZQgSxyPQ$_$2,40,skin,1540,21.15999984741211,21.459999084472656,21.15999984741211,21.459999084472656,B_unique_word_overlap_in_mismatched_transcript,mfa_primary_unique_word_overlap_auto_qc_pass,1,1,1,1,1,0,2116,2146,30,11,212,215,3,3,in_interval_valid_face,-1,
-AUZQgSxyPQ$_$2,41,cells,1541,21.459999084472656,21.8799991607666,21.459999084472656,21.8799991607666,B_unique_word_overlap_in_mismatched_transcript,mfa_primary_unique_word_overlap_auto_qc_pass,1,1,1,1,1,0,2146,2188,42,20,215,219,4,4,in_interval_valid_face,-1,
-HeZS2-Prhc$_$2,1,The,1542,,,,,B_unique_word_overlap_in_mismatched_transcript,mfa_whisper_discrepancy_over_0_5s_null_primary,1,0,0,0,0,0,-1,-1,0,0,-1,-1,0,0,no_primary_word_time,-1,
-HeZS2-Prhc$_$2,2,August,1543,,,,,B_unique_word_overlap_in_mismatched_transcript,mfa_whisper_discrepancy_over_0_5s_null_primary,1,0,0,0,0,0,-1,-1,0,0,-1,-1,0,0,no_primary_word_time,-1,
-HeZS2-Prhc$_$2,3,jobs,1544,2.299999952316284,2.680000066757202,2.299999952316284,2.680000066757202,B_unique_word_overlap_in_mismatched_transcript,mfa_primary_unique_word_overlap_auto_qc_pass,1,1,1,1,1,0,230,269,39,38,23,27,4,4,in_interval_valid_face,-1,
-HeZS2-Prhc$_$2,4,report,1545,2.680000066757202,3.0299999713897705,2.680000066757202,3.0299999713897705,B_unique_word_overlap_in_mismatched_transcript,mfa_primary_unique_word_overlap_auto_qc_pass,1,1,1,1,1,0,269,303,34,34,27,31,4,4,in_interval_valid_face,-1,
-HeZS2-Prhc$_$2,5,is,1546,3.0299999713897705,3.1700000762939453,3.0299999713897705,3.1700000762939453,B_unique_word_overlap_in_mismatched_transcript,mfa_primary_unique_word_overlap_auto_qc_pass,1,1,1,1,1,0,303,318,15,15,31,32,1,1,in_interval_valid_face,-1,
-HeZS2-Prhc$_$2,6,out,1547,3.1700000762939453,3.490000009536743,3.1700000762939453,3.490000009536743,B_unique_word_overlap_in_mismatched_transcript,mfa_primary_unique_word_overlap_auto_qc_pass,1,1,1,1,1,0,318,350,32,23,32,35,3,3,in_interval_valid_face,-1,
-HeZS2-Prhc$_$2,7,and,1548,3.630000114440918,4.090000152587891,3.630000114440918,4.090000152587891,B_unique_word_overlap_in_mismatched_transcript,mfa_primary_unique_word_overlap_auto_qc_pass,1,1,1,1,1,0,364,410,46,46,37,41,4,4,in_interval_valid_face,-1,
-HeZS2-Prhc$_$2,8,it,1549,4.139999866485596,4.28000020980835,4.139999866485596,4.28000020980835,B_unique_word_overlap_in_mismatched_transcript,mfa_primary_unique_word_overlap_auto_qc_pass,1,1,1,1,1,0,414,429,15,15,42,43,1,1,in_interval_valid_face,-1,
-HeZS2-Prhc$_$2,9,was,1550,4.28000020980835,4.420000076293945,4.28000020980835,4.420000076293945,B_unique_word_overlap_in_mismatched_transcript,mfa_primary_unique_word_overlap_auto_qc_pass,1,1,1,1,1,0,429,443,14,14,43,45,2,2,in_interval_valid_face,-1,
-HeZS2-Prhc$_$2,10,seen,1551,4.420000076293945,4.880000114440918,4.420000076293945,4.880000114440918,B_unique_word_overlap_in_mismatched_transcript,mfa_primary_unique_word_overlap_auto_qc_pass,1,1,1,1,1,0,443,489,46,44,45,49,4,4,in_interval_valid_face,-1,
-HeZS2-Prhc$_$2,11,overall,1552,5.119999885559082,5.809999942779541,5.119999885559082,5.809999942779541,B_unique_word_overlap_in_mismatched_transcript,mfa_primary_unique_word_overlap_auto_qc_pass,1,1,1,1,1,0,512,581,69,48,52,59,7,7,in_interval_valid_face,-1,
-HeZS2-Prhc$_$2,12,as,1553,,,,,,official_word_unmatched_or_ambiguous_in_asr,1,0,0,0,0,0,-1,-1,0,0,-1,-1,0,0,no_primary_word_time,-1,
-HeZS2-Prhc$_$2,13,solid,1554,6.230000019073486,6.789999961853027,6.230000019073486,6.789999961853027,B_unique_word_overlap_in_mismatched_transcript,mfa_primary_unique_word_overlap_auto_qc_pass,1,1,1,1,1,0,624,679,55,44,63,68,5,5,in_interval_valid_face,-1,
-HeZS2-Prhc$_$2,14,but,1555,6.789999961853027,7.010000228881836,6.789999961853027,7.010000228881836,B_unique_word_overlap_in_mismatched_transcript,mfa_primary_unique_word_overlap_auto_qc_pass,1,1,1,1,1,0,679,702,23,21,68,71,3,3,in_interval_valid_face,-1,
-HeZS2-Prhc$_$2,15,not,1556,7.010000228881836,7.289999961853027,7.010000228881836,7.289999961853027,B_unique_word_overlap_in_mismatched_transcript,mfa_primary_unique_word_overlap_auto_qc_pass,1,1,1,1,1,0,702,729,27,21,71,73,2,2,in_interval_valid_face,-1,
-HeZS2-Prhc$_$2,16,great,1557,7.289999961853027,7.730000019073486,7.289999961853027,7.730000019073486,B_unique_word_overlap_in_mismatched_transcript,mfa_primary_unique_word_overlap_auto_qc_pass,1,1,1,1,1,0,729,774,45,31,73,78,5,5,in_interval_valid_face,-1,
-MeTTeMJBNc$_$0,1,Okay,1558,,,,,A_exact_transcript,mfa_whisper_discrepancy_over_0_5s_null_primary,1,0,0,0,0,0,-1,-1,0,0,-1,-1,0,0,no_primary_word_time,-1,
-MeTTeMJBNc$_$0,2,what,1559,1.350000023841858,1.5399999618530273,1.350000023841858,1.5399999618530273,A_exact_transcript,mfa_primary_exact_transcript_auto_qc_pass,1,1,1,0,1,0,136,154,18,0,14,16,2,2,in_interval_valid_face,-1,
-MeTTeMJBNc$_$0,3,happens,1560,1.5399999618530273,2.130000114440918,1.5399999618530273,2.130000114440918,A_exact_transcript,mfa_primary_exact_transcript_auto_qc_pass,1,1,1,0,1,0,154,214,60,0,16,22,6,6,in_interval_valid_face,-1,
-MeTTeMJBNc$_$0,4,at,1561,2.130000114440918,2.319999933242798,2.130000114440918,2.319999933242798,A_exact_transcript,mfa_primary_exact_transcript_auto_qc_pass,1,1,1,0,1,0,214,232,18,0,22,24,2,2,in_interval_valid_face,-1,
-MeTTeMJBNc$_$0,5,this,1562,2.319999933242798,2.609999895095825,2.319999933242798,2.609999895095825,A_exact_transcript,mfa_primary_exact_transcript_auto_qc_pass,1,1,1,0,1,0,232,261,29,0,24,27,3,3,in_interval_valid_face,-1,
-MeTTeMJBNc$_$0,6,point,1563,2.609999895095825,2.9800000190734863,2.609999895095825,2.9800000190734863,A_exact_transcript,mfa_primary_exact_transcript_auto_qc_pass,1,1,1,1,1,0,261,299,38,19,27,30,3,3,in_interval_valid_face,-1,
-MeTTeMJBNc$_$0,7,after,1564,3.049999952316284,3.4100000858306885,3.049999952316284,3.4100000858306885,A_exact_transcript,mfa_primary_exact_transcript_auto_qc_pass,1,1,1,1,1,0,305,342,37,31,31,35,4,4,in_interval_valid_face,-1,
-MeTTeMJBNc$_$0,8,we've,1565,3.4100000858306885,3.6600000858306885,3.4100000858306885,3.6600000858306885,A_exact_transcript,mfa_primary_exact_transcript_auto_qc_pass,1,1,1,1,1,0,342,367,25,23,35,37,2,2,in_interval_valid_face,-1,
-MeTTeMJBNc$_$0,9,taken,1566,3.6600000858306885,4.050000190734863,3.6600000858306885,4.050000190734863,A_exact_transcript,mfa_primary_exact_transcript_auto_qc_pass,1,1,1,1,1,0,367,406,39,20,37,41,4,4,in_interval_valid_face,-1,
-MeTTeMJBNc$_$0,10,this,1567,4.050000190734863,4.369999885559082,4.050000190734863,4.369999885559082,A_exact_transcript,mfa_primary_exact_transcript_auto_qc_pass,1,1,1,1,1,0,406,437,31,15,41,44,3,3,in_interval_valid_face,-1,
-MeTTeMJBNc$_$0,11,brief,1568,4.369999885559082,4.789999961853027,4.369999885559082,4.789999961853027,A_exact_transcript,mfa_primary_exact_transcript_auto_qc_pass,1,1,1,1,1,0,437,479,42,36,44,48,4,4,in_interval_valid_face,-1,
-MeTTeMJBNc$_$0,12,walk,1569,4.789999961853027,5.239999771118164,4.789999961853027,5.239999771118164,A_exact_transcript,mfa_primary_exact_transcript_auto_qc_pass,1,1,1,1,1,0,479,524,45,45,48,53,5,5,in_interval_valid_face,-1,
-MeTTeMJBNc$_$0,13,down,1570,5.239999771118164,5.550000190734863,5.239999771118164,5.550000190734863,A_exact_transcript,mfa_primary_exact_transcript_auto_qc_pass,1,1,1,1,1,0,524,556,32,26,53,56,3,3,in_interval_valid_face,-1,
-MeTTeMJBNc$_$0,14,memory,1571,5.550000190734863,5.900000095367432,5.550000190734863,5.900000095367432,A_exact_transcript,mfa_primary_exact_transcript_auto_qc_pass,1,1,1,1,1,0,556,591,35,35,56,60,4,4,in_interval_valid_face,-1,
-MeTTeMJBNc$_$0,15,lane,1572,5.900000095367432,6.400000095367432,5.900000095367432,6.400000095367432,A_exact_transcript,mfa_primary_exact_transcript_auto_qc_pass,1,1,1,1,1,0,591,641,50,19,60,65,5,5,in_interval_valid_face,-1,
-MeTTeMJBNc$_$0,16,is,1573,6.769999980926514,6.949999809265137,6.769999980926514,6.949999809265137,A_exact_transcript,mfa_primary_exact_transcript_auto_qc_pass,1,1,1,1,1,0,677,695,18,14,68,70,2,2,in_interval_valid_face,-1,
-MeTTeMJBNc$_$0,17,the,1574,6.949999809265137,7.03000020980835,6.949999809265137,7.03000020980835,A_exact_transcript,mfa_primary_exact_transcript_auto_qc_pass,1,1,1,1,1,0,695,704,9,8,70,71,1,1,in_interval_valid_face,-1,
-MeTTeMJBNc$_$0,18,presentation,1575,7.03000020980835,7.889999866485596,7.03000020980835,7.889999866485596,A_exact_transcript,mfa_primary_exact_transcript_auto_qc_pass,1,1,1,1,1,0,704,789,85,68,71,79,8,8,in_interval_valid_face,-1,
-MeTTeMJBNc$_$0,19,of,1576,7.889999866485596,8.050000190734863,7.889999866485596,8.050000190734863,A_exact_transcript,mfa_primary_exact_transcript_auto_qc_pass,1,1,1,1,1,0,789,806,17,17,79,81,2,2,in_interval_valid_face,-1,
-MeTTeMJBNc$_$0,20,the,1577,8.050000190734863,8.130000114440918,8.050000190734863,8.130000114440918,A_exact_transcript,mfa_primary_exact_transcript_auto_qc_pass,1,1,1,1,1,0,806,814,8,8,81,82,1,1,in_interval_valid_face,-1,
-MeTTeMJBNc$_$0,21,gift,1578,8.130000114440918,8.770000457763672,8.130000114440918,8.770000457763672,A_exact_transcript,mfa_primary_exact_transcript_auto_qc_pass,1,1,1,1,1,0,814,878,64,23,82,88,6,6,in_interval_valid_face,-1,
-MeTTeMJBNc$_$13,1,It,1579,0.20000000298023224,0.4099999964237213,0.20000000298023224,0.4099999964237213,B_unique_word_overlap_in_mismatched_transcript,mfa_primary_unique_word_overlap_auto_qc_pass,1,1,1,1,1,0,21,41,20,1,3,5,2,2,in_interval_valid_face,-1,
-MeTTeMJBNc$_$13,2,just,1580,1.0199999809265137,1.440000057220459,1.0199999809265137,1.440000057220459,B_unique_word_overlap_in_mismatched_transcript,mfa_primary_unique_word_overlap_auto_qc_pass,1,1,1,1,1,0,102,145,43,6,11,15,4,4,in_interval_valid_face,-1,
-MeTTeMJBNc$_$13,3,needs,1581,1.440000057220459,1.6799999475479126,1.440000057220459,1.6799999475479126,B_unique_word_overlap_in_mismatched_transcript,mfa_primary_unique_word_overlap_auto_qc_pass,1,1,1,1,1,0,145,168,23,18,15,17,2,2,in_interval_valid_face,-1,
-MeTTeMJBNc$_$13,4,to,1582,1.6799999475479126,1.7899999618530273,1.6799999475479126,1.7899999618530273,B_unique_word_overlap_in_mismatched_transcript,mfa_primary_unique_word_overlap_auto_qc_pass,1,1,1,1,1,0,168,179,11,10,17,18,1,1,in_interval_valid_face,-1,
-MeTTeMJBNc$_$13,5,be,1583,1.7899999618530273,1.940000057220459,1.7899999618530273,1.940000057220459,B_unique_word_overlap_in_mismatched_transcript,mfa_primary_unique_word_overlap_auto_qc_pass,1,1,1,1,1,0,179,195,16,11,18,20,2,2,in_interval_valid_face,-1,
-MeTTeMJBNc$_$13,6,a,1584,1.940000057220459,2.0299999713897705,1.940000057220459,2.0299999713897705,B_unique_word_overlap_in_mismatched_transcript,mfa_primary_unique_word_overlap_auto_qc_pass,1,1,1,0,1,0,195,203,8,0,20,21,1,1,in_interval_valid_face,-1,
-MeTTeMJBNc$_$13,7,simple,1585,2.0299999713897705,2.549999952316284,2.0299999713897705,2.549999952316284,B_unique_word_overlap_in_mismatched_transcript,mfa_primary_unique_word_overlap_auto_qc_pass,1,1,1,1,1,0,203,255,52,30,21,26,5,5,in_interval_valid_face,-1,
-MeTTeMJBNc$_$13,8,statement,1586,2.549999952316284,3.2300000190734863,2.549999952316284,3.2300000190734863,B_unique_word_overlap_in_mismatched_transcript,mfa_primary_unique_word_overlap_auto_qc_pass,1,1,1,1,1,0,255,324,69,39,26,33,7,7,in_interval_valid_face,-1,
-MeTTeMJBNc$_$13,9,and,1587,3.559999942779541,3.700000047683716,3.559999942779541,3.700000047683716,B_unique_word_overlap_in_mismatched_transcript,mfa_primary_unique_word_overlap_auto_qc_pass,1,1,1,1,1,0,356,371,15,15,36,38,2,2,in_interval_valid_face,-1,
-MeTTeMJBNc$_$13,10,then,1588,3.700000047683716,3.809999942779541,3.700000047683716,3.809999942779541,B_unique_word_overlap_in_mismatched_transcript,mfa_primary_unique_word_overlap_auto_qc_pass,1,1,1,1,1,0,371,381,10,10,38,39,1,1,in_interval_valid_face,-1,
-MeTTeMJBNc$_$13,11,you,1589,3.809999942779541,3.890000104904175,3.809999942779541,3.890000104904175,B_unique_word_overlap_in_mismatched_transcript,mfa_primary_unique_word_overlap_auto_qc_pass,1,1,1,1,0,1,381,390,9,9,39,39,0,0,no_visual_frame_in_interval,39,0.009999895095825106
-MeTTeMJBNc$_$13,12,present,1590,3.890000104904175,4.380000114440918,3.890000104904175,4.380000114440918,B_unique_word_overlap_in_mismatched_transcript,mfa_primary_unique_word_overlap_auto_qc_pass,1,1,1,1,1,0,390,439,49,44,39,44,5,5,in_interval_valid_face,-1,
-MeTTeMJBNc$_$13,13,the,1591,4.380000114440918,4.440000057220459,4.380000114440918,4.440000057220459,B_unique_word_overlap_in_mismatched_transcript,mfa_primary_unique_word_overlap_auto_qc_pass,1,1,1,0,1,0,439,445,6,0,44,45,1,1,in_interval_valid_face,-1,
-MeTTeMJBNc$_$13,14,gift,1592,4.440000057220459,4.989999771118164,4.440000057220459,4.989999771118164,B_unique_word_overlap_in_mismatched_transcript,mfa_primary_unique_word_overlap_auto_qc_pass,1,1,1,0,1,0,445,499,54,0,45,50,5,5,in_interval_valid_face,-1,
-MeTTeMJBNc$_$7,1,Maybe,1593,,,,,B_unique_word_overlap_in_mismatched_transcript,mfa_whisper_discrepancy_over_0_5s_null_primary,1,0,0,0,0,0,-1,-1,0,0,-1,-1,0,0,no_primary_word_time,-1,
-MeTTeMJBNc$_$7,2,you,1594,0.7300000190734863,0.9100000262260437,0.7300000190734863,0.9100000262260437,B_unique_word_overlap_in_mismatched_transcript,mfa_primary_unique_word_overlap_auto_qc_pass,1,1,1,1,1,0,74,92,18,18,8,10,2,2,in_interval_valid_face,-1,
-MeTTeMJBNc$_$7,3,could,1595,0.9100000262260437,1.1799999475479126,0.9100000262260437,1.1799999475479126,B_unique_word_overlap_in_mismatched_transcript,mfa_primary_unique_word_overlap_auto_qc_pass,1,1,1,1,1,0,92,118,26,16,10,12,2,2,in_interval_valid_face,-1,
-MeTTeMJBNc$_$7,4,find,1596,1.1799999475479126,1.8899999856948853,1.1799999475479126,1.8899999856948853,B_unique_word_overlap_in_mismatched_transcript,mfa_primary_unique_word_overlap_auto_qc_pass,1,1,1,1,1,0,118,189,71,54,12,19,7,7,in_interval_valid_face,-1,
-MeTTeMJBNc$_$7,5,a,1597,1.8899999856948853,1.940000057220459,1.8899999856948853,1.940000057220459,B_unique_word_overlap_in_mismatched_transcript,mfa_primary_unique_word_overlap_auto_qc_pass,1,1,1,1,1,0,189,195,6,6,19,20,1,1,in_interval_valid_face,-1,
-MeTTeMJBNc$_$7,6,picture,1598,1.940000057220459,2.4000000953674316,1.940000057220459,2.4000000953674316,B_unique_word_overlap_in_mismatched_transcript,mfa_primary_unique_word_overlap_auto_qc_pass,1,1,1,1,1,0,195,241,46,42,20,25,5,5,in_interval_valid_face,-1,
-MeTTeMJBNc$_$7,7,of,1599,2.4000000953674316,2.549999952316284,2.4000000953674316,2.549999952316284,B_unique_word_overlap_in_mismatched_transcript,mfa_primary_unique_word_overlap_auto_qc_pass,1,1,1,1,1,0,241,255,14,14,25,26,1,1,in_interval_valid_face,-1,
-MeTTeMJBNc$_$7,8,the,1600,2.549999952316284,2.619999885559082,2.549999952316284,2.619999885559082,B_unique_word_overlap_in_mismatched_transcript,mfa_primary_unique_word_overlap_auto_qc_pass,1,1,1,1,1,0,255,262,7,7,26,27,1,1,in_interval_valid_face,-1,
-MeTTeMJBNc$_$7,9,couple,1601,2.619999885559082,3.059999942779541,2.619999885559082,3.059999942779541,B_unique_word_overlap_in_mismatched_transcript,mfa_primary_unique_word_overlap_auto_qc_pass,1,1,1,1,1,0,262,306,44,32,27,31,4,4,in_interval_valid_face,-1,
-MeTTeMJBNc$_$7,10,from,1602,3.059999942779541,3.5899999141693115,3.059999942779541,3.5899999141693115,B_unique_word_overlap_in_mismatched_transcript,mfa_primary_unique_word_overlap_auto_qc_pass,1,1,1,1,1,0,306,359,53,41,31,36,5,5,in_interval_valid_face,-1,
-MeTTeMJBNc$_$7,11,their,1603,3.680000066757202,3.8399999141693115,3.680000066757202,3.8399999141693115,B_unique_word_overlap_in_mismatched_transcript,mfa_primary_unique_word_overlap_auto_qc_pass,1,1,1,1,1,0,369,384,15,15,37,39,2,2,in_interval_valid_face,-1,
-MeTTeMJBNc$_$7,12,wedding,1604,3.8399999141693115,4.480000019073486,3.8399999141693115,4.480000019073486,B_unique_word_overlap_in_mismatched_transcript,mfa_primary_unique_word_overlap_auto_qc_pass,1,1,1,1,1,0,384,449,65,27,39,45,6,6,in_interval_valid_face,-1,
-MeTTeMJBNc$_$7,13,or,1605,4.480000019073486,4.829999923706055,4.480000019073486,4.829999923706055,B_unique_word_overlap_in_mismatched_transcript,mfa_primary_unique_word_overlap_auto_qc_pass,1,1,1,1,1,0,449,483,34,34,45,49,4,4,in_interval_valid_face,-1,
-MeTTeMJBNc$_$7,14,sometime,1606,,,,,,official_word_unmatched_or_ambiguous_in_asr,1,0,0,0,0,0,-1,-1,0,0,-1,-1,0,0,no_primary_word_time,-1,
-MeTTeMJBNc$_$7,15,in,1607,5.360000133514404,5.460000038146973,5.360000133514404,5.460000038146973,B_unique_word_overlap_in_mismatched_transcript,mfa_primary_unique_word_overlap_auto_qc_pass,1,1,1,1,1,0,537,547,10,10,54,55,1,1,in_interval_valid_face,-1,
-MeTTeMJBNc$_$7,16,their,1608,5.460000038146973,5.639999866485596,5.460000038146973,5.639999866485596,B_unique_word_overlap_in_mismatched_transcript,mfa_primary_unique_word_overlap_auto_qc_pass,1,1,1,1,1,0,547,564,17,17,55,57,2,2,in_interval_valid_face,-1,
-MeTTeMJBNc$_$7,17,life,1609,5.639999866485596,6.130000114440918,5.639999866485596,6.130000114440918,B_unique_word_overlap_in_mismatched_transcript,mfa_primary_unique_word_overlap_auto_qc_pass,1,1,1,1,1,0,564,614,50,40,57,62,5,5,in_interval_valid_face,-1,
-MeTTeMJBNc$_$7,18,or,1610,6.130000114440918,6.230000019073486,6.130000114440918,6.230000019073486,B_unique_word_overlap_in_mismatched_transcript,mfa_primary_unique_word_overlap_auto_qc_pass,1,1,1,1,1,0,614,624,10,8,62,63,1,1,in_interval_valid_face,-1,
-MeTTeMJBNc$_$7,19,maybe,1611,6.230000019073486,6.570000171661377,6.230000019073486,6.570000171661377,B_unique_word_overlap_in_mismatched_transcript,mfa_primary_unique_word_overlap_auto_qc_pass,1,1,1,1,1,0,624,658,34,28,63,66,3,3,in_interval_valid_face,-1,
-MeTTeMJBNc$_$7,20,even,1612,6.570000171661377,6.730000019073486,6.570000171661377,6.730000019073486,B_unique_word_overlap_in_mismatched_transcript,mfa_primary_unique_word_overlap_auto_qc_pass,1,1,1,1,1,0,658,674,16,16,66,68,2,2,in_interval_valid_face,-1,
-MeTTeMJBNc$_$7,21,a,1613,6.730000019073486,6.789999961853027,6.730000019073486,6.789999961853027,B_unique_word_overlap_in_mismatched_transcript,mfa_primary_unique_word_overlap_auto_qc_pass,1,1,1,1,0,1,674,679,5,5,68,68,0,0,no_visual_frame_in_interval,68,0.010000038146972479
-MeTTeMJBNc$_$7,22,current,1614,6.789999961853027,7.329999923706055,6.789999961853027,7.329999923706055,B_unique_word_overlap_in_mismatched_transcript,mfa_primary_unique_word_overlap_auto_qc_pass,1,1,1,1,1,0,679,733,54,38,68,74,6,6,in_interval_valid_face,-1,
-MeTTeMJBNc$_$7,23,picture,1615,7.329999923706055,7.889999866485596,7.329999923706055,7.889999866485596,B_unique_word_overlap_in_mismatched_transcript,mfa_primary_unique_word_overlap_auto_qc_pass,1,1,1,1,1,0,733,789,56,9,74,79,5,5,in_interval_valid_face,-1,
-MeTTeMJBNc$_$7,24,and,1616,8.170000076293945,8.279999732971191,8.170000076293945,8.279999732971191,B_unique_word_overlap_in_mismatched_transcript,mfa_primary_unique_word_overlap_auto_qc_pass,1,1,1,0,1,0,818,828,10,0,82,83,1,1,in_interval_valid_face,-1,
-MeTTeMJBNc$_$7,25,have,1617,8.279999732971191,8.4399995803833,8.279999732971191,8.4399995803833,B_unique_word_overlap_in_mismatched_transcript,mfa_primary_unique_word_overlap_auto_qc_pass,1,1,1,0,1,0,828,844,16,0,83,85,2,2,in_interval_valid_face,-1,
-MeTTeMJBNc$_$7,26,it,1618,8.4399995803833,8.539999961853027,8.4399995803833,8.539999961853027,B_unique_word_overlap_in_mismatched_transcript,mfa_primary_unique_word_overlap_auto_qc_pass,1,1,1,0,1,0,844,854,10,0,85,86,1,1,in_interval_valid_face,-1,
-MeTTeMJBNc$_$7,27,put,1619,8.539999961853027,8.760000228881836,8.539999961853027,8.760000228881836,B_unique_word_overlap_in_mismatched_transcript,mfa_primary_unique_word_overlap_auto_qc_pass,1,1,1,1,1,0,854,877,23,15,86,88,2,2,in_interval_valid_face,-1,
-MeTTeMJBNc$_$7,28,in,1620,8.760000228881836,8.819999694824219,8.760000228881836,8.819999694824219,B_unique_word_overlap_in_mismatched_transcript,mfa_primary_unique_word_overlap_auto_qc_pass,1,1,1,1,1,0,877,882,5,5,88,89,1,1,in_interval_valid_face,-1,
-MeTTeMJBNc$_$7,29,a,1621,8.819999694824219,8.869999885559082,8.819999694824219,8.869999885559082,B_unique_word_overlap_in_mismatched_transcript,mfa_primary_unique_word_overlap_auto_qc_pass,1,1,1,1,0,1,882,887,5,5,89,89,0,0,no_visual_frame_in_interval,88,0.01999969482421804
-MeTTeMJBNc$_$7,30,beautiful,1622,8.869999885559082,9.300000190734863,8.869999885559082,9.300000190734863,B_unique_word_overlap_in_mismatched_transcript,mfa_primary_unique_word_overlap_auto_qc_pass,1,1,1,1,1,0,887,931,44,41,89,94,5,5,in_interval_valid_face,-1,
-MeTTeMJBNc$_$7,31,frame,1623,9.300000190734863,9.850000381469727,9.300000190734863,9.850000381469727,B_unique_word_overlap_in_mismatched_transcript,mfa_primary_unique_word_overlap_auto_qc_pass,1,1,1,1,1,0,931,986,55,47,94,99,5,5,in_interval_valid_face,-1,
-RfYyzHpjk4$_$11,1,So,1624,,,,,A_exact_transcript,mfa_whisper_discrepancy_over_0_5s_null_primary,1,0,0,0,0,0,-1,-1,0,0,-1,-1,0,0,no_primary_word_time,-1,
-RfYyzHpjk4$_$11,2,get,1625,,,,,A_exact_transcript,mfa_whisper_discrepancy_over_0_5s_null_primary,1,0,0,0,0,0,-1,-1,0,0,-1,-1,0,0,no_primary_word_time,-1,
-RfYyzHpjk4$_$11,3,your,1626,1.5199999809265137,1.590000033378601,1.5199999809265137,1.590000033378601,A_exact_transcript,mfa_primary_exact_transcript_auto_qc_pass,1,1,1,1,0,1,152,160,8,8,16,16,0,0,no_visual_frame_in_interval,16,0.009999966621399015
-RfYyzHpjk4$_$11,4,friends,1627,1.590000033378601,1.8799999952316284,1.590000033378601,1.8799999952316284,A_exact_transcript,mfa_primary_exact_transcript_auto_qc_pass,1,1,1,1,1,0,160,188,28,28,16,19,3,3,in_interval_valid_face,-1,
-RfYyzHpjk4$_$11,5,lined,1628,1.8799999952316284,2.1700000762939453,1.8799999952316284,2.1700000762939453,A_exact_transcript,mfa_primary_exact_transcript_auto_qc_pass,1,1,1,1,1,0,188,218,30,30,19,22,3,3,in_interval_valid_face,-1,
-RfYyzHpjk4$_$11,6,up,1629,2.1700000762939453,2.390000104904175,2.1700000762939453,2.390000104904175,A_exact_transcript,mfa_primary_exact_transcript_auto_qc_pass,1,1,1,1,1,0,218,240,22,18,22,24,2,2,in_interval_valid_face,-1,
-RfYyzHpjk4$_$11,7,get,1630,2.390000104904175,2.5799999237060547,2.390000104904175,2.5799999237060547,A_exact_transcript,mfa_primary_exact_transcript_auto_qc_pass,1,1,1,1,1,0,240,258,18,18,24,26,2,2,in_interval_valid_face,-1,
-RfYyzHpjk4$_$11,8,your,1631,2.5799999237060547,2.6500000953674316,2.5799999237060547,2.6500000953674316,A_exact_transcript,mfa_primary_exact_transcript_auto_qc_pass,1,1,1,1,1,0,258,266,8,8,26,27,1,1,in_interval_valid_face,-1,
-RfYyzHpjk4$_$11,9,business,1632,2.6500000953674316,2.940000057220459,2.6500000953674316,2.940000057220459,A_exact_transcript,mfa_primary_exact_transcript_auto_qc_pass,1,1,1,1,1,0,266,295,29,29,27,30,3,3,in_interval_valid_face,-1,
-RfYyzHpjk4$_$11,10,colleagues,1633,2.990000009536743,3.319999933242798,2.990000009536743,3.319999933242798,A_exact_transcript,mfa_primary_exact_transcript_auto_qc_pass,1,1,1,1,1,0,300,332,32,32,30,34,4,4,in_interval_valid_face,-1,
-RfYyzHpjk4$_$11,11,lined,1634,3.319999933242798,3.5899999141693115,3.319999933242798,3.5899999141693115,A_exact_transcript,mfa_primary_exact_transcript_auto_qc_pass,1,1,1,1,1,0,332,359,27,27,34,36,2,2,in_interval_valid_face,-1,
-RfYyzHpjk4$_$11,12,up,1635,3.5899999141693115,3.7200000286102295,3.5899999141693115,3.7200000286102295,A_exact_transcript,mfa_primary_exact_transcript_auto_qc_pass,1,1,1,1,1,0,359,373,14,14,36,38,2,2,in_interval_valid_face,-1,
-RfYyzHpjk4$_$11,13,and,1636,3.7699999809265137,3.859999895095825,3.7699999809265137,3.859999895095825,A_exact_transcript,mfa_primary_exact_transcript_auto_qc_pass,1,1,1,1,1,0,377,386,9,8,38,39,1,1,in_interval_valid_face,-1,
-RfYyzHpjk4$_$11,14,have,1637,3.859999895095825,4.03000020980835,3.859999895095825,4.03000020980835,A_exact_transcript,mfa_primary_exact_transcript_auto_qc_pass,1,1,1,1,1,0,386,404,18,18,39,41,2,2,in_interval_valid_face,-1,
-RfYyzHpjk4$_$11,15,a,1638,4.03000020980835,4.059999942779541,4.03000020980835,4.059999942779541,A_exact_transcript,mfa_primary_exact_transcript_auto_qc_pass,1,1,1,1,0,1,404,406,2,2,41,41,0,0,no_visual_frame_in_interval,40,0.03000020980834961
-RfYyzHpjk4$_$11,16,good,1639,4.059999942779541,4.260000228881836,4.059999942779541,4.260000228881836,A_exact_transcript,mfa_primary_exact_transcript_auto_qc_pass,1,1,1,1,1,0,406,427,21,21,41,43,2,2,in_interval_valid_face,-1,
-RfYyzHpjk4$_$11,17,time,1640,4.260000228881836,4.539999961853027,4.260000228881836,4.539999961853027,A_exact_transcript,mfa_primary_exact_transcript_auto_qc_pass,1,1,1,1,1,0,427,454,27,6,43,46,3,3,in_interval_valid_face,-1,
-RfYyzHpjk4$_$8,1,It's,1641,0.5,0.6000000238418579,0.5,0.6000000238418579,B_unique_word_overlap_in_mismatched_transcript,mfa_primary_unique_word_overlap_auto_qc_pass,1,1,1,0,1,0,50,61,11,0,5,7,2,2,in_interval_valid_face,-1,
-RfYyzHpjk4$_$8,2,pretty,1642,0.7200000286102295,0.9700000286102295,0.7200000286102295,0.9700000286102295,B_unique_word_overlap_in_mismatched_transcript,mfa_primary_unique_word_overlap_auto_qc_pass,1,1,1,1,1,0,73,98,25,25,8,10,2,2,in_interval_valid_face,-1,
-RfYyzHpjk4$_$8,3,pretty,1643,0.9700000286102295,1.2200000286102295,0.9700000286102295,1.2200000286102295,B_unique_word_overlap_in_mismatched_transcript,mfa_primary_unique_word_overlap_auto_qc_pass,1,1,1,1,1,0,98,123,25,25,10,13,3,3,in_interval_valid_face,-1,
-RfYyzHpjk4$_$8,4,easy,1644,1.2200000286102295,1.5399999618530273,1.2200000286102295,1.5399999618530273,B_unique_word_overlap_in_mismatched_transcript,mfa_primary_unique_word_overlap_auto_qc_pass,1,1,1,1,1,0,123,154,31,31,13,16,3,3,in_interval_valid_face,-1,
-RfYyzHpjk4$_$8,5,to,1645,1.5399999618530273,1.6399999856948853,1.5399999618530273,1.6399999856948853,B_unique_word_overlap_in_mismatched_transcript,mfa_primary_unique_word_overlap_auto_qc_pass,1,1,1,1,1,0,154,164,10,10,16,17,1,1,in_interval_valid_face,-1,
-RfYyzHpjk4$_$8,6,do,1646,1.6399999856948853,1.8799999952316284,1.6399999856948853,1.8799999952316284,B_unique_word_overlap_in_mismatched_transcript,mfa_primary_unique_word_overlap_auto_qc_pass,1,1,1,1,1,0,164,188,24,24,17,19,2,2,in_interval_valid_face,-1,
-RfYyzHpjk4$_$8,7,but,1647,1.909999966621399,2.049999952316284,1.909999966621399,2.049999952316284,B_unique_word_overlap_in_mismatched_transcript,mfa_primary_unique_word_overlap_auto_qc_pass,1,1,1,1,1,0,191,205,14,14,20,21,1,1,in_interval_valid_face,-1,
-RfYyzHpjk4$_$8,8,you,1648,,,,,,official_word_unmatched_or_ambiguous_in_asr,1,0,0,0,0,0,-1,-1,0,0,-1,-1,0,0,no_primary_word_time,-1,
-RfYyzHpjk4$_$8,9,got,1649,2.1500000953674316,2.2799999713897705,2.1500000953674316,2.2799999713897705,B_unique_word_overlap_in_mismatched_transcript,mfa_primary_unique_word_overlap_auto_qc_pass,1,1,1,1,1,0,216,228,12,12,22,23,1,1,in_interval_valid_face,-1,
-RfYyzHpjk4$_$8,10,to,1650,2.2799999713897705,2.369999885559082,2.2799999713897705,2.369999885559082,B_unique_word_overlap_in_mismatched_transcript,mfa_primary_unique_word_overlap_auto_qc_pass,1,1,1,1,1,0,228,237,9,9,23,24,1,1,in_interval_valid_face,-1,
-RfYyzHpjk4$_$8,11,set,1651,2.369999885559082,2.630000114440918,2.369999885559082,2.630000114440918,B_unique_word_overlap_in_mismatched_transcript,mfa_primary_unique_word_overlap_auto_qc_pass,1,1,1,1,1,0,237,264,27,27,24,27,3,3,in_interval_valid_face,-1,
-RfYyzHpjk4$_$8,12,up,1652,2.630000114440918,2.819999933242798,2.630000114440918,2.819999933242798,B_unique_word_overlap_in_mismatched_transcript,mfa_primary_unique_word_overlap_auto_qc_pass,1,1,1,1,1,0,264,282,18,16,27,29,2,2,in_interval_valid_face,-1,
-RfYyzHpjk4$_$8,13,those,1653,2.819999933242798,3.0,2.819999933242798,3.0,B_unique_word_overlap_in_mismatched_transcript,mfa_primary_unique_word_overlap_auto_qc_pass,1,1,1,1,1,0,282,300,18,18,29,30,1,1,in_interval_valid_face,-1,
-RfYyzHpjk4$_$8,14,numbers,1654,3.0,3.309999942779541,3.0,3.309999942779541,B_unique_word_overlap_in_mismatched_transcript,mfa_primary_unique_word_overlap_auto_qc_pass,1,1,1,1,1,0,300,331,31,31,30,34,4,4,in_interval_valid_face,-1,
-RfYyzHpjk4$_$8,15,ahead,1655,3.309999942779541,3.569999933242798,3.309999942779541,3.569999933242798,B_unique_word_overlap_in_mismatched_transcript,mfa_primary_unique_word_overlap_auto_qc_pass,1,1,1,1,1,0,331,357,26,26,34,36,2,2,in_interval_valid_face,-1,
-RfYyzHpjk4$_$8,16,of,1656,3.569999933242798,3.6700000762939453,3.569999933242798,3.6700000762939453,B_unique_word_overlap_in_mismatched_transcript,mfa_primary_unique_word_overlap_auto_qc_pass,1,1,1,1,1,0,357,368,11,11,36,37,1,1,in_interval_valid_face,-1,
-RfYyzHpjk4$_$8,17,time,1657,3.6700000762939453,3.990000009536743,3.6700000762939453,3.990000009536743,B_unique_word_overlap_in_mismatched_transcript,mfa_primary_unique_word_overlap_auto_qc_pass,1,1,1,1,1,0,368,400,32,12,37,40,3,3,in_interval_valid_face,-1,
-RfYyzHpjk4$_$2,1,You,1658,,,,,,official_word_unmatched_or_ambiguous_in_asr,1,0,0,0,0,0,-1,-1,0,0,-1,-1,0,0,no_primary_word_time,-1,
-RfYyzHpjk4$_$2,2,can,1659,0.6100000143051147,0.7300000190734863,0.6100000143051147,0.7300000190734863,B_unique_word_overlap_in_mismatched_transcript,mfa_primary_unique_word_overlap_auto_qc_pass,1,1,1,1,1,0,62,74,12,12,7,8,1,1,in_interval_valid_face,-1,
-RfYyzHpjk4$_$2,3,make,1660,0.7300000190734863,0.8999999761581421,0.7300000190734863,0.8999999761581421,B_unique_word_overlap_in_mismatched_transcript,mfa_primary_unique_word_overlap_auto_qc_pass,1,1,1,1,1,0,74,90,16,16,8,9,1,1,in_interval_valid_face,-1,
-RfYyzHpjk4$_$2,4,a,1661,0.8999999761581421,0.9399999976158142,0.8999999761581421,0.9399999976158142,B_unique_word_overlap_in_mismatched_transcript,mfa_primary_unique_word_overlap_auto_qc_pass,1,1,1,1,1,0,90,94,4,4,9,10,1,1,in_interval_valid_face,-1,
-RfYyzHpjk4$_$2,5,conference,1662,0.9399999976158142,1.3300000429153442,0.9399999976158142,1.3300000429153442,B_unique_word_overlap_in_mismatched_transcript,mfa_primary_unique_word_overlap_auto_qc_pass,1,1,1,1,1,0,94,134,40,40,10,14,4,3,in_interval_valid_face,-1,
-RfYyzHpjk4$_$2,6,call,1663,1.3300000429153442,1.5499999523162842,1.3300000429153442,1.5499999523162842,B_unique_word_overlap_in_mismatched_transcript,mfa_primary_unique_word_overlap_auto_qc_pass,1,1,1,1,1,0,134,155,21,21,14,16,2,2,in_interval_valid_face,-1,
-RfYyzHpjk4$_$2,7,but,1664,1.5499999523162842,1.6299999952316284,1.5499999523162842,1.6299999952316284,B_unique_word_overlap_in_mismatched_transcript,mfa_primary_unique_word_overlap_auto_qc_pass,1,1,1,1,1,0,155,163,8,8,16,17,1,1,in_interval_valid_face,-1,
-RfYyzHpjk4$_$2,8,it,1665,1.6299999952316284,1.75,1.6299999952316284,1.75,B_unique_word_overlap_in_mismatched_transcript,mfa_primary_unique_word_overlap_auto_qc_pass,1,1,1,1,1,0,163,175,12,12,17,18,1,1,in_interval_valid_face,-1,
-RfYyzHpjk4$_$2,9,takes,1666,1.75,1.9299999475479126,1.75,1.9299999475479126,B_unique_word_overlap_in_mismatched_transcript,mfa_primary_unique_word_overlap_auto_qc_pass,1,1,1,1,1,0,175,193,18,18,18,20,2,2,in_interval_valid_face,-1,
-RfYyzHpjk4$_$2,10,quite,1667,2.0399999618530273,2.240000009536743,2.0399999618530273,2.240000009536743,B_unique_word_overlap_in_mismatched_transcript,mfa_primary_unique_word_overlap_auto_qc_pass,1,1,1,1,1,0,204,225,21,21,21,23,2,2,in_interval_valid_face,-1,
-RfYyzHpjk4$_$2,11,a,1668,2.240000009536743,2.2799999713897705,2.240000009536743,2.2799999713897705,B_unique_word_overlap_in_mismatched_transcript,mfa_primary_unique_word_overlap_auto_qc_pass,1,1,1,1,0,1,225,228,3,3,23,23,0,0,no_visual_frame_in_interval,23,0.020000028610229315
-RfYyzHpjk4$_$2,12,bit,1669,2.2799999713897705,2.440000057220459,2.2799999713897705,2.440000057220459,B_unique_word_overlap_in_mismatched_transcript,mfa_primary_unique_word_overlap_auto_qc_pass,1,1,1,1,1,0,228,245,17,17,23,25,2,2,in_interval_valid_face,-1,
-RfYyzHpjk4$_$2,13,of,1670,2.440000057220459,2.5899999141693115,2.440000057220459,2.5899999141693115,B_unique_word_overlap_in_mismatched_transcript,mfa_primary_unique_word_overlap_auto_qc_pass,1,1,1,1,1,0,245,259,14,13,25,26,1,1,in_interval_valid_face,-1,
-RfYyzHpjk4$_$2,14,planning,1671,2.5899999141693115,2.8499999046325684,2.5899999141693115,2.8499999046325684,B_unique_word_overlap_in_mismatched_transcript,mfa_primary_unique_word_overlap_auto_qc_pass,1,1,1,1,1,0,259,285,26,24,26,29,3,3,in_interval_valid_face,-1,
-RfYyzHpjk4$_$2,15,well,1672,2.8499999046325684,2.940000057220459,2.8499999046325684,2.940000057220459,B_unique_word_overlap_in_mismatched_transcript,mfa_primary_unique_word_overlap_auto_qc_pass,1,1,1,1,1,0,285,295,10,10,29,30,1,1,in_interval_valid_face,-1,
-RfYyzHpjk4$_$2,16,not,1673,2.940000057220459,3.069999933242798,2.940000057220459,3.069999933242798,B_unique_word_overlap_in_mismatched_transcript,mfa_primary_unique_word_overlap_auto_qc_pass,1,1,1,1,1,0,295,307,12,12,30,31,1,1,in_interval_valid_face,-1,
-RfYyzHpjk4$_$2,17,a,1674,3.069999933242798,3.130000114440918,3.069999933242798,3.130000114440918,B_unique_word_overlap_in_mismatched_transcript,mfa_primary_unique_word_overlap_auto_qc_pass,1,1,1,1,1,0,307,314,7,6,31,32,1,1,in_interval_valid_face,-1,
-RfYyzHpjk4$_$2,18,lot,1675,3.130000114440918,3.3399999141693115,3.130000114440918,3.3399999141693115,B_unique_word_overlap_in_mismatched_transcript,mfa_primary_unique_word_overlap_auto_qc_pass,1,1,1,1,1,0,314,334,20,20,32,34,2,2,in_interval_valid_face,-1,
-RfYyzHpjk4$_$2,19,of,1676,3.3399999141693115,3.4700000286102295,3.3399999141693115,3.4700000286102295,B_unique_word_overlap_in_mismatched_transcript,mfa_primary_unique_word_overlap_auto_qc_pass,1,1,1,1,1,0,334,348,14,11,34,35,1,1,in_interval_valid_face,-1,
-RfYyzHpjk4$_$2,20,planning,1677,3.4700000286102295,3.7799999713897705,3.4700000286102295,3.7799999713897705,B_unique_word_overlap_in_mismatched_transcript,mfa_primary_unique_word_overlap_auto_qc_pass,1,1,1,1,1,0,348,378,30,24,35,38,3,3,in_interval_valid_face,-1,
-RfYyzHpjk4$_$2,21,it's,1678,3.7799999713897705,3.890000104904175,3.7799999713897705,3.890000104904175,B_unique_word_overlap_in_mismatched_transcript,mfa_primary_unique_word_overlap_auto_qc_pass,1,1,1,1,1,0,378,390,12,12,38,39,1,1,in_interval_valid_face,-1,
-RfYyzHpjk4$_$2,22,pretty,1679,3.890000104904175,4.170000076293945,3.890000104904175,4.170000076293945,B_unique_word_overlap_in_mismatched_transcript,mfa_primary_unique_word_overlap_auto_qc_pass,1,1,1,1,0,1,390,418,28,22,39,42,3,0,in_interval_frames_no_valid_face,42,0.029999923706054865
-RfYyzHpjk4$_$2,23,easy,1680,4.170000076293945,4.449999809265137,4.170000076293945,4.449999809265137,B_unique_word_overlap_in_mismatched_transcript,mfa_primary_unique_word_overlap_auto_qc_pass,1,1,1,1,1,0,418,445,27,27,42,45,3,3,in_interval_valid_face,-1,
-RfYyzHpjk4$_$2,24,to,1681,4.449999809265137,4.570000171661377,4.449999809265137,4.570000171661377,B_unique_word_overlap_in_mismatched_transcript,mfa_primary_unique_word_overlap_auto_qc_pass,1,1,1,1,1,0,445,458,13,13,45,46,1,1,in_interval_valid_face,-1,
-RfYyzHpjk4$_$2,25,do,1682,4.570000171661377,4.860000133514404,4.570000171661377,4.860000133514404,B_unique_word_overlap_in_mismatched_transcript,mfa_primary_unique_word_overlap_auto_qc_pass,1,1,1,1,1,0,458,487,29,29,46,49,3,3,in_interval_valid_face,-1,
-UUCSKoHeMA$_$0,1,I,1683,1.4199999570846558,1.5700000524520874,1.4199999570846558,1.5700000524520874,B_unique_word_overlap_in_mismatched_transcript,mfa_primary_unique_word_overlap_auto_qc_pass,1,1,1,1,1,0,142,158,16,10,15,16,1,1,in_interval_valid_face,-1,
-UUCSKoHeMA$_$0,2,mentioned,1684,1.5700000524520874,2.0299999713897705,1.5700000524520874,2.0299999713897705,B_unique_word_overlap_in_mismatched_transcript,mfa_primary_unique_word_overlap_auto_qc_pass,1,1,1,1,1,0,158,203,45,42,16,21,5,5,in_interval_valid_face,-1,
-UUCSKoHeMA$_$0,3,a,1685,2.0299999713897705,2.069999933242798,2.0299999713897705,2.069999933242798,B_unique_word_overlap_in_mismatched_transcript,mfa_primary_unique_word_overlap_auto_qc_pass,1,1,1,1,0,1,203,207,4,4,21,21,0,0,no_visual_frame_in_interval,20,0.029999971389770508
-UUCSKoHeMA$_$0,4,word,1686,2.069999933242798,2.5999999046325684,2.069999933242798,2.5999999046325684,B_unique_word_overlap_in_mismatched_transcript,mfa_primary_unique_word_overlap_auto_qc_pass,1,1,1,1,1,0,207,260,53,49,21,26,5,5,in_interval_valid_face,-1,
-UUCSKoHeMA$_$0,5,in,1687,2.640000104904175,2.759999990463257,2.640000104904175,2.759999990463257,B_unique_word_overlap_in_mismatched_transcript,mfa_primary_unique_word_overlap_auto_qc_pass,1,1,1,1,1,0,265,276,11,11,27,28,1,1,in_interval_valid_face,-1,
-UUCSKoHeMA$_$0,6,the,1688,2.759999990463257,2.859999895095825,2.759999990463257,2.859999895095825,B_unique_word_overlap_in_mismatched_transcript,mfa_primary_unique_word_overlap_auto_qc_pass,1,1,1,1,1,0,276,286,10,10,28,29,1,1,in_interval_valid_face,-1,
-UUCSKoHeMA$_$0,7,last,1689,2.859999895095825,3.2699999809265137,2.859999895095825,3.2699999809265137,B_unique_word_overlap_in_mismatched_transcript,mfa_primary_unique_word_overlap_auto_qc_pass,1,1,1,1,1,0,286,327,41,30,29,33,4,4,in_interval_valid_face,-1,
-UUCSKoHeMA$_$0,8,clip,1690,3.2699999809265137,3.7100000381469727,3.2699999809265137,3.7100000381469727,B_unique_word_overlap_in_mismatched_transcript,mfa_primary_unique_word_overlap_auto_qc_pass,1,1,1,0,1,0,327,372,45,0,33,38,5,5,in_interval_valid_face,-1,
-UUCSKoHeMA$_$0,9,called,1691,3.7100000381469727,4.050000190734863,3.7100000381469727,4.050000190734863,B_unique_word_overlap_in_mismatched_transcript,mfa_primary_unique_word_overlap_auto_qc_pass,1,1,1,1,1,0,372,406,34,26,38,41,3,3,in_interval_valid_face,-1,
-UUCSKoHeMA$_$0,10,monotone,1692,4.050000190734863,5.090000152587891,4.050000190734863,5.090000152587891,B_unique_word_overlap_in_mismatched_transcript,mfa_primary_unique_word_overlap_auto_qc_pass,1,1,1,1,1,0,406,510,104,79,41,51,10,10,in_interval_valid_face,-1,
-UUCSKoHeMA$_$0,11,and,1693,5.440000057220459,5.559999942779541,5.440000057220459,5.559999942779541,B_unique_word_overlap_in_mismatched_transcript,mfa_primary_unique_word_overlap_auto_qc_pass,1,1,1,1,1,0,545,556,11,11,55,56,1,1,in_interval_valid_face,-1,
-UUCSKoHeMA$_$0,12,I,1694,5.559999942779541,5.599999904632568,5.559999942779541,5.599999904632568,B_unique_word_overlap_in_mismatched_transcript,mfa_primary_unique_word_overlap_auto_qc_pass,1,1,1,1,0,1,556,560,4,4,56,56,0,0,no_visual_frame_in_interval,56,9.536743128535363e-08
-UUCSKoHeMA$_$0,13,want,1695,5.599999904632568,5.869999885559082,5.599999904632568,5.869999885559082,B_unique_word_overlap_in_mismatched_transcript,mfa_primary_unique_word_overlap_auto_qc_pass,1,1,1,1,1,0,560,587,27,27,56,59,3,3,in_interval_valid_face,-1,
-UUCSKoHeMA$_$0,14,to,1696,5.869999885559082,5.940000057220459,5.869999885559082,5.940000057220459,B_unique_word_overlap_in_mismatched_transcript,mfa_primary_unique_word_overlap_auto_qc_pass,1,1,1,1,1,0,587,595,8,8,59,60,1,1,in_interval_valid_face,-1,
-UUCSKoHeMA$_$0,15,talk,1697,5.940000057220459,6.150000095367432,5.940000057220459,6.150000095367432,B_unique_word_overlap_in_mismatched_transcript,mfa_primary_unique_word_overlap_auto_qc_pass,1,1,1,1,1,0,595,616,21,17,60,62,2,2,in_interval_valid_face,-1,
-UUCSKoHeMA$_$0,16,about,1698,6.150000095367432,6.46999979019165,6.150000095367432,6.46999979019165,B_unique_word_overlap_in_mismatched_transcript,mfa_primary_unique_word_overlap_auto_qc_pass,1,1,1,1,1,0,616,647,31,1,62,65,3,3,in_interval_valid_face,-1,
-UUCSKoHeMA$_$0,17,that,1699,6.46999979019165,6.71999979019165,6.46999979019165,6.71999979019165,B_unique_word_overlap_in_mismatched_transcript,mfa_primary_unique_word_overlap_auto_qc_pass,1,1,1,1,1,0,647,672,25,12,65,68,3,3,in_interval_valid_face,-1,
-UUCSKoHeMA$_$0,18,briefly,1700,6.71999979019165,7.28000020980835,6.71999979019165,7.28000020980835,B_unique_word_overlap_in_mismatched_transcript,mfa_primary_unique_word_overlap_auto_qc_pass,1,1,1,1,1,0,672,729,57,51,68,73,5,5,in_interval_valid_face,-1,
-ri04Z7vwnc$_$0,1,going,1701,,,,,,official_word_unmatched_or_ambiguous_in_asr,1,0,0,0,0,0,-1,-1,0,0,-1,-1,0,0,no_primary_word_time,-1,
-ri04Z7vwnc$_$0,2,to,1702,,,,,,official_word_unmatched_or_ambiguous_in_asr,1,0,0,0,0,0,-1,-1,0,0,-1,-1,0,0,no_primary_word_time,-1,
-ri04Z7vwnc$_$0,3,get,1703,,,,,,official_word_unmatched_or_ambiguous_in_asr,1,0,0,0,0,0,-1,-1,0,0,-1,-1,0,0,no_primary_word_time,-1,
-ri04Z7vwnc$_$0,4,married,1704,,,,,,official_word_unmatched_or_ambiguous_in_asr,1,0,0,0,0,0,-1,-1,0,0,-1,-1,0,0,no_primary_word_time,-1,
-ri04Z7vwnc$_$0,5,or,1705,,,,,,official_word_unmatched_or_ambiguous_in_asr,1,0,0,0,0,0,-1,-1,0,0,-1,-1,0,0,no_primary_word_time,-1,
-ri04Z7vwnc$_$0,6,are,1706,,,,,,official_word_unmatched_or_ambiguous_in_asr,1,0,0,0,0,0,-1,-1,0,0,-1,-1,0,0,no_primary_word_time,-1,
-ri04Z7vwnc$_$0,7,already,1707,,,,,,official_word_unmatched_or_ambiguous_in_asr,1,0,0,0,0,0,-1,-1,0,0,-1,-1,0,0,no_primary_word_time,-1,
-ri04Z7vwnc$_$0,8,married,1708,,,,,,official_word_unmatched_or_ambiguous_in_asr,1,0,0,0,0,0,-1,-1,0,0,-1,-1,0,0,no_primary_word_time,-1,
-ri04Z7vwnc$_$2,1,most,1709,,,,,,official_word_unmatched_or_ambiguous_in_asr,1,0,0,0,0,0,-1,-1,0,0,-1,-1,0,0,no_primary_word_time,-1,
-ri04Z7vwnc$_$2,2,people,1710,,,,,,official_word_unmatched_or_ambiguous_in_asr,1,0,0,0,0,0,-1,-1,0,0,-1,-1,0,0,no_primary_word_time,-1,
-ri04Z7vwnc$_$2,3,think,1711,,,,,,official_word_unmatched_or_ambiguous_in_asr,1,0,0,0,0,0,-1,-1,0,0,-1,-1,0,0,no_primary_word_time,-1,
-ri04Z7vwnc$_$2,4,it'll,1712,,,,,,official_word_unmatched_or_ambiguous_in_asr,1,0,0,0,0,0,-1,-1,0,0,-1,-1,0,0,no_primary_word_time,-1,
-ri04Z7vwnc$_$2,5,sort,1713,,,,,,official_word_unmatched_or_ambiguous_in_asr,1,0,0,0,0,0,-1,-1,0,0,-1,-1,0,0,no_primary_word_time,-1,
-ri04Z7vwnc$_$2,6,itself,1714,,,,,,official_word_unmatched_or_ambiguous_in_asr,1,0,0,0,0,0,-1,-1,0,0,-1,-1,0,0,no_primary_word_time,-1,
-ri04Z7vwnc$_$2,7,out,1715,,,,,,official_word_unmatched_or_ambiguous_in_asr,1,0,0,0,0,0,-1,-1,0,0,-1,-1,0,0,no_primary_word_time,-1,
-ri04Z7vwnc$_$2,8,we'll,1716,,,,,,official_word_unmatched_or_ambiguous_in_asr,1,0,0,0,0,0,-1,-1,0,0,-1,-1,0,0,no_primary_word_time,-1,
-ri04Z7vwnc$_$2,9,discuss,1717,,,,,,official_word_unmatched_or_ambiguous_in_asr,1,0,0,0,0,0,-1,-1,0,0,-1,-1,0,0,no_primary_word_time,-1,
-ri04Z7vwnc$_$2,10,it,1718,,,,,,official_word_unmatched_or_ambiguous_in_asr,1,0,0,0,0,0,-1,-1,0,0,-1,-1,0,0,no_primary_word_time,-1,
-ri04Z7vwnc$_$2,11,later,1719,,,,,,official_word_unmatched_or_ambiguous_in_asr,1,0,0,0,0,0,-1,-1,0,0,-1,-1,0,0,no_primary_word_time,-1,
-ri04Z7vwnc$_$2,12,it's,1720,,,,,,official_word_unmatched_or_ambiguous_in_asr,1,0,0,0,0,0,-1,-1,0,0,-1,-1,0,0,no_primary_word_time,-1,
-ri04Z7vwnc$_$2,13,not,1721,,,,,,official_word_unmatched_or_ambiguous_in_asr,1,0,0,0,0,0,-1,-1,0,0,-1,-1,0,0,no_primary_word_time,-1,
-ri04Z7vwnc$_$2,14,something,1722,,,,,,official_word_unmatched_or_ambiguous_in_asr,1,0,0,0,0,0,-1,-1,0,0,-1,-1,0,0,no_primary_word_time,-1,
-ri04Z7vwnc$_$2,15,too,1723,,,,,,official_word_unmatched_or_ambiguous_in_asr,1,0,0,0,0,0,-1,-1,0,0,-1,-1,0,0,no_primary_word_time,-1,
-ri04Z7vwnc$_$2,16,important,1724,,,,,,official_word_unmatched_or_ambiguous_in_asr,1,0,0,0,0,0,-1,-1,0,0,-1,-1,0,0,no_primary_word_time,-1,
-ri04Z7vwnc$_$5,1,So,1725,,,,,,official_word_unmatched_or_ambiguous_in_asr,1,0,0,0,0,0,-1,-1,0,0,-1,-1,0,0,no_primary_word_time,-1,
-ri04Z7vwnc$_$5,2,I,1726,,,,,,official_word_unmatched_or_ambiguous_in_asr,1,0,0,0,0,0,-1,-1,0,0,-1,-1,0,0,no_primary_word_time,-1,
-ri04Z7vwnc$_$5,3,think,1727,,,,,,official_word_unmatched_or_ambiguous_in_asr,1,0,0,0,0,0,-1,-1,0,0,-1,-1,0,0,no_primary_word_time,-1,
-ri04Z7vwnc$_$5,4,it's,1728,,,,,,official_word_unmatched_or_ambiguous_in_asr,1,0,0,0,0,0,-1,-1,0,0,-1,-1,0,0,no_primary_word_time,-1,
-ri04Z7vwnc$_$5,5,important,1729,3.069999933242798,3.43975,3.069999933242798,3.43975,B_unique_word_overlap_in_mismatched_transcript,mfa_primary_unique_word_overlap_auto_qc_pass,1,1,1,0,1,0,307,344,37,0,31,34,3,3,in_interval_valid_face,-1,
-ri04Z7vwnc$_$5,6,to,1730,,,,,,official_word_unmatched_or_ambiguous_in_asr,1,0,0,0,0,0,-1,-1,0,0,-1,-1,0,0,no_primary_word_time,-1,
-ri04Z7vwnc$_$5,7,discuss,1731,,,,,,official_word_unmatched_or_ambiguous_in_asr,1,0,0,0,0,0,-1,-1,0,0,-1,-1,0,0,no_primary_word_time,-1,
-ri04Z7vwnc$_$5,8,finances,1732,,,,,,official_word_unmatched_or_ambiguous_in_asr,1,0,0,0,0,0,-1,-1,0,0,-1,-1,0,0,no_primary_word_time,-1,
-s9qJ7ATP7w$_$1,1,But,1733,,,,,,official_word_unmatched_or_ambiguous_in_asr,1,0,0,0,0,0,-1,-1,0,0,-1,-1,0,0,no_primary_word_time,-1,
-s9qJ7ATP7w$_$1,2,the,1734,,,,,B_unique_word_overlap_in_mismatched_transcript,mfa_whisper_discrepancy_over_0_5s_null_primary,1,0,0,0,0,0,-1,-1,0,0,-1,-1,0,0,no_primary_word_time,-1,
-s9qJ7ATP7w$_$1,3,hardest,1735,,,,,B_unique_word_overlap_in_mismatched_transcript,mfa_whisper_discrepancy_over_0_5s_null_primary,1,0,0,0,0,0,-1,-1,0,0,-1,-1,0,0,no_primary_word_time,-1,
-s9qJ7ATP7w$_$1,4,thing,1736,1.7599999904632568,1.909999966621399,1.7599999904632568,1.909999966621399,B_unique_word_overlap_in_mismatched_transcript,mfa_primary_unique_word_overlap_auto_qc_pass,1,1,1,1,1,0,176,191,15,15,18,20,2,1,in_interval_valid_face,-1,
-s9qJ7ATP7w$_$1,5,in,1737,1.909999966621399,1.9700000286102295,1.909999966621399,1.9700000286102295,B_unique_word_overlap_in_mismatched_transcript,mfa_primary_unique_word_overlap_auto_qc_pass,1,1,1,1,0,1,191,198,7,7,20,20,0,0,no_visual_frame_in_interval,20,0.029999971389770508
-s9qJ7ATP7w$_$1,6,life,1738,1.9700000286102295,2.180000066757202,1.9700000286102295,2.180000066757202,B_unique_word_overlap_in_mismatched_transcript,mfa_primary_unique_word_overlap_auto_qc_pass,1,1,1,1,1,0,198,219,21,18,20,22,2,2,in_interval_valid_face,-1,
-s9qJ7ATP7w$_$1,7,to,1739,2.180000066757202,2.2699999809265137,2.180000066757202,2.2699999809265137,B_unique_word_overlap_in_mismatched_transcript,mfa_primary_unique_word_overlap_auto_qc_pass,1,1,1,1,1,0,219,227,8,6,22,23,1,1,in_interval_valid_face,-1,
-s9qJ7ATP7w$_$1,8,learn,1740,2.2699999809265137,2.8399999141693115,2.2699999809265137,2.8399999141693115,B_unique_word_overlap_in_mismatched_transcript,mfa_primary_unique_word_overlap_auto_qc_pass,1,1,1,1,1,0,227,284,57,42,23,29,6,6,in_interval_valid_face,-1,
-s9qJ7ATP7w$_$1,9,is,1741,,,,,B_unique_word_overlap_in_mismatched_transcript,mfa_whisper_discrepancy_over_0_5s_null_primary,1,0,0,0,0,0,-1,-1,0,0,-1,-1,0,0,no_primary_word_time,-1,
-s9qJ7ATP7w$_$1,10,to,1742,3.2100000381469727,3.3299999237060547,3.2100000381469727,3.3299999237060547,B_unique_word_overlap_in_mismatched_transcript,mfa_primary_unique_word_overlap_auto_qc_pass,1,1,1,1,1,0,322,333,11,9,33,34,1,1,in_interval_valid_face,-1,
-s9qJ7ATP7w$_$1,11,lose,1743,3.3299999237060547,3.7100000381469727,3.3299999237060547,3.7100000381469727,B_unique_word_overlap_in_mismatched_transcript,mfa_primary_unique_word_overlap_auto_qc_pass,1,1,1,1,1,0,333,372,39,17,34,38,4,2,in_interval_valid_face,-1,
-s9qJ7ATP7w$_$0,1,they,1744,0.0,0.09000000357627869,0.0,0.09000000357627869,B_unique_word_overlap_in_mismatched_transcript,mfa_primary_unique_word_overlap_auto_qc_pass,1,1,1,1,1,0,0,10,10,10,0,1,1,1,in_interval_valid_face,-1,
-s9qJ7ATP7w$_$0,2,have,1745,0.09000000357627869,0.3199999928474426,0.09000000357627869,0.3199999928474426,B_unique_word_overlap_in_mismatched_transcript,mfa_primary_unique_word_overlap_auto_qc_pass,1,1,1,1,1,0,10,32,22,21,1,4,3,3,in_interval_valid_face,-1,
-s9qJ7ATP7w$_$0,3,doubt,1746,0.3199999928474426,0.6600000262260437,0.3199999928474426,0.6600000262260437,B_unique_word_overlap_in_mismatched_transcript,mfa_primary_unique_word_overlap_auto_qc_pass,1,1,1,1,1,0,32,67,35,29,4,7,3,3,in_interval_valid_face,-1,
-s9qJ7ATP7w$_$0,4,they,1747,0.6600000262260437,0.7699999809265137,0.6600000262260437,0.7699999809265137,B_unique_word_overlap_in_mismatched_transcript,mfa_primary_unique_word_overlap_auto_qc_pass,1,1,1,1,1,0,67,77,10,9,7,8,1,1,in_interval_valid_face,-1,
-s9qJ7ATP7w$_$0,5,have,1748,0.7699999809265137,0.9700000286102295,0.7699999809265137,0.9700000286102295,B_unique_word_overlap_in_mismatched_transcript,mfa_primary_unique_word_overlap_auto_qc_pass,1,1,1,1,1,0,77,98,21,21,8,10,2,2,in_interval_valid_face,-1,
-s9qJ7ATP7w$_$0,6,fear,1749,0.9700000286102295,1.440000057220459,0.9700000286102295,1.440000057220459,B_unique_word_overlap_in_mismatched_transcript,mfa_primary_unique_word_overlap_auto_qc_pass,1,1,1,1,1,0,98,145,47,38,10,15,5,5,in_interval_valid_face,-1,
-s9qJ7ATP7w$_$0,7,they,1750,,,,,,official_word_unmatched_or_ambiguous_in_asr,1,0,0,0,0,0,-1,-1,0,0,-1,-1,0,0,no_primary_word_time,-1,
-s9qJ7ATP7w$_$0,8,lose,1751,,,,,,official_word_unmatched_or_ambiguous_in_asr,1,0,0,0,0,0,-1,-1,0,0,-1,-1,0,0,no_primary_word_time,-1,
-s9qJ7ATP7w$_$0,9,in,1752,,,,,,official_word_unmatched_or_ambiguous_in_asr,1,0,0,0,0,0,-1,-1,0,0,-1,-1,0,0,no_primary_word_time,-1,
-s9qJ7ATP7w$_$0,10,a,1753,2.2300000190734863,2.2799999713897705,2.2300000190734863,2.2799999713897705,B_unique_word_overlap_in_mismatched_transcript,mfa_primary_unique_word_overlap_auto_qc_pass,1,1,1,1,0,1,224,228,4,4,23,23,0,0,no_visual_frame_in_interval,23,0.020000028610229315
-s9qJ7ATP7w$_$0,11,Ferrari,1754,2.2799999713897705,2.7799999713897705,2.2799999713897705,2.7799999713897705,B_unique_word_overlap_in_mismatched_transcript,mfa_primary_unique_word_overlap_auto_qc_pass,1,1,1,1,1,0,228,278,50,48,23,28,5,5,in_interval_valid_face,-1,
-s9qJ7ATP7w$_$0,12,race,1755,2.7799999713897705,3.140000104904175,2.7799999713897705,3.140000104904175,B_unique_word_overlap_in_mismatched_transcript,mfa_primary_unique_word_overlap_auto_qc_pass,1,1,1,1,1,0,278,315,37,36,28,32,4,4,in_interval_valid_face,-1,
-s9qJ7ATP7w$_$0,13,or,1756,3.140000104904175,3.200000047683716,3.140000104904175,3.200000047683716,B_unique_word_overlap_in_mismatched_transcript,mfa_primary_unique_word_overlap_auto_qc_pass,1,1,1,1,1,0,315,321,6,6,32,33,1,1,in_interval_valid_face,-1,
-s9qJ7ATP7w$_$0,14,they,1757,,,,,,official_word_unmatched_or_ambiguous_in_asr,1,0,0,0,0,0,-1,-1,0,0,-1,-1,0,0,no_primary_word_time,-1,
-s9qJ7ATP7w$_$0,15,lose,1758,,,,,,official_word_unmatched_or_ambiguous_in_asr,1,0,0,0,0,0,-1,-1,0,0,-1,-1,0,0,no_primary_word_time,-1,
-s9qJ7ATP7w$_$0,16,in,1759,,,,,,official_word_unmatched_or_ambiguous_in_asr,1,0,0,0,0,0,-1,-1,0,0,-1,-1,0,0,no_primary_word_time,-1,
-s9qJ7ATP7w$_$0,17,a,1760,3.9000000953674316,4.269999980926514,3.9000000953674316,4.269999980926514,B_unique_word_overlap_in_mismatched_transcript,mfa_primary_unique_word_overlap_auto_qc_pass,1,1,1,1,1,0,391,427,36,32,40,43,3,3,in_interval_valid_face,-1,
-s9qJ7ATP7w$_$0,18,race,1761,4.420000076293945,4.880000114440918,4.420000076293945,4.880000114440918,B_unique_word_overlap_in_mismatched_transcript,mfa_primary_unique_word_overlap_auto_qc_pass,1,1,1,0,1,0,443,489,46,0,45,49,4,4,in_interval_valid_face,-1,
-s9qJ7ATP7w$_$0,19,and,1762,5.170000076293945,5.289999961853027,5.170000076293945,5.289999961853027,B_unique_word_overlap_in_mismatched_transcript,mfa_primary_unique_word_overlap_auto_qc_pass,1,1,1,1,1,0,518,529,11,11,52,53,1,1,in_interval_valid_face,-1,
-s9qJ7ATP7w$_$0,20,then,1763,5.289999961853027,5.409999847412109,5.289999961853027,5.409999847412109,B_unique_word_overlap_in_mismatched_transcript,mfa_primary_unique_word_overlap_auto_qc_pass,1,1,1,1,1,0,529,541,12,12,53,55,2,2,in_interval_valid_face,-1,
-s9qJ7ATP7w$_$0,21,they,1764,5.409999847412109,5.519999980926514,5.409999847412109,5.519999980926514,B_unique_word_overlap_in_mismatched_transcript,mfa_primary_unique_word_overlap_auto_qc_pass,1,1,1,1,1,0,541,552,11,11,55,56,1,1,in_interval_valid_face,-1,
-s9qJ7ATP7w$_$0,22,just,1765,5.519999980926514,5.760000228881836,5.519999980926514,5.760000228881836,B_unique_word_overlap_in_mismatched_transcript,mfa_primary_unique_word_overlap_auto_qc_pass,1,1,1,1,1,0,552,577,25,20,56,58,2,2,in_interval_valid_face,-1,
-s9qJ7ATP7w$_$0,23,give,1766,5.760000228881836,5.929999828338623,5.760000228881836,5.929999828338623,B_unique_word_overlap_in_mismatched_transcript,mfa_primary_unique_word_overlap_auto_qc_pass,1,1,1,1,1,0,577,593,16,15,58,60,2,2,in_interval_valid_face,-1,
-s9qJ7ATP7w$_$0,24,up,1767,5.929999828338623,6.159999847412109,5.929999828338623,6.159999847412109,B_unique_word_overlap_in_mismatched_transcript,mfa_primary_unique_word_overlap_auto_qc_pass,1,1,1,1,1,0,593,616,23,22,60,62,2,2,in_interval_valid_face,-1,
-s9qJ7ATP7w$_$5,1,I,1768,1.1200000047683716,1.2599999904632568,1.1200000047683716,1.2599999904632568,B_unique_word_overlap_in_mismatched_transcript,mfa_primary_unique_word_overlap_auto_qc_pass,1,1,1,1,1,0,113,126,13,6,12,13,1,1,in_interval_valid_face,-1,
-s9qJ7ATP7w$_$5,2,have,1769,1.2599999904632568,1.4600000381469727,1.2599999904632568,1.4600000381469727,B_unique_word_overlap_in_mismatched_transcript,mfa_primary_unique_word_overlap_auto_qc_pass,1,1,1,1,1,0,126,147,21,21,13,15,2,2,in_interval_valid_face,-1,
-s9qJ7ATP7w$_$5,3,been,1770,1.4600000381469727,1.7300000190734863,1.4600000381469727,1.7300000190734863,B_unique_word_overlap_in_mismatched_transcript,mfa_primary_unique_word_overlap_auto_qc_pass,1,1,1,1,1,0,147,174,27,25,15,18,3,3,in_interval_valid_face,-1,
-s9qJ7ATP7w$_$5,4,beat,1771,1.7300000190734863,2.009999990463257,1.7300000190734863,2.009999990463257,B_unique_word_overlap_in_mismatched_transcript,mfa_primary_unique_word_overlap_auto_qc_pass,1,1,1,1,1,0,174,201,27,26,18,21,3,3,in_interval_valid_face,-1,
-s9qJ7ATP7w$_$5,5,up,1772,2.009999990463257,2.4800000190734863,2.009999990463257,2.4800000190734863,B_unique_word_overlap_in_mismatched_transcript,mfa_primary_unique_word_overlap_auto_qc_pass,1,1,1,1,1,0,201,249,48,41,21,25,4,4,in_interval_valid_face,-1,
-s9qJ7ATP7w$_$5,6,and,1773,2.4800000190734863,2.809999942779541,2.4800000190734863,2.809999942779541,B_unique_word_overlap_in_mismatched_transcript,mfa_primary_unique_word_overlap_auto_qc_pass,1,1,1,1,1,0,249,281,32,22,25,29,4,4,in_interval_valid_face,-1,
-s9qJ7ATP7w$_$5,7,put,1774,2.809999942779541,3.059999942779541,2.809999942779541,3.059999942779541,B_unique_word_overlap_in_mismatched_transcript,mfa_primary_unique_word_overlap_auto_qc_pass,1,1,1,1,1,0,281,306,25,18,29,31,2,2,in_interval_valid_face,-1,
-s9qJ7ATP7w$_$5,8,down,1775,3.059999942779541,3.690000057220459,3.059999942779541,3.690000057220459,B_unique_word_overlap_in_mismatched_transcript,mfa_primary_unique_word_overlap_auto_qc_pass,1,1,1,1,1,0,306,370,64,55,31,37,6,6,in_interval_valid_face,-1,
-s9qJ7ATP7w$_$5,9,and,1776,3.7200000286102295,4.070000171661377,3.7200000286102295,4.070000171661377,B_unique_word_overlap_in_mismatched_transcript,mfa_primary_unique_word_overlap_auto_qc_pass,1,1,1,1,1,0,373,408,35,35,38,41,3,3,in_interval_valid_face,-1,
-s9qJ7ATP7w$_$5,10,everything,1777,,,,,B_unique_word_overlap_in_mismatched_transcript,mfa_whisper_discrepancy_over_0_5s_null_primary,1,0,0,0,0,0,-1,-1,0,0,-1,-1,0,0,no_primary_word_time,-1,
-s9qJ7ATP7w$_$5,11,that,1778,5.239999771118164,5.400000095367432,5.239999771118164,5.400000095367432,B_unique_word_overlap_in_mismatched_transcript,mfa_primary_unique_word_overlap_auto_qc_pass,1,1,1,1,1,0,524,541,17,16,53,55,2,2,in_interval_valid_face,-1,
-s9qJ7ATP7w$_$5,12,can,1779,5.400000095367432,5.570000171661377,5.400000095367432,5.570000171661377,B_unique_word_overlap_in_mismatched_transcript,mfa_primary_unique_word_overlap_auto_qc_pass,1,1,1,1,1,0,541,558,17,17,55,56,1,1,in_interval_valid_face,-1,
-s9qJ7ATP7w$_$5,13,go,1780,5.570000171661377,5.760000228881836,5.570000171661377,5.760000228881836,B_unique_word_overlap_in_mismatched_transcript,mfa_primary_unique_word_overlap_auto_qc_pass,1,1,1,1,1,0,558,577,19,19,56,58,2,2,in_interval_valid_face,-1,
-s9qJ7ATP7w$_$5,14,wrong,1781,5.760000228881836,6.429999828338623,5.760000228881836,6.429999828338623,B_unique_word_overlap_in_mismatched_transcript,mfa_primary_unique_word_overlap_auto_qc_pass,1,1,1,1,1,0,577,643,66,42,58,65,7,7,in_interval_valid_face,-1,
-s9qJ7ATP7w$_$5,15,has,1782,6.679999828338623,6.829999923706055,6.679999828338623,6.829999923706055,B_unique_word_overlap_in_mismatched_transcript,mfa_primary_unique_word_overlap_auto_qc_pass,1,1,1,0,1,0,668,683,15,0,67,69,2,2,in_interval_valid_face,-1,
-s9qJ7ATP7w$_$5,16,gone,1783,6.829999923706055,7.090000152587891,6.829999923706055,7.090000152587891,B_unique_word_overlap_in_mismatched_transcript,mfa_primary_unique_word_overlap_auto_qc_pass,1,1,1,1,1,0,683,710,27,13,69,71,2,2,in_interval_valid_face,-1,
-s9qJ7ATP7w$_$5,17,wrong,1784,7.090000152587891,7.409999847412109,7.090000152587891,7.409999847412109,B_unique_word_overlap_in_mismatched_transcript,mfa_primary_unique_word_overlap_auto_qc_pass,1,1,1,1,1,0,710,741,31,31,71,75,4,4,in_interval_valid_face,-1,
-s9qJ7ATP7w$_$5,18,for,1785,7.409999847412109,7.659999847412109,7.409999847412109,7.659999847412109,B_unique_word_overlap_in_mismatched_transcript,mfa_primary_unique_word_overlap_auto_qc_pass,1,1,1,1,1,0,741,766,25,16,75,77,2,2,in_interval_valid_face,-1,
-s9qJ7ATP7w$_$5,19,me,1786,7.659999847412109,7.849999904632568,7.659999847412109,7.849999904632568,B_unique_word_overlap_in_mismatched_transcript,mfa_primary_unique_word_overlap_auto_qc_pass,1,1,1,1,1,0,766,785,19,19,77,79,2,2,in_interval_valid_face,-1,
-s9qJ7ATP7w$_$4,1,I,1787,0.5400000214576721,0.6700000166893005,0.5400000214576721,0.6700000166893005,B_unique_word_overlap_in_mismatched_transcript,mfa_primary_unique_word_overlap_auto_qc_pass,1,1,1,0,0,0,55,68,13,0,6,7,1,0,in_interval_frames_no_valid_face,4,0.1400000214576721
-s9qJ7ATP7w$_$4,2,have,1788,0.6700000166893005,0.8600000143051147,0.6700000166893005,0.8600000143051147,B_unique_word_overlap_in_mismatched_transcript,mfa_primary_unique_word_overlap_auto_qc_pass,1,1,1,1,0,0,68,87,19,17,7,9,2,0,in_interval_frames_no_valid_face,4,0.2700000166893005
-s9qJ7ATP7w$_$4,3,lost,1789,0.8600000143051147,1.2300000190734863,0.8600000143051147,1.2300000190734863,B_unique_word_overlap_in_mismatched_transcript,mfa_primary_unique_word_overlap_auto_qc_pass,1,1,1,1,0,0,87,124,37,26,9,13,4,0,in_interval_frames_no_valid_face,4,0.4600000143051147
-s9qJ7ATP7w$_$4,4,at,1790,,,,,,official_word_unmatched_or_ambiguous_in_asr,1,0,0,0,0,0,-1,-1,0,0,-1,-1,0,0,no_primary_word_time,-1,
-s9qJ7ATP7w$_$4,5,everything,1791,1.600000023841858,2.109999895095825,1.600000023841858,2.109999895095825,B_unique_word_overlap_in_mismatched_transcript,mfa_primary_unique_word_overlap_auto_qc_pass,1,1,1,1,1,0,161,211,50,50,17,22,5,2,in_interval_valid_face,-1,
-s9qJ7ATP7w$_$4,6,you,1792,2.109999895095825,2.2300000190734863,2.109999895095825,2.2300000190734863,B_unique_word_overlap_in_mismatched_transcript,mfa_primary_unique_word_overlap_auto_qc_pass,1,1,1,1,1,0,211,224,13,13,22,23,1,1,in_interval_valid_face,-1,
-s9qJ7ATP7w$_$4,7,can,1793,2.2300000190734863,2.4000000953674316,2.2300000190734863,2.4000000953674316,B_unique_word_overlap_in_mismatched_transcript,mfa_primary_unique_word_overlap_auto_qc_pass,1,1,1,1,1,0,224,241,17,7,23,25,2,2,in_interval_valid_face,-1,
-s9qJ7ATP7w$_$4,8,imagine,1794,2.4000000953674316,2.9100000858306885,2.4000000953674316,2.9100000858306885,B_unique_word_overlap_in_mismatched_transcript,mfa_primary_unique_word_overlap_auto_qc_pass,1,1,1,1,1,0,241,292,51,37,25,30,5,5,in_interval_valid_face,-1,
-s9qJ7ATP7w$_$4,9,seriously,1795,2.9100000858306885,3.430000066757202,2.9100000858306885,3.430000066757202,B_unique_word_overlap_in_mismatched_transcript,mfa_primary_unique_word_overlap_auto_qc_pass,1,1,1,1,1,0,292,344,52,37,30,35,5,5,in_interval_valid_face,-1,
-s9qJ7ATP7w$_$7,1,I,1796,0.0,0.14000000059604645,0.0,0.14000000059604645,B_unique_word_overlap_in_mismatched_transcript,mfa_primary_unique_word_overlap_auto_qc_pass,1,1,1,0,1,0,0,15,15,0,0,2,2,2,in_interval_valid_face,-1,
-s9qJ7ATP7w$_$7,2,used,1797,0.550000011920929,0.7799999713897705,0.550000011920929,0.7799999713897705,B_unique_word_overlap_in_mismatched_transcript,mfa_primary_unique_word_overlap_auto_qc_pass,1,1,1,1,0,0,56,78,22,19,6,8,2,0,in_interval_frames_no_valid_face,1,0.450000011920929
-s9qJ7ATP7w$_$7,3,to,1798,0.7799999713897705,0.8500000238418579,0.7799999713897705,0.8500000238418579,B_unique_word_overlap_in_mismatched_transcript,mfa_primary_unique_word_overlap_auto_qc_pass,1,1,1,1,0,0,78,86,8,8,8,9,1,0,in_interval_frames_no_valid_face,1,0.6799999713897705
-s9qJ7ATP7w$_$7,4,work,1799,0.8500000238418579,1.0199999809265137,0.8500000238418579,1.0199999809265137,B_unique_word_overlap_in_mismatched_transcript,mfa_primary_unique_word_overlap_auto_qc_pass,1,1,1,1,0,0,86,102,16,15,9,11,2,0,in_interval_frames_no_valid_face,1,0.7500000238418579
-s9qJ7ATP7w$_$7,5,for,1800,1.0199999809265137,1.100000023841858,1.0199999809265137,1.100000023841858,B_unique_word_overlap_in_mismatched_transcript,mfa_primary_unique_word_overlap_auto_qc_pass,1,1,1,0,0,0,102,111,9,0,11,12,1,0,in_interval_frames_no_valid_face,1,0.9199999809265137
-s9qJ7ATP7w$_$7,6,Warren,1801,1.100000023841858,1.3899999856948853,1.100000023841858,1.3899999856948853,B_unique_word_overlap_in_mismatched_transcript,mfa_primary_unique_word_overlap_auto_qc_pass,1,1,1,1,0,0,111,139,28,24,12,14,2,0,in_interval_frames_no_valid_face,1,1.0000000238418578
-s9qJ7ATP7w$_$7,7,Avis,1802,1.3899999856948853,1.7799999713897705,1.3899999856948853,1.7799999713897705,B_unique_word_overlap_in_mismatched_transcript,mfa_primary_unique_word_overlap_auto_qc_pass,1,1,1,1,0,0,139,178,39,17,14,18,4,0,in_interval_frames_no_valid_face,1,1.2899999856948852
-s9qJ7ATP7w$_$7,8,the,1803,1.909999966621399,1.9700000286102295,1.909999966621399,1.9700000286102295,B_unique_word_overlap_in_mismatched_transcript,mfa_primary_unique_word_overlap_auto_qc_pass,1,1,1,1,0,0,191,198,7,7,20,20,0,0,no_visual_frame_in_interval,32,1.2299999713897707
-s9qJ7ATP7w$_$7,9,guy,1804,1.9700000286102295,2.1500000953674316,1.9700000286102295,2.1500000953674316,B_unique_word_overlap_in_mismatched_transcript,mfa_primary_unique_word_overlap_auto_qc_pass,1,1,1,1,0,0,198,216,18,18,20,22,2,0,in_interval_frames_no_valid_face,32,1.0499999046325685
-s9qJ7ATP7w$_$7,10,who,1805,2.1500000953674316,2.2100000381469727,2.1500000953674316,2.2100000381469727,B_unique_word_overlap_in_mismatched_transcript,mfa_primary_unique_word_overlap_auto_qc_pass,1,1,1,1,0,0,216,222,6,6,22,23,1,0,in_interval_frames_no_valid_face,32,0.9899999618530275
-s9qJ7ATP7w$_$7,11,started,1806,2.2100000381469727,2.5299999713897705,2.2100000381469727,2.5299999713897705,B_unique_word_overlap_in_mismatched_transcript,mfa_primary_unique_word_overlap_auto_qc_pass,1,1,1,1,0,0,222,253,31,20,23,26,3,0,in_interval_frames_no_valid_face,32,0.6700000286102297
-s9qJ7ATP7w$_$7,12,Avis,1807,2.5299999713897705,2.799999952316284,2.5299999713897705,2.799999952316284,B_unique_word_overlap_in_mismatched_transcript,mfa_primary_unique_word_overlap_auto_qc_pass,1,1,1,1,0,0,253,280,27,26,26,28,2,0,in_interval_frames_no_valid_face,32,0.400000047683716
-s9qJ7ATP7w$_$7,13,Rent,1808,2.799999952316284,2.940000057220459,2.799999952316284,2.940000057220459,B_unique_word_overlap_in_mismatched_transcript,mfa_primary_unique_word_overlap_auto_qc_pass,1,1,1,1,0,0,280,295,15,15,28,30,2,0,in_interval_frames_no_valid_face,32,0.2599999427795412
-s9qJ7ATP7w$_$7,14,a,1809,2.940000057220459,2.9800000190734863,2.940000057220459,2.9800000190734863,B_unique_word_overlap_in_mismatched_transcript,mfa_primary_unique_word_overlap_auto_qc_pass,1,1,1,1,0,0,295,299,4,4,30,30,0,0,no_visual_frame_in_interval,32,0.21999998092651385
-s9qJ7ATP7w$_$7,15,Car,1810,2.9800000190734863,3.1600000858306885,2.9800000190734863,3.1600000858306885,B_unique_word_overlap_in_mismatched_transcript,mfa_primary_unique_word_overlap_auto_qc_pass,1,1,1,1,0,1,299,317,18,16,30,32,2,0,in_interval_frames_no_valid_face,32,0.0399999141693117
-s9qJ7ATP7w$_$7,16,and,1811,3.1600000858306885,3.259999990463257,3.1600000858306885,3.259999990463257,B_unique_word_overlap_in_mismatched_transcript,mfa_primary_unique_word_overlap_auto_qc_pass,1,1,1,1,1,0,317,326,9,5,32,33,1,1,in_interval_valid_face,-1,
-s9qJ7ATP7w$_$7,17,he,1812,3.259999990463257,3.369999885559082,3.259999990463257,3.369999885559082,B_unique_word_overlap_in_mismatched_transcript,mfa_primary_unique_word_overlap_auto_qc_pass,1,1,1,1,1,0,326,337,11,11,33,34,1,1,in_interval_valid_face,-1,
-s9qJ7ATP7w$_$7,18,said,1813,3.369999885559082,3.5799999237060547,3.369999885559082,3.5799999237060547,B_unique_word_overlap_in_mismatched_transcript,mfa_primary_unique_word_overlap_auto_qc_pass,1,1,1,1,1,0,337,358,21,18,34,36,2,2,in_interval_valid_face,-1,
-s9qJ7ATP7w$_$7,19,to,1814,3.5799999237060547,3.700000047683716,3.5799999237060547,3.700000047683716,B_unique_word_overlap_in_mismatched_transcript,mfa_primary_unique_word_overlap_auto_qc_pass,1,1,1,1,1,0,358,371,13,4,36,38,2,2,in_interval_valid_face,-1,
-s9qJ7ATP7w$_$7,20,me,1815,3.700000047683716,3.759999990463257,3.700000047683716,3.759999990463257,B_unique_word_overlap_in_mismatched_transcript,mfa_primary_unique_word_overlap_auto_qc_pass,1,1,1,1,0,1,371,376,5,3,38,38,0,0,no_visual_frame_in_interval,37,4.7683715642676816e-08
-s9qJ7ATP7w$_$7,21,one,1816,3.759999990463257,3.9800000190734863,3.759999990463257,3.9800000190734863,B_unique_word_overlap_in_mismatched_transcript,mfa_primary_unique_word_overlap_auto_qc_pass,1,1,1,1,1,0,376,399,23,23,38,40,2,2,in_interval_valid_face,-1,
-s9qJ7ATP7w$_$7,22,day,1817,3.9800000190734863,4.340000152587891,3.9800000190734863,4.340000152587891,B_unique_word_overlap_in_mismatched_transcript,mfa_primary_unique_word_overlap_auto_qc_pass,1,1,1,1,1,0,399,435,36,33,40,44,4,4,in_interval_valid_face,-1,
-s9qJ7ATP7w$_$7,23,Robert,1818,4.769999980926514,5.179999828338623,4.769999980926514,5.179999828338623,B_unique_word_overlap_in_mismatched_transcript,mfa_primary_unique_word_overlap_auto_qc_pass,1,1,1,1,1,0,477,518,41,24,48,52,4,4,in_interval_valid_face,-1,
-s9qJ7ATP7w$_$7,24,what's,1819,5.179999828338623,5.320000171661377,5.179999828338623,5.320000171661377,B_unique_word_overlap_in_mismatched_transcript,mfa_primary_unique_word_overlap_auto_qc_pass,1,1,1,0,1,0,518,533,15,0,52,54,2,2,in_interval_valid_face,-1,
-s9qJ7ATP7w$_$7,25,the,1820,5.320000171661377,5.429999828338623,5.320000171661377,5.429999828338623,B_unique_word_overlap_in_mismatched_transcript,mfa_primary_unique_word_overlap_auto_qc_pass,1,1,1,0,1,0,533,543,10,0,54,55,1,1,in_interval_valid_face,-1,
-s9qJ7ATP7w$_$7,26,purpose,1821,5.429999828338623,5.829999923706055,5.429999828338623,5.829999923706055,B_unique_word_overlap_in_mismatched_transcript,mfa_primary_unique_word_overlap_auto_qc_pass,1,1,1,0,1,0,543,583,40,0,55,59,4,4,in_interval_valid_face,-1,
-s9qJ7ATP7w$_$7,27,of,1822,5.829999923706055,5.940000057220459,5.829999923706055,5.940000057220459,B_unique_word_overlap_in_mismatched_transcript,mfa_primary_unique_word_overlap_auto_qc_pass,1,1,1,0,1,0,583,595,12,0,59,60,1,1,in_interval_valid_face,-1,
-s9qJ7ATP7w$_$7,28,business,1823,5.940000057220459,6.340000152587891,5.940000057220459,6.340000152587891,B_unique_word_overlap_in_mismatched_transcript,mfa_primary_unique_word_overlap_auto_qc_pass,1,1,1,0,1,0,595,635,40,0,60,64,4,4,in_interval_valid_face,-1,
-s9qJ7ATP7w$_$6,1,But,1824,0.5400000214576721,0.7799999713897705,0.5400000214576721,0.7799999713897705,B_unique_word_overlap_in_mismatched_transcript,mfa_primary_unique_word_overlap_auto_qc_pass,1,1,1,1,1,0,55,78,23,23,6,8,2,2,in_interval_valid_face,-1,
-s9qJ7ATP7w$_$6,2,I,1825,0.9100000262260437,1.0299999713897705,0.9100000262260437,1.0299999713897705,B_unique_word_overlap_in_mismatched_transcript,mfa_primary_unique_word_overlap_auto_qc_pass,1,1,1,0,1,0,92,103,11,0,10,11,1,1,in_interval_valid_face,-1,
-s9qJ7ATP7w$_$6,3,just,1826,1.2799999713897705,1.4600000381469727,1.2799999713897705,1.4600000381469727,B_unique_word_overlap_in_mismatched_transcript,mfa_primary_unique_word_overlap_auto_qc_pass,1,1,1,0,1,0,128,147,19,0,13,15,2,2,in_interval_valid_face,-1,
-s9qJ7ATP7w$_$6,4,kept,1827,1.4600000381469727,1.6200000047683716,1.4600000381469727,1.6200000047683716,B_unique_word_overlap_in_mismatched_transcript,mfa_primary_unique_word_overlap_auto_qc_pass,1,1,1,0,1,0,147,163,16,0,15,17,2,2,in_interval_valid_face,-1,
-s9qJ7ATP7w$_$6,5,going,1828,1.6200000047683716,1.9600000381469727,1.6200000047683716,1.9600000381469727,B_unique_word_overlap_in_mismatched_transcript,mfa_primary_unique_word_overlap_auto_qc_pass,1,1,1,0,1,0,163,197,34,0,17,20,3,2,in_interval_valid_face,-1,
-s9qJ7ATP7w$_$8,1,And,1829,0.5099999904632568,0.6200000047683716,0.5099999904632568,0.6200000047683716,B_unique_word_overlap_in_mismatched_transcript,mfa_primary_unique_word_overlap_auto_qc_pass,1,1,1,0,1,0,51,63,12,0,6,7,1,1,in_interval_valid_face,-1,
-s9qJ7ATP7w$_$8,2,I,1830,0.6200000047683716,0.6899999976158142,0.6200000047683716,0.6899999976158142,B_unique_word_overlap_in_mismatched_transcript,mfa_primary_unique_word_overlap_auto_qc_pass,1,1,1,0,0,1,63,69,6,0,7,7,0,0,no_visual_frame_in_interval,7,0.010000002384185747
-s9qJ7ATP7w$_$8,3,said,1831,0.6899999976158142,0.9100000262260437,0.6899999976158142,0.9100000262260437,B_unique_word_overlap_in_mismatched_transcript,mfa_primary_unique_word_overlap_auto_qc_pass,1,1,1,0,1,0,69,92,23,0,7,10,3,3,in_interval_valid_face,-1,
-s9qJ7ATP7w$_$8,4,Oh,1832,0.9100000262260437,1.090000033378601,0.9100000262260437,1.090000033378601,B_unique_word_overlap_in_mismatched_transcript,mfa_primary_unique_word_overlap_auto_qc_pass,1,1,1,0,1,0,92,110,18,0,10,11,1,1,in_interval_valid_face,-1,
-s9qJ7ATP7w$_$8,5,make,1833,1.090000033378601,1.2999999523162842,1.090000033378601,1.2999999523162842,B_unique_word_overlap_in_mismatched_transcript,mfa_primary_unique_word_overlap_auto_qc_pass,1,1,1,0,1,0,110,130,20,0,11,13,2,2,in_interval_valid_face,-1,
-s9qJ7ATP7w$_$8,6,a,1834,1.2999999523162842,1.350000023841858,1.2999999523162842,1.350000023841858,B_unique_word_overlap_in_mismatched_transcript,mfa_primary_unique_word_overlap_auto_qc_pass,1,1,1,0,1,0,130,136,6,0,13,14,1,1,in_interval_valid_face,-1,
-s9qJ7ATP7w$_$8,7,profit,1835,1.350000023841858,1.8799999952316284,1.350000023841858,1.8799999952316284,B_unique_word_overlap_in_mismatched_transcript,mfa_primary_unique_word_overlap_auto_qc_pass,1,1,1,1,1,0,136,188,52,36,14,19,5,5,in_interval_valid_face,-1,
-s9qJ7ATP7w$_$8,8,and,1836,1.8799999952316284,1.9700000286102295,1.8799999952316284,1.9700000286102295,B_unique_word_overlap_in_mismatched_transcript,mfa_primary_unique_word_overlap_auto_qc_pass,1,1,1,1,1,0,188,198,10,7,19,20,1,1,in_interval_valid_face,-1,
-s9qJ7ATP7w$_$8,9,all,1837,1.9700000286102295,2.0399999618530273,1.9700000286102295,2.0399999618530273,B_unique_word_overlap_in_mismatched_transcript,mfa_primary_unique_word_overlap_auto_qc_pass,1,1,1,1,1,0,198,204,6,6,20,21,1,1,in_interval_valid_face,-1,
-s9qJ7ATP7w$_$8,10,these,1838,2.0399999618530273,2.190000057220459,2.0399999618530273,2.190000057220459,B_unique_word_overlap_in_mismatched_transcript,mfa_primary_unique_word_overlap_auto_qc_pass,1,1,1,1,1,0,204,220,16,14,21,22,1,1,in_interval_valid_face,-1,
-s9qJ7ATP7w$_$8,11,other,1839,2.190000057220459,2.380000114440918,2.190000057220459,2.380000114440918,B_unique_word_overlap_in_mismatched_transcript,mfa_primary_unique_word_overlap_auto_qc_pass,1,1,1,1,1,0,220,239,19,19,22,24,2,2,in_interval_valid_face,-1,
-s9qJ7ATP7w$_$8,12,things,1840,2.380000114440918,2.6700000762939453,2.380000114440918,2.6700000762939453,B_unique_word_overlap_in_mismatched_transcript,mfa_primary_unique_word_overlap_auto_qc_pass,1,1,1,1,1,0,239,268,29,26,24,27,3,3,in_interval_valid_face,-1,
-yRb-Jum7EQ$_$1,1,it,1841,,,,,,asr_empty_no_timestamp,1,0,0,0,0,0,-1,-1,0,0,-1,-1,0,0,no_primary_word_time,-1,
-yRb-Jum7EQ$_$1,2,comes,1842,,,,,,asr_empty_no_timestamp,1,0,0,0,0,0,-1,-1,0,0,-1,-1,0,0,no_primary_word_time,-1,
-yRb-Jum7EQ$_$1,3,with,1843,,,,,,asr_empty_no_timestamp,1,0,0,0,0,0,-1,-1,0,0,-1,-1,0,0,no_primary_word_time,-1,
-yRb-Jum7EQ$_$1,4,the,1844,,,,,,asr_empty_no_timestamp,1,0,0,0,0,0,-1,-1,0,0,-1,-1,0,0,no_primary_word_time,-1,
-yRb-Jum7EQ$_$1,5,assistance,1845,,,,,,asr_empty_no_timestamp,1,0,0,0,0,0,-1,-1,0,0,-1,-1,0,0,no_primary_word_time,-1,
-yRb-Jum7EQ$_$1,6,and,1846,,,,,,asr_empty_no_timestamp,1,0,0,0,0,0,-1,-1,0,0,-1,-1,0,0,no_primary_word_time,-1,
-yRb-Jum7EQ$_$1,7,agitation,1847,,,,,,asr_empty_no_timestamp,1,0,0,0,0,0,-1,-1,0,0,-1,-1,0,0,no_primary_word_time,-1,
-yRb-Jum7EQ$_$1,8,of,1848,,,,,,asr_empty_no_timestamp,1,0,0,0,0,0,-1,-1,0,0,-1,-1,0,0,no_primary_word_time,-1,
-yRb-Jum7EQ$_$1,9,states,1849,,,,,,asr_empty_no_timestamp,1,0,0,0,0,0,-1,-1,0,0,-1,-1,0,0,no_primary_word_time,-1,
-yRb-Jum7EQ$_$1,10,and,1850,,,,,,asr_empty_no_timestamp,1,0,0,0,0,0,-1,-1,0,0,-1,-1,0,0,no_primary_word_time,-1,
-yRb-Jum7EQ$_$1,11,regimes,1851,,,,,,asr_empty_no_timestamp,1,0,0,0,0,0,-1,-1,0,0,-1,-1,0,0,no_primary_word_time,-1,
-yRb-Jum7EQ$_$1,12,Yesterday,1852,,,,,,asr_empty_no_timestamp,1,0,0,0,0,0,-1,-1,0,0,-1,-1,0,0,no_primary_word_time,-1,
-yRb-Jum7EQ$_$1,13,Iran,1853,,,,,,asr_empty_no_timestamp,1,0,0,0,0,0,-1,-1,0,0,-1,-1,0,0,no_primary_word_time,-1,
-yRb-Jum7EQ$_$1,14,announced,1854,,,,,,asr_empty_no_timestamp,1,0,0,0,0,0,-1,-1,0,0,-1,-1,0,0,no_primary_word_time,-1,
-yRb-Jum7EQ$_$1,15,that,1855,,,,,,asr_empty_no_timestamp,1,0,0,0,0,0,-1,-1,0,0,-1,-1,0,0,no_primary_word_time,-1,
-yRb-Jum7EQ$_$1,16,it,1856,,,,,,asr_empty_no_timestamp,1,0,0,0,0,0,-1,-1,0,0,-1,-1,0,0,no_primary_word_time,-1,
-yRb-Jum7EQ$_$1,17,will,1857,,,,,,asr_empty_no_timestamp,1,0,0,0,0,0,-1,-1,0,0,-1,-1,0,0,no_primary_word_time,-1,
-yRb-Jum7EQ$_$1,18,finance,1858,,,,,,asr_empty_no_timestamp,1,0,0,0,0,0,-1,-1,0,0,-1,-1,0,0,no_primary_word_time,-1,
-yRb-Jum7EQ$_$1,19,the,1859,,,,,,asr_empty_no_timestamp,1,0,0,0,0,0,-1,-1,0,0,-1,-1,0,0,no_primary_word_time,-1,
-yRb-Jum7EQ$_$1,20,families,1860,,,,,,asr_empty_no_timestamp,1,0,0,0,0,0,-1,-1,0,0,-1,-1,0,0,no_primary_word_time,-1,
-yRb-Jum7EQ$_$1,21,of,1861,,,,,,asr_empty_no_timestamp,1,0,0,0,0,0,-1,-1,0,0,-1,-1,0,0,no_primary_word_time,-1,
-yRb-Jum7EQ$_$1,22,the,1862,,,,,,asr_empty_no_timestamp,1,0,0,0,0,0,-1,-1,0,0,-1,-1,0,0,no_primary_word_time,-1,
-yRb-Jum7EQ$_$1,23,terrorists,1863,,,,,,asr_empty_no_timestamp,1,0,0,0,0,0,-1,-1,0,0,-1,-1,0,0,no_primary_word_time,-1,
-yRb-Jum7EQ$_$1,24,and,1864,,,,,,asr_empty_no_timestamp,1,0,0,0,0,0,-1,-1,0,0,-1,-1,0,0,no_primary_word_time,-1,
-yRb-Jum7EQ$_$1,25,murderers,1865,,,,,,asr_empty_no_timestamp,1,0,0,0,0,0,-1,-1,0,0,-1,-1,0,0,no_primary_word_time,-1,
-yRb-Jum7EQ$_$1,26,this,1866,,,,,,asr_empty_no_timestamp,1,0,0,0,0,0,-1,-1,0,0,-1,-1,0,0,no_primary_word_time,-1,
-yRb-Jum7EQ$_$1,27,shows,1867,,,,,,asr_empty_no_timestamp,1,0,0,0,0,0,-1,-1,0,0,-1,-1,0,0,no_primary_word_time,-1,
-yRb-Jum7EQ$_$1,28,that,1868,,,,,,asr_empty_no_timestamp,1,0,0,0,0,0,-1,-1,0,0,-1,-1,0,0,no_primary_word_time,-1,
-yRb-Jum7EQ$_$1,29,Iran,1869,,,,,,asr_empty_no_timestamp,1,0,0,0,0,0,-1,-1,0,0,-1,-1,0,0,no_primary_word_time,-1,
-yRb-Jum7EQ$_$1,30,even,1870,,,,,,asr_empty_no_timestamp,1,0,0,0,0,0,-1,-1,0,0,-1,-1,0,0,no_primary_word_time,-1,
-yRb-Jum7EQ$_$1,31,after,1871,,,,,,asr_empty_no_timestamp,1,0,0,0,0,0,-1,-1,0,0,-1,-1,0,0,no_primary_word_time,-1,
-yRb-Jum7EQ$_$1,32,the,1872,,,,,,asr_empty_no_timestamp,1,0,0,0,0,0,-1,-1,0,0,-1,-1,0,0,no_primary_word_time,-1,
-yRb-Jum7EQ$_$1,33,nuclear,1873,,,,,,asr_empty_no_timestamp,1,0,0,0,0,0,-1,-1,0,0,-1,-1,0,0,no_primary_word_time,-1,
-yRb-Jum7EQ$_$1,34,agreement,1874,,,,,,asr_empty_no_timestamp,1,0,0,0,0,0,-1,-1,0,0,-1,-1,0,0,no_primary_word_time,-1,
-yRb-Jum7EQ$_$1,35,is,1875,,,,,,asr_empty_no_timestamp,1,0,0,0,0,0,-1,-1,0,0,-1,-1,0,0,no_primary_word_time,-1,
-yRb-Jum7EQ$_$1,36,continuing,1876,,,,,,asr_empty_no_timestamp,1,0,0,0,0,0,-1,-1,0,0,-1,-1,0,0,no_primary_word_time,-1,
-yRb-Jum7EQ$_$1,37,to,1877,,,,,,asr_empty_no_timestamp,1,0,0,0,0,0,-1,-1,0,0,-1,-1,0,0,no_primary_word_time,-1,
-yRb-Jum7EQ$_$1,38,aid,1878,,,,,,asr_empty_no_timestamp,1,0,0,0,0,0,-1,-1,0,0,-1,-1,0,0,no_primary_word_time,-1,
-yRb-Jum7EQ$_$1,39,terrorism,1879,,,,,,asr_empty_no_timestamp,1,0,0,0,0,0,-1,-1,0,0,-1,-1,0,0,no_primary_word_time,-1,
-yRb-Jum7EQ$_$1,40,including,1880,,,,,,asr_empty_no_timestamp,1,0,0,0,0,0,-1,-1,0,0,-1,-1,0,0,no_primary_word_time,-1,
-yRb-Jum7EQ$_$1,41,Palestinian,1881,,,,,,asr_empty_no_timestamp,1,0,0,0,0,0,-1,-1,0,0,-1,-1,0,0,no_primary_word_time,-1,
-yRb-Jum7EQ$_$1,42,terrorism,1882,,,,,,asr_empty_no_timestamp,1,0,0,0,0,0,-1,-1,0,0,-1,-1,0,0,no_primary_word_time,-1,
-yRb-Jum7EQ$_$1,43,Hezbollah,1883,,,,,,asr_empty_no_timestamp,1,0,0,0,0,0,-1,-1,0,0,-1,-1,0,0,no_primary_word_time,-1,
-yRb-Jum7EQ$_$1,44,terrorism,1884,,,,,,asr_empty_no_timestamp,1,0,0,0,0,0,-1,-1,0,0,-1,-1,0,0,no_primary_word_time,-1,
-yRb-Jum7EQ$_$1,45,and,1885,,,,,,asr_empty_no_timestamp,1,0,0,0,0,0,-1,-1,0,0,-1,-1,0,0,no_primary_word_time,-1,
-yRb-Jum7EQ$_$1,46,its,1886,,,,,,asr_empty_no_timestamp,1,0,0,0,0,0,-1,-1,0,0,-1,-1,0,0,no_primary_word_time,-1,
-yRb-Jum7EQ$_$1,47,assistance,1887,,,,,,asr_empty_no_timestamp,1,0,0,0,0,0,-1,-1,0,0,-1,-1,0,0,no_primary_word_time,-1,
-yRb-Jum7EQ$_$1,48,to,1888,,,,,,asr_empty_no_timestamp,1,0,0,0,0,0,-1,-1,0,0,-1,-1,0,0,no_primary_word_time,-1,
-yRb-Jum7EQ$_$1,49,Hamas,1889,,,,,,asr_empty_no_timestamp,1,0,0,0,0,0,-1,-1,0,0,-1,-1,0,0,no_primary_word_time,-1,
-yRb-Jum7EQ$_$5,1,Yesterday,1890,,,,,,official_word_unmatched_or_ambiguous_in_asr,1,0,0,0,0,0,-1,-1,0,0,-1,-1,0,0,no_primary_word_time,-1,
-yRb-Jum7EQ$_$5,2,Eliav,1891,,,,,,official_word_unmatched_or_ambiguous_in_asr,1,0,0,0,0,0,-1,-1,0,0,-1,-1,0,0,no_primary_word_time,-1,
-yRb-Jum7EQ$_$5,3,Gelman,1892,,,,,,official_word_unmatched_or_ambiguous_in_asr,1,0,0,0,0,0,-1,-1,0,0,-1,-1,0,0,no_primary_word_time,-1,
-yRb-Jum7EQ$_$5,4,lost,1893,,,,,,official_word_unmatched_or_ambiguous_in_asr,1,0,0,0,0,0,-1,-1,0,0,-1,-1,0,0,no_primary_word_time,-1,
-yRb-Jum7EQ$_$5,5,his,1894,,,,,,official_word_unmatched_or_ambiguous_in_asr,1,0,0,0,0,0,-1,-1,0,0,-1,-1,0,0,no_primary_word_time,-1,
-yRb-Jum7EQ$_$5,6,life,1895,,,,,,official_word_unmatched_or_ambiguous_in_asr,1,0,0,0,0,0,-1,-1,0,0,-1,-1,0,0,no_primary_word_time,-1,
-yRb-Jum7EQ$_$5,7,in,1896,,,,,B_unique_word_overlap_in_mismatched_transcript,mfa_whisper_discrepancy_over_0_5s_null_primary,1,0,0,0,0,0,-1,-1,0,0,-1,-1,0,0,no_primary_word_time,-1,
-yRb-Jum7EQ$_$5,8,another,1897,,,,,,official_word_unmatched_or_ambiguous_in_asr,1,0,0,0,0,0,-1,-1,0,0,-1,-1,0,0,no_primary_word_time,-1,
-yRb-Jum7EQ$_$5,9,terrorist,1898,,,,,,official_word_unmatched_or_ambiguous_in_asr,1,0,0,0,0,0,-1,-1,0,0,-1,-1,0,0,no_primary_word_time,-1,
-yRb-Jum7EQ$_$5,10,attack,1899,,,,,,official_word_unmatched_or_ambiguous_in_asr,1,0,0,0,0,0,-1,-1,0,0,-1,-1,0,0,no_primary_word_time,-1,
-yRb-Jum7EQ$_$5,11,not,1900,,,,,,official_word_unmatched_or_ambiguous_in_asr,1,0,0,0,0,0,-1,-1,0,0,-1,-1,0,0,no_primary_word_time,-1,
-yRb-Jum7EQ$_$5,12,by,1901,,,,,,official_word_unmatched_or_ambiguous_in_asr,1,0,0,0,0,0,-1,-1,0,0,-1,-1,0,0,no_primary_word_time,-1,
-yRb-Jum7EQ$_$5,13,the,1902,,,,,,official_word_unmatched_or_ambiguous_in_asr,1,0,0,0,0,0,-1,-1,0,0,-1,-1,0,0,no_primary_word_time,-1,
-yRb-Jum7EQ$_$5,14,students,1903,,,,,,official_word_unmatched_or_ambiguous_in_asr,1,0,0,0,0,0,-1,-1,0,0,-1,-1,0,0,no_primary_word_time,-1,
-yRb-Jum7EQ$_$5,15,of,1904,,,,,B_unique_word_overlap_in_mismatched_transcript,mfa_whisper_discrepancy_over_0_5s_null_primary,1,0,0,0,0,0,-1,-1,0,0,-1,-1,0,0,no_primary_word_time,-1,
-yRb-Jum7EQ$_$5,16,terrorism,1905,,,,,,official_word_unmatched_or_ambiguous_in_asr,1,0,0,0,0,0,-1,-1,0,0,-1,-1,0,0,no_primary_word_time,-1,
-yRb-Jum7EQ$_$5,17,but,1906,,,,,,official_word_unmatched_or_ambiguous_in_asr,1,0,0,0,0,0,-1,-1,0,0,-1,-1,0,0,no_primary_word_time,-1,
-yRb-Jum7EQ$_$5,18,by,1907,,,,,,official_word_unmatched_or_ambiguous_in_asr,1,0,0,0,0,0,-1,-1,0,0,-1,-1,0,0,no_primary_word_time,-1,
-yRb-Jum7EQ$_$5,19,those,1908,,,,,,official_word_unmatched_or_ambiguous_in_asr,1,0,0,0,0,0,-1,-1,0,0,-1,-1,0,0,no_primary_word_time,-1,
-yRb-Jum7EQ$_$5,20,who,1909,,,,,,official_word_unmatched_or_ambiguous_in_asr,1,0,0,0,0,0,-1,-1,0,0,-1,-1,0,0,no_primary_word_time,-1,
-yRb-Jum7EQ$_$5,21,teach,1910,,,,,,official_word_unmatched_or_ambiguous_in_asr,1,0,0,0,0,0,-1,-1,0,0,-1,-1,0,0,no_primary_word_time,-1,
-yRb-Jum7EQ$_$5,22,terrorism,1911,,,,,,official_word_unmatched_or_ambiguous_in_asr,1,0,0,0,0,0,-1,-1,0,0,-1,-1,0,0,no_primary_word_time,-1,
-yRb-Jum7EQ$_$5,23,a,1912,,,,,,official_word_unmatched_or_ambiguous_in_asr,1,0,0,0,0,0,-1,-1,0,0,-1,-1,0,0,no_primary_word_time,-1,
-yRb-Jum7EQ$_$5,24,Palestinian,1913,,,,,,official_word_unmatched_or_ambiguous_in_asr,1,0,0,0,0,0,-1,-1,0,0,-1,-1,0,0,no_primary_word_time,-1,
-yRb-Jum7EQ$_$5,25,teacher,1914,,,,,,official_word_unmatched_or_ambiguous_in_asr,1,0,0,0,0,0,-1,-1,0,0,-1,-1,0,0,no_primary_word_time,-1,
-yRb-Jum7EQ$_$6,1,Therefore,1915,,,,,,mfa_alignment_output_missing,1,0,0,0,0,0,-1,-1,0,0,-1,-1,0,0,no_primary_word_time,-1,
-yRb-Jum7EQ$_$6,2,the,1916,,,,,,mfa_alignment_output_missing,1,0,0,0,0,0,-1,-1,0,0,-1,-1,0,0,no_primary_word_time,-1,
-yRb-Jum7EQ$_$6,3,world,1917,,,,,,mfa_alignment_output_missing,1,0,0,0,0,0,-1,-1,0,0,-1,-1,0,0,no_primary_word_time,-1,
-yRb-Jum7EQ$_$6,4,needs,1918,,,,,,mfa_alignment_output_missing,1,0,0,0,0,0,-1,-1,0,0,-1,-1,0,0,no_primary_word_time,-1,
-yRb-Jum7EQ$_$6,5,to,1919,,,,,,mfa_alignment_output_missing,1,0,0,0,0,0,-1,-1,0,0,-1,-1,0,0,no_primary_word_time,-1,
-yRb-Jum7EQ$_$6,6,stand,1920,,,,,,mfa_alignment_output_missing,1,0,0,0,0,0,-1,-1,0,0,-1,-1,0,0,no_primary_word_time,-1,
-yRb-Jum7EQ$_$6,7,with,1921,,,,,,mfa_alignment_output_missing,1,0,0,0,0,0,-1,-1,0,0,-1,-1,0,0,no_primary_word_time,-1,
-yRb-Jum7EQ$_$6,8,Israel,1922,,,,,,mfa_alignment_output_missing,1,0,0,0,0,0,-1,-1,0,0,-1,-1,0,0,no_primary_word_time,-1,
-yRb-Jum7EQ$_$6,9,against,1923,,,,,,mfa_alignment_output_missing,1,0,0,0,0,0,-1,-1,0,0,-1,-1,0,0,no_primary_word_time,-1,
-yRb-Jum7EQ$_$6,10,this,1924,,,,,,mfa_alignment_output_missing,1,0,0,0,0,0,-1,-1,0,0,-1,-1,0,0,no_primary_word_time,-1,
-yRb-Jum7EQ$_$6,11,incitement,1925,,,,,,mfa_alignment_output_missing,1,0,0,0,0,0,-1,-1,0,0,-1,-1,0,0,no_primary_word_time,-1,
-yRb-Jum7EQ$_$6,12,which,1926,,,,,,mfa_alignment_output_missing,1,0,0,0,0,0,-1,-1,0,0,-1,-1,0,0,no_primary_word_time,-1,
-yRb-Jum7EQ$_$6,13,is,1927,,,,,,mfa_alignment_output_missing,1,0,0,0,0,0,-1,-1,0,0,-1,-1,0,0,no_primary_word_time,-1,
-yRb-Jum7EQ$_$6,14,the,1928,,,,,,mfa_alignment_output_missing,1,0,0,0,0,0,-1,-1,0,0,-1,-1,0,0,no_primary_word_time,-1,
-yRb-Jum7EQ$_$6,15,number,1929,,,,,,mfa_alignment_output_missing,1,0,0,0,0,0,-1,-1,0,0,-1,-1,0,0,no_primary_word_time,-1,
-yRb-Jum7EQ$_$6,16,one,1930,,,,,,mfa_alignment_output_missing,1,0,0,0,0,0,-1,-1,0,0,-1,-1,0,0,no_primary_word_time,-1,
-yRb-Jum7EQ$_$6,17,cause,1931,,,,,,mfa_alignment_output_missing,1,0,0,0,0,0,-1,-1,0,0,-1,-1,0,0,no_primary_word_time,-1,
-yRb-Jum7EQ$_$6,18,of,1932,,,,,,mfa_alignment_output_missing,1,0,0,0,0,0,-1,-1,0,0,-1,-1,0,0,no_primary_word_time,-1,
-yRb-Jum7EQ$_$6,19,terrorism,1933,,,,,,mfa_alignment_output_missing,1,0,0,0,0,0,-1,-1,0,0,-1,-1,0,0,no_primary_word_time,-1,
