sample_id,whisper_word_position,token_piece_position,whisper_token,start_time_wav_s,end_time_wav_s,start_time_source_s,end_time_source_s,duration_s,probability,automatic_flags
-3g5yACwYnA$_$13,1,1,that,0.0,0.2,0.0,0.2,0.2,0.893940806388855,
-3g5yACwYnA$_$13,2,1,we,0.2,0.38,0.2,0.38,0.18,0.9965369701385498,
-3g5yACwYnA$_$13,3,1,do,0.38,0.64,0.38,0.64,0.26,0.99764084815979,
-3g5yACwYnA$_$13,4,1,They,1.04,1.56,1.04,1.56,0.52,0.9774196147918701,
-3g5yACwYnA$_$13,5,1,have,1.56,1.62,1.56,1.62,0.06000000000000005,0.6149739027023315,
-3g5yACwYnA$_$13,6,1,been,1.62,1.68,1.62,1.68,0.05999999999999983,0.995320737361908,
-3g5yACwYnA$_$13,7,1,able,1.68,1.88,1.68,1.88,0.19999999999999996,0.999386191368103,
-3g5yACwYnA$_$13,8,1,to,1.88,2.06,1.88,2.06,0.18000000000000016,0.9981871247291565,
-3g5yACwYnA$_$13,9,1,find,2.06,2.36,2.06,2.36,0.2999999999999998,0.991510808467865,
-3g5yACwYnA$_$13,10,1,solutions,2.36,2.78,2.36,2.78,0.41999999999999993,0.9909831285476685,
-3g5yACwYnA$_$13,11,1,or,2.78,3.14,2.78,3.14,0.3600000000000003,0.8819648027420044,
-3g5yACwYnA$_$13,12,1,at,3.14,3.24,3.14,3.24,0.10000000000000009,0.990532636642456,
-3g5yACwYnA$_$13,13,1,least,3.24,3.34,3.24,3.34,0.09999999999999964,0.9952493906021118,
-3g5yACwYnA$_$13,14,1,bring,3.34,3.68,3.34,3.68,0.3400000000000003,0.9788424372673035,
-3g5yACwYnA$_$13,15,1,some,3.68,3.94,3.68,3.94,0.2599999999999998,0.9827365875244141,
-3g5yACwYnA$_$13,16,1,answers,3.94,4.24,3.94,4.24,0.30000000000000027,0.9956938028335571,
-3g5yACwYnA$_$13,17,1,to,4.24,4.46,4.24,4.46,0.21999999999999975,0.9983453750610352,
-3g5yACwYnA$_$13,18,1,the,4.46,4.56,4.46,4.56,0.09999999999999964,0.996638298034668,
-3g5yACwYnA$_$13,19,1,table,4.56,4.82,4.56,4.82,0.2600000000000007,0.99788898229599,
-3g5yACwYnA$_$3,1,1,We're,0.0,1.06,0.0,1.06,1.06,0.7139979004859924,
-3g5yACwYnA$_$3,2,1,a,1.06,1.32,1.06,1.32,0.26,0.9906180500984192,
-3g5yACwYnA$_$3,3,1,huge,1.32,1.7,1.32,1.7,0.3799999999999999,0.9983129501342773,
-3g5yACwYnA$_$3,4,1,user,1.7,2.84,1.7,2.84,1.14,0.9808989763259888,
-3g5yACwYnA$_$3,5,1,of,2.84,3.04,2.84,3.04,0.20000000000000018,0.9947952628135681,
-3g5yACwYnA$_$3,6,1,adhesives,3.04,3.54,3.04,3.54,0.5,0.8776948054631551,
-3g5yACwYnA$_$3,7,1,for,3.54,4.38,3.54,4.38,0.8399999999999999,0.9803305268287659,
-3g5yACwYnA$_$3,8,1,our,4.38,4.64,4.38,4.64,0.2599999999999998,0.9925064444541931,
-3g5yACwYnA$_$3,9,1,operation,4.64,5.16,4.64,5.16,0.5200000000000005,0.9917328357696533,
-3g5yACwYnA$_$3,10,1,called,5.16,5.8,5.16,5.8,0.6399999999999997,0.8860669732093811,
-3g5yACwYnA$_$3,11,1,flocking,5.8,6.12,5.8,6.12,0.3200000000000003,0.9220274686813354,
-3g5yACwYnA$_$3,12,1,and,6.76,6.76,6.76,6.76,0.0,0.9867089986801147,nonpositive_duration
-3g5yACwYnA$_$3,13,1,we,6.76,7.12,6.76,7.12,0.3600000000000003,0.9961199760437012,
-3g5yACwYnA$_$3,14,1,don't,7.12,7.22,7.12,7.22,0.09999999999999964,0.9982568323612213,
-3g5yACwYnA$_$3,15,1,have,7.22,7.36,7.22,7.36,0.14000000000000057,0.9978431463241577,
-3g5yACwYnA$_$3,16,1,the,7.36,7.48,7.36,7.48,0.1200000000000001,0.9909272193908691,
-3g5yACwYnA$_$3,17,1,technical,7.48,7.86,7.48,7.86,0.3799999999999999,0.9918262958526611,
-3g5yACwYnA$_$3,18,1,insight,7.86,8.58,7.86,8.58,0.7199999999999998,0.8575566411018372,
-3g5yACwYnA$_$3,19,1,in,8.58,8.76,8.58,8.76,0.17999999999999972,0.2818634510040283,
-3g5yACwYnA$_$3,20,1,for,8.76,8.92,8.76,8.92,0.16000000000000014,0.45166924595832825,
-3g5yACwYnA$_$3,21,1,compounding,8.92,9.92,8.92,9.92,1.0,0.9790051281452179,
-3g5yACwYnA$_$3,22,1,or,9.92,10.26,9.92,10.26,0.33999999999999986,0.7336360216140747,
-3g5yACwYnA$_$3,23,1,the,10.26,10.4,10.26,10.4,0.14000000000000057,0.9854888319969177,
-3g5yACwYnA$_$3,24,1,technical,10.4,10.76,10.4,10.76,0.35999999999999943,0.994305431842804,
-3g5yACwYnA$_$3,25,1,expertise,10.76,11.08,10.76,11.08,0.3200000000000003,0.9915185570716858,
-3g5yACwYnA$_$3,26,1,to,11.08,11.4,11.08,11.4,0.3200000000000003,0.9790787696838379,
-3g5yACwYnA$_$3,27,1,do,11.4,11.52,11.4,11.52,0.11999999999999922,0.992275059223175,
-3g5yACwYnA$_$3,28,1,these,11.52,11.72,11.52,11.72,0.20000000000000107,0.9908506274223328,
-3g5yACwYnA$_$3,29,1,types,11.72,11.9,11.72,11.9,0.17999999999999972,0.9458610415458679,
-3g5yACwYnA$_$3,30,1,of,11.9,12.06,11.9,12.06,0.16000000000000014,0.9977680444717407,
-3g5yACwYnA$_$3,31,1,things,12.06,12.36,12.06,12.36,0.29999999999999893,0.9963802695274353,
-3g5yACwYnA$_$3,32,1,So,12.36,13.12,12.36,13.12,0.7599999999999998,0.33693787455558777,
-3g5yACwYnA$_$3,33,1,key,13.62,14.0,13.62,14.0,0.3800000000000008,0.4070114493370056,
-3g5yACwYnA$_$3,34,1,brings,14.0,14.22,14.0,14.22,0.22000000000000064,0.5320762395858765,
-3g5yACwYnA$_$2,1,1,key,1.6599999999999984,2.459999999999999,1.6599999999999984,2.459999999999999,0.8000000000000007,0.19106550514698029,
-3g5yACwYnA$_$2,2,1,polymer,2.459999999999999,3.26,2.459999999999999,3.26,0.8000000000000007,0.18809305131435394,
-3g5yACwYnA$_$2,3,1,brings,3.26,3.54,3.26,3.54,0.28000000000000025,0.7154129147529602,
-3g5yACwYnA$_$2,4,1,a,3.54,3.72,3.54,3.72,0.18000000000000016,0.8945802450180054,
-3g5yACwYnA$_$2,5,1,technical,3.72,4.02,3.72,4.02,0.2999999999999994,0.9869495034217834,
-3g5yACwYnA$_$2,6,1,aspect,4.02,4.58,4.02,4.58,0.5600000000000005,0.9829707145690918,
-3g5yACwYnA$_$2,7,1,to,4.58,4.98,4.58,4.98,0.40000000000000036,0.9833980798721313,
-3g5yACwYnA$_$2,8,1,our,4.98,5.92,4.98,5.92,0.9399999999999995,0.9824422597885132,
-3g5yACwYnA$_$2,9,1,operation,5.92,6.34,5.92,6.34,0.41999999999999993,0.9551601409912109,
-3g5yACwYnA$_$2,10,1,that,6.34,6.62,6.34,6.62,0.28000000000000025,0.9570742249488831,
-3g5yACwYnA$_$2,11,1,we,6.62,6.78,6.62,6.78,0.16000000000000014,0.9982439279556274,
-3g5yACwYnA$_$2,12,1,don't,6.78,6.98,6.78,6.98,0.20000000000000018,0.9798181056976318,
-3g5yACwYnA$_$2,13,1,have,6.98,7.18,6.98,7.18,0.1999999999999993,0.9918209314346313,
-3g5yACwYnA$_$2,14,1,internally,7.18,7.64,7.18,7.64,0.45999999999999996,0.9899916648864746,
-3g5yACwYnA$_$9,1,1,Like,0.0,0.08,0.0,0.08,0.08,0.17190369963645935,
-3g5yACwYnA$_$9,2,1,we,0.58,0.92,0.58,0.92,0.3400000000000001,0.992073655128479,
-3g5yACwYnA$_$9,3,1,have,0.92,1.06,0.92,1.06,0.14,0.9968152642250061,
-3g5yACwYnA$_$9,4,1,many,1.06,1.32,1.06,1.32,0.26,0.9846484661102295,
-3g5yACwYnA$_$9,5,1,new,1.32,1.84,1.32,1.84,0.52,0.9687299132347107,
-3g5yACwYnA$_$9,6,1,opportunities,1.84,2.3,1.84,2.3,0.45999999999999974,0.9929100871086121,
-3g5yACwYnA$_$9,7,1,through,2.3,2.76,2.3,2.76,0.45999999999999996,0.9045207500457764,
-3g5yACwYnA$_$9,8,1,the,2.76,3.46,2.76,3.46,0.7000000000000002,0.9763025045394897,
-3g5yACwYnA$_$9,9,1,way,3.46,3.6,3.46,3.6,0.14000000000000012,0.9750462770462036,
-3g5yACwYnA$_$9,10,1,things,3.6,3.84,3.6,3.84,0.23999999999999977,0.9923880100250244,
-3g5yACwYnA$_$9,11,1,have,3.84,4.0,3.84,4.0,0.16000000000000014,0.9900826811790466,
-3g5yACwYnA$_$9,12,1,changed,4.0,4.2,4.0,4.2,0.20000000000000018,0.9919368028640747,
-3g5yACwYnA$_$9,13,1,through,4.2,4.42,4.2,4.42,0.21999999999999975,0.6275418400764465,
-3g5yACwYnA$_$9,14,1,the,4.42,4.56,4.42,4.56,0.13999999999999968,0.9966932535171509,
-3g5yACwYnA$_$9,15,1,years,4.56,4.84,4.56,4.84,0.28000000000000025,0.9946276545524597,
-3g5yACwYnA$_$9,16,1,looking,5.58,5.8,5.58,5.8,0.21999999999999975,0.9197472333908081,
-3g5yACwYnA$_$9,17,1,for,5.8,6.02,5.8,6.02,0.21999999999999975,0.994914174079895,
-3g5yACwYnA$_$9,18,1,new,6.02,6.18,6.02,6.18,0.16000000000000014,0.9886981248855591,
-3g5yACwYnA$_$9,19,1,niche,6.18,6.46,6.18,6.46,0.28000000000000025,0.9864843487739563,
-3g5yACwYnA$_$9,20,1,high,6.74,6.82,6.74,6.82,0.08000000000000007,0.9966727495193481,
-3g5yACwYnA$_$9,21,1,end,6.82,7.0,6.82,7.0,0.17999999999999972,0.9090807139873505,
-3g5yACwYnA$_$9,22,1,value,7.0,7.34,7.0,7.34,0.33999999999999986,0.9069240689277649,
-3g5yACwYnA$_$9,23,1,added,7.34,7.52,7.34,7.52,0.17999999999999972,0.9017904102802277,
-3g5yACwYnA$_$9,24,1,products,7.52,7.98,7.52,7.98,0.46000000000000085,0.996623158454895,
-3nNcZdcdvU$_$5,1,1,Non,0.0,0.8,0.0,0.8,0.8,0.9389265179634094,
-3nNcZdcdvU$_$5,2,1,compliance,0.8,1.32,0.8,1.32,0.52,0.7415957152843475,
-3nNcZdcdvU$_$5,3,1,can,1.32,1.86,1.32,1.86,0.54,0.9964467883110046,
-3nNcZdcdvU$_$5,4,1,result,1.86,2.4,1.86,2.4,0.5399999999999998,0.4182482957839966,
-3nNcZdcdvU$_$5,5,1,in,2.4,2.76,2.4,2.76,0.3599999999999999,0.99603670835495,
-3nNcZdcdvU$_$5,6,1,legal,2.76,3.0,2.76,3.0,0.2400000000000002,0.9920410513877869,
-3nNcZdcdvU$_$5,7,1,liability,3.0,3.58,3.0,3.58,0.5800000000000001,0.998849630355835,
-3nNcZdcdvU$_$5,8,1,to,3.58,4.16,3.58,4.16,0.5800000000000001,0.9965576529502869,
-3nNcZdcdvU$_$5,9,1,you,4.16,4.54,4.16,4.54,0.3799999999999999,0.9971808195114136,
-3nNcZdcdvU$_$5,10,1,and,4.54,5.14,4.54,5.14,0.5999999999999996,0.9168689250946045,
-3nNcZdcdvU$_$5,11,1,to,5.14,5.38,5.14,5.38,0.2400000000000002,0.9649480581283569,
-3nNcZdcdvU$_$5,12,1,the,5.38,5.52,5.38,5.52,0.13999999999999968,0.9926732182502747,
-3nNcZdcdvU$_$5,13,1,school,5.52,5.72,5.52,5.72,0.20000000000000018,0.9646692872047424,
-3nNcZdcdvU$_$5,14,1,district,5.72,6.06,5.72,6.06,0.33999999999999986,0.9975152015686035,
-3nNcZdcdvU$_$5,15,1,in,6.06,6.28,6.06,6.28,0.22000000000000064,0.9882602691650391,
-3nNcZdcdvU$_$5,16,1,which,6.28,6.4,6.28,6.4,0.1200000000000001,0.997564435005188,
-3nNcZdcdvU$_$5,17,1,you,6.4,6.62,6.4,6.62,0.21999999999999975,0.9905856251716614,
-3nNcZdcdvU$_$5,18,1,are,6.62,6.74,6.62,6.74,0.1200000000000001,0.9761975407600403,
-3nNcZdcdvU$_$5,19,1,employed,6.74,7.12,6.74,7.12,0.3799999999999999,0.9946159720420837,
-HwX2H8Z4hY$_$2,1,1,mediocrity,0.0,0.8,0.0,0.8,0.8,0.8431897163391113,
-HwX2H8Z4hY$_$2,2,1,Look,2.28,2.82,2.28,2.82,0.54,0.9563334584236145,
-HwX2H8Z4hY$_$2,3,1,at,2.82,2.92,2.82,2.92,0.10000000000000009,0.9965698719024658,
-HwX2H8Z4hY$_$2,4,1,the,2.92,3.04,2.92,3.04,0.1200000000000001,0.9965872764587402,
-HwX2H8Z4hY$_$2,5,1,record,3.04,3.3,3.04,3.3,0.2599999999999998,0.9943323135375977,
-HwX2H8Z4hY$_$5,1,1,President,0.0,1.16,0.0,1.16,1.16,0.7362056374549866,
-HwX2H8Z4hY$_$5,2,1,Ronald,1.16,1.56,1.16,1.56,0.40000000000000013,0.9956395626068115,
-HwX2H8Z4hY$_$5,3,1,Reagan,1.56,2.0,1.56,2.0,0.43999999999999995,0.9823776483535767,
-HwX2H8Z4hY$_$5,4,1,blamed,2.0,2.44,2.0,2.44,0.43999999999999995,0.9517512321472168,
-HwX2H8Z4hY$_$5,5,1,the,2.44,2.74,2.44,2.74,0.30000000000000027,0.9858522415161133,
-HwX2H8Z4hY$_$5,6,1,professional,2.74,3.34,2.74,3.34,0.5999999999999996,0.9157648086547852,
-HwX2H8Z4hY$_$5,7,1,bureaucracy,3.34,3.92,3.34,3.92,0.5800000000000001,0.9981029033660889,
-HwX2H8Z4hY$_$5,8,1,of,3.92,4.38,3.92,4.38,0.45999999999999996,0.99673992395401,
-HwX2H8Z4hY$_$5,9,1,education,4.38,4.94,4.38,4.94,0.5600000000000005,0.9855257868766785,
-HwX2H8Z4hY$_$6,1,1,And,0.0,0.64,0.0,0.64,0.64,0.5303552746772766,
-HwX2H8Z4hY$_$6,2,1,in,0.64,0.76,0.64,0.76,0.12,0.8369653820991516,
-HwX2H8Z4hY$_$6,3,1,part,0.76,1.12,0.76,1.12,0.3600000000000001,0.9927663803100586,
-HwX2H8Z4hY$_$6,4,1,Al,1.58,1.62,1.58,1.62,0.040000000000000036,0.988366425037384,
-HwX2H8Z4hY$_$6,5,1,Schenker,1.62,2.1,1.62,2.1,0.48,0.9053872028986613,
-HwX2H8Z4hY$_$6,6,1,did,2.1,2.4,2.1,2.4,0.2999999999999998,0.9866939783096313,
-HwX2H8Z4hY$_$6,7,1,too,2.4,2.74,2.4,2.74,0.3400000000000003,0.8183441162109375,
-HwX2H8Z4hY$_$9,1,1,It,0.0,0.62,0.0,0.62,0.62,0.5422265529632568,
-HwX2H8Z4hY$_$9,2,1,is,0.62,0.74,0.62,0.74,0.12,0.98908931016922,
-HwX2H8Z4hY$_$9,3,1,a,0.74,0.88,0.74,0.88,0.14,0.8854701519012451,
-HwX2H8Z4hY$_$9,4,1,word,0.88,1.14,0.88,1.14,0.2599999999999999,0.9882196187973022,
-HwX2H8Z4hY$_$9,5,1,with,1.14,1.38,1.14,1.38,0.24,0.8396892547607422,
-HwX2H8Z4hY$_$9,6,1,which,1.38,1.58,1.38,1.58,0.20000000000000018,0.9678369760513306,
-HwX2H8Z4hY$_$9,7,1,the,1.58,1.76,1.58,1.76,0.17999999999999994,0.9844915270805359,
-HwX2H8Z4hY$_$9,8,1,administrator,1.76,2.3,1.76,2.3,0.5399999999999998,0.9731279611587524,
-HwX2H8Z4hY$_$9,9,1,uses,2.3,2.78,2.3,2.78,0.48,0.6432522535324097,
-HwX2H8Z4hY$_$9,10,1,when,2.78,4.42,2.78,4.42,1.6400000000000001,0.5357121229171753,very_long_duration_review
-HwX2H8Z4hY$_$9,11,1,he,4.42,4.54,4.42,4.54,0.1200000000000001,0.9848886728286743,
-HwX2H8Z4hY$_$9,12,1,turns,4.54,4.72,4.54,4.72,0.17999999999999972,0.9723146557807922,
-HwX2H8Z4hY$_$9,13,1,around,4.72,5.06,4.72,5.06,0.33999999999999986,0.9288570880889893,
-HwX2H8Z4hY$_$9,14,1,anything,5.06,5.38,5.06,5.38,0.3200000000000003,0.7024426460266113,
-HwX2H8Z4hY$_$9,15,1,which,5.38,5.6,5.38,5.6,0.21999999999999975,0.7253822088241577,
-HwX2H8Z4hY$_$9,16,1,he,5.6,5.76,5.6,5.76,0.16000000000000014,0.9816341996192932,
-HwX2H8Z4hY$_$9,17,1,doesn't,5.76,6.02,5.76,6.02,0.2599999999999998,0.9932103455066681,
-HwX2H8Z4hY$_$9,18,1,like,6.02,6.18,6.02,6.18,0.16000000000000014,0.9942666888237,
-HwX2H8Z4hY$_$9,19,1,the,6.18,6.38,6.18,6.38,0.20000000000000018,0.5216295719146729,
-HwX2H8Z4hY$_$9,20,1,teacher,6.38,6.7,6.38,6.7,0.3200000000000003,0.8433690071105957,
-HwX2H8Z4hY$_$9,21,1,is,6.7,6.88,6.7,6.88,0.17999999999999972,0.7576192617416382,
-HwX2H8Z4hY$_$9,22,1,doing,6.88,7.06,6.88,7.06,0.17999999999999972,0.9334284663200378,
-HwX2H8Z4hY$_$9,23,1,he,7.06,7.22,7.06,7.22,0.16000000000000014,0.5528401732444763,
-HwX2H8Z4hY$_$9,24,1,says,7.22,7.38,7.22,7.38,0.16000000000000014,0.9687085151672363,
-HwX2H8Z4hY$_$9,25,1,you,7.38,7.6,7.38,7.6,0.21999999999999975,0.864395022392273,
-NFrJFQijFE$_$2,1,1,Hock's,3.4600000000000004,3.98,3.4600000000000004,3.98,0.5199999999999996,0.4818702091773351,
-NFrJFQijFE$_$2,2,1,sense,3.98,4.24,3.98,4.24,0.26000000000000023,0.998770534992218,
-NFrJFQijFE$_$2,3,1,of,4.24,4.44,4.24,4.44,0.20000000000000018,0.9976182579994202,
-NFrJFQijFE$_$2,4,1,hearing,4.44,4.7,4.44,4.7,0.2599999999999998,0.9964467883110046,
-NFrJFQijFE$_$2,5,1,is,4.7,4.98,4.7,4.98,0.28000000000000025,0.9951258301734924,
-NFrJFQijFE$_$2,6,1,excellent,4.98,5.5,4.98,5.5,0.5199999999999996,0.9925708174705505,
-NFrJFQijFE$_$2,7,1,and,5.74,6.16,5.74,6.16,0.41999999999999993,0.9683138132095337,
-NFrJFQijFE$_$2,8,1,their,6.16,6.28,6.16,6.28,0.1200000000000001,0.9138640761375427,
-NFrJFQijFE$_$2,9,1,eyes,6.28,6.52,6.28,6.52,0.23999999999999932,0.9809499382972717,
-NFrJFQijFE$_$2,10,1,are,6.52,6.66,6.52,6.66,0.14000000000000057,0.5234082937240601,
-THoVjtIkeU$_$12,1,1,Whatever,1.1999999999999986,1.76,1.1999999999999986,1.76,0.5600000000000014,0.4600188732147217,
-THoVjtIkeU$_$12,2,1,we,1.76,2.08,1.76,2.08,0.32000000000000006,0.997599184513092,
-THoVjtIkeU$_$12,3,1,turn,2.08,2.28,2.08,2.28,0.19999999999999973,0.9957243204116821,
-THoVjtIkeU$_$12,4,1,our,2.28,2.44,2.28,2.44,0.16000000000000014,0.9920503497123718,
-THoVjtIkeU$_$12,5,1,attention,2.44,2.7,2.44,2.7,0.26000000000000023,0.9995285272598267,
-THoVjtIkeU$_$12,6,1,to,2.7,3.1,2.7,3.1,0.3999999999999999,0.997674286365509,
-THoVjtIkeU$_$12,7,1,is,3.1,3.3,3.1,3.3,0.19999999999999973,0.9368126392364502,
-THoVjtIkeU$_$12,8,1,what,3.3,3.46,3.3,3.46,0.16000000000000014,0.9988125562667847,
-THoVjtIkeU$_$12,9,1,grows,3.46,3.74,3.46,3.74,0.28000000000000025,0.9951431751251221,
-THoVjtIkeU$_$12,10,1,And,4.44,4.44,4.44,4.44,0.0,0.7815946340560913,nonpositive_duration
-THoVjtIkeU$_$12,11,1,so,4.44,4.66,4.44,4.66,0.21999999999999975,0.9843706488609314,
-THoVjtIkeU$_$12,12,1,if,4.66,4.8,4.66,4.8,0.13999999999999968,0.7704002857208252,
-THoVjtIkeU$_$12,13,1,we,4.8,5.0,4.8,5.0,0.20000000000000018,0.9985190033912659,
-THoVjtIkeU$_$12,14,1,believe,5.0,5.4,5.0,5.4,0.40000000000000036,0.997808039188385,
-THoVjtIkeU$_$12,15,1,that,5.4,5.76,5.4,5.76,0.35999999999999943,0.9830090403556824,
-THoVjtIkeU$_$12,16,1,anything,5.76,5.98,5.76,5.98,0.22000000000000064,0.9979875087738037,
-THoVjtIkeU$_$12,17,1,is,5.98,6.24,5.98,6.24,0.2599999999999998,0.9952581524848938,
-THoVjtIkeU$_$12,18,1,possible,6.24,6.64,6.24,6.64,0.39999999999999947,0.9995778203010559,
-THoVjtIkeU$_$12,19,1,if,6.8,6.84,6.8,6.84,0.040000000000000036,0.9807939529418945,
-THoVjtIkeU$_$12,20,1,we,6.84,7.14,6.84,7.14,0.2999999999999998,0.997753918170929,
-THoVjtIkeU$_$12,21,1,believe,7.14,7.94,7.14,7.94,0.8000000000000007,0.99817955493927,
-THoVjtIkeU$_$12,22,1,that,7.94,8.84,7.94,8.84,0.8999999999999995,0.9916817545890808,
-THoVjtIkeU$_$12,23,1,social,8.84,9.64,8.84,9.64,0.8000000000000007,0.984855592250824,
-THoVjtIkeU$_$12,24,1,justice,9.64,10.04,9.64,10.04,0.3999999999999986,0.9980745315551758,
-THoVjtIkeU$_$12,25,1,can,10.04,10.32,10.04,10.32,0.28000000000000114,0.9981648325920105,
-THoVjtIkeU$_$12,26,1,be,10.32,10.5,10.32,10.5,0.17999999999999972,0.9995492100715637,
-THoVjtIkeU$_$12,27,1,achieved,10.5,10.82,10.5,10.82,0.3200000000000003,0.9983242154121399,
-THoVjtIkeU$_$12,28,1,and,10.96,11.06,10.96,11.06,0.09999999999999964,0.9721631407737732,
-THoVjtIkeU$_$12,29,1,if,11.06,11.16,11.06,11.16,0.09999999999999964,0.9945598244667053,
-THoVjtIkeU$_$12,30,1,we,11.16,11.3,11.16,11.3,0.14000000000000057,0.9971390962600708,
-THoVjtIkeU$_$12,31,1,believe,11.3,11.72,11.3,11.72,0.41999999999999993,0.99826979637146,
-THoVjtIkeU$_$12,32,1,in,11.72,12.02,11.72,12.02,0.29999999999999893,0.9982149600982666,
-THoVjtIkeU$_$12,33,1,youth,12.02,12.38,12.02,12.38,0.3600000000000012,0.9920851588249207,
-THoVjtIkeU$_$12,34,1,they,12.9,13.2,12.9,13.2,0.29999999999999893,0.9930824041366577,
-THoVjtIkeU$_$12,35,1,will,13.2,13.32,13.2,13.32,0.120000000000001,0.9848949313163757,
-THoVjtIkeU$_$12,36,1,believe,13.32,13.52,13.32,13.52,0.1999999999999993,0.9967899918556213,
-THoVjtIkeU$_$12,37,1,in,13.52,13.68,13.52,13.68,0.16000000000000014,0.9942227005958557,
-THoVjtIkeU$_$12,38,1,themselves,13.68,13.96,13.68,13.96,0.28000000000000114,0.9989493489265442,
-THoVjtIkeU$_$2,1,1,I,0.0,0.1,0.0,0.1,0.1,0.8890025019645691,
-THoVjtIkeU$_$2,2,1,think,0.1,0.4,0.1,0.4,0.30000000000000004,0.9992702603340149,
-THoVjtIkeU$_$2,3,1,social,0.4,1.36,0.4,1.36,0.9600000000000001,0.9299202561378479,
-THoVjtIkeU$_$2,4,1,justice,1.36,1.66,1.36,1.66,0.2999999999999998,0.9976098537445068,
-THoVjtIkeU$_$2,5,1,is,1.66,1.92,1.66,1.92,0.26,0.9986479878425598,
-THoVjtIkeU$_$2,6,1,extremely,1.92,2.24,1.92,2.24,0.3200000000000003,0.9966673254966736,
-THoVjtIkeU$_$2,7,1,important,2.24,2.7,2.24,2.7,0.45999999999999996,0.9991833567619324,
-THoVjtIkeU$_$2,8,1,for,2.7,2.98,2.7,2.98,0.2799999999999998,0.9957025647163391,
-THoVjtIkeU$_$2,9,1,young,2.98,3.2,2.98,3.2,0.2200000000000002,0.9962693452835083,
-THoVjtIkeU$_$2,10,1,people,3.2,3.58,3.2,3.58,0.3799999999999999,0.9995260238647461,
-THoVjtIkeU$_$6,1,1,I,0.0,0.64,0.0,0.64,0.64,0.07390747219324112,
-THoVjtIkeU$_$6,2,1,think,0.64,1.08,0.64,1.08,0.44000000000000006,0.9425793290138245,
-THoVjtIkeU$_$6,3,1,that,1.08,1.36,1.08,1.36,0.28,0.9250146150588989,
-THoVjtIkeU$_$6,4,1,listening,1.36,1.76,1.36,1.76,0.3999999999999999,0.9844638705253601,
-THoVjtIkeU$_$6,5,1,to,1.76,2.02,1.76,2.02,0.26,0.9983518123626709,
-THoVjtIkeU$_$6,6,1,young,2.02,2.18,2.02,2.18,0.16000000000000014,0.9952337145805359,
-THoVjtIkeU$_$6,7,1,people,2.18,2.56,2.18,2.56,0.3799999999999999,0.9989117383956909,
-THoVjtIkeU$_$6,8,1,taking,2.66,2.88,2.66,2.88,0.21999999999999975,0.9709244966506958,
-THoVjtIkeU$_$6,9,1,in,2.88,3.16,2.88,3.16,0.28000000000000025,0.9904032945632935,
-THoVjtIkeU$_$6,10,1,what,3.16,3.34,3.16,3.34,0.17999999999999972,0.996651828289032,
-THoVjtIkeU$_$6,11,1,they,3.34,3.52,3.34,3.52,0.18000000000000016,0.9964886903762817,
-THoVjtIkeU$_$6,12,1,have,3.52,3.72,3.52,3.72,0.20000000000000018,0.9956757426261902,
-THoVjtIkeU$_$6,13,1,to,3.72,3.88,3.72,3.88,0.1599999999999997,0.9987565279006958,
-THoVjtIkeU$_$6,14,1,say,3.88,4.12,3.88,4.12,0.2400000000000002,0.9985881447792053,
-THoVjtIkeU$_$6,15,1,because,4.34,4.44,4.34,4.44,0.10000000000000053,0.9707433581352234,
-THoVjtIkeU$_$6,16,1,what,4.44,4.96,4.44,4.96,0.5199999999999996,0.9742233753204346,
-THoVjtIkeU$_$6,17,1,we've,4.96,5.24,4.96,5.24,0.28000000000000025,0.9599142968654633,
-THoVjtIkeU$_$6,18,1,seen,5.24,5.4,5.24,5.4,0.16000000000000014,0.9928939938545227,
-THoVjtIkeU$_$6,19,1,all,5.4,5.68,5.4,5.68,0.27999999999999936,0.983004093170166,
-THoVjtIkeU$_$6,20,1,around,5.68,5.9,5.68,5.9,0.22000000000000064,0.9956591129302979,
-THoVjtIkeU$_$6,21,1,the,5.9,6.04,5.9,6.04,0.13999999999999968,0.9982681274414062,
-THoVjtIkeU$_$6,22,1,world,6.04,6.28,6.04,6.28,0.2400000000000002,0.998213529586792,
-THoVjtIkeU$_$6,23,1,is,6.28,6.56,6.28,6.56,0.27999999999999936,0.7242376208305359,
-THoVjtIkeU$_$6,24,1,the,6.56,6.7,6.56,6.7,0.14000000000000057,0.9966561794281006,
-THoVjtIkeU$_$6,25,1,power,6.7,6.96,6.7,6.96,0.2599999999999998,0.9981138706207275,
-THoVjtIkeU$_$6,26,1,of,6.96,7.24,6.96,7.24,0.28000000000000025,0.9985248446464539,
-THoVjtIkeU$_$6,27,1,youth,7.24,7.44,7.24,7.44,0.20000000000000018,0.993914783000946,
-UuX1xuaiiE$_$1,1,1,And,0.0,0.54,0.0,0.54,0.54,0.2698361575603485,
-UuX1xuaiiE$_$1,2,1,all,0.54,0.78,0.54,0.78,0.24,0.96746426820755,
-UuX1xuaiiE$_$1,3,1,of,0.78,0.92,0.78,0.92,0.14,0.9976683259010315,
-UuX1xuaiiE$_$1,4,1,them,0.92,1.06,0.92,1.06,0.14,0.998687207698822,
-UuX1xuaiiE$_$1,5,1,are,1.06,1.32,1.06,1.32,0.26,0.9938648343086243,
-UuX1xuaiiE$_$1,6,1,really,1.32,1.58,1.32,1.58,0.26,0.9700276255607605,
-UuX1xuaiiE$_$1,7,1,being,1.58,1.84,1.58,1.84,0.26,0.9601990580558777,
-UuX1xuaiiE$_$1,8,1,able,1.84,2.66,1.84,2.66,0.8200000000000001,0.9870452284812927,
-UuX1xuaiiE$_$1,9,1,to,2.66,2.9,2.66,2.9,0.23999999999999977,0.99861741065979,
-UuX1xuaiiE$_$1,10,1,explore,2.9,3.5,2.9,3.5,0.6000000000000001,0.9970583915710449,
-UuX1xuaiiE$_$1,11,1,these,3.5,4.22,3.5,4.22,0.7199999999999998,0.9842386841773987,
-UuX1xuaiiE$_$1,12,1,different,4.22,4.74,4.22,4.74,0.5200000000000005,0.9949643611907959,
-UuX1xuaiiE$_$1,13,1,areas,4.74,5.12,4.74,5.12,0.3799999999999999,0.997865617275238,
-UuX1xuaiiE$_$1,14,1,in,5.12,5.64,5.12,5.64,0.5199999999999996,0.9559682607650757,
-UuX1xuaiiE$_$1,15,1,depth,5.64,6.24,5.64,6.24,0.6000000000000005,0.705691397190094,
-UuX1xuaiiE$_$1,16,1,in,6.24,6.62,6.24,6.62,0.3799999999999999,0.8608358502388,
-UuX1xuaiiE$_$1,17,1,a,6.62,6.74,6.62,6.74,0.1200000000000001,0.9952880144119263,
-UuX1xuaiiE$_$1,18,1,way,6.74,6.92,6.74,6.92,0.17999999999999972,0.9987745881080627,
-UuX1xuaiiE$_$1,19,1,that,6.92,7.2,6.92,7.2,0.28000000000000025,0.9973681569099426,
-UuX1xuaiiE$_$1,20,1,really,7.2,7.46,7.2,7.46,0.2599999999999998,0.9333896636962891,
-UuX1xuaiiE$_$1,21,1,wasn't,7.46,7.78,7.46,7.78,0.3200000000000003,0.9942944347858429,
-UuX1xuaiiE$_$1,22,1,available,7.78,8.12,7.78,8.12,0.33999999999999897,0.9952055215835571,
-UuX1xuaiiE$_$1,23,1,before,8.12,8.62,8.12,8.62,0.5,0.9983600974082947,
-UuX1xuaiiE$_$1,24,1,the,8.62,8.8,8.62,8.8,0.1800000000000015,0.9949076771736145,
-UuX1xuaiiE$_$1,25,1,center,8.8,9.04,8.8,9.04,0.23999999999999844,0.677643895149231,
-UuX1xuaiiE$_$1,26,1,was,9.04,9.34,9.04,9.34,0.3000000000000007,0.9959208965301514,
-UuX1xuaiiE$_$1,27,1,here,9.34,9.7,9.34,9.7,0.35999999999999943,0.9986962676048279,
-UuX1xuaiiE$_$0,1,1,It's,0.0,0.14,0.0,0.14,0.14,0.7767113447189331,
-UuX1xuaiiE$_$0,2,1,amazing,0.14,0.54,0.14,0.54,0.4,0.9933158755302429,
-UuX1xuaiiE$_$0,3,1,to,0.54,1.0,0.54,1.0,0.45999999999999996,0.9967688322067261,
-UuX1xuaiiE$_$0,4,1,see,1.0,1.24,1.0,1.24,0.24,0.9983463287353516,
-UuX1xuaiiE$_$0,5,1,their,1.24,1.46,1.24,1.46,0.21999999999999997,0.9946925044059753,
-UuX1xuaiiE$_$0,6,1,enthusiasm,1.46,2.0,1.46,2.0,0.54,0.9981315732002258,
-UuX1xuaiiE$_$0,7,1,and,2.0,2.4,2.0,2.4,0.3999999999999999,0.9830427765846252,
-UuX1xuaiiE$_$0,8,1,their,2.4,2.52,2.4,2.52,0.1200000000000001,0.9837026596069336,
-UuX1xuaiiE$_$0,9,1,passion,2.52,2.94,2.52,2.94,0.41999999999999993,0.9856905341148376,
-UuX1xuaiiE$_$3,1,1,My,0.0,0.64,0.0,0.64,0.64,0.5187836289405823,
-UuX1xuaiiE$_$3,2,1,goal,0.64,0.9,0.64,0.9,0.26,0.9955464601516724,
-UuX1xuaiiE$_$3,3,1,is,0.9,1.32,0.9,1.32,0.42000000000000004,0.9939642548561096,
-UuX1xuaiiE$_$3,4,1,to,1.32,1.62,1.32,1.62,0.30000000000000004,0.9961504936218262,
-UuX1xuaiiE$_$3,5,1,become,1.62,2.0,1.62,2.0,0.3799999999999999,0.9922659993171692,
-UuX1xuaiiE$_$3,6,1,a,2.0,2.66,2.0,2.66,0.6600000000000001,0.9969910383224487,
-UuX1xuaiiE$_$3,7,1,human,2.66,2.82,2.66,2.82,0.1599999999999997,0.9622267484664917,
-UuX1xuaiiE$_$3,8,1,rights,2.82,3.14,2.82,3.14,0.3200000000000003,0.9816442131996155,
-UuX1xuaiiE$_$3,9,1,lawyer,3.14,3.52,3.14,3.52,0.3799999999999999,0.995281994342804,
-UuX1xuaiiE$_$6,1,1,I,0.0,0.62,0.0,0.62,0.62,0.8849377632141113,
-UuX1xuaiiE$_$6,2,1,ended,0.62,0.76,0.62,0.76,0.14,0.9876305460929871,
-UuX1xuaiiE$_$6,3,1,up,0.76,0.92,0.76,0.92,0.16000000000000003,0.9938347339630127,
-UuX1xuaiiE$_$6,4,1,going,0.92,1.06,0.92,1.06,0.14,0.9930207133293152,
-UuX1xuaiiE$_$6,5,1,to,1.06,1.24,1.06,1.24,0.17999999999999994,0.9931939840316772,
-UuX1xuaiiE$_$6,6,1,work,1.24,1.4,1.24,1.4,0.15999999999999992,0.9972647428512573,
-UuX1xuaiiE$_$6,7,1,for,1.4,1.78,1.4,1.78,0.3800000000000001,0.990712583065033,
-UuX1xuaiiE$_$6,8,1,the,1.78,1.94,1.78,1.94,0.15999999999999992,0.9952524900436401,
-UuX1xuaiiE$_$6,9,1,U,1.94,2.04,1.94,2.04,0.10000000000000009,0.5347975492477417,
-UuX1xuaiiE$_$6,10,1,S,2.04,2.2,2.04,2.2,0.16000000000000014,0.9888890087604523,
-UuX1xuaiiE$_$6,11,1,government,2.38,2.52,2.38,2.52,0.14000000000000012,0.764135479927063,
-UuX1xuaiiE$_$6,12,1,as,2.52,2.92,2.52,2.92,0.3999999999999999,0.9671818614006042,
-UuX1xuaiiE$_$6,13,1,an,2.92,3.08,2.92,3.08,0.16000000000000014,0.9751185178756714,
-UuX1xuaiiE$_$6,14,1,intelligence,3.08,3.4,3.08,3.4,0.31999999999999984,0.9652872681617737,
-UuX1xuaiiE$_$6,15,1,analyst,3.4,4.04,3.4,4.04,0.6400000000000001,0.9988464117050171,
-UuX1xuaiiE$_$6,16,1,specializing,4.6,5.44,4.6,5.44,0.8400000000000007,0.9772650599479675,
-UuX1xuaiiE$_$6,17,1,in,5.44,5.84,5.44,5.84,0.39999999999999947,0.997680127620697,
-UuX1xuaiiE$_$6,18,1,war,5.84,6.06,5.84,6.06,0.21999999999999975,0.9810996651649475,
-UuX1xuaiiE$_$6,19,1,crimes,6.06,6.34,6.06,6.34,0.28000000000000025,0.9941927790641785,
-UuX1xuaiiE$_$6,20,1,and,6.34,6.5,6.34,6.5,0.16000000000000014,0.9900009632110596,
-UuX1xuaiiE$_$6,21,1,human,6.5,6.62,6.5,6.62,0.1200000000000001,0.99679034948349,
-UuX1xuaiiE$_$6,22,1,rights,6.62,6.86,6.62,6.86,0.2400000000000002,0.9892618656158447,
-UuX1xuaiiE$_$6,23,1,issues,6.86,7.2,6.86,7.2,0.33999999999999986,0.995909571647644,
-a55Q6RWvTA$_$3,1,1,And,0.0,0.84,0.0,0.84,0.84,0.3996802866458893,
-a55Q6RWvTA$_$3,2,1,if,0.84,1.14,0.84,1.14,0.29999999999999993,0.5783118605613708,
-a55Q6RWvTA$_$3,3,1,you,1.14,1.34,1.14,1.34,0.20000000000000018,0.9984138011932373,
-a55Q6RWvTA$_$3,4,1,clip,1.34,1.68,1.34,1.68,0.33999999999999986,0.9692965149879456,
-a55Q6RWvTA$_$3,5,1,coupons,1.68,2.22,1.68,2.22,0.5400000000000003,0.9850081205368042,
-a55Q6RWvTA$_$3,6,1,if,2.74,2.78,2.74,2.78,0.03999999999999959,0.9731130599975586,
-a55Q6RWvTA$_$3,7,1,you,2.78,2.92,2.78,2.92,0.14000000000000012,0.9976734519004822,
-a55Q6RWvTA$_$3,8,1,don't,2.92,3.24,2.92,3.24,0.3200000000000003,0.9935489594936371,
-a55Q6RWvTA$_$3,9,1,go,3.24,3.44,3.24,3.44,0.19999999999999973,0.9973006844520569,
-a55Q6RWvTA$_$3,10,1,out,3.44,3.68,3.44,3.68,0.2400000000000002,0.996203601360321,
-a55Q6RWvTA$_$3,11,1,for,3.68,3.88,3.68,3.88,0.19999999999999973,0.9960116147994995,
-a55Q6RWvTA$_$3,12,1,dinner,3.88,4.14,3.88,4.14,0.2599999999999998,0.9988960027694702,
-a55Q6RWvTA$_$3,13,1,and,4.14,4.54,4.14,4.54,0.40000000000000036,0.669916033744812,
-a55Q6RWvTA$_$3,14,1,movies,4.54,5.06,4.54,5.06,0.5199999999999996,0.9926510453224182,
-a55Q6RWvTA$_$3,15,1,and,5.06,5.32,5.06,5.32,0.2600000000000007,0.9553324580192566,
-a55Q6RWvTA$_$3,16,1,things,5.32,5.52,5.32,5.52,0.1999999999999993,0.9977450966835022,
-a55Q6RWvTA$_$3,17,1,of,5.52,5.66,5.52,5.66,0.14000000000000057,0.9743398427963257,
-a55Q6RWvTA$_$3,18,1,that,5.66,5.8,5.66,5.8,0.13999999999999968,0.9981655478477478,
-a55Q6RWvTA$_$3,19,1,nature,5.8,6.26,5.8,6.26,0.45999999999999996,0.9985338449478149,
-a55Q6RWvTA$_$3,20,1,and,6.82,7.06,6.82,7.06,0.23999999999999932,0.9277091026306152,
-a55Q6RWvTA$_$3,21,1,try,7.06,7.32,7.06,7.32,0.2600000000000007,0.9928584098815918,
-a55Q6RWvTA$_$3,22,1,to,7.32,7.46,7.32,7.46,0.13999999999999968,0.9955798983573914,
-a55Q6RWvTA$_$3,23,1,take,7.46,7.64,7.46,7.64,0.17999999999999972,0.9905412793159485,
-a55Q6RWvTA$_$3,24,1,up,7.64,7.8,7.64,7.8,0.16000000000000014,0.990276575088501,
-a55Q6RWvTA$_$3,25,1,things,7.8,8.18,7.8,8.18,0.3799999999999999,0.9914559721946716,
-a55Q6RWvTA$_$3,26,1,in,8.18,8.44,8.18,8.44,0.2599999999999998,0.9874027967453003,
-a55Q6RWvTA$_$3,27,1,life,8.44,8.76,8.44,8.76,0.3200000000000003,0.9984517097473145,
-a55Q6RWvTA$_$3,28,1,that,8.76,9.0,8.76,9.0,0.2400000000000002,0.9538617134094238,
-a55Q6RWvTA$_$3,29,1,well,9.06,9.28,9.06,9.28,0.21999999999999886,0.9935723543167114,
-a55Q6RWvTA$_$3,30,1,they,9.5,9.58,9.5,9.58,0.08000000000000007,0.9952709078788757,
-a55Q6RWvTA$_$3,31,1,always,9.58,9.86,9.58,9.86,0.27999999999999936,0.9982359409332275,
-a55Q6RWvTA$_$3,32,1,say,9.86,10.14,9.86,10.14,0.28000000000000114,0.9981335997581482,
-a55Q6RWvTA$_$3,33,1,the,10.22,10.32,10.22,10.32,0.09999999999999964,0.8874228596687317,
-a55Q6RWvTA$_$3,34,1,best,10.32,10.5,10.32,10.5,0.17999999999999972,0.9994070529937744,
-a55Q6RWvTA$_$3,35,1,things,10.5,10.72,10.5,10.72,0.22000000000000064,0.9938026666641235,
-a55Q6RWvTA$_$3,36,1,in,10.72,10.9,10.72,10.9,0.17999999999999972,0.9957030415534973,
-a55Q6RWvTA$_$3,37,1,life,10.9,11.12,10.9,11.12,0.21999999999999886,0.9986334443092346,
-a55Q6RWvTA$_$3,38,1,are,11.12,11.32,11.12,11.32,0.20000000000000107,0.9806973934173584,
-a55Q6RWvTA$_$3,39,1,free,11.32,11.7,11.32,11.7,0.379999999999999,0.9967643022537231,
-a55Q6RWvTA$_$3,40,1,Reading,12.42,12.62,12.42,12.62,0.1999999999999993,0.9844334125518799,
-a55Q6RWvTA$_$3,41,1,a,12.62,12.86,12.62,12.86,0.2400000000000002,0.9989979863166809,
-a55Q6RWvTA$_$3,42,1,book,12.86,13.18,12.86,13.18,0.3200000000000003,0.9996659755706787,
-a55Q6RWvTA$_$3,43,1,going,13.8,14.54,13.8,14.54,0.7399999999999984,0.979328989982605,
-a55Q6RWvTA$_$3,44,1,for,14.54,14.76,14.54,14.76,0.22000000000000064,0.9982445240020752,
-a55Q6RWvTA$_$3,45,1,a,14.76,14.86,14.76,14.86,0.09999999999999964,0.9971873164176941,
-a55Q6RWvTA$_$3,46,1,nice,14.86,15.04,14.86,15.04,0.17999999999999972,0.9981653094291687,
-a55Q6RWvTA$_$3,47,1,walk,15.04,15.46,15.04,15.46,0.4200000000000017,0.999264657497406,
-a55Q6RWvTA$_$3,48,1,and,15.54,15.62,15.54,15.62,0.08000000000000007,0.9917280673980713,
-a55Q6RWvTA$_$3,49,1,of,15.62,15.68,15.62,15.68,0.0600000000000005,0.7744097113609314,
-a55Q6RWvTA$_$3,50,1,course,15.68,15.84,15.68,15.84,0.16000000000000014,0.9993966817855835,
-a55Q6RWvTA$_$3,51,1,combining,15.84,16.36,15.84,16.36,0.5199999999999996,0.7499645948410034,
-a55Q6RWvTA$_$3,52,1,exercise,16.36,17.02,16.36,17.02,0.6600000000000001,0.9938219785690308,
-a55Q6RWvTA$_$3,53,1,and,17.02,17.3,17.02,17.3,0.28000000000000114,0.9719203114509583,
-a55Q6RWvTA$_$3,54,1,various,17.3,17.54,17.3,17.54,0.23999999999999844,0.9959797859191895,
-a55Q6RWvTA$_$3,55,1,things,17.54,17.82,17.54,17.82,0.28000000000000114,0.9983391761779785,
-a55Q6RWvTA$_$3,56,1,of,17.82,17.98,17.82,17.98,0.16000000000000014,0.974080502986908,
-a55Q6RWvTA$_$3,57,1,that,17.98,18.06,17.98,18.06,0.0799999999999983,0.9958899617195129,
-a55Q6RWvTA$_$3,58,1,nature,18.06,18.5,18.06,18.5,0.4400000000000013,0.9920256733894348,
-a55Q6RWvTA$_$3,59,1,where,18.88,19.06,18.88,19.06,0.17999999999999972,0.9078869223594666,
-a55Q6RWvTA$_$3,60,1,you're,19.06,19.22,19.06,19.22,0.16000000000000014,0.9832470417022705,
-a55Q6RWvTA$_$3,61,1,not,19.22,19.4,19.22,19.4,0.17999999999999972,0.9994187355041504,
-a55Q6RWvTA$_$3,62,1,spending,19.4,19.9,19.4,19.9,0.5,0.9993341565132141,
-a55Q6RWvTA$_$3,63,1,money,19.9,20.58,19.9,20.58,0.6799999999999997,0.9988282322883606,
-a55Q6RWvTA$_$3,64,1,per,20.58,21.06,20.58,21.06,0.4800000000000004,0.9990777969360352,
-a55Q6RWvTA$_$3,65,1,se,21.06,21.46,21.06,21.46,0.40000000000000213,0.8469687700271606,
-aNfi7CP8vM$_$7,1,1,Maybe,0.0,0.68,0.0,0.68,0.68,0.5474770665168762,
-aNfi7CP8vM$_$7,2,1,they,0.68,0.9,0.68,0.9,0.21999999999999997,0.962196946144104,
-aNfi7CP8vM$_$7,3,1,have,0.9,1.04,0.9,1.04,0.14,0.9770349264144897,
-aNfi7CP8vM$_$7,4,1,no,1.04,2.06,1.04,2.06,1.02,0.6512276530265808,
-aNfi7CP8vM$_$7,5,1,political,2.06,2.44,2.06,2.44,0.3799999999999999,0.8346759080886841,
-aNfi7CP8vM$_$7,6,1,party,2.44,2.92,2.44,2.92,0.48,0.9942254424095154,
-aNfi7CP8vM$_$7,7,1,affiliation,2.92,3.56,2.92,3.56,0.6400000000000001,0.9951663017272949,
-aNfi7CP8vM$_$7,8,1,they're,4.22,4.42,4.22,4.42,0.20000000000000018,0.9540828764438629,
-aNfi7CP8vM$_$7,9,1,not,4.42,4.62,4.42,4.62,0.20000000000000018,0.9993709921836853,
-aNfi7CP8vM$_$7,10,1,interested,4.62,5.0,4.62,5.0,0.3799999999999999,0.9922547340393066,
-aNfi7CP8vM$_$7,11,1,in,5.0,5.34,5.0,5.34,0.33999999999999986,0.9983153343200684,
-aNfi7CP8vM$_$7,12,1,politics,5.34,5.64,5.34,5.64,0.2999999999999998,0.9977310299873352,
-aNfi7CP8vM$_$7,13,1,they,6.0,6.12,6.0,6.12,0.1200000000000001,0.9823656678199768,
-aNfi7CP8vM$_$7,14,1,could,6.12,6.28,6.12,6.28,0.16000000000000014,0.8453593254089355,
-aNfi7CP8vM$_$7,15,1,care,6.28,6.48,6.28,6.48,0.20000000000000018,0.9988189339637756,
-aNfi7CP8vM$_$7,16,1,less,6.48,6.76,6.48,6.76,0.27999999999999936,0.9991970658302307,
-aNfi7CP8vM$_$7,17,1,about,6.76,7.08,6.76,7.08,0.3200000000000003,0.9993952512741089,
-aNfi7CP8vM$_$7,18,1,politics,7.08,7.72,7.08,7.72,0.6399999999999997,0.9981212019920349,
-aqamKhZ1Ec$_$0,1,1,In,0.0,0.36,0.0,0.36,0.36,0.7604144811630249,
-aqamKhZ1Ec$_$0,2,1,2008,0.36,1.42,0.36,1.42,1.06,0.9796323180198669,
-aqamKhZ1Ec$_$0,3,1,there,1.92,3.0,1.92,3.0,1.08,0.9876747131347656,
-aqamKhZ1Ec$_$0,4,1,were,3.0,3.14,3.0,3.14,0.14000000000000012,0.8188649415969849,
-aqamKhZ1Ec$_$0,5,1,very,3.14,3.5,3.14,3.5,0.3599999999999999,0.9805330038070679,
-aqamKhZ1Ec$_$0,6,1,serious,3.5,4.06,3.5,4.06,0.5599999999999996,0.9968198537826538,
-aqamKhZ1Ec$_$0,7,1,tribal,4.06,4.48,4.06,4.48,0.4200000000000008,0.9861040711402893,
-aqamKhZ1Ec$_$0,8,1,warfare,4.48,5.14,4.48,5.14,0.6599999999999993,0.9956067204475403,
-aqamKhZ1Ec$_$0,9,1,in,5.14,5.6,5.14,5.6,0.45999999999999996,0.9855753183364868,
-aqamKhZ1Ec$_$0,10,1,Kenya,5.6,6.3,5.6,6.3,0.7000000000000002,0.9933607578277588,
-aqamKhZ1Ec$_$0,11,1,and,6.3,7.18,6.3,7.18,0.8799999999999999,0.28534480929374695,
-aqamKhZ1Ec$_$0,12,1,even,7.18,7.84,7.18,7.84,0.6600000000000001,0.8158186674118042,
-aqamKhZ1Ec$_$0,13,1,following,7.84,9.16,7.84,9.16,1.3200000000000003,0.22640760242938995,
-aqamKhZ1Ec$_$0,14,1,a,9.16,9.48,9.16,9.48,0.3200000000000003,0.902585506439209,
-aqamKhZ1Ec$_$0,15,1,disputed,9.48,9.82,9.48,9.82,0.33999999999999986,0.9891669750213623,
-aqamKhZ1Ec$_$0,16,1,election,9.82,10.38,9.82,10.38,0.5600000000000005,0.9824302196502686,
-dxfTGcXJoc$_$1,1,1,For,0.0,0.6,0.0,0.6,0.6,0.8124502897262573,
-dxfTGcXJoc$_$1,2,1,the,0.6,0.76,0.6,0.76,0.16000000000000003,0.9960387945175171,
-dxfTGcXJoc$_$1,3,1,tenth,0.76,0.98,0.76,0.98,0.21999999999999997,0.5999460220336914,
-dxfTGcXJoc$_$1,4,1,straight,0.98,1.36,0.98,1.36,0.3800000000000001,0.9746900796890259,
-dxfTGcXJoc$_$1,5,1,year,1.36,1.84,1.36,1.84,0.48,0.9675220847129822,
-dxfTGcXJoc$_$1,6,1,some,2.28,2.52,2.28,2.52,0.2400000000000002,0.9962001442909241,
-dxfTGcXJoc$_$1,7,1,of,2.52,2.72,2.52,2.72,0.20000000000000018,0.9962413311004639,
-dxfTGcXJoc$_$1,8,1,Kentucky's,2.72,3.28,2.72,3.28,0.5599999999999996,0.9958336353302002,
-dxfTGcXJoc$_$1,9,1,best,3.28,3.64,3.28,3.64,0.3600000000000003,0.9948169589042664,
-dxfTGcXJoc$_$1,10,1,and,3.64,4.0,3.64,4.0,0.3599999999999999,0.9905956983566284,
-dxfTGcXJoc$_$1,11,1,most,4.0,4.26,4.0,4.26,0.2599999999999998,0.9971856474876404,
-dxfTGcXJoc$_$1,12,1,innovative,4.26,4.86,4.26,4.86,0.6000000000000005,0.989368736743927,
-dxfTGcXJoc$_$1,13,1,biotech,4.86,5.28,4.86,5.28,0.41999999999999993,0.9852398633956909,
-dxfTGcXJoc$_$1,14,1,companies,5.28,5.9,5.28,5.9,0.6200000000000001,0.9974828362464905,
-dxfTGcXJoc$_$1,15,1,and,5.9,6.16,5.9,6.16,0.2599999999999998,0.9923449158668518,
-dxfTGcXJoc$_$1,16,1,technologies,6.16,6.84,6.16,6.84,0.6799999999999997,0.9930645823478699,
-dxfTGcXJoc$_$1,17,1,were,6.84,7.46,6.84,7.46,0.6200000000000001,0.9818690419197083,
-dxfTGcXJoc$_$1,18,1,on,7.46,7.76,7.46,7.76,0.2999999999999998,0.9970877766609192,
-dxfTGcXJoc$_$1,19,1,display,7.76,8.32,7.76,8.32,0.5600000000000005,0.998371422290802,
-dxfTGcXJoc$_$1,20,1,at,8.32,8.74,8.32,8.74,0.41999999999999993,0.9967648983001709,
-dxfTGcXJoc$_$1,21,1,the,8.74,8.94,8.74,8.94,0.1999999999999993,0.995392918586731,
-dxfTGcXJoc$_$1,22,1,annual,8.94,9.4,8.94,9.4,0.46000000000000085,0.9364872574806213,
-dxfTGcXJoc$_$1,23,1,Bio,9.4,9.92,9.4,9.92,0.5199999999999996,0.7866565585136414,
-dxfTGcXJoc$_$1,24,1,International,9.92,10.62,9.92,10.62,0.6999999999999993,0.5995573997497559,
-dxfTGcXJoc$_$1,25,1,Convention,10.62,11.14,10.62,11.14,0.5200000000000014,0.9161333441734314,
-dxfTGcXJoc$_$1,26,1,which,11.74,12.04,11.74,12.04,0.29999999999999893,0.9975305199623108,
-dxfTGcXJoc$_$1,27,1,I,12.04,12.44,12.04,12.44,0.40000000000000036,0.9978874325752258,
-dxfTGcXJoc$_$1,28,1,and,12.44,12.66,12.44,12.66,0.22000000000000064,0.9904864430427551,
-dxfTGcXJoc$_$1,29,1,other,12.66,12.94,12.66,12.94,0.27999999999999936,0.9950591325759888,
-dxfTGcXJoc$_$1,30,1,state,12.94,13.18,12.94,13.18,0.2400000000000002,0.9842007756233215,
-dxfTGcXJoc$_$1,31,1,officials,13.18,13.58,13.18,13.58,0.40000000000000036,0.9986031651496887,
-dxfTGcXJoc$_$1,32,1,attended,13.58,14.02,13.58,14.02,0.4399999999999995,0.99906986951828,
-dxfTGcXJoc$_$1,33,1,this,14.02,14.32,14.02,14.32,0.3000000000000007,0.9919798374176025,
-dxfTGcXJoc$_$1,34,1,week,14.32,14.6,14.32,14.6,0.27999999999999936,0.9986037611961365,
-dxfTGcXJoc$_$1,35,1,in,14.6,14.94,14.6,14.94,0.33999999999999986,0.9827864170074463,
-dxfTGcXJoc$_$1,36,1,Chicago,14.94,15.28,14.94,15.28,0.33999999999999986,0.9978814721107483,
-dxfTGcXJoc$_$0,1,1,This,0.0,0.68,0.0,0.68,0.68,0.7148575186729431,
-dxfTGcXJoc$_$0,2,1,is,0.68,0.9,0.68,0.9,0.21999999999999997,0.9918164610862732,
-dxfTGcXJoc$_$0,3,1,Governor,0.9,1.14,0.9,1.14,0.23999999999999988,0.926433801651001,
-dxfTGcXJoc$_$0,4,1,Steve,1.14,1.52,1.14,1.52,0.3800000000000001,0.9608113169670105,
-dxfTGcXJoc$_$0,5,1,Beshear,1.52,2.08,1.52,2.08,0.56,0.9780836304028829,
-dxfTGcXJoc$_$0,6,0,...,2.08,2.56,2.08,2.56,,0.947170615196228,nonlexical_punctuation_item
-dxfTGcXJoc$_$0,7,1,About,2.56,2.82,2.56,2.82,0.2599999999999998,0.9904996752738953,
-dxfTGcXJoc$_$0,8,1,Kentucky,2.82,3.4,2.82,3.4,0.5800000000000001,0.988412082195282,
-dxfTGcXJoc$_$0,9,1,Our,4.36,4.54,4.36,4.54,0.17999999999999972,0.9653156995773315,
-dxfTGcXJoc$_$0,10,1,state,4.54,4.84,4.54,4.84,0.2999999999999998,0.9637653827667236,
-dxfTGcXJoc$_$0,11,1,is,4.84,5.08,4.84,5.08,0.2400000000000002,0.9971722960472107,
-dxfTGcXJoc$_$0,12,1,home,5.08,5.36,5.08,5.36,0.28000000000000025,0.9976771473884583,
-dxfTGcXJoc$_$0,13,1,to,5.36,5.64,5.36,5.64,0.27999999999999936,0.9929694533348083,
-dxfTGcXJoc$_$0,14,1,more,5.64,5.84,5.64,5.84,0.20000000000000018,0.9951406717300415,
-dxfTGcXJoc$_$0,15,1,than,5.84,6.1,5.84,6.1,0.2599999999999998,0.9927109479904175,
-dxfTGcXJoc$_$0,16,1,1,6.1,6.32,6.1,6.32,0.22000000000000064,0.8208277225494385,
-dxfTGcXJoc$_$0,17,1,500,6.32,6.8,6.32,6.8,0.47999999999999954,0.9959996044635773,
-dxfTGcXJoc$_$0,18,1,bioscience,6.8,8.02,6.8,8.02,1.2199999999999998,0.8557510375976562,
-dxfTGcXJoc$_$0,19,1,and,8.02,8.34,8.02,8.34,0.3200000000000003,0.9864315390586853,
-dxfTGcXJoc$_$0,20,1,life,8.34,8.64,8.34,8.64,0.3000000000000007,0.6528123617172241,
-dxfTGcXJoc$_$0,21,1,science,8.64,9.02,8.64,9.02,0.379999999999999,0.8795809149742126,
-dxfTGcXJoc$_$0,22,1,companies,9.02,9.4,9.02,9.4,0.3800000000000008,0.9983813762664795,
-dxfTGcXJoc$_$0,23,1,and,10.0,10.16,10.0,10.16,0.16000000000000014,0.9917646050453186,
-dxfTGcXJoc$_$0,24,1,more,10.16,10.34,10.16,10.34,0.17999999999999972,0.9931706190109253,
-dxfTGcXJoc$_$0,25,1,than,10.34,10.54,10.34,10.54,0.1999999999999993,0.9965946078300476,
-dxfTGcXJoc$_$0,26,1,100,10.54,10.98,10.54,10.98,0.4400000000000013,0.8712180256843567,
-dxfTGcXJoc$_$0,27,1,000,10.98,11.46,10.98,11.46,0.4800000000000004,0.9836651086807251,
-dxfTGcXJoc$_$0,28,1,people,11.46,11.82,11.46,11.82,0.35999999999999943,0.9887214303016663,
-dxfTGcXJoc$_$0,29,1,who,11.82,12.18,11.82,12.18,0.35999999999999943,0.9814481139183044,
-dxfTGcXJoc$_$0,30,1,work,12.18,12.38,12.18,12.38,0.20000000000000107,0.9919928312301636,
-dxfTGcXJoc$_$0,31,1,for,12.38,12.58,12.38,12.58,0.1999999999999993,0.9957148432731628,
-dxfTGcXJoc$_$0,32,1,these,12.58,12.78,12.58,12.78,0.1999999999999993,0.9928154945373535,
-dxfTGcXJoc$_$0,33,1,firms,12.78,13.08,12.78,13.08,0.3000000000000007,0.9901584982872009,
-dxfTGcXJoc$_$0,34,1,in,13.8,14.02,13.8,14.02,0.21999999999999886,0.9890087246894836,
-dxfTGcXJoc$_$0,35,1,areas,14.02,14.44,14.02,14.44,0.41999999999999993,0.993313729763031,
-dxfTGcXJoc$_$0,36,1,from,14.44,14.9,14.44,14.9,0.46000000000000085,0.9869270920753479,
-dxfTGcXJoc$_$0,37,1,nutrigenomics,14.9,16.0,14.9,16.0,1.0999999999999996,0.823793962597847,
-dxfTGcXJoc$_$0,38,1,and,16.0,16.36,16.0,16.36,0.35999999999999943,0.9717255234718323,
-dxfTGcXJoc$_$0,39,1,pharmaceuticals,16.36,17.46,16.36,17.46,1.1000000000000014,0.9965240955352783,
-dxfTGcXJoc$_$0,40,1,to,17.46,17.74,17.46,17.74,0.2799999999999976,0.5810564756393433,
-dxfTGcXJoc$_$0,41,1,nanotechnology,17.74,18.52,17.74,18.52,0.7800000000000011,0.978647917509079,
-dxfTGcXJoc$_$0,42,1,and,18.52,18.9,18.52,18.9,0.379999999999999,0.9950062036514282,
-dxfTGcXJoc$_$0,43,1,medical,18.9,19.2,18.9,19.2,0.3000000000000007,0.9990587830543518,
-dxfTGcXJoc$_$0,44,1,devices,19.2,19.7,19.2,19.7,0.5,0.9967724680900574,
-dxfTGcXJoc$_$0,45,1,For,19.7,20.02,19.7,20.02,0.3200000000000003,0.0011286749504506588,
-dxfTGcXJoc$_$0,46,1,more,20.02,20.02,20.02,20.02,0.0,0.29283714294433594,nonpositive_duration
-dxfTGcXJoc$_$0,47,1,information,20.02,20.02,20.02,20.02,0.0,0.7625270485877991,nonpositive_duration
-dxfTGcXJoc$_$0,48,1,visit,20.02,20.34,20.02,20.34,0.3200000000000003,0.33407917618751526,
-dxfTGcXJoc$_$0,49,1,www,20.34,20.34,20.34,20.34,0.0,0.4434071183204651,nonpositive_duration
-dxfTGcXJoc$_$0,50,1,fema,20.34,20.34,20.34,20.34,0.0,0.519984133541584,nonpositive_duration
-dxfTGcXJoc$_$0,51,1,gov,20.34,20.38,20.34,20.38,0.03999999999999915,0.8363764882087708,
-dxfTGcXJoc$_$2,1,1,An,0.0,0.62,0.0,0.62,0.62,0.952364444732666,
-dxfTGcXJoc$_$2,2,1,estimated,0.62,1.16,0.62,1.16,0.5399999999999999,0.998588502407074,
-dxfTGcXJoc$_$2,3,1,20,1.16,1.64,1.16,1.64,0.48,0.9689627289772034,
-dxfTGcXJoc$_$2,4,1,000,1.64,2.28,1.64,2.28,0.6399999999999999,0.9875012338161469,
-dxfTGcXJoc$_$2,5,1,biotech,2.28,2.82,2.28,2.82,0.54,0.9279576539993286,
-dxfTGcXJoc$_$2,6,1,scientists,2.82,3.52,2.82,3.52,0.7000000000000002,0.9503103494644165,
-dxfTGcXJoc$_$2,7,1,executives,3.9,4.28,3.9,4.28,0.38000000000000034,0.9978227615356445,
-dxfTGcXJoc$_$2,8,1,and,4.82,4.88,4.82,4.88,0.05999999999999961,0.9975307583808899,
-dxfTGcXJoc$_$2,9,1,industry,4.88,5.42,4.88,5.42,0.54,0.9994296431541443,
-dxfTGcXJoc$_$2,10,1,experts,5.42,5.92,5.42,5.92,0.5,0.9994206428527832,
-dxfTGcXJoc$_$2,11,1,from,5.92,6.54,5.92,6.54,0.6200000000000001,0.9306422472000122,
-dxfTGcXJoc$_$2,12,1,more,6.54,6.74,6.54,6.74,0.20000000000000018,0.9829806089401245,
-dxfTGcXJoc$_$2,13,1,than,6.74,6.94,6.74,6.94,0.20000000000000018,0.9978195428848267,
-dxfTGcXJoc$_$2,14,1,50,6.94,7.22,6.94,7.22,0.27999999999999936,0.9555700421333313,
-dxfTGcXJoc$_$2,15,1,nations,7.22,7.7,7.22,7.7,0.4800000000000004,0.997530996799469,
-dxfTGcXJoc$_$2,16,1,were,7.7,8.2,7.7,8.2,0.4999999999999991,0.9387115240097046,
-dxfTGcXJoc$_$2,17,1,at,8.2,8.48,8.2,8.48,0.28000000000000114,0.9974229335784912,
-dxfTGcXJoc$_$2,18,1,the,8.48,8.66,8.48,8.66,0.17999999999999972,0.9953755140304565,
-dxfTGcXJoc$_$2,19,1,bio,8.66,8.9,8.66,8.9,0.2400000000000002,0.28713300824165344,
-dxfTGcXJoc$_$2,20,1,conference,8.9,9.4,8.9,9.4,0.5,0.6051831841468811,
-dxfTGcXJoc$_$2,21,1,to,9.4,9.74,9.4,9.74,0.33999999999999986,0.9952569603919983,
-dxfTGcXJoc$_$2,22,1,learn,9.74,10.0,9.74,10.0,0.2599999999999998,0.9979599714279175,
-dxfTGcXJoc$_$2,23,1,about,10.0,10.38,10.0,10.38,0.3800000000000008,0.9972270131111145,
-dxfTGcXJoc$_$2,24,1,the,10.38,10.56,10.38,10.56,0.17999999999999972,0.995932400226593,
-dxfTGcXJoc$_$2,25,1,latest,10.56,10.84,10.56,10.84,0.27999999999999936,0.9983164072036743,
-dxfTGcXJoc$_$2,26,1,scientific,10.84,11.38,10.84,11.38,0.5400000000000009,0.9992875456809998,
-dxfTGcXJoc$_$2,27,1,advances,11.38,11.98,11.38,11.98,0.5999999999999996,0.9982201457023621,
-dxfTGcXJoc$_$2,28,1,and,11.98,12.64,11.98,12.64,0.6600000000000001,0.6906003952026367,
-dxfTGcXJoc$_$2,29,1,to,12.64,12.76,12.64,12.76,0.11999999999999922,0.9702901840209961,
-dxfTGcXJoc$_$2,30,1,exchange,12.76,13.26,12.76,13.26,0.5,0.9980106949806213,
-dxfTGcXJoc$_$2,31,1,ideas,13.26,13.78,13.26,13.78,0.5199999999999996,0.999262273311615,
-dxfTGcXJoc$_$2,32,1,and,13.78,14.3,13.78,14.3,0.5200000000000014,0.9746407270431519,
-dxfTGcXJoc$_$2,33,1,establish,14.3,14.7,14.3,14.7,0.3999999999999986,0.9866229891777039,
-dxfTGcXJoc$_$2,34,1,business,14.7,15.18,14.7,15.18,0.4800000000000004,0.9969882369041443,
-dxfTGcXJoc$_$2,35,1,relationships,15.18,15.84,15.18,15.84,0.6600000000000001,0.992405116558075,
-dxfTGcXJoc$_$6,1,1,Kentucky's,0.0,0.94,0.0,0.94,0.94,0.9299462735652924,
-dxfTGcXJoc$_$6,2,1,participation,0.94,1.54,0.94,1.54,0.6000000000000001,0.9974910020828247,
-dxfTGcXJoc$_$6,3,1,at,1.54,1.98,1.54,1.98,0.43999999999999995,0.9870469570159912,
-dxfTGcXJoc$_$6,4,1,the,1.98,2.16,1.98,2.16,0.18000000000000016,0.9955833554267883,
-dxfTGcXJoc$_$6,5,1,annual,2.16,2.62,2.16,2.62,0.45999999999999996,0.8764913082122803,
-dxfTGcXJoc$_$6,6,1,Bio,2.62,2.98,2.62,2.98,0.3599999999999999,0.8233585953712463,
-dxfTGcXJoc$_$6,7,1,International,2.98,3.6,2.98,3.6,0.6200000000000001,0.6399974972009659,
-dxfTGcXJoc$_$6,8,1,Convention,3.6,4.08,3.6,4.08,0.48,0.9239956140518188,
-dxfTGcXJoc$_$6,9,1,is,4.08,4.9,4.08,4.9,0.8200000000000003,0.9768711924552917,
-dxfTGcXJoc$_$6,10,1,the,4.9,5.14,4.9,5.14,0.23999999999999932,0.995815098285675,
-dxfTGcXJoc$_$6,11,1,primary,5.14,5.56,5.14,5.56,0.41999999999999993,0.9961367249488831,
-dxfTGcXJoc$_$6,12,1,means,5.56,6.1,5.56,6.1,0.54,0.9985356330871582,
-dxfTGcXJoc$_$6,13,1,by,6.1,6.4,6.1,6.4,0.3000000000000007,0.9965864419937134,
-dxfTGcXJoc$_$6,14,1,which,6.4,6.72,6.4,6.72,0.3199999999999994,0.9995960593223572,
-dxfTGcXJoc$_$6,15,1,our,6.72,7.12,6.72,7.12,0.40000000000000036,0.9948315620422363,
-dxfTGcXJoc$_$6,16,1,high,7.12,7.38,7.12,7.38,0.2599999999999998,0.9670484662055969,
-dxfTGcXJoc$_$6,17,1,tech,7.38,7.62,7.38,7.62,0.2400000000000002,0.9410685002803802,
-dxfTGcXJoc$_$6,18,1,companies,7.62,8.1,7.62,8.1,0.47999999999999954,0.9981856942176819,
-dxfTGcXJoc$_$6,19,1,and,8.1,8.36,8.1,8.36,0.2599999999999998,0.9935042262077332,
-dxfTGcXJoc$_$6,20,1,institutions,8.36,8.9,8.36,8.9,0.5400000000000009,0.9967420697212219,
-dxfTGcXJoc$_$6,21,1,can,8.9,9.52,8.9,9.52,0.6199999999999992,0.9892459511756897,
-dxfTGcXJoc$_$6,22,1,reach,9.52,9.8,9.52,9.8,0.28000000000000114,0.9990812540054321,
-dxfTGcXJoc$_$6,23,1,out,9.8,10.12,9.8,10.12,0.3199999999999985,0.9965640902519226,
-dxfTGcXJoc$_$6,24,1,to,10.12,10.38,10.12,10.38,0.26000000000000156,0.9964259266853333,
-dxfTGcXJoc$_$6,25,1,the,10.38,10.52,10.38,10.52,0.1399999999999988,0.9979106783866882,
-dxfTGcXJoc$_$6,26,1,global,10.52,10.82,10.52,10.82,0.3000000000000007,0.994841992855072,
-dxfTGcXJoc$_$6,27,1,scientific,10.82,11.4,10.82,11.4,0.5800000000000001,0.9958946704864502,
-dxfTGcXJoc$_$6,28,1,community,11.4,11.9,11.4,11.9,0.5,0.9990829229354858,
-egA8-b7-3M$_$26,1,1,We,0.0,0.6,0.0,0.6,0.6,0.8038239479064941,
-egA8-b7-3M$_$26,2,1,are,0.6,0.7,0.6,0.7,0.09999999999999998,0.40465039014816284,
-egA8-b7-3M$_$26,3,1,updating,0.7,1.08,0.7,1.08,0.3800000000000001,0.9720376133918762,
-egA8-b7-3M$_$26,4,1,it,1.08,1.3,1.08,1.3,0.21999999999999997,0.8832579255104065,
-egA8-b7-3M$_$26,5,1,all,1.3,1.52,1.3,1.52,0.21999999999999997,0.9910500049591064,
-egA8-b7-3M$_$26,6,1,the,1.52,1.68,1.52,1.68,0.15999999999999992,0.9489180445671082,
-egA8-b7-3M$_$26,7,1,time,1.68,2.04,1.68,2.04,0.3600000000000001,0.9989334940910339,
-egA8-b7-3M$_$26,8,1,and,2.04,2.58,2.04,2.58,0.54,0.8036439418792725,
-egA8-b7-3M$_$26,9,1,looking,2.58,2.86,2.58,2.86,0.2799999999999998,0.895165741443634,
-egA8-b7-3M$_$26,10,1,forward,2.86,3.18,2.86,3.18,0.3200000000000003,0.9941310286521912,
-egA8-b7-3M$_$26,11,1,to,3.18,3.48,3.18,3.48,0.2999999999999998,0.9887464642524719,
-egA8-b7-3M$_$26,12,1,your,3.48,3.7,3.48,3.7,0.2200000000000002,0.9842801094055176,
-egA8-b7-3M$_$26,13,1,comments,3.7,4.12,3.7,4.12,0.41999999999999993,0.9732089042663574,
-egA8-b7-3M$_$26,14,1,on,4.12,4.54,4.12,4.54,0.41999999999999993,0.9750900268554688,
-egA8-b7-3M$_$26,15,1,our,4.54,4.68,4.54,4.68,0.13999999999999968,0.9684415459632874,
-egA8-b7-3M$_$26,16,1,videos,4.68,5.06,4.68,5.06,0.3799999999999999,0.9641200304031372,
-egA8-b7-3M$_$17,1,1,As,0.0,0.7,0.0,0.7,0.7,0.8122665286064148,
-egA8-b7-3M$_$17,2,1,you,0.7,0.88,0.7,0.88,0.18000000000000005,0.998909592628479,
-egA8-b7-3M$_$17,3,1,have,0.88,1.1,0.88,1.1,0.22000000000000008,0.996624231338501,
-egA8-b7-3M$_$17,4,1,more,1.1,1.34,1.1,1.34,0.24,0.9986135959625244,
-egA8-b7-3M$_$17,5,1,experience,1.34,2.02,1.34,2.02,0.6799999999999999,0.995516836643219,
-egA8-b7-3M$_$17,6,1,you,3.24,3.32,3.24,3.32,0.07999999999999963,0.9769055843353271,
-egA8-b7-3M$_$17,7,1,have,3.32,3.5,3.32,3.5,0.18000000000000016,0.9035397171974182,
-egA8-b7-3M$_$17,8,1,more,3.5,3.76,3.5,3.76,0.2599999999999998,0.9960659146308899,
-egA8-b7-3M$_$17,9,1,times,3.76,4.14,3.76,4.14,0.3799999999999999,0.837780237197876,
-egA8-b7-3M$_$17,10,1,exhibiting,4.14,4.7,4.14,4.7,0.5600000000000005,0.985105037689209,
-egA8-b7-3M$_$17,11,1,you,5.16,5.36,5.16,5.36,0.20000000000000018,0.993219792842865,
-egA8-b7-3M$_$17,12,1,get,5.36,5.52,5.36,5.52,0.15999999999999925,0.9969622492790222,
-egA8-b7-3M$_$17,13,1,to,5.52,5.66,5.52,5.66,0.14000000000000057,0.9991440773010254,
-egA8-b7-3M$_$17,14,1,know,5.66,5.86,5.66,5.86,0.20000000000000018,0.9993553757667542,
-egA8-b7-3M$_$17,15,1,more,5.86,6.08,5.86,6.08,0.21999999999999975,0.9992635846138,
-egA8-b7-3M$_$17,16,1,people,6.08,6.42,6.08,6.42,0.33999999999999986,0.9996341466903687,
-egA8-b7-3M$_$18,1,1,It,0.0,0.62,0.0,0.62,0.62,0.7268560528755188,
-egA8-b7-3M$_$18,2,1,becomes,0.62,1.04,0.62,1.04,0.42000000000000004,0.9885627031326294,
-egA8-b7-3M$_$18,3,1,easier,1.04,1.7,1.04,1.7,0.6599999999999999,0.9974601864814758,
-egA8-b7-3M$_$18,4,1,at,1.7,2.04,1.7,2.04,0.3400000000000001,0.9802156090736389,
-egA8-b7-3M$_$18,5,1,each,2.04,2.28,2.04,2.28,0.23999999999999977,0.9969612956047058,
-egA8-b7-3M$_$18,6,1,one,2.28,2.54,2.28,2.54,0.26000000000000023,0.9931913018226624,
-egA8-b7-3M$_$18,7,1,of,2.54,2.68,2.54,2.68,0.14000000000000012,0.9970695972442627,
-egA8-b7-3M$_$18,8,1,these,2.68,2.86,2.68,2.86,0.17999999999999972,0.9929938912391663,
-egA8-b7-3M$_$18,9,1,conferences,2.86,3.42,2.86,3.42,0.56,0.9882297515869141,
-egA8-b7-3M$_$18,10,1,to,3.42,4.22,3.42,4.22,0.7999999999999998,0.9607798457145691,
-egA8-b7-3M$_$18,11,1,connect,4.22,4.54,4.22,4.54,0.3200000000000003,0.9977315068244934,
-egA8-b7-3M$_$18,12,1,with,4.54,4.78,4.54,4.78,0.2400000000000002,0.9960099458694458,
-egA8-b7-3M$_$18,13,1,people,4.78,5.12,4.78,5.12,0.33999999999999986,0.9955230951309204,
-egA8-b7-3M$_$18,14,1,that,5.12,5.36,5.12,5.36,0.2400000000000002,0.9185660481452942,
-egA8-b7-3M$_$18,15,1,you've,5.36,5.62,5.36,5.62,0.2599999999999998,0.9568167626857758,
-egA8-b7-3M$_$18,16,1,met,5.62,5.88,5.62,5.88,0.2599999999999998,0.9981405735015869,
-egA8-b7-3M$_$18,17,1,or,5.88,6.5,5.88,6.5,0.6200000000000001,0.8497495055198669,
-egA8-b7-3M$_$18,18,1,that,6.5,6.68,6.5,6.68,0.17999999999999972,0.98544842004776,
-egA8-b7-3M$_$18,19,1,you're,6.68,6.84,6.68,6.84,0.16000000000000014,0.9772046804428101,
-egA8-b7-3M$_$18,20,1,doing,6.84,7.06,6.84,7.06,0.21999999999999975,0.9982206225395203,
-egA8-b7-3M$_$18,21,1,business,7.06,7.44,7.06,7.44,0.3800000000000008,0.9966369867324829,
-egA8-b7-3M$_$18,22,1,with,7.44,7.78,7.44,7.78,0.33999999999999986,0.9966899156570435,
-egA8-b7-3M$_$16,1,1,Third,0.0,0.74,0.0,0.74,0.74,0.9280186891555786,
-egA8-b7-3M$_$16,2,1,another,0.98,1.16,0.98,1.16,0.17999999999999994,0.98619544506073,
-egA8-b7-3M$_$16,3,1,big,1.16,1.48,1.16,1.48,0.32000000000000006,0.9792770743370056,
-egA8-b7-3M$_$16,4,1,benefit,1.48,1.9,1.48,1.9,0.41999999999999993,0.9974119067192078,
-egA8-b7-3M$_$16,5,1,of,1.9,2.1,1.9,2.1,0.20000000000000018,0.9918038845062256,
-egA8-b7-3M$_$16,6,1,exhibiting,2.1,2.52,2.1,2.52,0.41999999999999993,0.9878749251365662,
-egA8-b7-3M$_$16,7,1,is,2.52,2.9,2.52,2.9,0.3799999999999999,0.972877025604248,
-egA8-b7-3M$_$16,8,1,connecting,2.9,3.32,2.9,3.32,0.41999999999999993,0.9952438473701477,
-egA8-b7-3M$_$16,9,1,with,3.32,3.68,3.32,3.68,0.3600000000000003,0.9966894388198853,
-egA8-b7-3M$_$16,10,1,existing,3.68,4.1,3.68,4.1,0.4199999999999995,0.9738546013832092,
-egA8-b7-3M$_$16,11,1,clients,4.1,4.64,4.1,4.64,0.54,0.998139500617981,
-egA8-b7-3M$_$13,1,1,What,0.0,0.64,0.0,0.64,0.64,0.7660927772521973,
-egA8-b7-3M$_$13,2,1,are,0.64,0.74,0.64,0.74,0.09999999999999998,0.9812381863594055,
-egA8-b7-3M$_$13,3,1,you,0.74,0.86,0.74,0.86,0.12,0.9958930015563965,
-egA8-b7-3M$_$13,4,1,doing,0.86,1.1,0.86,1.1,0.2400000000000001,0.9988033771514893,
-egA8-b7-3M$_$13,5,1,that's,1.1,1.38,1.1,1.38,0.2799999999999998,0.9115473031997681,
-egA8-b7-3M$_$13,6,1,different,1.38,1.66,1.38,1.66,0.28,0.9989423155784607,
-egA8-b7-3M$_$13,7,1,They,2.22,2.46,2.22,2.46,0.23999999999999977,0.9806093573570251,
-egA8-b7-3M$_$13,8,1,always,2.46,2.7,2.46,2.7,0.2400000000000002,0.9962674975395203,
-egA8-b7-3M$_$13,9,1,want,2.7,2.96,2.7,2.96,0.2599999999999998,0.7879210114479065,
-egA8-b7-3M$_$13,10,1,an,2.96,3.1,2.96,3.1,0.14000000000000012,0.9900802969932556,
-egA8-b7-3M$_$13,11,1,answer,3.1,3.42,3.1,3.42,0.31999999999999984,0.9986605644226074,
-egA8-b7-3M$_$1,1,1,I,0.0,0.66,0.0,0.66,0.66,0.45274975895881653,
-egA8-b7-3M$_$1,2,1,have,0.66,0.9,0.66,0.9,0.24,0.9007202982902527,
-egA8-b7-3M$_$1,3,1,started,0.9,1.56,0.9,1.56,0.66,0.9872822165489197,
-egA8-b7-3M$_$1,4,1,a,1.56,1.84,1.56,1.84,0.28,0.9829943180084229,
-egA8-b7-3M$_$1,5,1,successful,1.84,2.3,1.84,2.3,0.45999999999999974,0.9963223934173584,
-egA8-b7-3M$_$1,6,1,legal,2.3,2.64,2.3,2.64,0.3400000000000003,0.8559045791625977,
-egA8-b7-3M$_$1,7,1,nurse,2.64,2.96,2.64,2.96,0.31999999999999984,0.9518594741821289,
-egA8-b7-3M$_$1,8,1,consulting,2.96,3.46,2.96,3.46,0.5,0.9866867065429688,
-egA8-b7-3M$_$1,9,1,business,3.46,3.92,3.46,3.92,0.45999999999999996,0.9972033500671387,
-egA8-b7-3M$_$1,10,1,in,3.92,4.62,3.92,4.62,0.7000000000000002,0.9856929779052734,
-egA8-b7-3M$_$1,11,1,1989,4.62,5.44,4.62,5.44,0.8200000000000003,0.9963472485542297,
-egA8-b7-3M$_$1,12,1,I,6.24,6.46,6.24,6.46,0.21999999999999975,0.9954302310943604,
-egA8-b7-3M$_$1,13,1,mentor,6.46,6.76,6.46,6.76,0.2999999999999998,0.9952189326286316,
-egA8-b7-3M$_$1,14,1,nurses,6.76,7.22,6.76,7.22,0.45999999999999996,0.9976590871810913,
-egA8-b7-3M$_$1,15,1,who,7.22,7.5,7.22,7.5,0.28000000000000025,0.9907419085502625,
-egA8-b7-3M$_$1,16,1,want,7.5,7.76,7.5,7.76,0.2599999999999998,0.9981864094734192,
-egA8-b7-3M$_$1,17,1,to,7.76,7.94,7.76,7.94,0.1800000000000006,0.9990288019180298,
-egA8-b7-3M$_$1,18,1,become,7.94,8.22,7.94,8.22,0.28000000000000025,0.9980212450027466,
-egA8-b7-3M$_$1,19,1,legal,8.22,8.46,8.22,8.46,0.2400000000000002,0.9839622974395752,
-egA8-b7-3M$_$1,20,1,nurse,8.46,8.8,8.46,8.8,0.33999999999999986,0.9939392805099487,
-egA8-b7-3M$_$1,21,1,consultants,8.8,9.22,8.8,9.22,0.41999999999999993,0.9794819951057434,
-egA8-b7-3M$_$6,1,1,First,0.0,0.8,0.0,0.8,0.8,0.9789327383041382,
-egA8-b7-3M$_$6,2,1,exhibiting,1.06,1.42,1.06,1.42,0.3599999999999999,0.9814960360527039,
-egA8-b7-3M$_$6,3,1,is,1.42,1.72,1.42,1.72,0.30000000000000004,0.9801828861236572,
-egA8-b7-3M$_$6,4,1,a,1.72,1.88,1.72,1.88,0.15999999999999992,0.9930239915847778,
-egA8-b7-3M$_$6,5,1,wonderful,1.88,2.3,1.88,2.3,0.41999999999999993,0.9986978769302368,
-egA8-b7-3M$_$6,6,1,opportunity,2.3,2.9,2.3,2.9,0.6000000000000001,0.9978412389755249,
-egA8-b7-3M$_$6,7,1,to,2.9,3.4,2.9,3.4,0.5,0.9968229532241821,
-egA8-b7-3M$_$6,8,1,network,3.4,3.7,3.4,3.7,0.30000000000000027,0.9969639182090759,
-egA8-b7-3M$_$6,9,1,with,3.7,4.08,3.7,4.08,0.3799999999999999,0.9972503781318665,
-egA8-b7-3M$_$6,10,1,other,4.08,4.44,4.08,4.44,0.3600000000000003,0.9967017769813538,
-egA8-b7-3M$_$6,11,1,legal,4.44,4.82,4.44,4.82,0.3799999999999999,0.9822117686271667,
-egA8-b7-3M$_$6,12,1,vendors,4.82,5.24,4.82,5.24,0.41999999999999993,0.9427509307861328,
-egA8-b7-3M$_$9,1,1,Secondly,0.0,0.96,0.0,0.96,0.96,0.9565009474754333,
-egA8-b7-3M$_$9,2,1,another,1.28,1.52,1.28,1.52,0.24,0.9928634762763977,
-egA8-b7-3M$_$9,3,1,goal,1.52,1.86,1.52,1.86,0.3400000000000001,0.9943445920944214,
-egA8-b7-3M$_$9,4,1,of,1.86,2.02,1.86,2.02,0.15999999999999992,0.9849091172218323,
-egA8-b7-3M$_$9,5,1,exhibiting,2.02,2.42,2.02,2.42,0.3999999999999999,0.9767268896102905,
-egA8-b7-3M$_$9,6,1,is,2.42,2.82,2.42,2.82,0.3999999999999999,0.9895054697990417,
-egA8-b7-3M$_$9,7,1,building,2.82,3.1,2.82,3.1,0.28000000000000025,0.9787498116493225,
-egA8-b7-3M$_$9,8,1,your,3.1,3.46,3.1,3.46,0.3599999999999999,0.9947071671485901,
-egA8-b7-3M$_$9,9,1,company,3.46,3.82,3.46,3.82,0.3599999999999999,0.9968366622924805,
-egA8-b7-3M$_$9,10,1,image,3.82,4.3,3.82,4.3,0.48,0.9860450625419617,
-egA8-b7-3M$_$20,1,1,Now,0.0,0.72,0.0,0.72,0.72,0.8967745900154114,
-egA8-b7-3M$_$20,2,1,you've,0.72,0.98,0.72,0.98,0.26,0.8884506821632385,
-egA8-b7-3M$_$20,3,1,got,0.98,1.12,0.98,1.12,0.14000000000000012,0.9968193769454956,
-egA8-b7-3M$_$20,4,1,a,1.12,1.26,1.12,1.26,0.1399999999999999,0.9959427714347839,
-egA8-b7-3M$_$20,5,1,face,1.26,1.52,1.26,1.52,0.26,0.996157705783844,
-egA8-b7-3M$_$20,6,1,that,1.52,1.76,1.52,1.76,0.24,0.9525067806243896,
-egA8-b7-3M$_$20,7,1,you,1.76,1.9,1.76,1.9,0.1399999999999999,0.9903593063354492,
-egA8-b7-3M$_$20,8,1,can,1.9,2.1,1.9,2.1,0.20000000000000018,0.9914662837982178,
-egA8-b7-3M$_$20,9,1,connect,2.1,2.42,2.1,2.42,0.31999999999999984,0.9966773986816406,
-egA8-b7-3M$_$20,10,1,with,2.42,2.68,2.42,2.68,0.26000000000000023,0.9955815672874451,
-egA8-b7-3M$_$20,11,1,a,2.68,2.84,2.68,2.84,0.1599999999999997,0.9561775922775269,
-egA8-b7-3M$_$20,12,1,voice,2.84,3.14,2.84,3.14,0.30000000000000027,0.9985582232475281,
-egA8-b7-3M$_$20,13,1,and,3.14,4.04,3.14,4.04,0.8999999999999999,0.5858818888664246,
-egA8-b7-3M$_$20,14,1,that,4.04,4.24,4.04,4.24,0.20000000000000018,0.9964522123336792,
-egA8-b7-3M$_$20,15,1,makes,4.24,4.46,4.24,4.46,0.21999999999999975,0.9963132739067078,
-egA8-b7-3M$_$20,16,1,you,4.46,4.68,4.46,4.68,0.21999999999999975,0.9980792999267578,
-egA8-b7-3M$_$20,17,1,closer,4.68,4.98,4.68,4.98,0.3000000000000007,0.9962372779846191,
-egA8-b7-3M$_$20,18,1,to,4.98,5.3,4.98,5.3,0.3199999999999994,0.9985346794128418,
-egA8-b7-3M$_$20,19,1,that,5.3,5.52,5.3,5.52,0.21999999999999975,0.992429792881012,
-egA8-b7-3M$_$20,20,1,client,5.52,5.84,5.52,5.84,0.3200000000000003,0.9960972666740417,
-iRBcNs9oI8$_$3,1,1,is,0.0,0.48,0.0,0.48,0.48,0.5802612900733948,
-iRBcNs9oI8$_$3,2,1,going,0.48,0.68,0.48,0.68,0.20000000000000007,0.9987578392028809,
-iRBcNs9oI8$_$3,3,1,to,0.68,0.84,0.68,0.84,0.15999999999999992,0.9992349147796631,
-iRBcNs9oI8$_$3,4,1,help,0.84,1.06,0.84,1.06,0.22000000000000008,0.9984208345413208,
-iRBcNs9oI8$_$3,5,1,you,1.06,1.32,1.06,1.32,0.26,0.9962186217308044,
-iRBcNs9oI8$_$3,6,1,on,1.32,2.04,1.32,2.04,0.72,0.9951741099357605,
-iRBcNs9oI8$_$3,7,1,your,2.04,2.22,2.04,2.22,0.18000000000000016,0.9976925849914551,
-iRBcNs9oI8$_$3,8,1,tests,2.22,2.66,2.22,2.66,0.43999999999999995,0.8939075469970703,
-iRBcNs9oI8$_$3,9,1,such,3.22,3.48,3.22,3.48,0.2599999999999998,0.9980208873748779,
-iRBcNs9oI8$_$3,10,1,as,3.48,3.7,3.48,3.7,0.2200000000000002,0.9973371624946594,
-iRBcNs9oI8$_$3,11,1,TOEFL,3.7,4.16,3.7,4.16,0.45999999999999996,0.9871434171994528,
-iRBcNs9oI8$_$3,12,1,IELTS,4.4,4.78,4.4,4.78,0.3799999999999999,0.9841676950454712,
-iRBcNs9oI8$_$3,13,1,or,4.84,4.96,4.84,4.96,0.1200000000000001,0.9985378980636597,
-iRBcNs9oI8$_$3,14,1,university,4.96,5.3,4.96,5.3,0.33999999999999986,0.5634418725967407,
-iRBcNs9oI8$_$7,1,1,interview,0.0,0.38,0.0,0.38,0.38,0.7142382264137268,
-iRBcNs9oI8$_$7,2,1,And,1.16,1.44,1.16,1.44,0.28,0.9260126948356628,
-iRBcNs9oI8$_$7,3,1,this,1.44,1.56,1.44,1.56,0.1200000000000001,0.6932659149169922,
-iRBcNs9oI8$_$7,4,1,secret,1.56,1.92,1.56,1.92,0.3599999999999999,0.9960940480232239,
-iRBcNs9oI8$_$7,5,1,will,1.92,2.52,1.92,2.52,0.6000000000000001,0.9939975738525391,
-iRBcNs9oI8$_$7,6,1,also,2.52,2.84,2.52,2.84,0.31999999999999984,0.9945353269577026,
-iRBcNs9oI8$_$7,7,1,help,2.84,3.08,2.84,3.08,0.2400000000000002,0.9985730648040771,
-iRBcNs9oI8$_$7,8,1,you,3.08,3.34,3.08,3.34,0.2599999999999998,0.9939393997192383,
-iRBcNs9oI8$_$7,9,1,if,3.34,3.68,3.34,3.68,0.3400000000000003,0.9607270956039429,
-iRBcNs9oI8$_$7,10,1,you,3.68,3.82,3.68,3.82,0.13999999999999968,0.9879693984985352,
-iRBcNs9oI8$_$7,11,1,ever,3.82,3.98,3.82,3.98,0.16000000000000014,0.5510524809360504,
-iRBcNs9oI8$_$6,1,1,help,0.0,0.18,0.0,0.18,0.18,0.84339439868927,
-iRBcNs9oI8$_$6,2,1,you,0.18,0.32,0.18,0.32,0.14,0.9968319535255432,
-iRBcNs9oI8$_$6,3,1,if,0.32,0.52,0.32,0.52,0.2,0.9715574979782104,
-iRBcNs9oI8$_$6,4,1,you,0.52,0.64,0.52,0.64,0.12,0.9988202452659607,
-iRBcNs9oI8$_$6,5,1,have,0.64,0.76,0.64,0.76,0.12,0.9980766773223877,
-iRBcNs9oI8$_$6,6,1,an,0.76,0.88,0.76,0.88,0.12,0.9958406090736389,
-iRBcNs9oI8$_$6,7,1,English,0.88,1.24,0.88,1.24,0.36,0.9957335591316223,
-iRBcNs9oI8$_$6,8,1,job,1.24,1.7,1.24,1.7,0.45999999999999996,0.964788556098938,
-iRBcNs9oI8$_$6,9,1,interview,1.7,2.38,1.7,2.38,0.6799999999999999,0.9996620416641235,
-iRBcNs9oI8$_$9,1,1,of,0.0,0.36,0.0,0.36,0.36,0.8948835730552673,
-iRBcNs9oI8$_$9,2,1,Power,0.36,1.66,0.36,1.66,1.2999999999999998,0.7613272070884705,
-iRBcNs9oI8$_$9,3,1,Pose,1.66,2.3,1.66,2.3,0.6399999999999999,0.7083793878555298,
-iRBcNs9oI8$_$8,1,1,ever,0.0,0.22,0.0,0.22,0.22,0.9093908667564392,
-iRBcNs9oI8$_$8,2,1,decide,0.22,0.62,0.22,0.62,0.4,0.98044353723526,
-iRBcNs9oI8$_$8,3,1,to,0.62,1.06,0.62,1.06,0.44000000000000006,0.9991948008537292,
-iRBcNs9oI8$_$8,4,1,ask,1.06,1.34,1.06,1.34,0.28,0.9875923991203308,
-iRBcNs9oI8$_$8,5,1,out,1.34,1.66,1.34,1.66,0.31999999999999984,0.9982084035873413,
-iRBcNs9oI8$_$8,6,1,that,1.66,2.04,1.66,2.04,0.3800000000000001,0.9953243732452393,
-iRBcNs9oI8$_$8,7,1,special,2.04,2.4,2.04,2.4,0.3599999999999999,0.9531575441360474,
-iRBcNs9oI8$_$8,8,1,someone,2.4,2.78,2.4,2.78,0.3799999999999999,0.9916879534721375,
-iRBcNs9oI8$_$8,9,1,So,3.64,4.06,3.64,4.06,0.4199999999999995,0.9877542853355408,
-iRBcNs9oI8$_$8,10,1,what,4.06,4.2,4.06,4.2,0.14000000000000057,0.7057698965072632,
-iRBcNs9oI8$_$8,11,1,is,4.2,4.34,4.2,4.34,0.13999999999999968,0.996453046798706,
-iRBcNs9oI8$_$8,12,1,the,4.34,4.48,4.34,4.48,0.14000000000000057,0.960902214050293,
-iRBcNs9oI8$_$8,13,1,secret,4.48,4.72,4.48,4.72,0.23999999999999932,0.99037766456604,
-iRBcNs9oI8$_$8,14,1,I'm,4.72,5.04,4.72,5.04,0.3200000000000003,0.9894242882728577,
-iRBcNs9oI8$_$8,15,1,telling,5.04,5.24,5.04,5.24,0.20000000000000018,0.9993365406990051,
-iRBcNs9oI8$_$8,16,1,you,5.24,5.5,5.24,5.5,0.2599999999999998,0.9950574636459351,
-iRBcNs9oI8$_$8,17,1,about,5.5,5.82,5.5,5.82,0.3200000000000003,0.999097466468811,
-iRBcNs9oI8$_$8,18,1,Well,6.44,6.7,6.44,6.7,0.2599999999999998,0.9956353306770325,
-iRBcNs9oI8$_$8,19,1,it,7.08,7.26,7.08,7.26,0.17999999999999972,0.9927535653114319,
-iRBcNs9oI8$_$8,20,1,is,7.26,7.44,7.26,7.44,0.1800000000000006,0.993075966835022,
-iRBcNs9oI8$_$8,21,1,the,7.44,7.68,7.44,7.68,0.23999999999999932,0.9752086400985718,
-iRBcNs9oI8$_$8,22,1,secret,7.68,8.0,7.68,8.0,0.3200000000000003,0.6731269508600235,
-lzEya4AM_4$_$5,1,1,If,0.0,0.6,0.0,0.6,0.6,0.8859710693359375,
-lzEya4AM_4$_$5,2,1,it,0.6,0.72,0.6,0.72,0.12,0.993889570236206,
-lzEya4AM_4$_$5,3,1,falls,0.72,0.94,0.72,0.94,0.21999999999999997,0.9952384233474731,
-lzEya4AM_4$_$5,4,1,into,0.94,1.24,0.94,1.24,0.30000000000000004,0.9636890888214111,
-lzEya4AM_4$_$5,5,1,any,1.24,1.7,1.24,1.7,0.45999999999999996,0.9661457538604736,
-lzEya4AM_4$_$5,6,1,of,1.7,1.9,1.7,1.9,0.19999999999999996,0.9911062121391296,
-lzEya4AM_4$_$5,7,1,those,1.9,2.06,1.9,2.06,0.16000000000000014,0.9887863397598267,
-lzEya4AM_4$_$5,8,1,three,2.06,2.28,2.06,2.28,0.21999999999999975,0.9467026591300964,
-lzEya4AM_4$_$5,9,1,categories,2.28,2.88,2.28,2.88,0.6000000000000001,0.9960177540779114,
-lzEya4AM_4$_$5,10,1,inducing,4.16,4.76,4.16,4.76,0.5999999999999996,0.920320987701416,
-lzEya4AM_4$_$5,11,1,nausea,4.76,5.36,4.76,5.36,0.6000000000000005,0.858155369758606,
-lzEya4AM_4$_$5,12,1,and,5.36,5.56,5.36,5.56,0.1999999999999993,0.5435306429862976,
-lzEya4AM_4$_$5,13,1,vomiting,5.56,5.9,5.56,5.9,0.34000000000000075,0.9995459914207458,
-lzEya4AM_4$_$5,14,1,would,5.9,6.34,5.9,6.34,0.4399999999999995,0.9527908563613892,
-lzEya4AM_4$_$5,15,1,be,6.34,6.48,6.34,6.48,0.14000000000000057,0.9987988471984863,
-lzEya4AM_4$_$5,16,1,your,6.48,6.58,6.48,6.58,0.09999999999999964,0.9901006817817688,
-lzEya4AM_4$_$5,17,1,next,6.58,6.78,6.58,6.78,0.20000000000000018,0.9981507658958435,
-lzEya4AM_4$_$5,18,1,step,6.78,7.04,6.78,7.04,0.2599999999999998,0.9992960691452026,
-lzEya4AM_4$_$6,1,1,If,0.0,0.66,0.0,0.66,0.66,0.8982383012771606,
-lzEya4AM_4$_$6,2,1,the,0.66,0.84,0.66,0.84,0.17999999999999994,0.9932210445404053,
-lzEya4AM_4$_$6,3,1,product,0.84,1.2,0.84,1.2,0.36,0.9814447164535522,
-lzEya4AM_4$_$6,4,1,or,1.2,1.66,1.2,1.66,0.45999999999999996,0.803094744682312,
-lzEya4AM_4$_$6,5,1,poison,1.66,2.0,1.66,2.0,0.3400000000000001,0.9861636757850647,
-lzEya4AM_4$_$6,6,1,is,2.0,2.26,2.0,2.26,0.2599999999999998,0.9724307656288147,
-lzEya4AM_4$_$6,7,1,some,2.26,2.42,2.26,2.42,0.16000000000000014,0.9934597015380859,
-lzEya4AM_4$_$6,8,1,type,2.42,2.6,2.42,2.6,0.18000000000000016,0.9787406325340271,
-lzEya4AM_4$_$6,9,1,of,2.6,2.82,2.6,2.82,0.21999999999999975,0.9949790835380554,
-lzEya4AM_4$_$6,10,1,petroleum,2.82,3.26,2.82,3.26,0.43999999999999995,0.9985501170158386,
-lzEya4AM_4$_$6,11,1,product,3.26,3.74,3.26,3.74,0.4800000000000004,0.9869697093963623,
-lzEya4AM_4$_$6,12,1,or,3.74,4.28,3.74,4.28,0.54,0.9413560032844543,
-lzEya4AM_4$_$6,13,1,corrosive,4.28,4.82,4.28,4.82,0.54,0.9966164231300354,
-lzEya4AM_4$_$6,14,1,product,4.82,5.2,4.82,5.2,0.3799999999999999,0.9985314607620239,
-lzEya4AM_4$_$6,15,1,you,5.56,5.9,5.56,5.9,0.34000000000000075,0.9848516583442688,
-lzEya4AM_4$_$6,16,1,would,5.9,6.06,5.9,6.06,0.15999999999999925,0.9955465793609619,
-lzEya4AM_4$_$6,17,1,not,6.06,6.26,6.06,6.26,0.20000000000000018,0.9983491897583008,
-lzEya4AM_4$_$6,18,1,attempt,6.26,6.78,6.26,6.78,0.5200000000000005,0.9984534978866577,
-lzEya4AM_4$_$6,19,1,to,6.78,7.34,6.78,7.34,0.5599999999999996,0.9970247149467468,
-lzEya4AM_4$_$6,20,1,induce,7.34,7.86,7.34,7.86,0.5200000000000005,0.9816238284111023,
-lzEya4AM_4$_$6,21,1,vomiting,7.86,8.28,7.86,8.28,0.41999999999999904,0.9988935589790344,
-lzEya4AM_4$_$6,22,1,and,8.28,8.68,8.28,8.68,0.40000000000000036,0.9762917160987854,
-lzEya4AM_4$_$6,23,1,nausea,8.68,9.02,8.68,9.02,0.33999999999999986,0.9996223449707031,
-lzEya4AM_4$_$6,24,1,As,9.5,9.74,9.5,9.74,0.2400000000000002,0.9893535375595093,
-lzEya4AM_4$_$6,25,1,the,9.74,9.94,9.74,9.94,0.1999999999999993,0.7968776822090149,
-lzEya4AM_4$_$6,26,1,product,9.94,10.26,9.94,10.26,0.3200000000000003,0.9945124387741089,
-lzEya4AM_4$_$6,27,1,burned,10.26,10.6,10.26,10.6,0.33999999999999986,0.9920786023139954,
-lzEya4AM_4$_$6,28,1,on,10.6,10.82,10.6,10.82,0.22000000000000064,0.9953948855400085,
-lzEya4AM_4$_$6,29,1,the,10.82,10.92,10.82,10.92,0.09999999999999964,0.9986963868141174,
-lzEya4AM_4$_$6,30,1,way,10.92,11.06,10.92,11.06,0.14000000000000057,0.9989990592002869,
-lzEya4AM_4$_$6,31,1,down,11.06,11.4,11.06,11.4,0.33999999999999986,0.9987138509750366,
-lzEya4AM_4$_$6,32,1,it,11.7,11.88,11.7,11.88,0.1800000000000015,0.9952318072319031,
-lzEya4AM_4$_$6,33,1,could,11.88,12.0,11.88,12.0,0.11999999999999922,0.9729831218719482,
-lzEya4AM_4$_$6,34,1,cause,12.0,12.26,12.0,12.26,0.2599999999999998,0.9965420365333557,
-lzEya4AM_4$_$6,35,1,damage,12.26,12.58,12.26,12.58,0.3200000000000003,0.9954012632369995,
-lzEya4AM_4$_$6,36,1,in,12.58,12.84,12.58,12.84,0.2599999999999998,0.47538912296295166,
-lzEya4AM_4$_$6,37,1,burning,12.84,13.1,12.84,13.1,0.2599999999999998,0.997825562953949,
-lzEya4AM_4$_$6,38,1,on,13.1,13.54,13.1,13.54,0.4399999999999995,0.9885198473930359,
-lzEya4AM_4$_$6,39,1,the,13.54,13.64,13.54,13.64,0.10000000000000142,0.9991068243980408,
-lzEya4AM_4$_$6,40,1,way,13.64,13.76,13.64,13.76,0.11999999999999922,0.9990509152412415,
-lzEya4AM_4$_$6,41,1,back,13.76,13.98,13.76,13.98,0.22000000000000064,0.9947836995124817,
-lzEya4AM_4$_$6,42,1,up,13.98,14.2,13.98,14.2,0.21999999999999886,0.9978826642036438,
-mJ2ud6oKI8$_$1,1,1,You,1.58,2.2800000000000002,1.58,2.2800000000000002,0.7000000000000002,0.18373042345046997,
-mJ2ud6oKI8$_$2,1,1,You,0.0,2.0,0.0,2.0,2.0,0.16936469078063965,very_long_duration_review
-mJ2ud6oKI8$_$6,1,1,that,0.0,0.14,0.0,0.14,0.14,0.8963896632194519,
-mJ2ud6oKI8$_$6,2,1,we,0.14,0.4,0.14,0.4,0.26,0.9980310797691345,
-mJ2ud6oKI8$_$6,3,1,all,0.4,0.68,0.4,0.68,0.28,0.9986580610275269,
-mJ2ud6oKI8$_$6,4,1,want,0.68,0.92,0.68,0.92,0.24,0.8024982213973999,
-mJ2ud6oKI8$_$6,5,1,to,0.92,1.04,0.92,1.04,0.12,0.9956738352775574,
-mJ2ud6oKI8$_$6,6,1,approach,1.04,1.4,1.04,1.4,0.3599999999999999,0.9972438812255859,
-mJ2ud6oKI8$_$6,7,1,really,1.4,1.94,1.4,1.94,0.54,0.46935445070266724,
-mJ2ud6oKI8$_$6,8,1,any,1.94,2.12,1.94,2.12,0.18000000000000016,0.7871361374855042,
-mJ2ud6oKI8$_$9,1,1,to,0.0,0.42,0.0,0.42,0.42,0.41084858775138855,
-mJ2ud6oKI8$_$9,2,1,find,0.42,0.66,0.42,0.66,0.24000000000000005,0.9524564743041992,
-mJ2ud6oKI8$_$9,3,1,out,0.66,0.92,0.66,0.92,0.26,0.9930145740509033,
-mJ2ud6oKI8$_$9,4,1,because,0.92,1.28,0.92,1.28,0.36,0.7039195895195007,
-mJ2ud6oKI8$_$9,5,1,you,1.28,1.42,1.28,1.42,0.1399999999999999,0.995435893535614,
-mJ2ud6oKI8$_$9,6,1,might,1.42,1.58,1.42,1.58,0.16000000000000014,0.9932088255882263,
-mJ2ud6oKI8$_$9,7,1,have,1.58,1.76,1.58,1.76,0.17999999999999994,0.9950746893882751,
-mJ2ud6oKI8$_$9,8,1,hip,1.76,1.96,1.76,1.96,0.19999999999999996,0.8955364227294922,
-mJ2ud6oKI8$_$9,9,1,osteoarthritis,1.96,2.66,1.96,2.66,0.7000000000000002,0.8415471017360687,
-mJ2ud6oKI8$_$9,10,1,but,2.66,3.04,2.66,3.04,0.3799999999999999,0.7175760865211487,
-mJ2ud6oKI8$_$9,11,1,that,3.04,3.14,3.04,3.14,0.10000000000000009,0.43513330817222595,
-mJ2ud6oKI8$_$9,12,1,you,3.14,3.26,3.14,3.26,0.11999999999999966,0.9986556768417358,
-mJ2ud6oKI8$_$9,13,1,could,3.26,3.38,3.26,3.38,0.1200000000000001,0.9034488201141357,
-mJ2ud6oKI8$_$9,14,1,also,3.38,3.6,3.38,3.6,0.2200000000000002,0.9967408776283264,
-mJ2ud6oKI8$_$9,15,1,have,3.6,3.86,3.6,3.86,0.2599999999999998,0.9988852143287659,
-mJ2ud6oKI8$_$9,16,1,other,3.86,4.32,3.86,4.32,0.4600000000000004,0.9977255463600159,
-mJ2ud6oKI8$_$9,17,1,you,4.32,5.4,4.32,5.4,1.08,0.5682766437530518,
-mJ2ud6oKI8$_$9,18,1,know,5.4,6.02,5.4,6.02,0.6199999999999992,0.9996709823608398,
-mJ2ud6oKI8$_$9,19,1,dysfunctions,6.02,6.54,6.02,6.54,0.5200000000000005,0.8392557501792908,
-mJ2ud6oKI8$_$9,20,1,around,6.54,6.74,6.54,6.74,0.20000000000000018,0.9852049350738525,
-mJ2ud6oKI8$_$9,21,1,your,6.74,6.88,6.74,6.88,0.13999999999999968,0.9122158288955688,
-mJ2ud6oKI8$_$8,1,1,We,0.52,0.88,0.52,0.88,0.36,0.4580743908882141,
-mJ2ud6oKI8$_$8,2,1,want,0.88,1.04,0.88,1.04,0.16000000000000003,0.8913188576698303,
-mJ2ud6oKI8$_$8,3,1,to,1.04,1.14,1.04,1.14,0.09999999999999987,0.9958374500274658,
-mJ2ud6oKI8$_$8,4,1,evaluate,1.14,1.48,1.14,1.48,0.3400000000000001,0.9446409344673157,
-mJ2ud6oKI8$_$8,5,1,them,1.48,1.84,1.48,1.84,0.3600000000000001,0.9890991449356079,
-mJ2ud6oKI8$_$8,6,1,you,2.04,2.06,2.04,2.06,0.020000000000000018,0.4594206213951111,
-mJ2ud6oKI8$_$8,7,1,know,2.06,2.16,2.06,2.16,0.10000000000000009,0.9980067610740662,
-mJ2ud6oKI8$_$8,8,1,give,2.26,2.26,2.26,2.26,0.0,0.9770125150680542,nonpositive_duration
-mJ2ud6oKI8$_$8,9,1,them,2.26,2.36,2.26,2.36,0.10000000000000009,0.9604836702346802,
-mJ2ud6oKI8$_$8,10,1,a,2.36,2.48,2.36,2.48,0.1200000000000001,0.99440997838974,
-mJ2ud6oKI8$_$8,11,1,full,2.48,2.78,2.48,2.78,0.2999999999999998,0.9929978847503662,
-mJ2ud6oKI8$_$8,12,1,thorough,2.78,3.1,2.78,3.1,0.3200000000000003,0.9257428050041199,
-mJ2ud6oKI8$_$8,13,1,evaluation,3.1,3.76,3.1,3.76,0.6599999999999997,0.9985870122909546,
-mJ2ud6oKI8$_$8,14,1,to,3.76,3.98,3.76,3.98,0.2200000000000002,0.8258501887321472,
-mJ2ud6oKI8$_$8,15,1,find,3.98,4.14,3.98,4.14,0.1599999999999997,0.6397684812545776,
-mqbVkbCndg$_$0,1,1,How,0.0,0.38,0.0,0.38,0.38,0.903985321521759,
-mqbVkbCndg$_$0,2,1,at,0.38,0.94,0.38,0.94,0.5599999999999999,0.6793640851974487,
-mqbVkbCndg$_$0,3,1,a,0.94,1.06,0.94,1.06,0.1200000000000001,0.995926022529602,
-mqbVkbCndg$_$0,4,1,particular,1.06,1.34,1.06,1.34,0.28,0.9976809024810791,
-mqbVkbCndg$_$0,5,1,moment,1.34,1.84,1.34,1.84,0.5,0.9962963461875916,
-mqbVkbCndg$_$0,6,1,in,1.84,2.18,1.84,2.18,0.3400000000000001,0.995187520980835,
-mqbVkbCndg$_$0,7,1,time,2.18,2.52,2.18,2.52,0.33999999999999986,0.9983441829681396,
-mqbVkbCndg$_$0,8,1,our,2.7,2.92,2.7,2.92,0.21999999999999975,0.9645101428031921,
-mqbVkbCndg$_$0,9,1,moment,2.92,3.24,2.92,3.24,0.3200000000000003,0.9916918277740479,
-mqbVkbCndg$_$0,10,1,in,3.24,3.6,3.24,3.6,0.3599999999999999,0.9924523234367371,
-mqbVkbCndg$_$0,11,1,time,3.6,4.0,3.6,4.0,0.3999999999999999,0.9996235370635986,
-mqbVkbCndg$_$0,12,1,are,4.32,4.62,4.32,4.62,0.2999999999999998,0.99750816822052,
-mqbVkbCndg$_$0,13,1,they,4.62,4.94,4.62,4.94,0.3200000000000003,0.9992477893829346,
-mqbVkbCndg$_$0,14,1,limited,4.94,5.64,4.94,5.64,0.6999999999999993,0.9933401942253113,
-t217m2on-s$_$2,1,1,But,0.0,0.68,0.0,0.68,0.68,0.5415016412734985,
-t217m2on-s$_$2,2,1,a,0.68,1.38,0.68,1.38,0.6999999999999998,0.8815295696258545,
-t217m2on-s$_$2,3,1,good,1.38,1.54,1.38,1.54,0.16000000000000014,0.9807708859443665,
-t217m2on-s$_$2,4,1,thing,1.54,1.74,1.54,1.74,0.19999999999999996,0.9959844350814819,
-t217m2on-s$_$2,5,1,to,1.74,1.86,1.74,1.86,0.1200000000000001,0.9801713228225708,
-t217m2on-s$_$2,6,1,do,1.86,1.96,1.86,1.96,0.09999999999999987,0.9971265196800232,
-t217m2on-s$_$2,7,1,is,1.96,2.08,1.96,2.08,0.1200000000000001,0.9838899374008179,
-t217m2on-s$_$2,8,1,yawning,2.08,3.08,2.08,3.08,1.0,0.7328837960958481,
-t217m2on-s$_$2,9,1,Chewing,3.62,3.88,3.62,3.88,0.2599999999999998,0.971761554479599,
-t217m2on-s$_$2,10,1,gum,3.88,4.18,3.88,4.18,0.2999999999999998,0.9976316690444946,
-t217m2on-s$_$2,11,1,is,4.18,4.4,4.18,4.4,0.22000000000000064,0.9941524863243103,
-t217m2on-s$_$2,12,1,effective,4.4,4.86,4.4,4.86,0.45999999999999996,0.9849432706832886,
-t217m2on-s$_$7,1,1,If,0.0,0.62,0.0,0.62,0.62,0.8049013614654541,
-t217m2on-s$_$7,2,1,you,0.62,0.78,0.62,0.78,0.16000000000000003,0.9979423880577087,
-t217m2on-s$_$7,3,1,find,0.78,1.06,0.78,1.06,0.28,0.9968672394752502,
-t217m2on-s$_$7,4,1,that,1.06,1.32,1.06,1.32,0.26,0.9848783612251282,
-t217m2on-s$_$7,5,1,your,1.32,1.56,1.32,1.56,0.24,0.9847524762153625,
-t217m2on-s$_$7,6,1,ears,1.56,1.96,1.56,1.96,0.3999999999999999,0.9943517446517944,
-t217m2on-s$_$7,7,1,consistently,1.96,3.6,1.96,3.6,1.6400000000000001,0.5469586253166199,very_long_duration_review
-t217m2on-s$_$7,8,1,do,3.6,4.42,3.6,4.42,0.8199999999999998,0.9944936633110046,
-t217m2on-s$_$7,9,1,this,4.42,4.66,4.42,4.66,0.2400000000000002,0.9991395473480225,
-t217m2on-s$_$7,10,1,and,4.66,4.86,4.66,4.86,0.20000000000000018,0.8059030771255493,
-t217m2on-s$_$7,11,1,you,4.86,5.0,4.86,5.0,0.13999999999999968,0.9910494089126587,
-t217m2on-s$_$7,12,1,can't,5.0,5.44,5.0,5.44,0.4400000000000004,0.9856958389282227,
-t217m2on-s$_$7,13,1,pop,5.44,5.78,5.44,5.78,0.33999999999999986,0.987203061580658,
-t217m2on-s$_$7,14,1,them,5.78,6.02,5.78,6.02,0.23999999999999932,0.9957380294799805,
-t217m2on-s$_$7,15,1,often,6.02,6.44,6.02,6.44,0.4200000000000008,0.8463388085365295,
-t217m2on-s$_$7,16,1,you'll,6.9,7.1,6.9,7.1,0.1999999999999993,0.7693890333175659,
-t217m2on-s$_$7,17,1,definitely,7.1,7.3,7.1,7.3,0.20000000000000018,0.993992269039154,
-t217m2on-s$_$7,18,1,need,7.3,7.86,7.3,7.86,0.5600000000000005,0.8555898070335388,
-t217m2on-s$_$7,19,1,to,7.86,8.02,7.86,8.02,0.15999999999999925,0.9981631636619568,
-t217m2on-s$_$7,20,1,see,8.02,8.2,8.02,8.2,0.17999999999999972,0.9936395287513733,
-t217m2on-s$_$7,21,1,a,8.2,8.34,8.2,8.34,0.14000000000000057,0.9891112446784973,
-t217m2on-s$_$7,22,1,physician,8.34,8.78,8.34,8.78,0.4399999999999995,0.9982131719589233,
-t217m2on-s$_$7,23,1,regarding,8.78,9.76,8.78,9.76,0.9800000000000004,0.9821268916130066,
-t217m2on-s$_$7,24,1,those,9.76,10.1,9.76,10.1,0.33999999999999986,0.9958620071411133,
-t217m2on-s$_$7,25,1,things,10.1,10.44,10.1,10.44,0.33999999999999986,0.9986488223075867,
-t217m2on-s$_$7,26,1,It,10.86,10.98,10.86,10.98,0.120000000000001,0.9940097332000732,
-t217m2on-s$_$7,27,1,could,10.98,11.14,10.98,11.14,0.16000000000000014,0.9984684586524963,
-t217m2on-s$_$7,28,1,be,11.14,11.36,11.14,11.36,0.21999999999999886,0.9978824257850647,
-t217m2on-s$_$7,29,1,something,11.36,11.56,11.36,11.56,0.20000000000000107,0.9778878092765808,
-t217m2on-s$_$7,30,1,more,11.56,11.94,11.56,11.94,0.379999999999999,0.9923701286315918,
-t217m2on-s$_$7,31,1,of,11.94,12.08,11.94,12.08,0.14000000000000057,0.9892995357513428,
-t217m2on-s$_$7,32,1,a,12.08,12.16,12.08,12.16,0.08000000000000007,0.989463210105896,
-t217m2on-s$_$7,33,1,nasal,12.16,12.46,12.16,12.46,0.3000000000000007,0.9939518570899963,
-t217m2on-s$_$7,34,1,infection,12.46,12.94,12.46,12.94,0.47999999999999865,0.9666379690170288,
-t217m2on-s$_$7,35,1,or,12.94,13.4,12.94,13.4,0.46000000000000085,0.9575603604316711,
-t217m2on-s$_$7,36,1,a,13.4,13.52,13.4,13.52,0.11999999999999922,0.9609844088554382,
-t217m2on-s$_$7,37,1,sinus,13.52,13.92,13.52,13.92,0.40000000000000036,0.9935645461082458,
-t217m2on-s$_$7,38,1,infection,13.92,14.5,13.92,14.5,0.5800000000000001,0.998271107673645,
-t217m2on-s$_$7,39,1,that,14.5,15.28,14.5,15.28,0.7799999999999994,0.9335046410560608,
-t217m2on-s$_$7,40,1,he,15.28,15.5,15.28,15.5,0.22000000000000064,0.9986530542373657,
-t217m2on-s$_$7,41,1,would,15.5,15.72,15.5,15.72,0.22000000000000064,0.9939911961555481,
-t217m2on-s$_$7,42,1,need,15.72,15.92,15.72,15.92,0.1999999999999993,0.9967089891433716,
-t217m2on-s$_$7,43,1,to,15.92,16.08,15.92,16.08,0.15999999999999837,0.9969701766967773,
-t217m2on-s$_$7,44,1,deal,16.08,16.24,16.08,16.24,0.16000000000000014,0.9990597367286682,
-t217m2on-s$_$7,45,1,with,16.24,16.48,16.24,16.48,0.240000000000002,0.9989902377128601,
-tANM6ETl_M$_$3,1,1,The,0.0,0.62,0.0,0.62,0.62,0.7864065170288086,
-tANM6ETl_M$_$3,2,1,first,0.62,0.88,0.62,0.88,0.26,0.9942955374717712,
-tANM6ETl_M$_$3,3,1,place,0.88,1.22,0.88,1.22,0.33999999999999997,0.9934152364730835,
-tANM6ETl_M$_$3,4,1,is,1.22,1.46,1.22,1.46,0.24,0.9854228496551514,
-tANM6ETl_M$_$3,5,1,either,1.46,1.7,1.46,1.7,0.24,0.96430903673172,
-tANM6ETl_M$_$3,6,1,you,1.7,1.96,1.7,1.96,0.26,0.9747502207756042,
-tANM6ETl_M$_$3,7,1,have,1.96,2.18,1.96,2.18,0.2200000000000002,0.9969215989112854,
-tANM6ETl_M$_$3,8,1,a,2.18,2.36,2.18,2.36,0.17999999999999972,0.9844837784767151,
-tANM6ETl_M$_$3,9,1,prospect,2.36,2.76,2.36,2.76,0.3999999999999999,0.9972477555274963,
-tANM6ETl_M$_$3,10,1,or,2.76,3.02,2.76,3.02,0.26000000000000023,0.9741029143333435,
-tANM6ETl_M$_$3,11,1,a,3.02,3.12,3.02,3.12,0.10000000000000009,0.9185936450958252,
-tANM6ETl_M$_$3,12,1,customer,3.12,3.44,3.12,3.44,0.31999999999999984,0.9977355003356934,
-tANM6ETl_M$_$3,13,1,who's,3.44,3.7,3.44,3.7,0.26000000000000023,0.8374725878238678,
-tANM6ETl_M$_$3,14,1,never,3.7,4.1,3.7,4.1,0.39999999999999947,0.9982582926750183,
-tANM6ETl_M$_$3,15,1,done,4.1,4.42,4.1,4.42,0.3200000000000003,0.9972207546234131,
-tANM6ETl_M$_$3,16,1,it,4.42,4.62,4.42,4.62,0.20000000000000018,0.9962790608406067,
-tANM6ETl_M$_$3,17,1,before,4.62,5.0,4.62,5.0,0.3799999999999999,0.9992037415504456,
-tANM6ETl_M$_$3,18,1,They've,5.14,5.38,5.14,5.38,0.2400000000000002,0.9884226620197296,
-tANM6ETl_M$_$3,19,1,never,5.38,5.6,5.38,5.6,0.21999999999999975,0.9991288781166077,
-tANM6ETl_M$_$3,20,1,tried,5.6,5.9,5.6,5.9,0.3000000000000007,0.997852087020874,
-tANM6ETl_M$_$3,21,1,it,5.9,6.16,5.9,6.16,0.2599999999999998,0.9885388016700745,
-tPCytz4rww$_$11,1,1,So,0.0,0.2,0.0,0.2,0.2,0.7692775726318359,
-tPCytz4rww$_$11,2,1,make,0.2,0.62,0.2,0.62,0.42,0.7972212433815002,
-tPCytz4rww$_$11,3,1,sure,0.62,0.82,0.62,0.82,0.19999999999999996,0.9979979395866394,
-tPCytz4rww$_$11,4,1,that,0.82,1.0,0.82,1.0,0.18000000000000005,0.8903164863586426,
-tPCytz4rww$_$11,5,1,you're,1.0,1.18,1.0,1.18,0.17999999999999994,0.9315000176429749,
-tPCytz4rww$_$11,6,1,using,1.18,1.48,1.18,1.48,0.30000000000000004,0.9982957243919373,
-tPCytz4rww$_$11,7,1,comps,1.48,1.94,1.48,1.94,0.45999999999999996,0.9877723753452301,
-tPCytz4rww$_$11,8,1,that,1.94,2.06,1.94,2.06,0.1200000000000001,0.9924121499061584,
-tPCytz4rww$_$11,9,1,are,2.06,2.14,2.06,2.14,0.08000000000000007,0.9919959306716919,
-tPCytz4rww$_$11,10,1,no,2.14,2.32,2.14,2.32,0.17999999999999972,0.9960457682609558,
-tPCytz4rww$_$11,11,1,larger,2.32,2.76,2.32,2.76,0.43999999999999995,0.9908214211463928,
-tPCytz4rww$_$11,12,1,than,2.76,3.84,2.76,3.84,1.08,0.6111233830451965,
-tPCytz4rww$_$11,13,1,1,3.84,4.06,3.84,4.06,0.21999999999999975,0.3686310350894928,
-tPCytz4rww$_$11,14,1,200,4.06,4.32,4.06,4.32,0.2600000000000007,0.9986356794834137,
-tPCytz4rww$_$11,15,1,square,4.32,4.56,4.32,4.56,0.23999999999999932,0.9672465324401855,
-tPCytz4rww$_$11,16,1,feet,4.56,4.82,4.56,4.82,0.2600000000000007,0.9934514760971069,
-tPCytz4rww$_$11,17,1,no,4.92,5.0,4.92,5.0,0.08000000000000007,0.9887998104095459,
-tPCytz4rww$_$11,18,1,less,5.0,5.2,5.0,5.2,0.20000000000000018,0.9994694590568542,
-tPCytz4rww$_$10,1,1,footage,0.0,0.34,0.0,0.34,0.34,0.8899179697036743,
-tPCytz4rww$_$10,2,1,say,0.48,0.72,0.48,0.72,0.24,0.9766035079956055,
-tPCytz4rww$_$10,3,1,20,0.72,1.38,0.72,1.38,0.6599999999999999,0.6061563342809677,
-tPCytz4rww$_$10,4,1,So,1.38,1.74,1.38,1.74,0.3600000000000001,0.9361037015914917,
-tPCytz4rww$_$10,5,1,if,1.74,2.02,1.74,2.02,0.28,0.7896568775177002,
-tPCytz4rww$_$10,6,1,you've,2.02,2.22,2.02,2.22,0.20000000000000018,0.9725205302238464,
-tPCytz4rww$_$10,7,1,got,2.22,2.34,2.22,2.34,0.11999999999999966,0.997057318687439,
-tPCytz4rww$_$10,8,1,a,2.34,2.44,2.34,2.44,0.10000000000000009,0.8068570494651794,
-tPCytz4rww$_$10,9,1,thousand,2.44,2.72,2.44,2.72,0.28000000000000025,0.5289089679718018,
-tPCytz4rww$_$10,10,1,square,2.72,2.98,2.72,2.98,0.2599999999999998,0.8559069633483887,
-tPCytz4rww$_$10,11,1,foot,2.98,3.32,2.98,3.32,0.33999999999999986,0.9423442482948303,
-tPCytz4rww$_$10,12,1,condo,3.32,4.02,3.32,4.02,0.6999999999999997,0.9766851663589478,
-tPCytz4rww$_$10,13,1,make,4.5,4.54,4.5,4.54,0.040000000000000036,0.9692003130912781,
-tPCytz4rww$_$10,14,1,sure,4.54,4.64,4.54,4.64,0.09999999999999964,0.9676581025123596,
-tPCytz4rww$_$12,1,1,square,0.0,0.2,0.0,0.2,0.2,0.613765299320221,
-tPCytz4rww$_$12,2,1,feet,0.2,0.44,0.2,0.44,0.24,0.987571120262146,
-tPCytz4rww$_$12,3,1,no,0.6,0.64,0.6,0.64,0.040000000000000036,0.979428231716156,
-tPCytz4rww$_$12,4,1,less,0.64,0.84,0.64,0.84,0.19999999999999996,0.9979580640792847,
-tPCytz4rww$_$12,5,1,than,0.84,1.24,0.84,1.24,0.4,0.9781556129455566,
-tPCytz4rww$_$12,6,1,800,1.24,1.52,1.24,1.52,0.28,0.9217308759689331,
-tPCytz4rww$_$12,7,1,square,1.52,1.94,1.52,1.94,0.41999999999999993,0.9900258779525757,
-tPCytz4rww$_$12,8,1,feet,1.94,2.3,1.94,2.3,0.3599999999999999,0.9987353682518005,
-tPCytz4rww$_$12,9,1,and,2.64,2.68,2.64,2.68,0.040000000000000036,0.6465359330177307,
-tPCytz4rww$_$12,10,1,going,2.68,2.74,2.68,2.74,0.06000000000000005,0.6419175267219543,
-tPCytz4rww$_$12,11,1,to,2.74,2.82,2.74,2.82,0.07999999999999963,0.9980418682098389,
-tPCytz4rww$_$12,12,1,be,2.82,2.92,2.82,2.92,0.10000000000000009,0.997901439666748,
-tPCytz4rww$_$12,13,1,similar,2.92,3.38,2.92,3.38,0.45999999999999996,0.9818235635757446,
-tPCytz4rww$_$12,14,1,with,3.38,5.68,3.38,5.68,2.3,0.6421857476234436,very_long_duration_review
-tPCytz4rww$_$12,15,1,bedrooms,5.68,6.14,5.68,6.14,0.45999999999999996,0.9810382723808289,
-tPCytz4rww$_$12,16,1,and,6.14,6.38,6.14,6.38,0.2400000000000002,0.9897302389144897,
-tPCytz4rww$_$12,17,1,bathrooms,6.38,6.74,6.38,6.74,0.3600000000000003,0.9927821159362793,
-tPCytz4rww$_$12,18,1,as,6.74,7.0,6.74,7.0,0.2599999999999998,0.890744149684906,
-tPCytz4rww$_$12,19,1,well,7.0,7.28,7.0,7.28,0.28000000000000025,0.9995425939559937,
-tPCytz4rww$_$12,20,1,and,7.92,8.1,7.92,8.1,0.17999999999999972,0.9946659803390503,
-tPCytz4rww$_$12,21,1,hopefully,8.1,8.68,8.1,8.68,0.5800000000000001,0.9748132228851318,
-tPCytz4rww$_$12,22,1,the,8.68,9.24,8.68,9.24,0.5600000000000005,0.9113833904266357,
-tPCytz4rww$_$12,23,1,complexes,9.24,9.74,9.24,9.74,0.5,0.8889870643615723,
-tPCytz4rww$_$12,24,1,have,9.74,10.04,9.74,10.04,0.29999999999999893,0.7214988470077515,
-tPCytz4rww$_$12,25,1,similar,10.04,10.5,10.04,10.5,0.46000000000000085,0.9863501191139221,
-tPCytz4rww$_$12,26,1,amenities,10.5,11.02,10.5,11.02,0.5199999999999996,0.9986774325370789,
-tPCytz4rww$_$16,1,1,So,0.0,0.72,0.0,0.72,0.72,0.6252650022506714,
-tPCytz4rww$_$16,2,1,make,0.78,1.08,0.78,1.08,0.30000000000000004,0.9943060278892517,
-tPCytz4rww$_$16,3,1,sure,1.08,1.34,1.08,1.34,0.26,0.998728334903717,
-tPCytz4rww$_$16,4,1,to,1.34,1.74,1.34,1.74,0.3999999999999999,0.9936607480049133,
-tPCytz4rww$_$16,5,1,get,1.74,2.02,1.74,2.02,0.28,0.7616420388221741,
-tPCytz4rww$_$16,6,1,a,2.02,2.16,2.02,2.16,0.14000000000000012,0.9863457083702087,
-tPCytz4rww$_$16,7,1,thorough,2.16,2.52,2.16,2.52,0.3599999999999999,0.9862013459205627,
-tPCytz4rww$_$16,8,1,or,3.72,3.96,3.72,3.96,0.23999999999999977,0.791222870349884,
-tPCytz4rww$_$16,9,1,to,3.96,4.34,3.96,4.34,0.3799999999999999,0.9425258040428162,
-tPCytz4rww$_$16,10,1,do,4.34,4.54,4.34,4.54,0.20000000000000018,0.9982774257659912,
-tPCytz4rww$_$16,11,1,a,4.54,4.7,4.54,4.7,0.16000000000000014,0.9909971952438354,
-tPCytz4rww$_$16,12,1,thorough,4.7,5.02,4.7,5.02,0.3199999999999994,0.9992247819900513,
-tPCytz4rww$_$16,13,1,cleaning,5.02,5.44,5.02,5.44,0.4200000000000008,0.9702726602554321,
-tPCytz4rww$_$16,14,1,of,5.44,5.92,5.44,5.92,0.47999999999999954,0.9856312274932861,
-tPCytz4rww$_$16,15,1,the,5.92,6.08,5.92,6.08,0.16000000000000014,0.9987780451774597,
-tPCytz4rww$_$16,16,1,property,6.08,6.48,6.08,6.48,0.40000000000000036,0.9990501999855042,
-tPCytz4rww$_$16,17,1,if,6.48,6.92,6.48,6.92,0.4399999999999995,0.6660834550857544,
-tPCytz4rww$_$16,18,1,you,6.92,7.02,6.92,7.02,0.09999999999999964,0.9933753609657288,
-tPCytz4rww$_$16,19,1,need,7.02,7.1,7.02,7.1,0.08000000000000007,0.9808001518249512,
-tPCytz4rww$_$18,1,1,out,0.0,0.2,0.0,0.2,0.2,0.8346676826477051,
-tPCytz4rww$_$18,2,1,do,0.42,0.66,0.42,0.66,0.24000000000000005,0.9838528633117676,
-tPCytz4rww$_$18,3,1,so,0.66,0.98,0.66,0.98,0.31999999999999995,0.9969848990440369,
-tPCytz4rww$_$18,4,1,and,1.34,1.62,1.34,1.62,0.28,0.9885764718055725,
-tPCytz4rww$_$18,5,1,as,1.62,1.76,1.62,1.76,0.1399999999999999,0.9615252614021301,
-tPCytz4rww$_$18,6,1,well,1.76,2.06,1.76,2.06,0.30000000000000004,0.9986240863800049,
-tPCytz4rww$_$18,7,1,you'll,2.28,2.76,2.28,2.76,0.48,0.925558477640152,
-tPCytz4rww$_$18,8,1,also,2.76,3.02,2.76,3.02,0.26000000000000023,0.9946458339691162,
-tPCytz4rww$_$18,9,1,want,3.02,3.3,3.02,3.3,0.2799999999999998,0.9931962490081787,
-tPCytz4rww$_$18,10,1,to,3.3,3.56,3.3,3.56,0.26000000000000023,0.9979730248451233,
-tPCytz4rww$_$18,11,1,remove,3.56,3.88,3.56,3.88,0.31999999999999984,0.9987711310386658,
-tPCytz4rww$_$18,12,1,any,3.88,4.1,3.88,4.1,0.21999999999999975,0.9959582686424255,
-tPCytz4rww$_$18,13,1,clutter,4.1,4.44,4.1,4.44,0.34000000000000075,0.9963366985321045,
-tPCytz4rww$_$18,14,1,from,4.44,4.68,4.44,4.68,0.23999999999999932,0.9950980544090271,
-tPCytz4rww$_$18,15,1,the,4.68,4.8,4.68,4.8,0.1200000000000001,0.9956680536270142,
-tPCytz4rww$_$18,16,1,home,4.8,4.96,4.8,4.96,0.16000000000000014,0.9946712851524353,
-tPCytz4rww$_$18,17,1,that,4.96,5.14,4.96,5.14,0.17999999999999972,0.9733683466911316,
-tPCytz4rww$_$18,18,1,you've,5.14,5.34,5.14,5.34,0.20000000000000018,0.9883977472782135,
-tPCytz4rww$_$18,19,1,accumulated,5.34,5.86,5.34,5.86,0.5200000000000005,0.9898937344551086,
-tPCytz4rww$_$18,20,1,over,5.86,6.54,5.86,6.54,0.6799999999999997,0.6519677639007568,
-tPCytz4rww$_$18,21,1,a,6.54,6.54,6.54,6.54,0.0,0.1023733988404274,nonpositive_duration
-tPCytz4rww$_$18,22,1,period,6.54,6.54,6.54,6.54,0.0,0.17116135358810425,nonpositive_duration
-tPCytz4rww$_$18,23,1,of,6.54,6.54,6.54,6.54,0.0,0.983130693435669,nonpositive_duration
-tPCytz4rww$_$18,24,1,time,6.54,6.54,6.54,6.54,0.0,0.7538908123970032,nonpositive_duration
-vxjVxOeScU$_$4,1,1,You're,0.0,0.68,0.0,0.68,0.68,0.6806266605854034,
-vxjVxOeScU$_$4,2,1,going,0.68,0.7,0.68,0.7,0.019999999999999907,0.7892019748687744,very_short_duration_review
-vxjVxOeScU$_$4,3,1,to,0.7,0.82,0.7,0.82,0.12,0.9976886510848999,
-vxjVxOeScU$_$4,4,1,talk,0.82,1.04,0.82,1.04,0.22000000000000008,0.993590235710144,
-vxjVxOeScU$_$4,5,1,about,1.04,1.5,1.04,1.5,0.45999999999999996,0.9980500936508179,
-vxjVxOeScU$_$4,6,1,their,1.5,2.02,1.5,2.02,0.52,0.9945363998413086,
-vxjVxOeScU$_$4,7,1,life,2.02,2.56,2.02,2.56,0.54,0.9828973412513733,
-vxjVxOeScU$_$4,8,1,their,3.0,3.1,3.0,3.1,0.10000000000000009,0.9952941536903381,
-vxjVxOeScU$_$4,9,1,marriage,3.1,3.78,3.1,3.78,0.6799999999999997,0.9992212057113647,
-vxjVxOeScU$_$4,10,1,and,4.52,4.82,4.52,4.82,0.3000000000000007,0.9781445860862732,
-vxjVxOeScU$_$4,11,1,usually,4.82,5.28,4.82,5.28,0.45999999999999996,0.9665372967720032,
-vxjVxOeScU$_$4,12,1,how,5.28,5.78,5.28,5.78,0.5,0.8586033582687378,
-vxjVxOeScU$_$4,13,1,amazing,5.78,6.2,5.78,6.2,0.41999999999999993,0.9987190961837769,
-vxjVxOeScU$_$4,14,1,it,6.2,6.52,6.2,6.52,0.3199999999999994,0.9920273423194885,
-vxjVxOeScU$_$4,15,1,is,6.52,6.74,6.52,6.74,0.22000000000000064,0.9988939166069031,
-vxjVxOeScU$_$4,16,1,that,6.74,6.94,6.74,6.94,0.20000000000000018,0.9753243923187256,
-vxjVxOeScU$_$4,17,1,they've,6.94,7.18,6.94,7.18,0.23999999999999932,0.963934063911438,
-vxjVxOeScU$_$4,18,1,stayed,7.18,7.4,7.18,7.4,0.22000000000000064,0.991422712802887,
-vxjVxOeScU$_$4,19,1,together,7.4,7.84,7.4,7.84,0.4399999999999995,0.9957637786865234,
-vxjVxOeScU$_$4,20,1,this,7.84,8.1,7.84,8.1,0.2599999999999998,0.9958497285842896,
-vxjVxOeScU$_$4,21,1,long,8.1,8.46,8.1,8.46,0.3600000000000012,0.9971633553504944,
-wMB_hJL-3o$_$7,1,1,So,0.4600000000000011,0.8200000000000005,0.4600000000000011,0.8200000000000005,0.35999999999999943,0.7709163427352905,
-wMB_hJL-3o$_$7,2,1,if,0.8200000000000005,1.18,0.8200000000000005,1.18,0.35999999999999943,0.9954408407211304,
-wMB_hJL-3o$_$7,3,1,you,1.18,1.3,1.18,1.3,0.1200000000000001,0.9989556074142456,
-wMB_hJL-3o$_$7,4,1,have,1.3,1.46,1.3,1.46,0.15999999999999992,0.9966654181480408,
-wMB_hJL-3o$_$7,5,1,a,1.46,1.58,1.46,1.58,0.1200000000000001,0.996220052242279,
-wMB_hJL-3o$_$7,6,1,loved,1.58,1.72,1.58,1.72,0.1399999999999999,0.995345413684845,
-wMB_hJL-3o$_$7,7,1,one,1.72,1.96,1.72,1.96,0.24,0.9876517057418823,
-wMB_hJL-3o$_$7,8,1,who,1.96,2.16,1.96,2.16,0.20000000000000018,0.9795497059822083,
-wMB_hJL-3o$_$7,9,1,is,2.16,2.26,2.16,2.26,0.09999999999999964,0.78432297706604,
-wMB_hJL-3o$_$7,10,1,depressed,2.26,2.74,2.26,2.74,0.4800000000000004,0.9971585273742676,
-wMB_hJL-3o$_$7,11,1,those,3.2,3.42,3.2,3.42,0.21999999999999975,0.9940489530563354,
-wMB_hJL-3o$_$7,12,1,are,3.42,3.56,3.42,3.56,0.14000000000000012,0.9978923201560974,
-wMB_hJL-3o$_$7,13,1,some,3.56,3.72,3.56,3.72,0.16000000000000014,0.9928411245346069,
-wMB_hJL-3o$_$7,14,1,of,3.72,3.84,3.72,3.84,0.11999999999999966,0.9889107942581177,
-wMB_hJL-3o$_$7,15,1,the,3.84,3.96,3.84,3.96,0.1200000000000001,0.9891125559806824,
-wMB_hJL-3o$_$7,16,1,things,3.96,4.16,3.96,4.16,0.20000000000000018,0.9981765747070312,
-wMB_hJL-3o$_$7,17,1,that,4.16,4.34,4.16,4.34,0.17999999999999972,0.8304092288017273,
-wMB_hJL-3o$_$7,18,1,you,4.34,4.5,4.34,4.5,0.16000000000000014,0.9987506866455078,
-wMB_hJL-3o$_$7,19,1,should,4.5,4.66,4.5,4.66,0.16000000000000014,0.9982243180274963,
-wMB_hJL-3o$_$7,20,1,think,4.66,4.84,4.66,4.84,0.17999999999999972,0.9970114231109619,
-wMB_hJL-3o$_$7,21,1,about,4.84,5.08,4.84,5.08,0.2400000000000002,0.9984706044197083,
-wMB_hJL-3o$_$7,22,1,doing,5.08,5.42,5.08,5.42,0.33999999999999986,0.9985622763633728,
-wny0OAz3g8$_$1,1,1,to,0.0,0.18,0.0,0.18,0.18,0.8846126198768616,
-wny0OAz3g8$_$1,2,1,join,0.18,0.42,0.18,0.42,0.24,0.9965988993644714,
-wny0OAz3g8$_$1,3,1,And,0.54,0.64,0.54,0.64,0.09999999999999998,0.9807155132293701,
-wny0OAz3g8$_$1,4,1,because,0.64,0.92,0.64,0.92,0.28,0.9736721515655518,
-wny0OAz3g8$_$1,5,1,they,0.92,1.08,0.92,1.08,0.16000000000000003,0.9977805018424988,
-wny0OAz3g8$_$1,6,1,couldn't,1.08,1.34,1.08,1.34,0.26,0.997534453868866,
-wny0OAz3g8$_$1,7,1,join,1.34,1.54,1.34,1.54,0.19999999999999996,0.9992221593856812,
-wny0OAz3g8$_$1,8,1,unions,1.54,1.9,1.54,1.9,0.3599999999999999,0.9867284893989563,
-wny0OAz3g8$_$1,9,1,many,2.18,2.32,2.18,2.32,0.13999999999999968,0.998460054397583,
-wny0OAz3g8$_$1,10,1,black,2.32,2.54,2.32,2.54,0.2200000000000002,0.6112076640129089,
-wny0OAz3g8$_$1,11,1,workers,2.54,2.82,2.54,2.82,0.2799999999999998,0.998166024684906,
-wny0OAz3g8$_$1,12,1,couldn't,2.82,3.2,2.82,3.2,0.38000000000000034,0.9979633986949921,
-wny0OAz3g8$_$1,13,1,get,3.2,3.34,3.2,3.34,0.13999999999999968,0.999030351638794,
-wny0OAz3g8$_$1,14,1,manufacturing,3.34,3.88,3.34,3.88,0.54,0.9981486797332764,
-wny0OAz3g8$_$1,15,1,or,3.88,4.12,3.88,4.12,0.2400000000000002,0.9933203458786011,
-wny0OAz3g8$_$1,16,1,trade,4.12,4.32,4.12,4.32,0.20000000000000018,0.9778196215629578,
-wny0OAz3g8$_$1,17,1,work,4.32,4.56,4.32,4.56,0.23999999999999932,0.9895039796829224,
-wny0OAz3g8$_$1,18,1,which,4.68,4.8,4.68,4.8,0.1200000000000001,0.9993017911911011,
-wny0OAz3g8$_$1,19,1,paid,4.8,5.02,4.8,5.02,0.21999999999999975,0.9932188391685486,
-wny0OAz3g8$_$1,20,1,much,5.02,5.26,5.02,5.26,0.2400000000000002,0.996817946434021,
-wny0OAz3g8$_$1,21,1,better,5.26,5.52,5.26,5.52,0.2599999999999998,0.9990678429603577,
-wny0OAz3g8$_$1,22,1,than,5.52,5.74,5.52,5.74,0.22000000000000064,0.9981337189674377,
-wny0OAz3g8$_$1,23,1,service,5.74,6.0,5.74,6.0,0.2599999999999998,0.9837241172790527,
-wny0OAz3g8$_$1,24,1,work,6.0,6.22,6.0,6.22,0.21999999999999975,0.9832769632339478,
-wny0OAz3g8$_$1,25,1,And,6.32,6.4,6.32,6.4,0.08000000000000007,0.9606344699859619,
-wny0OAz3g8$_$1,26,1,because,6.4,6.68,6.4,6.68,0.27999999999999936,0.9885077476501465,
-wny0OAz3g8$_$0,1,1,allow,1.08,1.62,1.08,1.62,0.54,0.00010040316556114703,
-wny0OAz3g8$_$0,2,1,black,1.62,1.92,1.62,1.92,0.2999999999999998,0.8064582943916321,
-wny0OAz3g8$_$0,3,1,workers,1.92,2.22,1.92,2.22,0.30000000000000027,0.9972713589668274,
-wny0OAz3g8$_$0,4,1,to,2.22,2.44,2.22,2.44,0.21999999999999975,0.9945987462997437,
-wny0OAz3g8$_$0,5,1,join,2.44,2.68,2.44,2.68,0.2400000000000002,0.9945573806762695,
-wny0OAz3g8$_$3,1,1,which,0.0,0.58,0.0,0.58,0.58,0.4149322807788849,
-wny0OAz3g8$_$3,2,1,then,0.58,0.88,0.58,0.88,0.30000000000000004,0.9824703335762024,
-wny0OAz3g8$_$3,3,1,allowed,0.88,1.1,0.88,1.1,0.22000000000000008,0.99709153175354,
-wny0OAz3g8$_$3,4,1,the,1.1,1.26,1.1,1.26,0.15999999999999992,0.9628600478172302,
-wny0OAz3g8$_$3,5,1,white,1.26,1.4,1.26,1.4,0.1399999999999999,0.8468011617660522,
-wny0OAz3g8$_$3,6,1,workers,1.4,1.7,1.4,1.7,0.30000000000000004,0.9964430928230286,
-wny0OAz3g8$_$3,7,1,and,1.7,1.86,1.7,1.86,0.16000000000000014,0.5453421473503113,
-wny0OAz3g8$_$3,8,1,unions,1.86,2.1,1.86,2.1,0.24,0.9934881925582886,
-wny0OAz3g8$_$3,9,1,to,2.1,2.36,2.1,2.36,0.2599999999999998,0.9930552840232849,
-wny0OAz3g8$_$3,10,1,justify,2.36,2.76,2.36,2.76,0.3999999999999999,0.9988456964492798,
-wny0OAz3g8$_$3,11,1,their,2.76,2.98,2.76,2.98,0.2200000000000002,0.995563268661499,
-wny0OAz3g8$_$3,12,1,decision,2.98,3.22,2.98,3.22,0.2400000000000002,0.9842772483825684,
-wny0OAz3g8$_$3,13,1,to,3.22,3.46,3.22,3.46,0.23999999999999977,0.9844169020652771,
-wny0OAz3g8$_$3,14,1,not,3.46,3.66,3.46,3.66,0.20000000000000018,0.9971388578414917,
-wny0OAz3g8$_$3,15,1,allow,3.66,3.98,3.66,3.98,0.31999999999999984,0.9967997074127197,
-wny0OAz3g8$_$3,16,1,black,3.98,4.2,3.98,4.2,0.2200000000000002,0.8670766949653625,
-wny0OAz3g8$_$3,17,1,workers,4.2,4.6,4.2,4.6,0.39999999999999947,0.9985361099243164,
-wny0OAz3g8$_$3,18,1,into,4.6,4.96,4.6,4.96,0.3600000000000003,0.981569766998291,
-wny0OAz3g8$_$3,19,1,their,4.96,5.16,4.96,5.16,0.20000000000000018,0.9920237064361572,
-wny0OAz3g8$_$3,20,1,union,5.16,5.52,5.16,5.52,0.35999999999999943,0.9730509519577026,
-wny0OAz3g8$_$3,21,1,The,5.7,5.76,5.7,5.76,0.05999999999999961,0.9272322654724121,
-wny0OAz3g8$_$3,22,1,prevailing,5.76,6.06,5.76,6.06,0.2999999999999998,0.2038278877735138,
-wny0OAz3g8$_$2,1,1,service,0.0,0.22,0.0,0.22,0.22,0.5453165173530579,
-wny0OAz3g8$_$2,2,1,work,0.22,0.48,0.22,0.48,0.26,0.9764246940612793,
-wny0OAz3g8$_$2,3,1,And,0.56,0.64,0.56,0.64,0.07999999999999996,0.9707150459289551,
-wny0OAz3g8$_$2,4,1,because,0.64,0.94,0.64,0.94,0.29999999999999993,0.9673652052879333,
-wny0OAz3g8$_$2,5,1,they,0.94,1.12,0.94,1.12,0.18000000000000016,0.9961395859718323,
-wny0OAz3g8$_$2,6,1,couldn't,1.12,1.32,1.12,1.32,0.19999999999999996,0.9953551888465881,
-wny0OAz3g8$_$2,7,1,get,1.32,1.44,1.32,1.44,0.11999999999999988,0.9976676106452942,
-wny0OAz3g8$_$2,8,1,these,1.44,1.62,1.44,1.62,0.18000000000000016,0.9792201519012451,
-wny0OAz3g8$_$2,9,1,jobs,1.62,1.96,1.62,1.96,0.33999999999999986,0.9959213733673096,
-wny0OAz3g8$_$2,10,1,black,2.34,2.36,2.34,2.36,0.020000000000000018,0.7389523983001709,
-wny0OAz3g8$_$2,11,1,communities,2.36,2.64,2.36,2.64,0.28000000000000025,0.9953574538230896,
-wny0OAz3g8$_$2,12,1,had,2.64,2.9,2.64,2.9,0.2599999999999998,0.9970554113388062,
-wny0OAz3g8$_$2,13,1,more,2.9,3.08,2.9,3.08,0.18000000000000016,0.9981073141098022,
-wny0OAz3g8$_$2,14,1,men,3.08,3.24,3.08,3.24,0.16000000000000014,0.9934161901473999,
-wny0OAz3g8$_$2,15,1,out,3.24,3.38,3.24,3.38,0.13999999999999968,0.995663583278656,
-wny0OAz3g8$_$2,16,1,of,3.38,3.48,3.38,3.48,0.10000000000000009,0.9937258362770081,
-wny0OAz3g8$_$2,17,1,work,3.48,3.68,3.48,3.68,0.20000000000000018,0.9972935318946838,
-wny0OAz3g8$_$2,18,1,higher,4.02,4.16,4.02,4.16,0.14000000000000057,0.9966539144515991,
-wny0OAz3g8$_$2,19,1,rates,4.16,4.36,4.16,4.36,0.20000000000000018,0.997638463973999,
-wny0OAz3g8$_$2,20,1,of,4.36,4.48,4.36,4.48,0.1200000000000001,0.9992456436157227,
-wny0OAz3g8$_$2,21,1,poverty,4.48,4.78,4.48,4.78,0.2999999999999998,0.9993632435798645,
-wny0OAz3g8$_$2,22,1,and,4.96,5.06,4.96,5.06,0.09999999999999964,0.9969226717948914,
-wny0OAz3g8$_$2,23,1,more,5.06,5.22,5.06,5.22,0.16000000000000014,0.9970056414604187,
-wny0OAz3g8$_$2,24,1,criminal,5.22,5.52,5.22,5.52,0.2999999999999998,0.9980100989341736,
-wny0OAz3g8$_$2,25,1,behavior,5.52,5.88,5.52,5.88,0.3600000000000003,0.9802548289299011,
-wny0OAz3g8$_$5,1,1,This,0.0,0.68,0.0,0.68,0.68,0.6443173885345459,
-wny0OAz3g8$_$5,2,1,is,0.68,0.84,0.68,0.84,0.15999999999999992,0.9929373860359192,
-wny0OAz3g8$_$5,3,1,what's,0.84,1.1,0.84,1.1,0.2600000000000001,0.9159033894538879,
-wny0OAz3g8$_$5,4,1,now,1.1,1.24,1.1,1.24,0.1399999999999999,0.9919345378875732,
-wny0OAz3g8$_$5,5,1,known,1.24,1.44,1.24,1.44,0.19999999999999996,0.9913620352745056,
-wny0OAz3g8$_$5,6,1,as,1.44,1.66,1.44,1.66,0.21999999999999997,0.9970502853393555,
-wny0OAz3g8$_$5,7,1,racial,1.66,1.92,1.66,1.92,0.26,0.6970123648643494,
-wny0OAz3g8$_$5,8,1,formation,1.92,2.28,1.92,2.28,0.3599999999999999,0.9968405961990356,
-wny0OAz3g8$_$5,9,1,theory,2.28,2.76,2.28,2.76,0.48,0.9984117746353149,
-wny0OAz3g8$_$5,10,1,a,3.12,3.16,3.12,3.16,0.040000000000000036,0.9941315054893494,
-wny0OAz3g8$_$5,11,1,theory,3.16,3.3,3.16,3.3,0.13999999999999968,0.9976300001144409,
-wny0OAz3g8$_$5,12,1,formalized,3.3,3.86,3.3,3.86,0.56,0.9880799949169159,
-wny0OAz3g8$_$5,13,1,by,3.86,4.04,3.86,4.04,0.18000000000000016,0.9986662864685059,
-wny0OAz3g8$_$5,14,1,modern,4.04,4.3,4.04,4.3,0.2599999999999998,0.9813916683197021,
-wny0OAz3g8$_$5,15,1,sociologists,4.3,4.86,4.3,4.86,0.5600000000000005,0.9584224621454874,
-wny0OAz3g8$_$5,16,1,Michael,4.86,5.1,4.86,5.1,0.23999999999999932,0.9284737706184387,
-wny0OAz3g8$_$5,17,1,Omi,5.1,5.44,5.1,5.44,0.34000000000000075,0.5760663747787476,
-wny0OAz3g8$_$5,18,1,and,5.44,5.62,5.44,5.62,0.17999999999999972,0.9888598918914795,
-wny0OAz3g8$_$5,19,1,Howard,5.62,5.88,5.62,5.88,0.2599999999999998,0.9945715069770813,
-wny0OAz3g8$_$5,20,1,Winant,5.88,6.16,5.88,6.16,0.28000000000000025,0.6454471796751022,
-wny0OAz3g8$_$7,1,1,forces,0.0,0.44,0.0,0.44,0.44,0.4148784279823303,
-wny0OAz3g8$_$7,2,1,Omi,0.62,0.72,0.62,0.72,0.09999999999999998,0.1976781114935875,
-wny0OAz3g8$_$7,3,1,and,0.72,0.84,0.72,0.84,0.12,0.9267012476921082,
-wny0OAz3g8$_$7,4,1,Winant,0.84,1.0,0.84,1.0,0.16000000000000003,0.2812475562095642,
-wny0OAz3g8$_$7,5,1,argue,1.0,1.26,1.0,1.26,0.26,0.6568751335144043,
-wny0OAz3g8$_$7,6,1,that,1.26,1.44,1.26,1.44,0.17999999999999994,0.974907398223877,
-wny0OAz3g8$_$7,7,1,the,1.44,1.54,1.44,1.54,0.10000000000000009,0.9905010461807251,
-wny0OAz3g8$_$7,8,1,concept,1.54,1.84,1.54,1.84,0.30000000000000004,0.9954256415367126,
-wny0OAz3g8$_$7,9,1,of,1.84,2.02,1.84,2.02,0.17999999999999994,0.9987730383872986,
-wny0OAz3g8$_$7,10,1,race,2.02,2.2,2.02,2.2,0.18000000000000016,0.9675719738006592,
-wny0OAz3g8$_$7,11,1,came,2.2,2.44,2.2,2.44,0.23999999999999977,0.9948329925537109,
-wny0OAz3g8$_$7,12,1,about,2.44,2.64,2.44,2.64,0.20000000000000018,0.9936390519142151,
-wny0OAz3g8$_$7,13,1,as,2.64,2.84,2.64,2.84,0.19999999999999973,0.9935240745544434,
-wny0OAz3g8$_$7,14,1,a,2.84,2.9,2.84,2.9,0.06000000000000005,0.9910423755645752,
-wny0OAz3g8$_$7,15,1,tool,2.9,3.1,2.9,3.1,0.20000000000000018,0.9971442818641663,
-wny0OAz3g8$_$7,16,1,to,3.1,3.28,3.1,3.28,0.17999999999999972,0.9944789409637451,
-wny0OAz3g8$_$7,17,1,justify,3.28,3.72,3.28,3.72,0.4400000000000004,0.9957922697067261,
-wny0OAz3g8$_$7,18,1,and,3.72,3.96,3.72,3.96,0.23999999999999977,0.9931406378746033,
-wny0OAz3g8$_$7,19,1,maintain,3.96,4.36,3.96,4.36,0.40000000000000036,0.9985223412513733,
-wny0OAz3g8$_$7,20,1,the,4.36,4.6,4.36,4.6,0.23999999999999932,0.9913724660873413,
-wny0OAz3g8$_$7,21,1,economic,4.6,4.98,4.6,4.98,0.3800000000000008,0.9989080429077148,
-wny0OAz3g8$_$7,22,1,and,4.98,5.2,4.98,5.2,0.21999999999999975,0.9976995587348938,
-wny0OAz3g8$_$7,23,1,political,5.2,5.5,5.2,5.5,0.2999999999999998,0.9988113641738892,
-wny0OAz3g8$_$7,24,1,power,5.5,5.9,5.5,5.9,0.40000000000000036,0.9953559637069702,
-wny0OAz3g8$_$7,25,1,held,5.9,6.18,5.9,6.18,0.27999999999999936,0.992347002029419,
-wny0OAz3g8$_$7,26,1,by,6.18,6.38,6.18,6.38,0.20000000000000018,0.9985785484313965,
-wny0OAz3g8$_$7,27,1,those,6.38,6.5,6.38,6.5,0.1200000000000001,0.9862087965011597,
-wny0OAz3g8$_$7,28,1,of,6.5,6.66,6.5,6.66,0.16000000000000014,0.9981814622879028,
-wny0OAz3g8$_$7,29,1,European,6.66,7.0,6.66,7.0,0.33999999999999986,0.9937366247177124,
-wny0OAz3g8$_$7,30,1,descent,7.0,7.4,7.0,7.4,0.40000000000000036,0.9260830283164978,
-wny0OAz3g8$_$7,31,1,Another,7.64,7.78,7.64,7.78,0.14000000000000057,0.9353790283203125,
-wny0OAz3g8$_$7,32,0,-,7.78,7.88,7.78,7.88,,0.053627606481313705,nonlexical_punctuation_item
-wny0OAz3g8$_$9,1,1,Wilson,0.0,0.38,0.0,0.38,0.38,0.7247206568717957,
-wny0OAz3g8$_$9,2,1,He,0.54,0.62,0.54,0.62,0.07999999999999996,0.9695562124252319,
-wny0OAz3g8$_$9,3,1,explores,0.62,0.92,0.62,0.92,0.30000000000000004,0.9961183071136475,
-wny0OAz3g8$_$9,4,1,why,0.92,1.16,0.92,1.16,0.23999999999999988,0.9934296011924744,
-wny0OAz3g8$_$9,5,1,black,1.16,1.32,1.16,1.32,0.16000000000000014,0.7629705667495728,
-wny0OAz3g8$_$9,6,1,and,1.32,1.46,1.32,1.46,0.1399999999999999,0.9510642290115356,
-wny0OAz3g8$_$9,7,1,white,1.46,1.6,1.46,1.6,0.14000000000000012,0.9987139701843262,
-wny0OAz3g8$_$9,8,1,Americans,1.6,1.96,1.6,1.96,0.3599999999999999,0.9803377389907837,
-wny0OAz3g8$_$9,9,1,tend,1.96,2.22,1.96,2.22,0.26000000000000023,0.9941719174385071,
-wny0OAz3g8$_$9,10,1,to,2.22,2.36,2.22,2.36,0.13999999999999968,0.9980813264846802,
-wny0OAz3g8$_$9,11,1,have,2.36,2.52,2.36,2.52,0.16000000000000014,0.9984960556030273,
-wny0OAz3g8$_$9,12,1,such,2.52,2.68,2.52,2.68,0.16000000000000014,0.9693302512168884,
-wny0OAz3g8$_$9,13,1,different,2.68,3.08,2.68,3.08,0.3999999999999999,0.9928489923477173,
-wny0OAz3g8$_$9,14,1,outcomes,3.08,3.54,3.08,3.54,0.45999999999999996,0.9930858612060547,
-wny0OAz3g8$_$9,15,1,in,3.54,3.8,3.54,3.8,0.2599999999999998,0.8515031337738037,
-wny0OAz3g8$_$9,16,1,terms,3.8,3.92,3.8,3.92,0.1200000000000001,0.9980897307395935,
-wny0OAz3g8$_$9,17,1,of,3.92,4.06,3.92,4.06,0.13999999999999968,0.9974652528762817,
-wny0OAz3g8$_$9,18,1,income,4.06,4.44,4.06,4.44,0.3800000000000008,0.9953792095184326,
-wny0OAz3g8$_$9,19,1,education,4.62,4.98,4.62,4.98,0.3600000000000003,0.9973787069320679,
-wny0OAz3g8$_$9,20,1,and,5.2,5.26,5.2,5.26,0.05999999999999961,0.9986016154289246,
-wny0OAz3g8$_$9,21,1,more,5.26,5.48,5.26,5.48,0.22000000000000064,0.9987319111824036,
-571d8cVauQ$_$0,1,1,This,0.6999999999999995,1.18,0.6999999999999995,1.18,0.4800000000000004,0.7882150411605835,
-571d8cVauQ$_$0,2,1,is,1.18,1.3,1.18,1.3,0.1200000000000001,0.99366295337677,
-571d8cVauQ$_$0,3,1,Rhett,1.3,1.52,1.3,1.52,0.21999999999999997,0.9364156723022461,
-571d8cVauQ$_$0,4,1,Reiger,1.52,1.84,1.52,1.84,0.32000000000000006,0.7492939531803131,
-571d8cVauQ$_$0,5,1,White,2.02,2.12,2.02,2.12,0.10000000000000009,0.868419349193573,
-571d8cVauQ$_$0,6,1,Caspian,2.12,2.56,2.12,2.56,0.43999999999999995,0.9403414328893026,
-571d8cVauQ$_$0,7,1,Studios,2.56,2.9,2.56,2.9,0.33999999999999986,0.9554688930511475,
-571d8cVauQ$_$0,8,1,on,3.14,3.24,3.14,3.24,0.10000000000000009,0.9911631345748901,
-571d8cVauQ$_$0,9,1,behalf,3.24,3.46,3.24,3.46,0.21999999999999975,0.996536135673523,
-571d8cVauQ$_$0,10,1,of,3.46,3.68,3.46,3.68,0.2200000000000002,0.9983727931976318,
-571d8cVauQ$_$0,11,1,Expert,3.68,3.96,3.68,3.96,0.2799999999999998,0.29189786314964294,
-571d8cVauQ$_$0,12,1,Village,3.96,4.38,3.96,4.38,0.41999999999999993,0.9778519868850708,
-571d8cVauQ$_$5,1,1,So,0.0,0.64,0.0,0.64,0.64,0.6125487089157104,
-571d8cVauQ$_$5,2,1,very,0.64,0.94,0.64,0.94,0.29999999999999993,0.6402645111083984,
-571d8cVauQ$_$5,3,1,important,0.94,1.26,0.94,1.26,0.32000000000000006,0.996397078037262,
-571d8cVauQ$_$5,4,1,to,1.26,1.48,1.26,1.48,0.21999999999999997,0.9862936735153198,
-571d8cVauQ$_$5,5,1,go,1.48,1.74,1.48,1.74,0.26,0.9975365400314331,
-571d8cVauQ$_$5,6,1,out,1.74,2.04,1.74,2.04,0.30000000000000004,0.9975797533988953,
-571d8cVauQ$_$5,7,1,to,2.04,2.6,2.04,2.6,0.56,0.976713240146637,
-571d8cVauQ$_$5,8,1,the,2.6,2.74,2.6,2.74,0.14000000000000012,0.9968197345733643,
-571d8cVauQ$_$5,9,1,locations,2.74,3.3,2.74,3.3,0.5599999999999996,0.977202832698822,
-571d8cVauQ$_$5,10,1,walk,3.3,4.0,3.3,4.0,0.7000000000000002,0.9905198812484741,
-571d8cVauQ$_$5,11,1,around,4.0,4.4,4.0,4.4,0.40000000000000036,0.9989538192749023,
-571d8cVauQ$_$5,12,1,talk,4.66,4.9,4.66,4.9,0.2400000000000002,0.9878085851669312,
-571d8cVauQ$_$5,13,1,with,4.9,5.1,4.9,5.1,0.1999999999999993,0.9935478568077087,
-571d8cVauQ$_$5,14,1,the,5.1,5.24,5.1,5.24,0.14000000000000057,0.9947627186775208,
-571d8cVauQ$_$5,15,1,owners,5.24,5.48,5.24,5.48,0.2400000000000002,0.9897395968437195,
-571d8cVauQ$_$5,16,1,if,5.48,5.7,5.48,5.7,0.21999999999999975,0.9597576260566711,
-571d8cVauQ$_$5,17,1,you,5.7,5.86,5.7,5.86,0.16000000000000014,0.9982118606567383,
-571d8cVauQ$_$5,18,1,can,5.86,6.14,5.86,6.14,0.27999999999999936,0.9990297555923462,
-571d8cVauQ$_$5,19,1,tell,6.4,6.62,6.4,6.62,0.21999999999999975,0.9936109185218811,
-571d8cVauQ$_$5,20,1,them,6.62,6.8,6.62,6.8,0.17999999999999972,0.9981708526611328,
-571d8cVauQ$_$5,21,1,what,6.8,6.94,6.8,6.94,0.14000000000000057,0.9975733160972595,
-571d8cVauQ$_$5,22,1,you're,6.94,7.12,6.94,7.12,0.17999999999999972,0.972476065158844,
-571d8cVauQ$_$5,23,1,doing,7.12,7.4,7.12,7.4,0.28000000000000025,0.9988866448402405,
-571d8cVauQ$_$5,24,1,build,7.52,7.86,7.52,7.86,0.34000000000000075,0.9883367419242859,
-571d8cVauQ$_$5,25,1,a,7.86,8.02,7.86,8.02,0.15999999999999925,0.9958796501159668,
-571d8cVauQ$_$5,26,1,little,8.02,8.2,8.02,8.2,0.17999999999999972,0.9994926452636719,
-571d8cVauQ$_$5,27,1,excitement,8.2,8.7,8.2,8.7,0.5,0.9974033236503601,
-571d8cVauQ$_$5,28,1,put,9.12,9.52,9.12,9.52,0.40000000000000036,0.9940181970596313,
-571d8cVauQ$_$5,29,1,a,9.52,9.62,9.52,9.62,0.09999999999999964,0.9939746260643005,
-571d8cVauQ$_$5,30,1,little,9.62,9.8,9.62,9.8,0.1800000000000015,0.9989369511604309,
-571d8cVauQ$_$5,31,1,glitz,9.8,10.1,9.8,10.1,0.29999999999999893,0.9014515280723572,
-571d8cVauQ$_$5,32,1,on,10.1,10.32,10.1,10.32,0.22000000000000064,0.9974595904350281,
-571d8cVauQ$_$5,33,1,there,10.32,10.6,10.32,10.6,0.27999999999999936,0.9940365552902222,
-571d8cVauQ$_$5,34,1,and,10.88,11.36,10.88,11.36,0.47999999999999865,0.9929868578910828,
-571d8cVauQ$_$5,35,1,let,11.36,11.66,11.36,11.66,0.3000000000000007,0.9983898401260376,
-571d8cVauQ$_$5,36,1,everybody,11.66,11.9,11.66,11.9,0.2400000000000002,0.9936447143554688,
-571d8cVauQ$_$5,37,1,know,11.9,12.3,11.9,12.3,0.40000000000000036,0.9993294477462769,
-571d8cVauQ$_$5,38,1,this,12.3,12.86,12.3,12.86,0.5599999999999987,0.7359920144081116,
-571d8cVauQ$_$5,39,1,is,12.86,13.04,12.86,13.04,0.17999999999999972,0.9974237680435181,
-571d8cVauQ$_$5,40,1,a,13.04,13.22,13.04,13.22,0.1800000000000015,0.9989596605300903,
-571d8cVauQ$_$5,41,1,very,13.22,13.54,13.22,13.54,0.3199999999999985,0.9981710910797119,
-571d8cVauQ$_$5,42,1,valuable,13.54,14.04,13.54,14.04,0.5,0.9990547299385071,
-571d8cVauQ$_$5,43,1,spot,14.04,14.48,14.04,14.48,0.4400000000000013,0.9980006814002991,
-571d8cVauQ$_$5,44,1,This,14.68,14.78,14.68,14.78,0.09999999999999964,0.92557293176651,
-571d8cVauQ$_$5,45,1,is,14.78,14.98,14.78,14.98,0.20000000000000107,0.989313542842865,
-571d8cVauQ$_$5,46,1,going,14.98,15.08,14.98,15.08,0.09999999999999964,0.6381784677505493,
-571d8cVauQ$_$5,47,1,to,15.08,15.08,15.08,15.08,0.0,0.44721001386642456,nonpositive_duration
-I_e4mIh0yE$_$1,1,1,In,0.0,0.86,0.0,0.86,0.86,0.7258952260017395,
-I_e4mIh0yE$_$1,2,1,the,0.86,1.0,0.86,1.0,0.14,0.9962630867958069,
-I_e4mIh0yE$_$1,3,1,United,1.0,1.18,1.0,1.18,0.17999999999999994,0.9823633432388306,
-I_e4mIh0yE$_$1,4,1,States,1.18,1.54,1.18,1.54,0.3600000000000001,0.9973884224891663,
-I_e4mIh0yE$_$1,5,1,we,1.54,1.76,1.54,1.76,0.21999999999999997,0.3752249777317047,
-I_e4mIh0yE$_$1,6,1,don't,1.76,2.2,1.76,2.2,0.44000000000000017,0.9862192273139954,
-I_e4mIh0yE$_$1,7,1,punish,2.2,2.54,2.2,2.54,0.33999999999999986,0.9977816939353943,
-I_e4mIh0yE$_$1,8,1,failure,2.54,3.08,2.54,3.08,0.54,0.9942155480384827,
-I_e4mIh0yE$_$1,9,1,to,3.08,3.64,3.08,3.64,0.56,0.5334283113479614,
-I_e4mIh0yE$_$1,10,1,the,3.64,3.76,3.64,3.76,0.11999999999999966,0.9957862496376038,
-I_e4mIh0yE$_$1,11,1,degree,3.76,4.08,3.76,4.08,0.3200000000000003,0.9957179427146912,
-I_e4mIh0yE$_$1,12,1,to,4.08,4.34,4.08,4.34,0.2599999999999998,0.9773387312889099,
-I_e4mIh0yE$_$1,13,1,which,4.34,4.68,4.34,4.68,0.33999999999999986,0.9984311461448669,
-I_e4mIh0yE$_$1,14,1,failure,4.68,5.16,4.68,5.16,0.4800000000000004,0.9907139539718628,
-I_e4mIh0yE$_$1,15,1,is,5.16,5.42,5.16,5.42,0.2599999999999998,0.9918662905693054,
-I_e4mIh0yE$_$1,16,1,punished,5.42,5.74,5.42,5.74,0.3200000000000003,0.9836490154266357,
-I_e4mIh0yE$_$1,17,1,in,5.74,6.42,5.74,6.42,0.6799999999999997,0.9888439178466797,
-I_e4mIh0yE$_$1,18,1,Europe,6.42,6.8,6.42,6.8,0.3799999999999999,0.9941996335983276,
-I_e4mIh0yE$_$3,1,1,It's,0.0,0.84,0.0,0.84,0.84,0.6841390132904053,
-I_e4mIh0yE$_$3,2,1,perceived,0.84,1.32,0.84,1.32,0.4800000000000001,0.9748018980026245,
-I_e4mIh0yE$_$3,3,1,that,1.32,3.18,1.32,3.18,1.86,0.9832661151885986,very_long_duration_review
-I_e4mIh0yE$_$3,4,1,you've,3.18,3.36,3.18,3.36,0.17999999999999972,0.9739894270896912,
-I_e4mIh0yE$_$3,5,1,actually,3.36,3.64,3.36,3.64,0.28000000000000025,0.9833942651748657,
-I_e4mIh0yE$_$3,6,1,learned,3.64,3.96,3.64,3.96,0.31999999999999984,0.7698283195495605,
-I_e4mIh0yE$_$3,7,1,something,3.96,4.66,3.96,4.66,0.7000000000000002,0.9989635944366455,
-I_e4mIh0yE$_$3,8,1,over,4.66,5.58,4.66,5.58,0.9199999999999999,0.9456380009651184,
-I_e4mIh0yE$_$3,9,1,the,5.58,5.72,5.58,5.72,0.13999999999999968,0.9974489808082581,
-I_e4mIh0yE$_$3,10,1,course,5.72,5.86,5.72,5.86,0.14000000000000057,0.9983988404273987,
-I_e4mIh0yE$_$3,11,1,of,5.86,6.06,5.86,6.06,0.1999999999999993,0.9974901676177979,
-I_e4mIh0yE$_$3,12,1,your,6.06,6.16,6.06,6.16,0.10000000000000053,0.9947282671928406,
-I_e4mIh0yE$_$3,13,1,career,6.16,6.42,6.16,6.42,0.2599999999999998,0.9983982443809509,
-I_e4mIh0yE$_$3,14,1,and,6.42,6.54,6.42,6.54,0.1200000000000001,0.7000452876091003,
-I_e4mIh0yE$_$3,15,1,that,6.54,6.66,6.54,6.66,0.1200000000000001,0.965099573135376,
-I_e4mIh0yE$_$3,16,1,you,6.66,6.8,6.66,6.8,0.13999999999999968,0.9985779523849487,
-I_e4mIh0yE$_$3,17,1,won't,6.8,7.04,6.8,7.04,0.2400000000000002,0.9960319995880127,
-I_e4mIh0yE$_$3,18,1,make,7.04,7.44,7.04,7.44,0.40000000000000036,0.9956674575805664,
-I_e4mIh0yE$_$3,19,1,the,7.44,7.62,7.44,7.62,0.17999999999999972,0.9869408011436462,
-I_e4mIh0yE$_$3,20,1,mistake,7.62,7.9,7.62,7.9,0.28000000000000025,0.996600329875946,
-I_e4mIh0yE$_$3,21,1,twice,7.9,8.34,7.9,8.34,0.4399999999999995,0.9983982443809509,
-UacrmKiTn4$_$10,1,1,because,0.0,0.58,0.0,0.58,0.58,0.24995099008083344,
-UacrmKiTn4$_$10,2,1,if,0.58,0.96,0.58,0.96,0.38,0.9639792442321777,
-UacrmKiTn4$_$10,3,1,they,0.96,1.16,0.96,1.16,0.19999999999999996,0.9967955946922302,
-UacrmKiTn4$_$10,4,1,are,1.16,1.3,1.16,1.3,0.14000000000000012,0.9264253377914429,
-UacrmKiTn4$_$10,5,1,not,1.3,1.66,1.3,1.66,0.3599999999999999,0.9977864027023315,
-UacrmKiTn4$_$10,6,1,in,1.66,2.28,1.66,2.28,0.6199999999999999,0.8803662657737732,
-UacrmKiTn4$_$10,7,1,any,2.28,2.58,2.28,2.58,0.30000000000000027,0.9572222828865051,
-UacrmKiTn4$_$10,8,1,way,2.58,2.76,2.58,2.76,0.17999999999999972,0.9968448877334595,
-UacrmKiTn4$_$10,9,1,held,2.76,3.04,2.76,3.04,0.28000000000000025,0.9966070652008057,
-UacrmKiTn4$_$10,10,1,accountable,3.04,3.68,3.04,3.68,0.6400000000000001,0.9982007741928101,
-UacrmKiTn4$_$10,11,1,for,3.68,4.16,3.68,4.16,0.48,0.9964894652366638,
-UacrmKiTn4$_$10,12,1,reading,4.16,4.46,4.16,4.46,0.2999999999999998,0.9970820546150208,
-UacrmKiTn4$_$10,13,1,the,4.46,4.68,4.46,4.68,0.21999999999999975,0.9952496290206909,
-UacrmKiTn4$_$10,14,1,material,4.68,5.16,4.68,5.16,0.4800000000000004,0.998480498790741,
-UacrmKiTn4$_$10,15,1,they,5.74,6.08,5.74,6.08,0.33999999999999986,0.9974414110183716,
-UacrmKiTn4$_$10,16,1,won't,6.08,6.4,6.08,6.4,0.3200000000000003,0.9956451952457428,
-UacrmKiTn4$_$10,17,1,do,6.4,6.52,6.4,6.52,0.11999999999999922,0.9992184638977051,
-UacrmKiTn4$_$10,18,1,it,6.52,6.72,6.52,6.72,0.20000000000000018,0.9994586110115051,
-UacrmKiTn4$_$4,1,1,it,0.0,0.14,0.0,0.14,0.14,0.13008420169353485,
-UacrmKiTn4$_$4,2,1,just,0.44,0.68,0.44,0.68,0.24000000000000005,0.9598283767700195,
-UacrmKiTn4$_$4,3,1,given,0.68,0.94,0.68,0.94,0.2599999999999999,0.8442261219024658,
-UacrmKiTn4$_$4,4,1,to,0.94,1.12,0.94,1.12,0.18000000000000016,0.99528568983078,
-UacrmKiTn4$_$4,5,1,their,1.12,1.26,1.12,1.26,0.1399999999999999,0.9930071830749512,
-UacrmKiTn4$_$4,6,1,own,1.26,1.46,1.26,1.46,0.19999999999999996,0.9875850677490234,
-UacrmKiTn4$_$4,7,1,devices,1.46,1.96,1.46,1.96,0.5,0.9922337532043457,
-UacrmKiTn4$_$4,8,1,They,2.3,2.3,2.3,2.3,0.0,0.9875406622886658,nonpositive_duration
-UacrmKiTn4$_$4,9,1,are,2.3,2.44,2.3,2.44,0.14000000000000012,0.9359033107757568,
-UacrmKiTn4$_$4,10,1,not,2.44,2.66,2.44,2.66,0.2200000000000002,0.9971460700035095,
-UacrmKiTn4$_$4,11,1,going,2.66,2.94,2.66,2.94,0.2799999999999998,0.997877836227417,
-UacrmKiTn4$_$4,12,1,to,2.94,3.16,2.94,3.16,0.2200000000000002,0.9979362487792969,
-UacrmKiTn4$_$4,13,1,read,3.16,3.36,3.16,3.36,0.19999999999999973,0.9965734481811523,
-UacrmKiTn4$_$4,14,1,the,3.36,3.54,3.36,3.54,0.18000000000000016,0.9964634776115417,
-UacrmKiTn4$_$4,15,1,textbook,3.54,4.02,3.54,4.02,0.47999999999999954,0.9441923499107361,
-hnBHBN8p5A$_$7,1,1,the,0.0,0.2,0.0,0.2,0.2,0.5196841359138489,
-hnBHBN8p5A$_$7,2,1,majority,0.2,0.66,0.2,0.66,0.46,0.9975016713142395,
-hnBHBN8p5A$_$7,3,1,of,0.66,1.06,0.66,1.06,0.4,0.9977203011512756,
-hnBHBN8p5A$_$7,4,1,an,1.06,1.16,1.06,1.16,0.09999999999999987,0.9570063948631287,
-hnBHBN8p5A$_$7,5,1,entire,1.16,1.72,1.16,1.72,0.56,0.9986287355422974,
-hnBHBN8p5A$_$7,6,1,nation,1.72,2.36,1.72,2.36,0.6399999999999999,0.982193112373352,
-hnBHBN8p5A$_$7,7,1,to,2.36,3.64,2.36,3.64,1.2800000000000002,0.9279463291168213,
-hnBHBN8p5A$_$7,8,1,believe,3.64,4.06,3.64,4.06,0.4199999999999995,0.9969898462295532,
-hnBHBN8p5A$_$7,9,1,and,4.06,4.3,4.06,4.3,0.2400000000000002,0.8256514668464661,
-hnBHBN8p5A$_$7,10,1,trust,4.3,4.68,4.3,4.68,0.3799999999999999,0.9926846027374268,
-hnBHBN8p5A$_$7,11,1,his,4.68,5.1,4.68,5.1,0.41999999999999993,0.7926614880561829,
-hnBHBN8p5A$_$7,12,1,or,5.1,5.28,5.1,5.28,0.1800000000000006,0.9539708495140076,
-hnBHBN8p5A$_$7,13,1,her,5.28,5.46,5.28,5.46,0.17999999999999972,0.9928440451622009,
-hnBHBN8p5A$_$7,14,1,words,5.46,5.86,5.46,5.86,0.40000000000000036,0.9885250926017761,
-hnBHBN8p5A$_$6,1,1,to,0.0,0.62,0.0,0.62,0.62,0.47845935821533203,
-hnBHBN8p5A$_$6,2,1,follow,0.62,0.92,0.62,0.92,0.30000000000000004,0.9736019372940063,
-hnBHBN8p5A$_$6,3,1,just,0.92,1.2,0.92,1.2,0.2799999999999999,0.9825886487960815,
-hnBHBN8p5A$_$6,4,1,one,1.2,1.68,1.2,1.68,0.48,0.9771006107330322,
-hnBHBN8p5A$_$6,5,1,vision,1.68,2.18,1.68,2.18,0.5000000000000002,0.8142408728599548,
-hnBHBN8p5A$_$6,6,1,Have,3.82,3.92,3.82,3.92,0.10000000000000009,0.9608955979347229,
-hnBHBN8p5A$_$6,7,1,you,3.92,4.04,3.92,4.04,0.1200000000000001,0.9978349804878235,
-hnBHBN8p5A$_$6,8,1,ever,4.04,4.2,4.04,4.2,0.16000000000000014,0.990932822227478,
-hnBHBN8p5A$_$6,9,1,wondered,4.2,4.5,4.2,4.5,0.2999999999999998,0.9931269884109497,
-hnBHBN8p5A$_$6,10,1,how,4.5,4.94,4.5,4.94,0.4400000000000004,0.9895330667495728,
-hnBHBN8p5A$_$6,11,1,a,4.94,5.8,4.94,5.8,0.8599999999999994,0.91824871301651,
-hnBHBN8p5A$_$6,12,1,single,5.8,6.1,5.8,6.1,0.2999999999999998,0.9912925362586975,
-hnBHBN8p5A$_$6,13,1,person,6.1,6.3,6.1,6.3,0.20000000000000018,0.5155385136604309,
-qDkUB0GgYY$_$6,1,1,with,0.0,0.2,0.0,0.2,0.2,0.695853054523468,
-qDkUB0GgYY$_$6,2,1,us,0.2,0.4,0.2,0.4,0.2,0.9938225746154785,
-qDkUB0GgYY$_$6,3,1,We,0.6,0.6,0.6,0.6,0.0,0.9698163866996765,nonpositive_duration
-qDkUB0GgYY$_$6,4,1,always,0.6,0.82,0.6,0.82,0.21999999999999997,0.9876535534858704,
-qDkUB0GgYY$_$6,5,1,love,0.82,1.12,0.82,1.12,0.30000000000000016,0.9885996580123901,
-qDkUB0GgYY$_$6,6,1,to,1.12,1.28,1.12,1.28,0.15999999999999992,0.9980778694152832,
-qDkUB0GgYY$_$6,7,1,hear,1.28,1.4,1.28,1.4,0.11999999999999988,0.9973499774932861,
-qDkUB0GgYY$_$6,8,1,what,1.4,1.54,1.4,1.54,0.14000000000000012,0.9980660080909729,
-qDkUB0GgYY$_$6,9,1,you,1.54,1.66,1.54,1.66,0.11999999999999988,0.9990174770355225,
-qDkUB0GgYY$_$6,10,1,have,1.66,1.76,1.66,1.76,0.10000000000000009,0.9607326984405518,
-qDkUB0GgYY$_$6,11,1,to,1.76,1.88,1.76,1.88,0.11999999999999988,0.9735375642776489,
-qDkUB0GgYY$_$6,12,1,say,1.88,2.2,1.88,2.2,0.3200000000000003,0.9988716244697571,
-qDkUB0GgYY$_$6,13,1,and,2.2,2.68,2.2,2.68,0.48,0.730865478515625,
-qDkUB0GgYY$_$6,14,1,like,2.68,2.86,2.68,2.86,0.17999999999999972,0.9771243929862976,
-qDkUB0GgYY$_$6,15,1,and,2.86,3.0,2.86,3.0,0.14000000000000012,0.9488865733146667,
-qDkUB0GgYY$_$6,16,1,share,3.0,3.14,3.0,3.14,0.14000000000000012,0.9977686405181885,
-qDkUB0GgYY$_$6,17,1,this,3.14,3.32,3.14,3.32,0.17999999999999972,0.9904195666313171,
-qDkUB0GgYY$_$6,18,1,video,3.32,3.5,3.32,3.5,0.18000000000000016,0.9976781010627747,
-qDkUB0GgYY$_$6,19,1,as,3.5,3.68,3.5,3.68,0.18000000000000016,0.9654738306999207,
-qDkUB0GgYY$_$6,20,1,well,3.68,4.06,3.68,4.06,0.37999999999999945,0.9990436434745789,
-qDkUB0GgYY$_$6,21,1,and,4.06,4.48,4.06,4.48,0.4200000000000008,0.31733956933021545,
-uywlfIYOS8$_$4,1,1,And,0.5600000000000005,0.96,0.5600000000000005,0.96,0.39999999999999947,0.08284266293048859,
-uywlfIYOS8$_$4,2,1,then,0.96,1.28,0.96,1.28,0.32000000000000006,0.8529114723205566,
-uywlfIYOS8$_$4,3,1,from,1.28,1.46,1.28,1.46,0.17999999999999994,0.841929018497467,
-uywlfIYOS8$_$4,4,1,a,1.46,1.62,1.46,1.62,0.16000000000000014,0.9922996163368225,
-uywlfIYOS8$_$4,5,1,brand,1.62,2.0,1.62,2.0,0.3799999999999999,0.993636965751648,
-uywlfIYOS8$_$4,6,1,point,2.0,2.24,2.0,2.24,0.2400000000000002,0.9808863997459412,
-uywlfIYOS8$_$4,7,1,of,2.24,2.44,2.24,2.44,0.19999999999999973,0.9921060800552368,
-uywlfIYOS8$_$4,8,1,view,2.44,2.58,2.44,2.58,0.14000000000000012,0.994026780128479,
-uywlfIYOS8$_$4,9,1,we,2.72,2.74,2.72,2.74,0.020000000000000018,0.9931519031524658,
-uywlfIYOS8$_$4,10,1,need,2.74,3.0,2.74,3.0,0.2599999999999998,0.9956263303756714,
-uywlfIYOS8$_$4,11,1,to,3.0,3.14,3.0,3.14,0.14000000000000012,0.9971592426300049,
-uywlfIYOS8$_$4,12,1,make,3.14,3.32,3.14,3.32,0.17999999999999972,0.9966785907745361,
-uywlfIYOS8$_$4,13,1,sure,3.32,3.5,3.32,3.5,0.18000000000000016,0.9978894591331482,
-uywlfIYOS8$_$4,14,1,that,3.5,3.66,3.5,3.66,0.16000000000000014,0.9214649796485901,
-uywlfIYOS8$_$4,15,1,we're,3.66,3.86,3.66,3.86,0.19999999999999973,0.9667292535305023,
-uywlfIYOS8$_$4,16,1,driving,3.86,4.16,3.86,4.16,0.30000000000000027,0.9961316585540771,
-uywlfIYOS8$_$4,17,1,the,4.16,4.32,4.16,4.32,0.16000000000000014,0.9857881665229797,
-uywlfIYOS8$_$4,18,1,relevant,4.32,4.64,4.32,4.64,0.3199999999999994,0.9987959861755371,
-uywlfIYOS8$_$4,19,1,insights,4.64,5.24,4.64,5.24,0.6000000000000005,0.8724075555801392,
-6rXp3zJ3kc$_$8,1,1,aware,0.0,0.26,0.0,0.26,0.26,0.957655131816864,
-6rXp3zJ3kc$_$8,2,1,of,0.26,0.46,0.26,0.46,0.2,0.9950172305107117,
-6rXp3zJ3kc$_$8,3,1,many,0.54,0.66,0.54,0.66,0.12,0.9910609126091003,
-6rXp3zJ3kc$_$8,4,1,people,0.66,0.96,0.66,0.96,0.29999999999999993,0.9931426048278809,
-6rXp3zJ3kc$_$8,5,1,are,0.96,1.16,0.96,1.16,0.19999999999999996,0.9972150325775146,
-6rXp3zJ3kc$_$8,6,1,not,1.16,1.46,1.16,1.46,0.30000000000000004,0.9980999827384949,
-6rXp3zJ3kc$_$8,7,1,until,1.46,1.82,1.46,1.82,0.3600000000000001,0.9168899655342102,
-6rXp3zJ3kc$_$8,8,1,they,1.82,1.98,1.82,1.98,0.15999999999999992,0.9921749234199524,
-6rXp3zJ3kc$_$8,9,1,get,1.98,2.16,1.98,2.16,0.18000000000000016,0.9983398914337158,
-6rXp3zJ3kc$_$8,10,1,to,2.16,2.36,2.16,2.36,0.19999999999999973,0.9958856701850891,
-6rXp3zJ3kc$_$8,11,1,be,2.36,2.54,2.36,2.54,0.18000000000000016,0.8754618167877197,
-6rXp3zJ3kc$_$8,12,1,an,2.54,2.72,2.54,2.72,0.18000000000000016,0.4336017668247223,
-6rXp3zJ3kc$_$8,13,1,older,2.72,3.46,2.72,3.46,0.7399999999999998,0.9942620992660522,
-6rXp3zJ3kc$_$8,14,1,age,3.46,3.88,3.46,3.88,0.41999999999999993,0.9991461038589478,
-6rXp3zJ3kc$_$8,15,1,and,3.88,4.1,3.88,4.1,0.21999999999999975,0.6538504362106323,
-6rXp3zJ3kc$_$8,16,1,they,4.1,4.26,4.1,4.26,0.16000000000000014,0.9492259621620178,
-6rXp3zJ3kc$_$8,17,1,realize,4.26,4.68,4.26,4.68,0.41999999999999993,0.9762977361679077,
-6rXp3zJ3kc$_$8,18,1,that,4.68,5.02,4.68,5.02,0.33999999999999986,0.9048036932945251,
-6rXp3zJ3kc$_$8,19,1,gosh,5.02,5.32,5.02,5.32,0.3000000000000007,0.944253146648407,
-6rXp3zJ3kc$_$8,20,1,they've,5.42,5.94,5.42,5.94,0.5200000000000005,0.960504561662674,
-6rXp3zJ3kc$_$8,21,1,wasted,5.94,6.18,5.94,6.18,0.23999999999999932,0.9610874652862549,
-6rXp3zJ3kc$_$8,22,1,a,6.18,6.38,6.18,6.38,0.20000000000000018,0.9979972243309021,
-6rXp3zJ3kc$_$8,23,1,lot,6.38,6.56,6.38,6.56,0.17999999999999972,0.998544454574585,
-6rXp3zJ3kc$_$8,24,1,of,6.56,6.68,6.56,6.68,0.1200000000000001,0.9959244728088379,
-6rXp3zJ3kc$_$8,25,1,time,6.68,7.02,6.68,7.02,0.33999999999999986,0.998755931854248,
-6rXp3zJ3kc$_$8,26,1,and,7.02,7.26,7.02,7.26,0.2400000000000002,0.9945586323738098,
-6rXp3zJ3kc$_$8,27,1,money,7.26,7.58,7.26,7.58,0.3200000000000003,0.9990027546882629,
-6rXp3zJ3kc$_$8,28,1,in,7.58,8.74,7.58,8.74,1.1600000000000001,0.9556717872619629,
-6rXp3zJ3kc$_$8,29,1,placing,8.74,9.54,8.74,9.54,0.7999999999999989,0.9922345876693726,
-6rXp3zJ3kc$_$8,30,1,bets,9.54,9.86,9.54,9.86,0.3200000000000003,0.9779345393180847,
-6rXp3zJ3kc$_$8,31,1,on,9.86,10.08,9.86,10.08,0.22000000000000064,0.9986037611961365,
-6rXp3zJ3kc$_$8,32,1,stock,10.08,10.4,10.08,10.4,0.3200000000000003,0.8971850872039795,
-6rXp3zJ3kc$_$8,33,1,that's,10.4,10.76,10.4,10.76,0.35999999999999943,0.964058130979538,
-6rXp3zJ3kc$_$8,34,1,ultimately,10.76,11.16,10.76,11.16,0.40000000000000036,0.9980954527854919,
-6rXp3zJ3kc$_$8,35,1,lost,11.16,11.66,11.16,11.66,0.5,0.9961568713188171,
-6rXp3zJ3kc$_$8,36,1,value,11.66,12.16,11.66,12.16,0.5,0.9972015619277954,
-9y-fZ3swSY$_$0,1,1,you,0.0,0.22,0.0,0.22,0.22,0.13792508840560913,
-9y-fZ3swSY$_$0,2,1,can,0.22,0.36,0.22,0.36,0.13999999999999999,0.7259125709533691,
-9y-fZ3swSY$_$0,3,1,say,0.36,0.62,0.36,0.62,0.26,0.9470964074134827,
-9y-fZ3swSY$_$0,4,1,hey,0.62,1.04,0.62,1.04,0.42000000000000004,0.3938555121421814,
-9y-fZ3swSY$_$0,5,1,you,1.04,1.56,1.04,1.56,0.52,0.777749240398407,
-9y-fZ3swSY$_$0,6,1,know,1.56,1.66,1.56,1.66,0.09999999999999987,0.986486554145813,
-9y-fZ3swSY$_$0,7,1,what,1.66,1.76,1.66,1.76,0.10000000000000009,0.9228167533874512,
-9y-fZ3swSY$_$0,8,1,I,1.76,1.98,1.76,1.98,0.21999999999999997,0.6747955679893494,
-9y-fZ3swSY$_$0,9,1,really,1.98,2.22,1.98,2.22,0.2400000000000002,0.9981145858764648,
-9y-fZ3swSY$_$0,10,1,like,2.22,2.74,2.22,2.74,0.52,0.9979591369628906,
-9y-fZ3swSY$_$0,11,1,baby's,2.74,3.42,2.74,3.42,0.6799999999999997,0.6417172402143478,
-9y-fZ3swSY$_$0,12,1,kid,3.42,3.62,3.42,3.62,0.20000000000000018,0.7642698884010315,
-9y-fZ3swSY$_$0,13,1,they're,3.62,3.86,3.62,3.86,0.23999999999999977,0.8473886847496033,
-9y-fZ3swSY$_$0,14,1,so,3.86,4.04,3.86,4.04,0.18000000000000016,0.9980124235153198,
-9y-fZ3swSY$_$0,15,1,soft,4.04,4.56,4.04,4.56,0.5199999999999996,0.9983285069465637,
-9y-fZ3swSY$_$0,16,1,they,4.56,4.74,4.56,4.74,0.1800000000000006,0.945493221282959,
-9y-fZ3swSY$_$0,17,1,don't,4.74,4.94,4.74,4.94,0.20000000000000018,0.9995715320110321,
-9y-fZ3swSY$_$0,18,1,have,4.94,5.22,4.94,5.22,0.27999999999999936,0.9993808269500732,
-9y-fZ3swSY$_$0,19,1,any,5.22,5.42,5.22,5.42,0.20000000000000018,0.9990947246551514,
-9y-fZ3swSY$_$0,20,1,hair,5.42,5.68,5.42,5.68,0.2599999999999998,0.9991855025291443,
-9y-fZ3swSY$_$0,21,1,on,5.68,5.84,5.68,5.84,0.16000000000000014,0.9961751699447632,
-9y-fZ3swSY$_$0,22,1,their,5.84,5.98,5.84,5.98,0.14000000000000057,0.7638338804244995,
-9y-fZ3swSY$_$0,23,1,face,5.98,6.22,5.98,6.22,0.23999999999999932,0.9860501885414124,
-9y-fZ3swSY$_$0,24,1,it's,6.22,6.5,6.22,6.5,0.28000000000000025,0.917999655008316,
-9y-fZ3swSY$_$0,25,1,so,6.5,6.68,6.5,6.68,0.17999999999999972,0.895591139793396,
-9y-fZ3swSY$_$4,1,1,I've,0.0,0.52,0.0,0.52,0.52,0.7845292687416077,
-9y-fZ3swSY$_$4,2,1,seen,0.52,0.68,0.52,0.68,0.16000000000000003,0.9967594742774963,
-9y-fZ3swSY$_$4,3,1,this,0.68,0.9,0.68,0.9,0.21999999999999997,0.9784059524536133,
-9y-fZ3swSY$_$4,4,1,in,0.9,1.12,0.9,1.12,0.22000000000000008,0.9826728105545044,
-9y-fZ3swSY$_$4,5,1,US,1.12,1.4,1.12,1.4,0.2799999999999998,0.44071170687675476,
-9y-fZ3swSY$_$4,6,1,or,1.4,1.88,1.4,1.88,0.48,0.8138593435287476,
-9y-fZ3swSY$_$4,7,1,in,1.88,2.02,1.88,2.02,0.14000000000000012,0.9066650867462158,
-9y-fZ3swSY$_$4,8,1,the,2.02,2.16,2.02,2.16,0.14000000000000012,0.9879505634307861,
-9y-fZ3swSY$_$4,9,1,US,2.16,2.42,2.16,2.42,0.2599999999999998,0.9557086229324341,
-9y-fZ3swSY$_$8,1,1,man,0.0,0.18,0.0,0.18,0.18,0.5662234425544739,
-9y-fZ3swSY$_$8,2,1,that's,0.34,0.52,0.34,0.52,0.18,0.8970002830028534,
-9y-fZ3swSY$_$8,3,1,a,0.52,0.62,0.52,0.62,0.09999999999999998,0.9031626582145691,
-9y-fZ3swSY$_$8,4,1,more,0.62,1.12,0.62,1.12,0.5000000000000001,0.9903297424316406,
-9y-fZ3swSY$_$8,5,1,decent,1.12,1.74,1.12,1.74,0.6199999999999999,0.9754173755645752,
-9y-fZ3swSY$_$8,6,1,and,1.74,2.2,1.74,2.2,0.4600000000000002,0.8779807090759277,
-9y-fZ3swSY$_$8,7,1,more,2.2,2.34,2.2,2.34,0.13999999999999968,0.8979952931404114,
-9y-fZ3swSY$_$8,8,1,polite,2.34,2.72,2.34,2.72,0.38000000000000034,0.998230516910553,
-9y-fZ3swSY$_$8,9,1,way,2.72,3.04,2.72,3.04,0.31999999999999984,0.9855532050132751,
-9y-fZ3swSY$_$8,10,1,to,3.04,3.28,3.04,3.28,0.23999999999999977,0.9872748851776123,
-9y-fZ3swSY$_$8,11,1,call,3.28,3.62,3.28,3.62,0.3400000000000003,0.9986457228660583,
-9y-fZ3swSY$_$8,12,1,a,3.62,4.06,3.62,4.06,0.4399999999999995,0.9821975231170654,
-9y-fZ3swSY$_$8,13,1,lady,4.06,4.3,4.06,4.3,0.2400000000000002,0.9908112287521362,
-AUZQgSxyPQ$_$2,1,1,The,0.0,0.58,0.0,0.58,0.58,0.46994444727897644,
-AUZQgSxyPQ$_$2,2,1,perfect,0.58,0.92,0.58,0.92,0.3400000000000001,0.9377597570419312,
-AUZQgSxyPQ$_$2,3,1,soulmate,0.92,1.5,0.92,1.5,0.58,0.7210134714841843,
-AUZQgSxyPQ$_$2,4,1,to,1.5,1.72,1.5,1.72,0.21999999999999997,0.9735994935035706,
-AUZQgSxyPQ$_$2,5,1,declare,1.72,2.02,1.72,2.02,0.30000000000000004,0.6390330791473389,
-AUZQgSxyPQ$_$2,6,1,a,2.02,2.22,2.02,2.22,0.20000000000000018,0.7421659827232361,
-AUZQgSxyPQ$_$2,7,1,cynic,2.22,2.7,2.22,2.7,0.48,0.6102301180362701,
-AUZQgSxyPQ$_$2,8,1,spot,2.7,3.36,2.7,3.36,0.6599999999999997,0.6714712381362915,
-AUZQgSxyPQ$_$2,9,1,therapy,3.36,3.9,3.36,3.9,0.54,0.9829462766647339,
-AUZQgSxyPQ$_$2,10,1,brush,3.9,4.3,3.9,4.3,0.3999999999999999,0.9690835475921631,
-AUZQgSxyPQ$_$2,11,1,This,4.98,5.12,4.98,5.12,0.13999999999999968,0.9678031206130981,
-AUZQgSxyPQ$_$2,12,1,gentle,5.12,5.56,5.12,5.56,0.4399999999999995,0.9828323721885681,
-AUZQgSxyPQ$_$2,13,1,pH,5.56,6.02,5.56,6.02,0.45999999999999996,0.6544667482376099,
-AUZQgSxyPQ$_$2,14,1,balanced,6.02,6.52,6.02,6.52,0.5,0.8134494423866272,
-AUZQgSxyPQ$_$2,15,1,and,6.52,6.82,6.52,6.82,0.3000000000000007,0.9726678729057312,
-AUZQgSxyPQ$_$2,16,1,hydrating,6.82,7.48,6.82,7.48,0.6600000000000001,0.9967137376467387,
-AUZQgSxyPQ$_$2,17,1,exfoliant,7.48,8.34,7.48,8.34,0.8599999999999994,0.9891024629275004,
-AUZQgSxyPQ$_$2,18,1,contains,8.34,9.18,8.34,9.18,0.8399999999999999,0.8785796165466309,
-AUZQgSxyPQ$_$2,19,1,jojoba,9.18,9.86,9.18,9.86,0.6799999999999997,0.923282245794932,
-AUZQgSxyPQ$_$2,20,1,and,9.86,10.4,9.86,10.4,0.5400000000000009,0.9666116833686829,
-AUZQgSxyPQ$_$2,21,1,acai,10.4,10.84,10.4,10.84,0.4399999999999995,0.8156296014785767,
-AUZQgSxyPQ$_$2,22,1,fruit,10.84,11.3,10.84,11.3,0.46000000000000085,0.9370597004890442,
-AUZQgSxyPQ$_$2,23,1,oils,11.3,11.74,11.3,11.74,0.4399999999999995,0.9518100023269653,
-AUZQgSxyPQ$_$2,24,1,with,11.74,12.54,11.74,12.54,0.7999999999999989,0.7631858587265015,
-AUZQgSxyPQ$_$2,25,1,bamboo,12.54,13.1,12.54,13.1,0.5600000000000005,0.9905941486358643,
-AUZQgSxyPQ$_$2,26,1,and,13.1,13.68,13.1,13.68,0.5800000000000001,0.981351912021637,
-AUZQgSxyPQ$_$2,27,1,prickly,13.68,14.1,13.68,14.1,0.41999999999999993,0.9778926074504852,
-AUZQgSxyPQ$_$2,28,1,bear,14.1,14.36,14.1,14.36,0.2599999999999998,0.7883156538009644,
-AUZQgSxyPQ$_$2,29,1,extracts,14.36,15.02,14.36,15.02,0.6600000000000001,0.9702575206756592,
-AUZQgSxyPQ$_$2,30,1,These,15.62,15.86,15.62,15.86,0.2400000000000002,0.9864943027496338,
-AUZQgSxyPQ$_$2,31,1,deliver,15.86,16.28,15.86,16.28,0.4200000000000017,0.9866132140159607,
-AUZQgSxyPQ$_$2,32,1,intense,16.28,16.78,16.28,16.78,0.5,0.9948979020118713,
-AUZQgSxyPQ$_$2,33,1,healing,16.78,17.3,16.78,17.3,0.5199999999999996,0.9938619136810303,
-AUZQgSxyPQ$_$2,34,1,while,17.3,17.98,17.3,17.98,0.6799999999999997,0.7642397880554199,
-AUZQgSxyPQ$_$2,35,1,smooth,17.98,18.34,17.98,18.34,0.35999999999999943,0.9939033389091492,
-AUZQgSxyPQ$_$2,36,1,granules,18.34,18.9,18.34,18.9,0.5599999999999987,0.9933041036128998,
-AUZQgSxyPQ$_$2,37,1,buff,18.9,19.22,18.9,19.22,0.3200000000000003,0.9926099181175232,
-AUZQgSxyPQ$_$2,38,1,away,19.22,19.64,19.22,19.64,0.4200000000000017,0.9946455955505371,
-AUZQgSxyPQ$_$2,39,1,dead,19.64,20.36,19.64,20.36,0.7199999999999989,0.9607698917388916,
-AUZQgSxyPQ$_$2,40,1,dry,20.36,20.96,20.36,20.96,0.6000000000000014,0.810384213924408,
-AUZQgSxyPQ$_$2,41,1,skin,20.96,21.42,20.96,21.42,0.46000000000000085,0.995107889175415,
-AUZQgSxyPQ$_$2,42,1,cells,21.42,21.72,21.42,21.72,0.29999999999999716,0.9972965121269226,
-HeZS2-Prhc$_$2,1,1,today,0.0,0.4,0.0,0.4,0.4,0.33326515555381775,
-HeZS2-Prhc$_$2,2,1,The,1.54,1.84,1.54,1.84,0.30000000000000004,0.8448817729949951,
-HeZS2-Prhc$_$2,3,1,August,1.84,2.14,1.84,2.14,0.30000000000000004,0.9441483616828918,
-HeZS2-Prhc$_$2,4,1,jobs,2.14,2.54,2.14,2.54,0.3999999999999999,0.8502483367919922,
-HeZS2-Prhc$_$2,5,1,report,2.54,2.92,2.54,2.92,0.3799999999999999,0.9818128347396851,
-HeZS2-Prhc$_$2,6,1,is,2.92,3.12,2.92,3.12,0.20000000000000018,0.9780285954475403,
-HeZS2-Prhc$_$2,7,1,out,3.12,3.42,3.12,3.42,0.2999999999999998,0.9977285265922546,
-HeZS2-Prhc$_$2,8,1,and,3.42,4.02,3.42,4.02,0.5999999999999996,0.8712918758392334,
-HeZS2-Prhc$_$2,9,1,it,4.02,4.26,4.02,4.26,0.2400000000000002,0.984664261341095,
-HeZS2-Prhc$_$2,10,1,was,4.26,4.42,4.26,4.42,0.16000000000000014,0.9959676265716553,
-HeZS2-Prhc$_$2,11,1,seen,4.42,4.8,4.42,4.8,0.3799999999999999,0.9863888621330261,
-HeZS2-Prhc$_$2,12,1,overall,4.8,5.64,4.8,5.64,0.8399999999999999,0.9643005728721619,
-HeZS2-Prhc$_$2,13,1,a,5.64,6.26,5.64,6.26,0.6200000000000001,0.6395339965820312,
-HeZS2-Prhc$_$2,14,1,solid,6.26,6.66,6.26,6.66,0.40000000000000036,0.9968603849411011,
-HeZS2-Prhc$_$2,15,1,but,6.66,6.92,6.66,6.92,0.2599999999999998,0.9229519963264465,
-HeZS2-Prhc$_$2,16,1,not,6.92,7.18,6.92,7.18,0.2599999999999998,0.996446430683136,
-HeZS2-Prhc$_$2,17,1,great,7.18,7.56,7.18,7.56,0.3799999999999999,0.9847689867019653,
-HeZS2-Prhc$_$2,18,1,The,7.78,7.84,7.78,7.84,0.05999999999999961,0.9313886761665344,
-HeZS2-Prhc$_$2,19,1,report,7.84,8.06,7.84,8.06,0.22000000000000064,0.9790729284286499,
-MeTTeMJBNc$_$0,1,1,Okay,0.0,1.2,0.0,1.2,1.2,0.5601513385772705,
-MeTTeMJBNc$_$0,2,1,what,1.36,1.52,1.36,1.52,0.15999999999999992,0.9898994565010071,
-MeTTeMJBNc$_$0,3,1,happens,1.52,2.0,1.52,2.0,0.48,0.9964807629585266,
-MeTTeMJBNc$_$0,4,1,at,2.0,2.26,2.0,2.26,0.2599999999999998,0.9905713796615601,
-MeTTeMJBNc$_$0,5,1,this,2.26,2.52,2.26,2.52,0.26000000000000023,0.9990037083625793,
-MeTTeMJBNc$_$0,6,1,point,2.52,2.88,2.52,2.88,0.3599999999999999,0.9991974234580994,
-MeTTeMJBNc$_$0,7,1,after,2.88,3.36,2.88,3.36,0.48,0.7993671298027039,
-MeTTeMJBNc$_$0,8,1,we've,3.36,3.68,3.36,3.68,0.3200000000000003,0.9373135268688202,
-MeTTeMJBNc$_$0,9,1,taken,3.68,3.92,3.68,3.92,0.23999999999999977,0.995236337184906,
-MeTTeMJBNc$_$0,10,1,this,3.92,4.26,3.92,4.26,0.33999999999999986,0.9970525503158569,
-MeTTeMJBNc$_$0,11,1,brief,4.26,4.66,4.26,4.66,0.40000000000000036,0.9951437711715698,
-MeTTeMJBNc$_$0,12,1,walk,4.66,5.1,4.66,5.1,0.4399999999999995,0.9985418319702148,
-MeTTeMJBNc$_$0,13,1,down,5.1,5.46,5.1,5.46,0.3600000000000003,0.9929121136665344,
-MeTTeMJBNc$_$0,14,1,memory,5.46,5.84,5.46,5.84,0.3799999999999999,0.9814305901527405,
-MeTTeMJBNc$_$0,15,1,lane,5.84,6.32,5.84,6.32,0.4800000000000004,0.995576024055481,
-MeTTeMJBNc$_$0,16,1,is,6.32,6.9,6.32,6.9,0.5800000000000001,0.8313891887664795,
-MeTTeMJBNc$_$0,17,1,the,6.9,7.1,6.9,7.1,0.1999999999999993,0.9971151351928711,
-MeTTeMJBNc$_$0,18,1,presentation,7.1,7.54,7.1,7.54,0.4400000000000004,0.9959577918052673,
-MeTTeMJBNc$_$0,19,1,of,7.54,8.0,7.54,8.0,0.45999999999999996,0.998299777507782,
-MeTTeMJBNc$_$0,20,1,the,8.0,8.18,8.0,8.18,0.17999999999999972,0.9086568355560303,
-MeTTeMJBNc$_$0,21,1,gift,8.18,8.44,8.18,8.44,0.2599999999999998,0.7065885066986084,
-MeTTeMJBNc$_$13,1,1,Whatever,0.0,0.06,0.0,0.06,0.06,0.33347249031066895,
-MeTTeMJBNc$_$13,2,1,it,0.06,0.18,0.06,0.18,0.12,0.9905738234519958,
-MeTTeMJBNc$_$13,3,1,is,0.18,0.54,0.18,0.54,0.36000000000000004,0.9979040622711182,
-MeTTeMJBNc$_$13,4,1,just,0.54,1.26,0.54,1.26,0.72,0.6961185932159424,
-MeTTeMJBNc$_$13,5,1,needs,1.26,1.58,1.26,1.58,0.32000000000000006,0.980409562587738,
-MeTTeMJBNc$_$13,6,1,to,1.58,1.8,1.58,1.8,0.21999999999999997,0.997148334980011,
-MeTTeMJBNc$_$13,7,1,be,1.8,1.94,1.8,1.94,0.1399999999999999,0.9981433153152466,
-MeTTeMJBNc$_$13,8,1,a,1.94,2.1,1.94,2.1,0.16000000000000014,0.993121325969696,
-MeTTeMJBNc$_$13,9,1,simple,2.1,2.5,2.1,2.5,0.3999999999999999,0.9959850311279297,
-MeTTeMJBNc$_$13,10,1,statement,2.5,3.12,2.5,3.12,0.6200000000000001,0.9986532926559448,
-MeTTeMJBNc$_$13,11,1,and,3.12,3.68,3.12,3.68,0.56,0.7874725461006165,
-MeTTeMJBNc$_$13,12,1,then,3.68,3.78,3.68,3.78,0.09999999999999964,0.9680339694023132,
-MeTTeMJBNc$_$13,13,1,you,3.78,3.92,3.78,3.92,0.14000000000000012,0.9938919544219971,
-MeTTeMJBNc$_$13,14,1,present,3.92,4.26,3.92,4.26,0.33999999999999986,0.9937437176704407,
-MeTTeMJBNc$_$13,15,1,the,4.26,4.5,4.26,4.5,0.2400000000000002,0.9920068383216858,
-MeTTeMJBNc$_$13,16,1,gift,4.5,4.72,4.5,4.72,0.21999999999999975,0.9923845529556274,
-MeTTeMJBNc$_$7,1,1,Maybe,0.0,0.66,0.0,0.66,0.66,0.6682290434837341,
-MeTTeMJBNc$_$7,2,1,you,0.66,0.9,0.66,0.9,0.24,0.9821351766586304,
-MeTTeMJBNc$_$7,3,1,could,0.9,1.16,0.9,1.16,0.2599999999999999,0.9770520925521851,
-MeTTeMJBNc$_$7,4,1,find,1.16,1.8,1.16,1.8,0.6400000000000001,0.9899057745933533,
-MeTTeMJBNc$_$7,5,1,a,1.8,2.0,1.8,2.0,0.19999999999999996,0.9955136179924011,
-MeTTeMJBNc$_$7,6,1,picture,2.0,2.2,2.0,2.2,0.20000000000000018,0.9975971579551697,
-MeTTeMJBNc$_$7,7,1,of,2.2,2.54,2.2,2.54,0.33999999999999986,0.9755891561508179,
-MeTTeMJBNc$_$7,8,1,the,2.54,2.66,2.54,2.66,0.1200000000000001,0.9827290773391724,
-MeTTeMJBNc$_$7,9,1,couple,2.66,2.94,2.66,2.94,0.2799999999999998,0.9983870983123779,
-MeTTeMJBNc$_$7,10,1,from,2.94,3.36,2.94,3.36,0.41999999999999993,0.9717920422554016,
-MeTTeMJBNc$_$7,11,1,their,3.36,3.86,3.36,3.86,0.5,0.9938321113586426,
-MeTTeMJBNc$_$7,12,1,wedding,3.86,4.26,3.86,4.26,0.3999999999999999,0.9987244009971619,
-MeTTeMJBNc$_$7,13,1,or,4.26,4.74,4.26,4.74,0.4800000000000004,0.7367902994155884,
-MeTTeMJBNc$_$7,14,1,some,4.74,5.04,4.74,5.04,0.2999999999999998,0.2836836576461792,
-MeTTeMJBNc$_$7,15,1,time,5.04,5.3,5.04,5.3,0.2599999999999998,0.9945557117462158,
-MeTTeMJBNc$_$7,16,1,in,5.3,5.48,5.3,5.48,0.1800000000000006,0.9903241395950317,
-MeTTeMJBNc$_$7,17,1,their,5.48,5.6,5.48,5.6,0.11999999999999922,0.9953842759132385,
-MeTTeMJBNc$_$7,18,1,life,5.6,6.02,5.6,6.02,0.41999999999999993,0.9815467596054077,
-MeTTeMJBNc$_$7,19,1,or,6.02,6.22,6.02,6.22,0.20000000000000018,0.5319496393203735,
-MeTTeMJBNc$_$7,20,1,maybe,6.22,6.4,6.22,6.4,0.1800000000000006,0.9872912764549255,
-MeTTeMJBNc$_$7,21,1,even,6.4,6.68,6.4,6.68,0.27999999999999936,0.9895254373550415,
-MeTTeMJBNc$_$7,22,1,a,6.68,6.88,6.68,6.88,0.20000000000000018,0.9886828064918518,
-MeTTeMJBNc$_$7,23,1,current,6.88,7.22,6.88,7.22,0.33999999999999986,0.995465874671936,
-MeTTeMJBNc$_$7,24,1,picture,7.22,7.72,7.22,7.72,0.5,0.9978469610214233,
-MeTTeMJBNc$_$7,25,1,and,7.72,8.26,7.72,8.26,0.54,0.955118715763092,
-MeTTeMJBNc$_$7,26,1,have,8.26,8.42,8.26,8.42,0.16000000000000014,0.9899638295173645,
-MeTTeMJBNc$_$7,27,1,it,8.42,8.56,8.42,8.56,0.14000000000000057,0.9841867089271545,
-MeTTeMJBNc$_$7,28,1,put,8.56,8.7,8.56,8.7,0.1399999999999988,0.9968166947364807,
-MeTTeMJBNc$_$7,29,1,in,8.7,8.82,8.7,8.82,0.120000000000001,0.9905142784118652,
-MeTTeMJBNc$_$7,30,1,a,8.82,8.94,8.82,8.94,0.11999999999999922,0.9851443767547607,
-MeTTeMJBNc$_$7,31,1,beautiful,8.94,9.2,8.94,9.2,0.2599999999999998,0.9986923336982727,
-MeTTeMJBNc$_$7,32,1,frame,9.2,9.7,9.2,9.7,0.5,0.9989470839500427,
-RfYyzHpjk4$_$11,1,1,So,0.0,0.74,0.0,0.74,0.74,0.6937472224235535,
-RfYyzHpjk4$_$11,2,1,get,0.74,1.46,0.74,1.46,0.72,0.5617382526397705,
-RfYyzHpjk4$_$11,3,1,your,1.46,1.62,1.46,1.62,0.16000000000000014,0.9782586693763733,
-RfYyzHpjk4$_$11,4,1,friends,1.62,1.8,1.62,1.8,0.17999999999999994,0.9819011092185974,
-RfYyzHpjk4$_$11,5,1,lined,1.8,2.08,1.8,2.08,0.28,0.9913899302482605,
-RfYyzHpjk4$_$11,6,1,up,2.08,2.32,2.08,2.32,0.23999999999999977,0.9914052486419678,
-RfYyzHpjk4$_$11,7,1,get,2.48,2.52,2.48,2.52,0.040000000000000036,0.9922313690185547,
-RfYyzHpjk4$_$11,8,1,your,2.52,2.7,2.52,2.7,0.18000000000000016,0.969595193862915,
-RfYyzHpjk4$_$11,9,1,business,2.7,2.9,2.7,2.9,0.19999999999999973,0.9829115867614746,
-RfYyzHpjk4$_$11,10,1,colleagues,2.9,3.2,2.9,3.2,0.30000000000000027,0.9836875200271606,
-RfYyzHpjk4$_$11,11,1,lined,3.2,3.5,3.2,3.5,0.2999999999999998,0.9932577610015869,
-RfYyzHpjk4$_$11,12,1,up,3.5,3.72,3.5,3.72,0.2200000000000002,0.9972656965255737,
-RfYyzHpjk4$_$11,13,1,and,3.72,3.86,3.72,3.86,0.13999999999999968,0.5700903534889221,
-RfYyzHpjk4$_$11,14,1,have,3.86,4.0,3.86,4.0,0.14000000000000012,0.9955708384513855,
-RfYyzHpjk4$_$11,15,1,a,4.0,4.12,4.0,4.12,0.1200000000000001,0.9971222281455994,
-RfYyzHpjk4$_$11,16,1,good,4.12,4.24,4.12,4.24,0.1200000000000001,0.9977090358734131,
-RfYyzHpjk4$_$11,17,1,time,4.24,4.5,4.24,4.5,0.2599999999999998,0.9973920583724976,
-RfYyzHpjk4$_$8,1,1,It's,0.0,0.64,0.0,0.64,0.64,0.6773719787597656,
-RfYyzHpjk4$_$8,2,1,pretty,0.64,0.94,0.64,0.94,0.29999999999999993,0.9900107979774475,
-RfYyzHpjk4$_$8,3,1,pretty,0.94,1.16,0.94,1.16,0.21999999999999997,0.3917742073535919,
-RfYyzHpjk4$_$8,4,1,easy,1.16,1.48,1.16,1.48,0.32000000000000006,0.9927079081535339,
-RfYyzHpjk4$_$8,5,1,to,1.48,1.66,1.48,1.66,0.17999999999999994,0.9972032308578491,
-RfYyzHpjk4$_$8,6,1,do,1.66,1.86,1.66,1.86,0.20000000000000018,0.9990472197532654,
-RfYyzHpjk4$_$8,7,1,but,1.86,2.02,1.86,2.02,0.15999999999999992,0.9987506866455078,
-RfYyzHpjk4$_$8,8,1,you've,2.02,2.24,2.02,2.24,0.2200000000000002,0.9908353984355927,
-RfYyzHpjk4$_$8,9,1,got,2.24,2.3,2.24,2.3,0.05999999999999961,0.9832171201705933,
-RfYyzHpjk4$_$8,10,1,to,2.3,2.42,2.3,2.42,0.1200000000000001,0.9956596493721008,
-RfYyzHpjk4$_$8,11,1,set,2.42,2.6,2.42,2.6,0.18000000000000016,0.997111439704895,
-RfYyzHpjk4$_$8,12,1,up,2.6,2.78,2.6,2.78,0.17999999999999972,0.9797883629798889,
-RfYyzHpjk4$_$8,13,1,those,2.78,2.98,2.78,2.98,0.20000000000000018,0.997826874256134,
-RfYyzHpjk4$_$8,14,1,numbers,2.98,3.26,2.98,3.26,0.2799999999999998,0.9976807832717896,
-RfYyzHpjk4$_$8,15,1,ahead,3.26,3.5,3.26,3.5,0.2400000000000002,0.9974296689033508,
-RfYyzHpjk4$_$8,16,1,of,3.5,3.66,3.5,3.66,0.16000000000000014,0.9990842342376709,
-RfYyzHpjk4$_$8,17,1,time,3.66,4.12,3.66,4.12,0.45999999999999996,0.9993454813957214,
-RfYyzHpjk4$_$2,1,1,It,0.3000000000000004,0.58,0.3000000000000004,0.58,0.2799999999999996,0.4565398395061493,
-RfYyzHpjk4$_$2,2,1,can,0.58,0.72,0.58,0.72,0.14,0.9740946292877197,
-RfYyzHpjk4$_$2,3,1,make,0.72,0.88,0.72,0.88,0.16000000000000003,0.9855905771255493,
-RfYyzHpjk4$_$2,4,1,a,0.88,1.0,0.88,1.0,0.12,0.9672985076904297,
-RfYyzHpjk4$_$2,5,1,conference,1.0,1.28,1.0,1.28,0.28,0.6269723773002625,
-RfYyzHpjk4$_$2,6,1,call,1.28,1.52,1.28,1.52,0.24,0.998849630355835,
-RfYyzHpjk4$_$2,7,1,but,1.64,1.64,1.64,1.64,0.0,0.996036946773529,nonpositive_duration
-RfYyzHpjk4$_$2,8,1,it,1.64,1.74,1.64,1.74,0.10000000000000009,0.9781688451766968,
-RfYyzHpjk4$_$2,9,1,takes,1.74,1.88,1.74,1.88,0.1399999999999999,0.9880691170692444,
-RfYyzHpjk4$_$2,10,1,quite,1.88,2.18,1.88,2.18,0.30000000000000027,0.9867442846298218,
-RfYyzHpjk4$_$2,11,1,a,2.18,2.3,2.18,2.3,0.11999999999999966,0.9968170523643494,
-RfYyzHpjk4$_$2,12,1,bit,2.3,2.4,2.3,2.4,0.10000000000000009,0.9970037341117859,
-RfYyzHpjk4$_$2,13,1,of,2.4,2.54,2.4,2.54,0.14000000000000012,0.9865222573280334,
-RfYyzHpjk4$_$2,14,1,planning,2.54,2.8,2.54,2.8,0.2599999999999998,0.997211754322052,
-RfYyzHpjk4$_$2,15,1,Well,2.9,2.94,2.9,2.94,0.040000000000000036,0.9618412256240845,
-RfYyzHpjk4$_$2,16,1,not,2.98,3.06,2.98,3.06,0.08000000000000007,0.9962664246559143,
-RfYyzHpjk4$_$2,17,1,a,3.06,3.16,3.06,3.16,0.10000000000000009,0.9974443912506104,
-RfYyzHpjk4$_$2,18,1,lot,3.16,3.3,3.16,3.3,0.13999999999999968,0.998177170753479,
-RfYyzHpjk4$_$2,19,1,of,3.3,3.42,3.3,3.42,0.1200000000000001,0.9959575533866882,
-RfYyzHpjk4$_$2,20,1,planning,3.42,3.7,3.42,3.7,0.28000000000000025,0.9983313679695129,
-RfYyzHpjk4$_$2,21,1,It's,3.84,3.96,3.84,3.96,0.1200000000000001,0.9881561994552612,
-RfYyzHpjk4$_$2,22,1,pretty,3.96,4.12,3.96,4.12,0.16000000000000014,0.9973233342170715,
-RfYyzHpjk4$_$2,23,1,easy,4.12,4.4,4.12,4.4,0.28000000000000025,0.9980838298797607,
-RfYyzHpjk4$_$2,24,1,to,4.4,4.62,4.4,4.62,0.21999999999999975,0.9975390434265137,
-RfYyzHpjk4$_$2,25,1,do,4.62,4.86,4.62,4.86,0.2400000000000002,0.9990830421447754,
-UUCSKoHeMA$_$0,1,1,Okay,0.9000000000000004,1.4,0.9000000000000004,1.4,0.49999999999999956,0.7003808617591858,
-UUCSKoHeMA$_$0,2,1,I,1.5,1.6,1.5,1.6,0.10000000000000009,0.995182454586029,
-UUCSKoHeMA$_$0,3,1,mentioned,1.6,1.94,1.6,1.94,0.33999999999999986,0.9919869899749756,
-UUCSKoHeMA$_$0,4,1,a,1.94,2.16,1.94,2.16,0.2200000000000002,0.6936694383621216,
-UUCSKoHeMA$_$0,5,1,word,2.16,2.36,2.16,2.36,0.19999999999999973,0.9989345669746399,
-UUCSKoHeMA$_$0,6,1,in,2.36,2.76,2.36,2.76,0.3999999999999999,0.9921393990516663,
-UUCSKoHeMA$_$0,7,1,the,2.76,2.9,2.76,2.9,0.14000000000000012,0.9970851540565491,
-UUCSKoHeMA$_$0,8,1,last,2.9,3.2,2.9,3.2,0.30000000000000027,0.9992108345031738,
-UUCSKoHeMA$_$0,9,1,clip,3.2,3.58,3.2,3.58,0.3799999999999999,0.9973909258842468,
-UUCSKoHeMA$_$0,10,1,called,3.58,4.0,3.58,4.0,0.41999999999999993,0.9824762344360352,
-UUCSKoHeMA$_$0,11,1,monotone,4.0,5.06,4.0,5.06,1.0599999999999996,0.9340904355049133,
-UUCSKoHeMA$_$0,12,1,and,5.16,5.54,5.16,5.54,0.3799999999999999,0.9964823722839355,
-UUCSKoHeMA$_$0,13,1,I,5.54,5.66,5.54,5.66,0.1200000000000001,0.9970766305923462,
-UUCSKoHeMA$_$0,14,1,want,5.66,5.74,5.66,5.74,0.08000000000000007,0.9570671319961548,
-UUCSKoHeMA$_$0,15,1,to,5.74,5.88,5.74,5.88,0.13999999999999968,0.9993763566017151,
-UUCSKoHeMA$_$0,16,1,talk,5.88,6.08,5.88,6.08,0.20000000000000018,0.9986341595649719,
-UUCSKoHeMA$_$0,17,1,about,6.08,6.36,6.08,6.36,0.28000000000000025,0.998760461807251,
-UUCSKoHeMA$_$0,18,1,that,6.36,6.64,6.36,6.64,0.27999999999999936,0.9974332451820374,
-UUCSKoHeMA$_$0,19,1,briefly,6.64,7.12,6.64,7.12,0.4800000000000004,0.9978663325309753,
-ri04Z7vwnc$_$0,1,1,Thanks,0.0,1.26,0.0,1.26,1.26,0.006774542853236198,
-ri04Z7vwnc$_$0,2,1,for,1.26,1.84,1.26,1.84,0.5800000000000001,0.8469099402427673,
-ri04Z7vwnc$_$0,3,1,watching,1.84,2.54,1.84,2.54,0.7,0.9431855082511902,
-ri04Z7vwnc$_$2,1,1,Hi,3.6400000000000006,4.4,3.6400000000000006,4.4,0.7599999999999998,0.8698785901069641,
-ri04Z7vwnc$_$2,2,1,I'm,4.66,5.04,4.66,5.04,0.3799999999999999,0.9245230257511139,
-ri04Z7vwnc$_$2,3,1,Ajanta,5.04,5.36,5.04,5.36,0.3200000000000003,0.9333138465881348,
-ri04Z7vwnc$_$5,1,1,and,0.0,0.34,0.0,0.34,0.34,0.5579589605331421,
-ri04Z7vwnc$_$5,2,1,a,0.34,0.62,0.34,0.62,0.27999999999999997,0.9223527312278748,
-ri04Z7vwnc$_$5,3,1,lot,0.62,0.72,0.62,0.72,0.09999999999999998,0.9994194507598877,
-ri04Z7vwnc$_$5,4,1,of,0.72,0.86,0.72,0.86,0.14,0.9976016879081726,
-ri04Z7vwnc$_$5,5,1,people,0.86,1.06,0.86,1.06,0.20000000000000007,0.994062602519989,
-ri04Z7vwnc$_$5,6,1,who,1.06,1.2,1.06,1.2,0.1399999999999999,0.9456043243408203,
-ri04Z7vwnc$_$5,7,1,are,1.2,1.3,1.2,1.3,0.10000000000000009,0.9886460304260254,
-ri04Z7vwnc$_$5,8,1,working,1.3,1.68,1.3,1.68,0.3799999999999999,0.9958153367042542,
-ri04Z7vwnc$_$5,9,1,you,2.36,2.38,2.36,2.38,0.020000000000000018,0.8308972120285034,
-ri04Z7vwnc$_$5,10,1,know,2.38,2.48,2.38,2.48,0.10000000000000009,0.999491810798645,
-ri04Z7vwnc$_$5,11,1,money,2.52,2.62,2.52,2.62,0.10000000000000009,0.9972479939460754,
-ri04Z7vwnc$_$5,12,1,is,2.62,2.84,2.62,2.84,0.21999999999999975,0.9947921633720398,
-ri04Z7vwnc$_$5,13,1,very,2.84,3.02,2.84,3.02,0.18000000000000016,0.9948260188102722,
-ri04Z7vwnc$_$5,14,1,important,3.02,3.34,3.02,3.34,0.31999999999999984,0.9967535138130188,
-s9qJ7ATP7w$_$1,1,1,The,0.0,0.64,0.0,0.64,0.64,0.5735481977462769,
-s9qJ7ATP7w$_$1,2,1,hardest,0.64,1.66,0.64,1.66,1.02,0.9647913575172424,
-s9qJ7ATP7w$_$1,3,1,thing,1.66,1.88,1.66,1.88,0.21999999999999997,0.992546021938324,
-s9qJ7ATP7w$_$1,4,1,in,1.88,2.02,1.88,2.02,0.14000000000000012,0.9845594763755798,
-s9qJ7ATP7w$_$1,5,1,life,2.02,2.12,2.02,2.12,0.10000000000000009,0.9967677593231201,
-s9qJ7ATP7w$_$1,6,1,to,2.12,2.3,2.12,2.3,0.17999999999999972,0.9882728457450867,
-s9qJ7ATP7w$_$1,7,1,learn,2.3,2.54,2.3,2.54,0.2400000000000002,0.9966333508491516,
-s9qJ7ATP7w$_$1,8,1,is,2.54,3.18,2.54,3.18,0.6400000000000001,0.9276497960090637,
-s9qJ7ATP7w$_$1,9,1,to,3.18,3.38,3.18,3.38,0.19999999999999973,0.9958152174949646,
-s9qJ7ATP7w$_$1,10,1,lose,3.38,3.58,3.38,3.58,0.20000000000000018,0.9756535887718201,
-s9qJ7ATP7w$_$1,11,1,Winning,3.92,3.94,3.92,3.94,0.020000000000000018,0.9798753261566162,
-s9qJ7ATP7w$_$1,12,1,is,3.94,4.18,3.94,4.18,0.23999999999999977,0.5321301817893982,
-s9qJ7ATP7w$_$1,13,1,easy,4.18,4.32,4.18,4.32,0.14000000000000057,0.9976798892021179,
-s9qJ7ATP7w$_$0,1,1,They,0.0,0.16,0.0,0.16,0.16,0.6572685241699219,
-s9qJ7ATP7w$_$0,2,1,have,0.16,0.28,0.16,0.28,0.12000000000000002,0.964621365070343,
-s9qJ7ATP7w$_$0,3,1,doubt,0.28,0.5,0.28,0.5,0.21999999999999997,0.9751278162002563,
-s9qJ7ATP7w$_$0,4,1,they,0.82,0.82,0.82,0.82,0.0,0.9862806797027588,nonpositive_duration
-s9qJ7ATP7w$_$0,5,1,have,0.82,0.96,0.82,0.96,0.14,0.9976512789726257,
-s9qJ7ATP7w$_$0,6,1,fear,0.96,1.32,0.96,1.32,0.3600000000000001,0.9982913136482239,
-s9qJ7ATP7w$_$0,7,1,they're,1.76,1.92,1.76,1.92,0.15999999999999992,0.7253561913967133,
-s9qJ7ATP7w$_$0,8,1,losing,1.92,2.12,1.92,2.12,0.20000000000000018,0.981982946395874,
-s9qJ7ATP7w$_$0,9,1,a,2.12,2.34,2.12,2.34,0.21999999999999975,0.9398986101150513,
-s9qJ7ATP7w$_$0,10,1,Ferrari,2.34,2.62,2.34,2.62,0.28000000000000025,0.9908744096755981,
-s9qJ7ATP7w$_$0,11,1,race,2.62,3.06,2.62,3.06,0.43999999999999995,0.9910128712654114,
-s9qJ7ATP7w$_$0,12,1,or,3.06,3.22,3.06,3.22,0.16000000000000014,0.6500444412231445,
-s9qJ7ATP7w$_$0,13,1,they're,3.22,3.4,3.22,3.4,0.17999999999999972,0.9522060751914978,
-s9qJ7ATP7w$_$0,14,1,losing,3.4,3.74,3.4,3.74,0.3400000000000003,0.994574785232544,
-s9qJ7ATP7w$_$0,15,1,a,3.74,4.22,3.74,4.22,0.47999999999999954,0.7978749871253967,
-s9qJ7ATP7w$_$0,16,1,race,4.22,4.74,4.22,4.74,0.5200000000000005,0.9977400302886963,
-s9qJ7ATP7w$_$0,17,1,and,4.74,5.26,4.74,5.26,0.5199999999999996,0.6316869258880615,
-s9qJ7ATP7w$_$0,18,1,then,5.26,5.4,5.26,5.4,0.14000000000000057,0.9759222269058228,
-s9qJ7ATP7w$_$0,19,1,they,5.4,5.52,5.4,5.52,0.11999999999999922,0.99481600522995,
-s9qJ7ATP7w$_$0,20,1,just,5.52,5.72,5.52,5.72,0.20000000000000018,0.9970898628234863,
-s9qJ7ATP7w$_$0,21,1,give,5.72,5.88,5.72,5.88,0.16000000000000014,0.9980698227882385,
-s9qJ7ATP7w$_$0,22,1,up,5.88,6.22,5.88,6.22,0.33999999999999986,0.9989609718322754,
-s9qJ7ATP7w$_$5,1,1,We,0.0,0.4,0.0,0.4,0.4,0.15522661805152893,
-s9qJ7ATP7w$_$5,2,1,have,0.4,0.76,0.4,0.76,0.36,0.9880680441856384,
-s9qJ7ATP7w$_$5,3,1,I,1.04,1.28,1.04,1.28,0.24,0.9933109283447266,
-s9qJ7ATP7w$_$5,4,1,have,1.28,1.42,1.28,1.42,0.1399999999999999,0.9928176403045654,
-s9qJ7ATP7w$_$5,5,1,been,1.42,1.64,1.42,1.64,0.21999999999999997,0.9966803789138794,
-s9qJ7ATP7w$_$5,6,1,beat,1.64,1.96,1.64,1.96,0.32000000000000006,0.9896299242973328,
-s9qJ7ATP7w$_$5,7,1,up,1.96,2.38,1.96,2.38,0.41999999999999993,0.9942055344581604,
-s9qJ7ATP7w$_$5,8,1,and,2.38,2.7,2.38,2.7,0.3200000000000003,0.9043137431144714,
-s9qJ7ATP7w$_$5,9,1,put,2.7,2.98,2.7,2.98,0.2799999999999998,0.998698353767395,
-s9qJ7ATP7w$_$5,10,1,down,2.98,3.48,2.98,3.48,0.5,0.9981982111930847,
-s9qJ7ATP7w$_$5,11,1,and,3.48,4.06,3.48,4.06,0.5799999999999996,0.7764820456504822,
-s9qJ7ATP7w$_$5,12,1,everything,4.06,5.1,4.06,5.1,1.04,0.9544148445129395,
-s9qJ7ATP7w$_$5,13,1,that,5.1,5.38,5.1,5.38,0.28000000000000025,0.9982543587684631,
-s9qJ7ATP7w$_$5,14,1,can,5.38,5.54,5.38,5.54,0.16000000000000014,0.9906134605407715,
-s9qJ7ATP7w$_$5,15,1,go,5.54,5.78,5.54,5.78,0.2400000000000002,0.9973236322402954,
-s9qJ7ATP7w$_$5,16,1,wrong,5.78,6.24,5.78,6.24,0.45999999999999996,0.9992318153381348,
-s9qJ7ATP7w$_$5,17,1,has,6.24,6.8,6.24,6.8,0.5599999999999996,0.9349565505981445,
-s9qJ7ATP7w$_$5,18,1,gone,6.8,7.06,6.8,7.06,0.2599999999999998,0.995515763759613,
-s9qJ7ATP7w$_$5,19,1,wrong,7.06,7.34,7.06,7.34,0.28000000000000025,0.9991735816001892,
-s9qJ7ATP7w$_$5,20,1,for,7.34,7.62,7.34,7.62,0.28000000000000025,0.9963836669921875,
-s9qJ7ATP7w$_$5,21,1,me,7.62,7.88,7.62,7.88,0.2599999999999998,0.9996156692504883,
-s9qJ7ATP7w$_$5,22,1,but,7.9,8.2,7.9,8.2,0.29999999999999893,0.9974527955055237,
-s9qJ7ATP7w$_$4,1,1,keep,0.0,0.14,0.0,0.14,0.14,0.44035473465919495,
-s9qJ7ATP7w$_$4,2,1,going,0.14,0.42,0.14,0.42,0.27999999999999997,0.9738754034042358,
-s9qJ7ATP7w$_$4,3,1,I,0.42,0.7,0.42,0.7,0.27999999999999997,0.16996951401233673,
-s9qJ7ATP7w$_$4,4,1,have,0.7,0.84,0.7,0.84,0.14,0.9909987449645996,
-s9qJ7ATP7w$_$4,5,1,lost,0.84,1.14,0.84,1.14,0.29999999999999993,0.9918588995933533,
-s9qJ7ATP7w$_$4,6,1,that,1.14,1.4,1.14,1.4,0.26,0.5900146961212158,
-s9qJ7ATP7w$_$4,7,1,everything,1.4,1.88,1.4,1.88,0.48,0.9929355978965759,
-s9qJ7ATP7w$_$4,8,1,you,1.88,2.24,1.88,2.24,0.3600000000000003,0.9971246123313904,
-s9qJ7ATP7w$_$4,9,1,can,2.24,2.4,2.24,2.4,0.1599999999999997,0.9992056488990784,
-s9qJ7ATP7w$_$4,10,1,imagine,2.4,2.8,2.4,2.8,0.3999999999999999,0.996483564376831,
-s9qJ7ATP7w$_$4,11,1,seriously,2.8,3.2,2.8,3.2,0.40000000000000036,0.7959893941879272,
-s9qJ7ATP7w$_$4,12,1,we,3.2,3.68,3.2,3.68,0.48,0.9782938957214355,
-s9qJ7ATP7w$_$4,13,1,have,3.68,3.98,3.68,3.98,0.2999999999999998,0.9981372356414795,
-s9qJ7ATP7w$_$7,1,1,I,0.0,0.6,0.0,0.6,0.6,0.2862064242362976,
-s9qJ7ATP7w$_$7,2,1,used,0.6,0.74,0.6,0.74,0.14,0.9026548266410828,
-s9qJ7ATP7w$_$7,3,1,to,0.74,0.88,0.74,0.88,0.14,0.9986893534660339,
-s9qJ7ATP7w$_$7,4,1,work,0.88,0.98,0.88,0.98,0.09999999999999998,0.9958575367927551,
-s9qJ7ATP7w$_$7,5,1,for,0.98,1.16,0.98,1.16,0.17999999999999994,0.9939602613449097,
-s9qJ7ATP7w$_$7,6,1,Warren,1.16,1.36,1.16,1.36,0.20000000000000018,0.9480284452438354,
-s9qJ7ATP7w$_$7,7,1,Avis,1.36,1.64,1.36,1.64,0.2799999999999998,0.7892958223819733,
-s9qJ7ATP7w$_$7,8,1,the,1.64,1.98,1.64,1.98,0.3400000000000001,0.2068578153848648,
-s9qJ7ATP7w$_$7,9,1,guy,1.98,2.14,1.98,2.14,0.16000000000000014,0.9766570329666138,
-s9qJ7ATP7w$_$7,10,1,who,2.14,2.24,2.14,2.24,0.10000000000000009,0.9820559620857239,
-s9qJ7ATP7w$_$7,11,1,started,2.24,2.46,2.24,2.46,0.21999999999999975,0.9598355889320374,
-s9qJ7ATP7w$_$7,12,1,Avis,2.46,2.74,2.46,2.74,0.28000000000000025,0.7138632833957672,
-s9qJ7ATP7w$_$7,13,1,rent,2.74,2.9,2.74,2.9,0.1599999999999997,0.658076822757721,
-s9qJ7ATP7w$_$7,14,1,a,2.9,3.04,2.9,3.04,0.14000000000000012,0.8716733455657959,
-s9qJ7ATP7w$_$7,15,1,car,3.04,3.18,3.04,3.18,0.14000000000000012,0.974469780921936,
-s9qJ7ATP7w$_$7,16,1,and,3.18,3.3,3.18,3.3,0.11999999999999966,0.7621154189109802,
-s9qJ7ATP7w$_$7,17,1,he,3.3,3.4,3.3,3.4,0.10000000000000009,0.9975872039794922,
-s9qJ7ATP7w$_$7,18,1,said,3.4,3.56,3.4,3.56,0.16000000000000014,0.650060772895813,
-s9qJ7ATP7w$_$7,19,1,to,3.56,3.68,3.56,3.68,0.1200000000000001,0.9895500540733337,
-s9qJ7ATP7w$_$7,20,1,me,3.68,3.8,3.68,3.8,0.11999999999999966,0.9996203184127808,
-s9qJ7ATP7w$_$7,21,1,one,3.8,3.94,3.8,3.94,0.14000000000000012,0.9972959160804749,
-s9qJ7ATP7w$_$7,22,1,day,3.94,4.28,3.94,4.28,0.3400000000000003,0.9964989423751831,
-s9qJ7ATP7w$_$7,23,1,Robert,4.72,5.04,4.72,5.04,0.3200000000000003,0.861314594745636,
-s9qJ7ATP7w$_$7,24,1,what's,5.04,5.34,5.04,5.34,0.2999999999999998,0.674916222691536,
-s9qJ7ATP7w$_$7,25,1,the,5.34,5.46,5.34,5.46,0.1200000000000001,0.9994781613349915,
-s9qJ7ATP7w$_$7,26,1,purpose,5.46,5.68,5.46,5.68,0.21999999999999975,0.9993736147880554,
-s9qJ7ATP7w$_$7,27,1,of,5.68,5.92,5.68,5.92,0.2400000000000002,0.9986302852630615,
-s9qJ7ATP7w$_$7,28,1,business,5.92,6.24,5.92,6.24,0.3200000000000003,0.9258980751037598,
-s9qJ7ATP7w$_$7,29,1,and,6.24,6.42,6.24,6.42,0.17999999999999972,0.6473578214645386,
-s9qJ7ATP7w$_$7,30,1,I,6.42,6.54,6.42,6.54,0.1200000000000001,0.9943265318870544,
-s9qJ7ATP7w$_$7,31,1,said,6.54,6.7,6.54,6.7,0.16000000000000014,0.9950913190841675,
-s9qJ7ATP7w$_$6,1,1,for,0.0,0.16,0.0,0.16,0.16,0.6381844878196716,
-s9qJ7ATP7w$_$6,2,1,me,0.16,0.38,0.16,0.38,0.22,0.9960724115371704,
-s9qJ7ATP7w$_$6,3,1,but,0.6,0.76,0.6,0.76,0.16000000000000003,0.9964448809623718,
-s9qJ7ATP7w$_$6,4,1,I,0.76,1.02,0.76,1.02,0.26,0.9640856981277466,
-s9qJ7ATP7w$_$6,5,1,just,1.02,1.42,1.02,1.42,0.3999999999999999,0.8282859921455383,
-s9qJ7ATP7w$_$6,6,1,kept,1.42,1.58,1.42,1.58,0.16000000000000014,0.9427909851074219,
-s9qJ7ATP7w$_$6,7,1,going,1.58,1.8,1.58,1.8,0.21999999999999997,0.9939790964126587,
-s9qJ7ATP7w$_$8,1,1,business,0.0,0.26,0.0,0.26,0.26,0.3795270323753357,
-s9qJ7ATP7w$_$8,2,1,and,0.26,0.6,0.26,0.6,0.33999999999999997,0.48237115144729614,
-s9qJ7ATP7w$_$8,3,1,I,0.6,0.7,0.6,0.7,0.09999999999999998,0.9432905912399292,
-s9qJ7ATP7w$_$8,4,1,said,0.7,0.88,0.7,0.88,0.18000000000000005,0.994529664516449,
-s9qJ7ATP7w$_$8,5,1,oh,0.88,1.06,0.88,1.06,0.18000000000000005,0.48291298747062683,
-s9qJ7ATP7w$_$8,6,1,make,1.06,1.26,1.06,1.26,0.19999999999999996,0.9148472547531128,
-s9qJ7ATP7w$_$8,7,1,a,1.26,1.4,1.26,1.4,0.1399999999999999,0.9980897307395935,
-s9qJ7ATP7w$_$8,8,1,profit,1.4,1.8,1.4,1.8,0.40000000000000013,0.9973625540733337,
-s9qJ7ATP7w$_$8,9,1,and,1.8,1.96,1.8,1.96,0.15999999999999992,0.9428396224975586,
-s9qJ7ATP7w$_$8,10,1,all,1.96,2.04,1.96,2.04,0.08000000000000007,0.9968585968017578,
-s9qJ7ATP7w$_$8,11,1,these,2.04,2.16,2.04,2.16,0.1200000000000001,0.9982415437698364,
-s9qJ7ATP7w$_$8,12,1,other,2.16,2.36,2.16,2.36,0.19999999999999973,0.9985511898994446,
-s9qJ7ATP7w$_$8,13,1,things,2.36,2.62,2.36,2.62,0.26000000000000023,0.9975426197052002,
-s9qJ7ATP7w$_$8,14,1,they,2.62,2.78,2.62,2.78,0.1599999999999997,0.24893343448638916,
-s9qJ7ATP7w$_$8,15,1,said,2.78,2.94,2.78,2.94,0.16000000000000014,0.9877839684486389,
-s9qJ7ATP7w$_$8,16,1,no,2.94,3.16,2.94,3.16,0.2200000000000002,0.9505783915519714,
-yRb-Jum7EQ$_$5,1,1,We,0.0,0.54,0.0,0.54,0.54,0.06211795285344124,
-yRb-Jum7EQ$_$5,2,1,have,0.54,0.54,0.54,0.54,0.0,0.1463627964258194,nonpositive_duration
-yRb-Jum7EQ$_$5,3,1,to,0.54,0.54,0.54,0.54,0.0,0.1900625377893448,nonpositive_duration
-yRb-Jum7EQ$_$5,4,1,make,0.54,0.62,0.54,0.62,0.07999999999999996,0.05832909792661667,
-yRb-Jum7EQ$_$5,5,1,sure,0.62,0.66,0.62,0.66,0.040000000000000036,0.5900157690048218,
-yRb-Jum7EQ$_$5,6,1,that,0.66,0.72,0.66,0.72,0.05999999999999994,0.6569455862045288,
-yRb-Jum7EQ$_$5,7,1,all,0.72,0.72,0.72,0.72,0.0,0.060718193650245667,nonpositive_duration
-yRb-Jum7EQ$_$5,8,1,of,0.72,0.86,0.72,0.86,0.14,0.2883218824863434,
-yRb-Jum7EQ$_$5,9,1,the,0.86,1.36,0.86,1.36,0.5000000000000001,0.3430714011192322,
-yRb-Jum7EQ$_$5,10,1,people,1.36,1.36,1.36,1.36,0.0,0.09392053633928299,nonpositive_duration
-yRb-Jum7EQ$_$5,11,1,in,1.36,3.08,1.36,3.08,1.72,0.13447095453739166,very_long_duration_review
-yRb-Jum7EQ$_$5,12,1,the,3.08,3.24,3.08,3.24,0.16000000000000014,0.5268300771713257,
-yRb-Jum7EQ$_$5,13,1,region,3.24,3.6,3.24,3.6,0.3599999999999999,0.2133266031742096,
-yRb-Jum7EQ$_$5,14,1,have,3.6,3.8,3.6,3.8,0.19999999999999973,0.11872518062591553,
-yRb-Jum7EQ$_$5,15,1,the,3.8,3.96,3.8,3.96,0.16000000000000014,0.23346056044101715,
-yRb-Jum7EQ$_$5,16,1,right,3.96,3.96,3.96,3.96,0.0,0.39448222517967224,nonpositive_duration
-yRb-Jum7EQ$_$5,17,1,to,3.96,4.2,3.96,4.2,0.2400000000000002,0.9206250905990601,
-yRb-Jum7EQ$_$5,18,1,do,4.2,6.36,4.2,6.36,2.16,0.07474298030138016,very_long_duration_review
-yRb-Jum7EQ$_$5,19,1,so,6.36,6.54,6.36,6.54,0.17999999999999972,0.1630992740392685,
-yRb-Jum7EQ$_$5,20,1,We,7.14,7.52,7.14,7.52,0.3799999999999999,0.21657361090183258,
-yRb-Jum7EQ$_$5,21,1,have,7.52,7.64,7.52,7.64,0.1200000000000001,0.2582258880138397,
-yRb-Jum7EQ$_$5,22,1,to,7.64,7.82,7.64,7.82,0.1800000000000006,0.8404807448387146,
-yRb-Jum7EQ$_$5,23,1,make,7.82,8.12,7.82,8.12,0.29999999999999893,0.3555746078491211,
-yRb-Jum7EQ$_$5,24,1,sure,8.12,8.18,8.12,8.18,0.0600000000000005,0.9153871536254883,
-yRb-Jum7EQ$_$5,25,1,that,8.18,8.48,8.18,8.48,0.3000000000000007,0.7358170747756958,
-yRb-Jum7EQ$_$5,26,1,all,8.48,8.6,8.48,8.6,0.11999999999999922,0.19019989669322968,
-yRb-Jum7EQ$_$5,27,1,of,8.6,8.68,8.6,8.68,0.08000000000000007,0.6557836532592773,
-yRb-Jum7EQ$_$5,28,1,the,8.68,8.74,8.68,8.74,0.0600000000000005,0.5518301129341125,
-yRb-Jum7EQ$_$5,29,1,people,8.74,8.98,8.74,8.98,0.2400000000000002,0.47248008847236633,
-yRb-Jum7EQ$_$5,30,1,in,8.98,9.5,8.98,9.5,0.5199999999999996,0.28789547085762024,
-yRb-Jum7EQ$_$5,31,1,the,9.5,9.64,9.5,9.64,0.14000000000000057,0.8037116527557373,
-yRb-Jum7EQ$_$5,32,1,region,9.64,9.64,9.64,9.64,0.0,0.9797002673149109,nonpositive_duration
-yRb-Jum7EQ$_$5,33,1,have,9.64,9.64,9.64,9.64,0.0,0.24733121693134308,nonpositive_duration
-yRb-Jum7EQ$_$5,34,1,the,9.64,10.34,9.64,10.34,0.6999999999999993,0.6668533086776733,
-yRb-Jum7EQ$_$5,35,1,right,10.34,10.34,10.34,10.34,0.0,0.9578668475151062,nonpositive_duration
-yRb-Jum7EQ$_$5,36,1,to,10.34,10.52,10.34,10.52,0.17999999999999972,0.9573311805725098,
-yRb-Jum7EQ$_$5,37,1,do,10.52,11.72,10.52,11.72,1.200000000000001,0.8262219429016113,
-yRb-Jum7EQ$_$5,38,1,so,11.72,11.74,11.72,11.74,0.019999999999999574,0.826063334941864,very_short_duration_review
-yRb-Jum7EQ$_$6,1,1,We,0.0,0.52,0.0,0.52,0.52,0.10024525225162506,
-yRb-Jum7EQ$_$6,2,1,will,0.52,0.58,0.52,0.58,0.05999999999999994,0.2400638312101364,
-yRb-Jum7EQ$_$6,3,1,be,0.58,0.86,0.58,0.86,0.28,0.1164405569434166,
-yRb-Jum7EQ$_$6,4,1,able,0.86,0.86,0.86,0.86,0.0,0.09342839568853378,nonpositive_duration
-yRb-Jum7EQ$_$6,5,1,to,0.86,1.4,0.86,1.4,0.5399999999999999,0.9913163185119629,
-yRb-Jum7EQ$_$6,6,1,make,1.4,1.4,1.4,1.4,0.0,0.06408065557479858,nonpositive_duration
-yRb-Jum7EQ$_$6,7,1,sure,1.4,1.4,1.4,1.4,0.0,0.11775001883506775,nonpositive_duration
-yRb-Jum7EQ$_$6,8,1,that,1.4,1.4,1.4,1.4,0.0,0.585844874382019,nonpositive_duration
-yRb-Jum7EQ$_$6,9,1,our,1.4,1.4,1.4,1.4,0.0,0.09657465666532516,nonpositive_duration
-yRb-Jum7EQ$_$6,10,1,country,1.4,1.4,1.4,1.4,0.0,0.10528221726417542,nonpositive_duration
-yRb-Jum7EQ$_$6,11,1,is,1.4,1.7,1.4,1.7,0.30000000000000004,0.2750352621078491,
-yRb-Jum7EQ$_$6,12,1,safe,1.7,2.02,1.7,2.02,0.32000000000000006,0.16669917106628418,
-yRb-Jum7EQ$_$6,13,1,in,2.02,2.36,2.02,2.36,0.33999999999999986,0.34451037645339966,
-yRb-Jum7EQ$_$6,14,1,Israel,2.36,2.84,2.36,2.84,0.48,0.82113116979599,
-yRb-Jum7EQ$_$6,15,1,and,3.68,3.82,3.68,3.82,0.13999999999999968,0.21836130321025848,
-yRb-Jum7EQ$_$6,16,1,that,3.82,3.92,3.82,3.92,0.10000000000000009,0.6291488409042358,
-yRb-Jum7EQ$_$6,17,1,we,3.92,4.68,3.92,4.68,0.7599999999999998,0.18909360468387604,
-yRb-Jum7EQ$_$6,18,1,will,4.68,5.1,4.68,5.1,0.41999999999999993,0.3327442705631256,
-yRb-Jum7EQ$_$6,19,1,be,5.1,5.28,5.1,5.28,0.1800000000000006,0.14067454636096954,
-yRb-Jum7EQ$_$6,20,1,able,5.28,5.38,5.28,5.38,0.09999999999999964,0.5341035723686218,
-yRb-Jum7EQ$_$6,21,1,to,5.38,5.54,5.38,5.54,0.16000000000000014,0.9917392730712891,
-yRb-Jum7EQ$_$6,22,1,make,5.54,5.54,5.54,5.54,0.0,0.04149693250656128,nonpositive_duration
-yRb-Jum7EQ$_$6,23,1,sure,5.54,5.54,5.54,5.54,0.0,0.49848657846450806,nonpositive_duration
-yRb-Jum7EQ$_$6,24,1,that,5.54,6.58,5.54,6.58,1.04,0.6344543099403381,
-yRb-Jum7EQ$_$6,25,1,our,6.58,6.58,6.58,6.58,0.0,0.18828627467155457,nonpositive_duration
-yRb-Jum7EQ$_$6,26,1,country,6.58,6.96,6.58,6.96,0.3799999999999999,0.11646009981632233,
-yRb-Jum7EQ$_$6,27,1,is,6.96,7.22,6.96,7.22,0.2599999999999998,0.5732213854789734,
-yRb-Jum7EQ$_$6,28,1,safe,7.22,7.22,7.22,7.22,0.0,0.5998600721359253,nonpositive_duration
-yRb-Jum7EQ$_$6,29,1,in,7.22,7.48,7.22,7.48,0.2600000000000007,0.3681725859642029,
-yRb-Jum7EQ$_$6,30,1,Israel,7.48,7.8,7.48,7.8,0.3199999999999994,0.6373544335365295,
-yRb-Jum7EQ$_$6,31,1,Thank,8.36,8.48,8.36,8.48,0.120000000000001,0.30147111415863037,
-yRb-Jum7EQ$_$6,32,1,you,8.48,8.48,8.48,8.48,0.0,0.9708418846130371,nonpositive_duration
-yRb-Jum7EQ$_$6,33,1,very,8.48,8.48,8.48,8.48,0.0,0.3382483422756195,nonpositive_duration
-yRb-Jum7EQ$_$6,34,1,much,8.48,8.48,8.48,8.48,0.0,0.9458591341972351,nonpositive_duration
-yRb-Jum7EQ$_$6,35,1,Thank,8.48,8.48,8.48,8.48,0.0,0.1709541380405426,nonpositive_duration
-yRb-Jum7EQ$_$6,36,1,you,8.48,9.92,8.48,9.92,1.4399999999999995,0.9800969958305359,
