sample_id,transcript_group,official_word_index,official_word,whisper_token_index,mfa_token_index,mfa_word,mfa_tier_word_index,mfa_candidate_start_time_wav_s,mfa_candidate_end_time_wav_s,mfa_candidate_start_time_source_s,mfa_candidate_end_time_source_s,whisper_start_time_wav_s,whisper_end_time_wav_s,mfa_whisper_max_edge_difference_s,mfa_mapping_method,timestamp_status,timestamp_evidence_tier,timestamp_source,mfa_whisper_discrepancy_over_0_5s,final_primary_start_time_wav_s,final_primary_end_time_wav_s,final_primary_start_time_source_s,final_primary_end_time_source_s,final_primary_valid_mask,candidate_valid_mask,automatic_flags,mfa_alignment_file
-3g5yACwYnA$_$13,text_mismatch,1,They've,,,,,,,,,,,,mandatory_unique_exact_token_pair_in_all_optimal_LCS_alignments,official_word_unmatched_or_ambiguous_in_asr,,,False,,,,,False,False,,sample_0001.json
-3g5yACwYnA$_$13,text_mismatch,2,been,6,6,been,6,1.5800000429153442,1.7000000476837158,1.5800000429153442,1.7000000476837158,1.62,1.68,0.03999995708465587,mandatory_unique_exact_token_pair_in_all_optimal_LCS_alignments,mfa_primary_unique_word_overlap_auto_qc_pass,B_unique_word_overlap_in_mismatched_transcript,MFA 3.4.2 forced alignment of Whisper transcript,False,1.5800000429153442,1.7000000476837158,1.5800000429153442,1.7000000476837158,True,True,,sample_0001.json
-3g5yACwYnA$_$13,text_mismatch,3,able,7,7,able,7,1.7000000476837158,1.909999966621399,1.7000000476837158,1.909999966621399,1.68,1.88,0.029999966621399032,mandatory_unique_exact_token_pair_in_all_optimal_LCS_alignments,mfa_primary_unique_word_overlap_auto_qc_pass,B_unique_word_overlap_in_mismatched_transcript,MFA 3.4.2 forced alignment of Whisper transcript,False,1.7000000476837158,1.909999966621399,1.7000000476837158,1.909999966621399,True,True,,sample_0001.json
-3g5yACwYnA$_$13,text_mismatch,4,to,8,8,to,8,1.909999966621399,2.049999952316284,1.909999966621399,2.049999952316284,1.88,2.06,0.029999966621399032,mandatory_unique_exact_token_pair_in_all_optimal_LCS_alignments,mfa_primary_unique_word_overlap_auto_qc_pass,B_unique_word_overlap_in_mismatched_transcript,MFA 3.4.2 forced alignment of Whisper transcript,False,1.909999966621399,2.049999952316284,1.909999966621399,2.049999952316284,True,True,,sample_0001.json
-3g5yACwYnA$_$13,text_mismatch,5,find,9,9,find,9,2.049999952316284,2.4100000858306885,2.049999952316284,2.4100000858306885,2.06,2.36,0.0500000858306886,mandatory_unique_exact_token_pair_in_all_optimal_LCS_alignments,mfa_primary_unique_word_overlap_auto_qc_pass,B_unique_word_overlap_in_mismatched_transcript,MFA 3.4.2 forced alignment of Whisper transcript,False,2.049999952316284,2.4100000858306885,2.049999952316284,2.4100000858306885,True,True,,sample_0001.json
-3g5yACwYnA$_$13,text_mismatch,6,solutions,10,10,solutions,10,2.4100000858306885,2.9600000381469727,2.4100000858306885,2.9600000381469727,2.36,2.78,0.18000003814697285,mandatory_unique_exact_token_pair_in_all_optimal_LCS_alignments,mfa_primary_unique_word_overlap_auto_qc_pass,B_unique_word_overlap_in_mismatched_transcript,MFA 3.4.2 forced alignment of Whisper transcript,False,2.4100000858306885,2.9600000381469727,2.4100000858306885,2.9600000381469727,True,True,,sample_0001.json
-3g5yACwYnA$_$13,text_mismatch,7,or,11,11,or,11,3.0999999046325684,3.1600000858306885,3.0999999046325684,3.1600000858306885,2.78,3.14,0.31999990463256855,mandatory_unique_exact_token_pair_in_all_optimal_LCS_alignments,mfa_primary_unique_word_overlap_auto_qc_pass,B_unique_word_overlap_in_mismatched_transcript,MFA 3.4.2 forced alignment of Whisper transcript,False,3.0999999046325684,3.1600000858306885,3.0999999046325684,3.1600000858306885,True,True,,sample_0001.json
-3g5yACwYnA$_$13,text_mismatch,8,at,12,12,at,12,3.1600000858306885,3.259999990463257,3.1600000858306885,3.259999990463257,3.14,3.24,0.020000085830688352,mandatory_unique_exact_token_pair_in_all_optimal_LCS_alignments,mfa_primary_unique_word_overlap_auto_qc_pass,B_unique_word_overlap_in_mismatched_transcript,MFA 3.4.2 forced alignment of Whisper transcript,False,3.1600000858306885,3.259999990463257,3.1600000858306885,3.259999990463257,True,True,,sample_0001.json
-3g5yACwYnA$_$13,text_mismatch,9,least,13,13,least,13,3.259999990463257,3.4700000286102295,3.259999990463257,3.4700000286102295,3.24,3.34,0.13000002861022963,mandatory_unique_exact_token_pair_in_all_optimal_LCS_alignments,mfa_primary_unique_word_overlap_auto_qc_pass,B_unique_word_overlap_in_mismatched_transcript,MFA 3.4.2 forced alignment of Whisper transcript,False,3.259999990463257,3.4700000286102295,3.259999990463257,3.4700000286102295,True,True,,sample_0001.json
-3g5yACwYnA$_$13,text_mismatch,10,bring,14,14,bring,14,3.4700000286102295,3.75,3.4700000286102295,3.75,3.34,3.68,0.13000002861022963,mandatory_unique_exact_token_pair_in_all_optimal_LCS_alignments,mfa_primary_unique_word_overlap_auto_qc_pass,B_unique_word_overlap_in_mismatched_transcript,MFA 3.4.2 forced alignment of Whisper transcript,False,3.4700000286102295,3.75,3.4700000286102295,3.75,True,True,,sample_0001.json
-3g5yACwYnA$_$13,text_mismatch,11,some,15,15,some,15,3.75,4.010000228881836,3.75,4.010000228881836,3.68,3.94,0.07000022888183599,mandatory_unique_exact_token_pair_in_all_optimal_LCS_alignments,mfa_primary_unique_word_overlap_auto_qc_pass,B_unique_word_overlap_in_mismatched_transcript,MFA 3.4.2 forced alignment of Whisper transcript,False,3.75,4.010000228881836,3.75,4.010000228881836,True,True,,sample_0001.json
-3g5yACwYnA$_$13,text_mismatch,12,answers,16,16,answers,16,4.010000228881836,4.369999885559082,4.010000228881836,4.369999885559082,3.94,4.24,0.12999988555908182,mandatory_unique_exact_token_pair_in_all_optimal_LCS_alignments,mfa_primary_unique_word_overlap_auto_qc_pass,B_unique_word_overlap_in_mismatched_transcript,MFA 3.4.2 forced alignment of Whisper transcript,False,4.010000228881836,4.369999885559082,4.010000228881836,4.369999885559082,True,True,,sample_0001.json
-3g5yACwYnA$_$13,text_mismatch,13,to,17,17,to,17,4.369999885559082,4.539999961853027,4.369999885559082,4.539999961853027,4.24,4.46,0.12999988555908182,mandatory_unique_exact_token_pair_in_all_optimal_LCS_alignments,mfa_primary_unique_word_overlap_auto_qc_pass,B_unique_word_overlap_in_mismatched_transcript,MFA 3.4.2 forced alignment of Whisper transcript,False,4.369999885559082,4.539999961853027,4.369999885559082,4.539999961853027,True,True,,sample_0001.json
-3g5yACwYnA$_$13,text_mismatch,14,the,18,18,the,18,4.599999904632568,4.659999847412109,4.599999904632568,4.659999847412109,4.46,4.56,0.1399999046325684,mandatory_unique_exact_token_pair_in_all_optimal_LCS_alignments,mfa_primary_unique_word_overlap_auto_qc_pass,B_unique_word_overlap_in_mismatched_transcript,MFA 3.4.2 forced alignment of Whisper transcript,False,4.599999904632568,4.659999847412109,4.599999904632568,4.659999847412109,True,True,,sample_0001.json
-3g5yACwYnA$_$13,text_mismatch,15,table,19,19,table,19,4.659999847412109,4.869999885559082,4.659999847412109,4.869999885559082,4.56,4.82,0.09999984741210977,mandatory_unique_exact_token_pair_in_all_optimal_LCS_alignments,mfa_primary_unique_word_overlap_auto_qc_pass,B_unique_word_overlap_in_mismatched_transcript,MFA 3.4.2 forced alignment of Whisper transcript,False,4.659999847412109,4.869999885559082,4.659999847412109,4.869999885559082,True,True,,sample_0001.json
-3g5yACwYnA$_$3,text_mismatch,1,We're,1,1,we're,1,0.5199999809265137,1.1100000143051147,0.5199999809265137,1.1100000143051147,0.0,1.06,0.5199999809265137,mandatory_unique_exact_token_pair_in_all_optimal_LCS_alignments,mfa_whisper_discrepancy_over_0_5s_null_primary,B_unique_word_overlap_in_mismatched_transcript,MFA 3.4.2 forced alignment of Whisper transcript,True,,,,,False,True,mfa_whisper_edge_difference_over_0_5s,sample_0002.json
-3g5yACwYnA$_$3,text_mismatch,2,a,2,2,a,2,1.159999966621399,1.309999942779541,1.159999966621399,1.309999942779541,1.06,1.32,0.09999996662139887,mandatory_unique_exact_token_pair_in_all_optimal_LCS_alignments,mfa_primary_unique_word_overlap_auto_qc_pass,B_unique_word_overlap_in_mismatched_transcript,MFA 3.4.2 forced alignment of Whisper transcript,False,1.159999966621399,1.309999942779541,1.159999966621399,1.309999942779541,True,True,,sample_0002.json
-3g5yACwYnA$_$3,text_mismatch,3,huge,3,3,huge,3,1.309999942779541,1.840000033378601,1.309999942779541,1.840000033378601,1.32,1.7,0.14000003337860112,mandatory_unique_exact_token_pair_in_all_optimal_LCS_alignments,mfa_primary_unique_word_overlap_auto_qc_pass,B_unique_word_overlap_in_mismatched_transcript,MFA 3.4.2 forced alignment of Whisper transcript,False,1.309999942779541,1.840000033378601,1.309999942779541,1.840000033378601,True,True,,sample_0002.json
-3g5yACwYnA$_$3,text_mismatch,4,user,4,4,user,4,2.5299999713897705,2.940000057220459,2.5299999713897705,2.940000057220459,1.7,2.84,0.8299999713897706,mandatory_unique_exact_token_pair_in_all_optimal_LCS_alignments,mfa_whisper_discrepancy_over_0_5s_null_primary,B_unique_word_overlap_in_mismatched_transcript,MFA 3.4.2 forced alignment of Whisper transcript,True,,,,,False,True,mfa_whisper_edge_difference_over_0_5s,sample_0002.json
-3g5yACwYnA$_$3,text_mismatch,5,of,5,5,of,5,2.940000057220459,3.0199999809265137,2.940000057220459,3.0199999809265137,2.84,3.04,0.10000005722045913,mandatory_unique_exact_token_pair_in_all_optimal_LCS_alignments,mfa_primary_unique_word_overlap_auto_qc_pass,B_unique_word_overlap_in_mismatched_transcript,MFA 3.4.2 forced alignment of Whisper transcript,False,2.940000057220459,3.0199999809265137,2.940000057220459,3.0199999809265137,True,True,,sample_0002.json
-3g5yACwYnA$_$3,text_mismatch,6,adhesives,6,6,adhesives,6,3.0199999809265137,3.490000009536743,3.0199999809265137,3.490000009536743,3.04,3.54,0.04999999046325687,mandatory_unique_exact_token_pair_in_all_optimal_LCS_alignments,mfa_primary_unique_word_overlap_auto_qc_pass,B_unique_word_overlap_in_mismatched_transcript,MFA 3.4.2 forced alignment of Whisper transcript,False,3.0199999809265137,3.490000009536743,3.0199999809265137,3.490000009536743,True,True,,sample_0002.json
-3g5yACwYnA$_$3,text_mismatch,7,for,7,7,for,7,4.179999828338623,4.380000114440918,4.179999828338623,4.380000114440918,3.54,4.38,0.639999828338623,mandatory_unique_exact_token_pair_in_all_optimal_LCS_alignments,mfa_whisper_discrepancy_over_0_5s_null_primary,B_unique_word_overlap_in_mismatched_transcript,MFA 3.4.2 forced alignment of Whisper transcript,True,,,,,False,True,mfa_whisper_edge_difference_over_0_5s,sample_0002.json
-3g5yACwYnA$_$3,text_mismatch,8,our,8,8,our,8,4.380000114440918,4.690000057220459,4.380000114440918,4.690000057220459,4.38,4.64,0.050000057220459304,mandatory_unique_exact_token_pair_in_all_optimal_LCS_alignments,mfa_primary_unique_word_overlap_auto_qc_pass,B_unique_word_overlap_in_mismatched_transcript,MFA 3.4.2 forced alignment of Whisper transcript,False,4.380000114440918,4.690000057220459,4.380000114440918,4.690000057220459,True,True,,sample_0002.json
-3g5yACwYnA$_$3,text_mismatch,9,operation,9,9,operation,9,4.690000057220459,5.260000228881836,4.690000057220459,5.260000228881836,4.64,5.16,0.1000002288818358,mandatory_unique_exact_token_pair_in_all_optimal_LCS_alignments,mfa_primary_unique_word_overlap_auto_qc_pass,B_unique_word_overlap_in_mismatched_transcript,MFA 3.4.2 forced alignment of Whisper transcript,False,4.690000057220459,5.260000228881836,4.690000057220459,5.260000228881836,True,True,,sample_0002.json
-3g5yACwYnA$_$3,text_mismatch,10,called,10,10,called,10,5.630000114440918,5.820000171661377,5.630000114440918,5.820000171661377,5.16,5.8,0.4700001144409178,mandatory_unique_exact_token_pair_in_all_optimal_LCS_alignments,mfa_primary_unique_word_overlap_auto_qc_pass,B_unique_word_overlap_in_mismatched_transcript,MFA 3.4.2 forced alignment of Whisper transcript,False,5.630000114440918,5.820000171661377,5.630000114440918,5.820000171661377,True,True,,sample_0002.json
-3g5yACwYnA$_$3,text_mismatch,11,flocking,11,11,flocking,11,5.820000171661377,6.289999961853027,5.820000171661377,6.289999961853027,5.8,6.12,0.16999996185302724,mandatory_unique_exact_token_pair_in_all_optimal_LCS_alignments,mfa_primary_unique_word_overlap_auto_qc_pass,B_unique_word_overlap_in_mismatched_transcript,MFA 3.4.2 forced alignment of Whisper transcript,False,5.820000171661377,6.289999961853027,5.820000171661377,6.289999961853027,True,True,,sample_0002.json
-3g5yACwYnA$_$3,text_mismatch,12,and,12,12,and,12,6.420000076293945,6.809999942779541,6.420000076293945,6.809999942779541,6.76,6.76,0.3399999237060545,mandatory_unique_exact_token_pair_in_all_optimal_LCS_alignments,mfa_primary_unique_word_overlap_auto_qc_pass,B_unique_word_overlap_in_mismatched_transcript,MFA 3.4.2 forced alignment of Whisper transcript,False,6.420000076293945,6.809999942779541,6.420000076293945,6.809999942779541,True,True,,sample_0002.json
-3g5yACwYnA$_$3,text_mismatch,13,we,13,13,we,13,6.960000038146973,7.110000133514404,6.960000038146973,7.110000133514404,6.76,7.12,0.20000003814697287,mandatory_unique_exact_token_pair_in_all_optimal_LCS_alignments,mfa_primary_unique_word_overlap_auto_qc_pass,B_unique_word_overlap_in_mismatched_transcript,MFA 3.4.2 forced alignment of Whisper transcript,False,6.960000038146973,7.110000133514404,6.960000038146973,7.110000133514404,True,True,,sample_0002.json
-3g5yACwYnA$_$3,text_mismatch,14,don't,14,14,don't,14,7.110000133514404,7.25,7.110000133514404,7.25,7.12,7.22,0.03000000000000025,mandatory_unique_exact_token_pair_in_all_optimal_LCS_alignments,mfa_primary_unique_word_overlap_auto_qc_pass,B_unique_word_overlap_in_mismatched_transcript,MFA 3.4.2 forced alignment of Whisper transcript,False,7.110000133514404,7.25,7.110000133514404,7.25,True,True,,sample_0002.json
-3g5yACwYnA$_$3,text_mismatch,15,have,15,15,have,15,7.25,7.349999904632568,7.25,7.349999904632568,7.22,7.36,0.03000000000000025,mandatory_unique_exact_token_pair_in_all_optimal_LCS_alignments,mfa_primary_unique_word_overlap_auto_qc_pass,B_unique_word_overlap_in_mismatched_transcript,MFA 3.4.2 forced alignment of Whisper transcript,False,7.25,7.349999904632568,7.25,7.349999904632568,True,True,,sample_0002.json
-3g5yACwYnA$_$3,text_mismatch,16,the,16,16,the,16,7.349999904632568,7.429999828338623,7.349999904632568,7.429999828338623,7.36,7.48,0.05000017166137738,mandatory_unique_exact_token_pair_in_all_optimal_LCS_alignments,mfa_primary_unique_word_overlap_auto_qc_pass,B_unique_word_overlap_in_mismatched_transcript,MFA 3.4.2 forced alignment of Whisper transcript,False,7.349999904632568,7.429999828338623,7.349999904632568,7.429999828338623,True,True,,sample_0002.json
-3g5yACwYnA$_$3,text_mismatch,17,technical,17,17,technical,17,7.429999828338623,8.050000190734863,7.429999828338623,8.050000190734863,7.48,7.86,0.19000019073486296,mandatory_unique_exact_token_pair_in_all_optimal_LCS_alignments,mfa_primary_unique_word_overlap_auto_qc_pass,B_unique_word_overlap_in_mismatched_transcript,MFA 3.4.2 forced alignment of Whisper transcript,False,7.429999828338623,8.050000190734863,7.429999828338623,8.050000190734863,True,True,,sample_0002.json
-3g5yACwYnA$_$3,text_mismatch,18,inside,,,,,,,,,,,,mandatory_unique_exact_token_pair_in_all_optimal_LCS_alignments,official_word_unmatched_or_ambiguous_in_asr,,,False,,,,,False,False,,sample_0002.json
-3g5yACwYnA$_$3,text_mismatch,19,compounding,21,21,compounding,21,9.369999885559082,10.029999732971191,9.369999885559082,10.029999732971191,8.92,9.92,0.4499998855590821,mandatory_unique_exact_token_pair_in_all_optimal_LCS_alignments,mfa_primary_unique_word_overlap_auto_qc_pass,B_unique_word_overlap_in_mismatched_transcript,MFA 3.4.2 forced alignment of Whisper transcript,False,9.369999885559082,10.029999732971191,9.369999885559082,10.029999732971191,True,True,,sample_0002.json
-3g5yACwYnA$_$3,text_mismatch,20,or,22,22,or,22,10.0600004196167,10.300000190734863,10.0600004196167,10.300000190734863,9.92,10.26,0.1400004196166993,mandatory_unique_exact_token_pair_in_all_optimal_LCS_alignments,mfa_primary_unique_word_overlap_auto_qc_pass,B_unique_word_overlap_in_mismatched_transcript,MFA 3.4.2 forced alignment of Whisper transcript,False,10.0600004196167,10.300000190734863,10.0600004196167,10.300000190734863,True,True,,sample_0002.json
-3g5yACwYnA$_$3,text_mismatch,21,the,23,23,the,23,10.300000190734863,10.380000114440918,10.300000190734863,10.380000114440918,10.26,10.4,0.040000190734863494,mandatory_unique_exact_token_pair_in_all_optimal_LCS_alignments,mfa_primary_unique_word_overlap_auto_qc_pass,B_unique_word_overlap_in_mismatched_transcript,MFA 3.4.2 forced alignment of Whisper transcript,False,10.300000190734863,10.380000114440918,10.300000190734863,10.380000114440918,True,True,,sample_0002.json
-3g5yACwYnA$_$3,text_mismatch,22,technical,24,24,technical,24,10.380000114440918,10.789999961853027,10.380000114440918,10.789999961853027,10.4,10.76,0.029999961853027557,mandatory_unique_exact_token_pair_in_all_optimal_LCS_alignments,mfa_primary_unique_word_overlap_auto_qc_pass,B_unique_word_overlap_in_mismatched_transcript,MFA 3.4.2 forced alignment of Whisper transcript,False,10.380000114440918,10.789999961853027,10.380000114440918,10.789999961853027,True,True,,sample_0002.json
-3g5yACwYnA$_$3,text_mismatch,23,expertise,25,25,expertise,25,10.789999961853027,11.279999732971191,10.789999961853027,11.279999732971191,10.76,11.08,0.19999973297119134,mandatory_unique_exact_token_pair_in_all_optimal_LCS_alignments,mfa_primary_unique_word_overlap_auto_qc_pass,B_unique_word_overlap_in_mismatched_transcript,MFA 3.4.2 forced alignment of Whisper transcript,False,10.789999961853027,11.279999732971191,10.789999961853027,11.279999732971191,True,True,,sample_0002.json
-3g5yACwYnA$_$3,text_mismatch,24,to,26,26,to,26,11.279999732971191,11.369999885559082,11.279999732971191,11.369999885559082,11.08,11.4,0.19999973297119134,mandatory_unique_exact_token_pair_in_all_optimal_LCS_alignments,mfa_primary_unique_word_overlap_auto_qc_pass,B_unique_word_overlap_in_mismatched_transcript,MFA 3.4.2 forced alignment of Whisper transcript,False,11.279999732971191,11.369999885559082,11.279999732971191,11.369999885559082,True,True,,sample_0002.json
-3g5yACwYnA$_$3,text_mismatch,25,do,27,27,do,27,11.369999885559082,11.489999771118164,11.369999885559082,11.489999771118164,11.4,11.52,0.03000022888183551,mandatory_unique_exact_token_pair_in_all_optimal_LCS_alignments,mfa_primary_unique_word_overlap_auto_qc_pass,B_unique_word_overlap_in_mismatched_transcript,MFA 3.4.2 forced alignment of Whisper transcript,False,11.369999885559082,11.489999771118164,11.369999885559082,11.489999771118164,True,True,,sample_0002.json
-3g5yACwYnA$_$3,text_mismatch,26,these,28,28,these,28,11.489999771118164,11.710000038146973,11.489999771118164,11.710000038146973,11.52,11.72,0.03000022888183551,mandatory_unique_exact_token_pair_in_all_optimal_LCS_alignments,mfa_primary_unique_word_overlap_auto_qc_pass,B_unique_word_overlap_in_mismatched_transcript,MFA 3.4.2 forced alignment of Whisper transcript,False,11.489999771118164,11.710000038146973,11.489999771118164,11.710000038146973,True,True,,sample_0002.json
-3g5yACwYnA$_$3,text_mismatch,27,types,29,29,types,29,11.710000038146973,11.970000267028809,11.710000038146973,11.970000267028809,11.72,11.9,0.07000026702880824,mandatory_unique_exact_token_pair_in_all_optimal_LCS_alignments,mfa_primary_unique_word_overlap_auto_qc_pass,B_unique_word_overlap_in_mismatched_transcript,MFA 3.4.2 forced alignment of Whisper transcript,False,11.710000038146973,11.970000267028809,11.710000038146973,11.970000267028809,True,True,,sample_0002.json
-3g5yACwYnA$_$3,text_mismatch,28,of,30,30,of,30,11.970000267028809,12.0600004196167,11.970000267028809,12.0600004196167,11.9,12.06,0.07000026702880824,mandatory_unique_exact_token_pair_in_all_optimal_LCS_alignments,mfa_primary_unique_word_overlap_auto_qc_pass,B_unique_word_overlap_in_mismatched_transcript,MFA 3.4.2 forced alignment of Whisper transcript,False,11.970000267028809,12.0600004196167,11.970000267028809,12.0600004196167,True,True,,sample_0002.json
-3g5yACwYnA$_$3,text_mismatch,29,things,31,31,things,31,12.0600004196167,12.399999618530273,12.0600004196167,12.399999618530273,12.06,12.36,0.039999618530274006,mandatory_unique_exact_token_pair_in_all_optimal_LCS_alignments,mfa_primary_unique_word_overlap_auto_qc_pass,B_unique_word_overlap_in_mismatched_transcript,MFA 3.4.2 forced alignment of Whisper transcript,False,12.0600004196167,12.399999618530273,12.0600004196167,12.399999618530273,True,True,,sample_0002.json
-3g5yACwYnA$_$2,exact_text,1,Key,1,1,key,1,0.2199999988079071,0.28999999165534973,0.2199999988079071,0.28999999165534973,1.6599999999999984,2.459999999999999,2.1700000083446493,mandatory_unique_exact_token_pair_in_all_optimal_LCS_alignments,mfa_whisper_discrepancy_over_0_5s_null_primary,A_exact_transcript,MFA 3.4.2 forced alignment of Whisper transcript,True,,,,,False,True,mfa_whisper_edge_difference_over_0_5s,sample_0003.json
-3g5yACwYnA$_$2,exact_text,2,Polymer,2,2,polymer,2,1.2300000190734863,1.590000033378601,1.2300000190734863,1.590000033378601,2.459999999999999,3.26,1.6699999666213987,mandatory_unique_exact_token_pair_in_all_optimal_LCS_alignments,mfa_whisper_discrepancy_over_0_5s_null_primary,A_exact_transcript,MFA 3.4.2 forced alignment of Whisper transcript,True,,,,,False,True,mfa_whisper_edge_difference_over_0_5s,sample_0003.json
-3g5yACwYnA$_$2,exact_text,3,brings,3,3,brings,3,2.0199999809265137,2.3399999141693115,2.0199999809265137,2.3399999141693115,3.26,3.54,1.2400000190734861,mandatory_unique_exact_token_pair_in_all_optimal_LCS_alignments,mfa_whisper_discrepancy_over_0_5s_null_primary,A_exact_transcript,MFA 3.4.2 forced alignment of Whisper transcript,True,,,,,False,True,mfa_whisper_edge_difference_over_0_5s,sample_0003.json
-3g5yACwYnA$_$2,exact_text,4,a,4,4,a,4,2.3399999141693115,2.7100000381469727,2.3399999141693115,2.7100000381469727,3.54,3.72,1.2000000858306885,mandatory_unique_exact_token_pair_in_all_optimal_LCS_alignments,mfa_whisper_discrepancy_over_0_5s_null_primary,A_exact_transcript,MFA 3.4.2 forced alignment of Whisper transcript,True,,,,,False,True,mfa_whisper_edge_difference_over_0_5s,sample_0003.json
-3g5yACwYnA$_$2,exact_text,5,technical,5,5,technical,5,3.0999999046325684,3.680000066757202,3.0999999046325684,3.680000066757202,3.72,4.02,0.6200000953674318,mandatory_unique_exact_token_pair_in_all_optimal_LCS_alignments,mfa_whisper_discrepancy_over_0_5s_null_primary,A_exact_transcript,MFA 3.4.2 forced alignment of Whisper transcript,True,,,,,False,True,mfa_whisper_edge_difference_over_0_5s,sample_0003.json
-3g5yACwYnA$_$2,exact_text,6,aspect,6,6,aspect,6,4.28000020980835,4.75,4.28000020980835,4.75,4.02,4.58,0.26000020980835004,mandatory_unique_exact_token_pair_in_all_optimal_LCS_alignments,mfa_primary_exact_transcript_auto_qc_pass,A_exact_transcript,MFA 3.4.2 forced alignment of Whisper transcript,False,4.28000020980835,4.75,4.28000020980835,4.75,True,True,,sample_0003.json
-3g5yACwYnA$_$2,exact_text,7,to,7,7,to,7,4.75,5.0,4.75,5.0,4.58,4.98,0.16999999999999993,mandatory_unique_exact_token_pair_in_all_optimal_LCS_alignments,mfa_primary_exact_transcript_auto_qc_pass,A_exact_transcript,MFA 3.4.2 forced alignment of Whisper transcript,False,4.75,5.0,4.75,5.0,True,True,,sample_0003.json
-3g5yACwYnA$_$2,exact_text,8,our,8,8,our,8,5.21999979019165,5.619999885559082,5.21999979019165,5.619999885559082,4.98,5.92,0.3000001144409179,mandatory_unique_exact_token_pair_in_all_optimal_LCS_alignments,mfa_primary_exact_transcript_auto_qc_pass,A_exact_transcript,MFA 3.4.2 forced alignment of Whisper transcript,False,5.21999979019165,5.619999885559082,5.21999979019165,5.619999885559082,True,True,,sample_0003.json
-3g5yACwYnA$_$2,exact_text,9,operation,9,9,operation,9,5.809999942779541,6.489999771118164,5.809999942779541,6.489999771118164,5.92,6.34,0.1499997711181642,mandatory_unique_exact_token_pair_in_all_optimal_LCS_alignments,mfa_primary_exact_transcript_auto_qc_pass,A_exact_transcript,MFA 3.4.2 forced alignment of Whisper transcript,False,5.809999942779541,6.489999771118164,5.809999942779541,6.489999771118164,True,True,,sample_0003.json
-3g5yACwYnA$_$2,exact_text,10,that,10,10,that,10,6.489999771118164,6.650000095367432,6.489999771118164,6.650000095367432,6.34,6.62,0.1499997711181642,mandatory_unique_exact_token_pair_in_all_optimal_LCS_alignments,mfa_primary_exact_transcript_auto_qc_pass,A_exact_transcript,MFA 3.4.2 forced alignment of Whisper transcript,False,6.489999771118164,6.650000095367432,6.489999771118164,6.650000095367432,True,True,,sample_0003.json
-3g5yACwYnA$_$2,exact_text,11,we,11,11,we,11,6.650000095367432,6.769999980926514,6.650000095367432,6.769999980926514,6.62,6.78,0.030000095367431534,mandatory_unique_exact_token_pair_in_all_optimal_LCS_alignments,mfa_primary_exact_transcript_auto_qc_pass,A_exact_transcript,MFA 3.4.2 forced alignment of Whisper transcript,False,6.650000095367432,6.769999980926514,6.650000095367432,6.769999980926514,True,True,,sample_0003.json
-3g5yACwYnA$_$2,exact_text,12,don't,12,12,don't,12,6.769999980926514,7.010000228881836,6.769999980926514,7.010000228881836,6.78,6.98,0.03000022888183551,mandatory_unique_exact_token_pair_in_all_optimal_LCS_alignments,mfa_primary_exact_transcript_auto_qc_pass,A_exact_transcript,MFA 3.4.2 forced alignment of Whisper transcript,False,6.769999980926514,7.010000228881836,6.769999980926514,7.010000228881836,True,True,,sample_0003.json
-3g5yACwYnA$_$2,exact_text,13,have,13,13,have,13,7.010000228881836,7.210000038146973,7.010000228881836,7.210000038146973,6.98,7.18,0.03000022888183551,mandatory_unique_exact_token_pair_in_all_optimal_LCS_alignments,mfa_primary_exact_transcript_auto_qc_pass,A_exact_transcript,MFA 3.4.2 forced alignment of Whisper transcript,False,7.010000228881836,7.210000038146973,7.010000228881836,7.210000038146973,True,True,,sample_0003.json
-3g5yACwYnA$_$2,exact_text,14,internally,14,14,internally,14,7.210000038146973,7.699999809265137,7.210000038146973,7.699999809265137,7.18,7.64,0.05999980926513704,mandatory_unique_exact_token_pair_in_all_optimal_LCS_alignments,mfa_primary_exact_transcript_auto_qc_pass,A_exact_transcript,MFA 3.4.2 forced alignment of Whisper transcript,False,7.210000038146973,7.699999809265137,7.210000038146973,7.699999809265137,True,True,,sample_0003.json
-3g5yACwYnA$_$9,text_mismatch,1,We,2,2,we,2,0.75,0.8999999761581421,0.75,0.8999999761581421,0.58,0.92,0.17000000000000004,mandatory_unique_exact_token_pair_in_all_optimal_LCS_alignments,mfa_primary_unique_word_overlap_auto_qc_pass,B_unique_word_overlap_in_mismatched_transcript,MFA 3.4.2 forced alignment of Whisper transcript,False,0.75,0.8999999761581421,0.75,0.8999999761581421,True,True,,sample_0004.json
-3g5yACwYnA$_$9,text_mismatch,2,have,3,3,have,3,0.8999999761581421,1.0800000429153442,0.8999999761581421,1.0800000429153442,0.92,1.06,0.020000042915344185,mandatory_unique_exact_token_pair_in_all_optimal_LCS_alignments,mfa_primary_unique_word_overlap_auto_qc_pass,B_unique_word_overlap_in_mismatched_transcript,MFA 3.4.2 forced alignment of Whisper transcript,False,0.8999999761581421,1.0800000429153442,0.8999999761581421,1.0800000429153442,True,True,,sample_0004.json
-3g5yACwYnA$_$9,text_mismatch,3,many,4,4,many,4,1.0800000429153442,1.4700000286102295,1.0800000429153442,1.4700000286102295,1.06,1.32,0.15000002861022943,mandatory_unique_exact_token_pair_in_all_optimal_LCS_alignments,mfa_primary_unique_word_overlap_auto_qc_pass,B_unique_word_overlap_in_mismatched_transcript,MFA 3.4.2 forced alignment of Whisper transcript,False,1.0800000429153442,1.4700000286102295,1.0800000429153442,1.4700000286102295,True,True,,sample_0004.json
-3g5yACwYnA$_$9,text_mismatch,4,new,5,5,new,5,1.6399999856948853,1.8899999856948853,1.6399999856948853,1.8899999856948853,1.32,1.84,0.3199999856948852,mandatory_unique_exact_token_pair_in_all_optimal_LCS_alignments,mfa_primary_unique_word_overlap_auto_qc_pass,B_unique_word_overlap_in_mismatched_transcript,MFA 3.4.2 forced alignment of Whisper transcript,False,1.6399999856948853,1.8899999856948853,1.6399999856948853,1.8899999856948853,True,True,,sample_0004.json
-3g5yACwYnA$_$9,text_mismatch,5,opportunities,6,6,opportunities,6,1.8899999856948853,2.490000009536743,1.8899999856948853,2.490000009536743,1.84,2.3,0.19000000953674334,mandatory_unique_exact_token_pair_in_all_optimal_LCS_alignments,mfa_primary_unique_word_overlap_auto_qc_pass,B_unique_word_overlap_in_mismatched_transcript,MFA 3.4.2 forced alignment of Whisper transcript,False,1.8899999856948853,2.490000009536743,1.8899999856948853,2.490000009536743,True,True,,sample_0004.json
-3g5yACwYnA$_$9,text_mismatch,6,through,7,7,through,7,2.490000009536743,2.8299999237060547,2.490000009536743,2.8299999237060547,2.3,2.76,0.19000000953674334,mandatory_unique_exact_token_pair_in_all_optimal_LCS_alignments,mfa_primary_unique_word_overlap_auto_qc_pass,B_unique_word_overlap_in_mismatched_transcript,MFA 3.4.2 forced alignment of Whisper transcript,False,2.490000009536743,2.8299999237060547,2.490000009536743,2.8299999237060547,True,True,,sample_0004.json
-3g5yACwYnA$_$9,text_mismatch,7,the,8,8,the,8,3.3499999046325684,3.4200000762939453,3.3499999046325684,3.4200000762939453,2.76,3.46,0.5899999046325686,mandatory_unique_exact_token_pair_in_all_optimal_LCS_alignments,mfa_whisper_discrepancy_over_0_5s_null_primary,B_unique_word_overlap_in_mismatched_transcript,MFA 3.4.2 forced alignment of Whisper transcript,True,,,,,False,True,mfa_whisper_edge_difference_over_0_5s,sample_0004.json
-3g5yACwYnA$_$9,text_mismatch,8,way,9,9,way,9,3.4200000762939453,3.630000114440918,3.4200000762939453,3.630000114440918,3.46,3.6,0.03999992370605465,mandatory_unique_exact_token_pair_in_all_optimal_LCS_alignments,mfa_primary_unique_word_overlap_auto_qc_pass,B_unique_word_overlap_in_mismatched_transcript,MFA 3.4.2 forced alignment of Whisper transcript,False,3.4200000762939453,3.630000114440918,3.4200000762939453,3.630000114440918,True,True,,sample_0004.json
-3g5yACwYnA$_$9,text_mismatch,9,things,10,10,things,10,3.630000114440918,3.890000104904175,3.630000114440918,3.890000104904175,3.6,3.84,0.05000010490417495,mandatory_unique_exact_token_pair_in_all_optimal_LCS_alignments,mfa_primary_unique_word_overlap_auto_qc_pass,B_unique_word_overlap_in_mismatched_transcript,MFA 3.4.2 forced alignment of Whisper transcript,False,3.630000114440918,3.890000104904175,3.630000114440918,3.890000104904175,True,True,,sample_0004.json
-3g5yACwYnA$_$9,text_mismatch,10,have,11,11,have,11,3.890000104904175,3.990000009536743,3.890000104904175,3.990000009536743,3.84,4.0,0.05000010490417495,mandatory_unique_exact_token_pair_in_all_optimal_LCS_alignments,mfa_primary_unique_word_overlap_auto_qc_pass,B_unique_word_overlap_in_mismatched_transcript,MFA 3.4.2 forced alignment of Whisper transcript,False,3.890000104904175,3.990000009536743,3.890000104904175,3.990000009536743,True,True,,sample_0004.json
-3g5yACwYnA$_$9,text_mismatch,11,changed,12,12,changed,12,3.990000009536743,4.300000190734863,3.990000009536743,4.300000190734863,4.0,4.2,0.1000001907348631,mandatory_unique_exact_token_pair_in_all_optimal_LCS_alignments,mfa_primary_unique_word_overlap_auto_qc_pass,B_unique_word_overlap_in_mismatched_transcript,MFA 3.4.2 forced alignment of Whisper transcript,False,3.990000009536743,4.300000190734863,3.990000009536743,4.300000190734863,True,True,,sample_0004.json
-3g5yACwYnA$_$9,text_mismatch,12,through,13,13,through,13,4.300000190734863,4.429999828338623,4.300000190734863,4.429999828338623,4.2,4.42,0.1000001907348631,mandatory_unique_exact_token_pair_in_all_optimal_LCS_alignments,mfa_primary_unique_word_overlap_auto_qc_pass,B_unique_word_overlap_in_mismatched_transcript,MFA 3.4.2 forced alignment of Whisper transcript,False,4.300000190734863,4.429999828338623,4.300000190734863,4.429999828338623,True,True,,sample_0004.json
-3g5yACwYnA$_$9,text_mismatch,13,the,14,14,the,14,4.429999828338623,4.519999980926514,4.429999828338623,4.519999980926514,4.42,4.56,0.04000001907348594,mandatory_unique_exact_token_pair_in_all_optimal_LCS_alignments,mfa_primary_unique_word_overlap_auto_qc_pass,B_unique_word_overlap_in_mismatched_transcript,MFA 3.4.2 forced alignment of Whisper transcript,False,4.429999828338623,4.519999980926514,4.429999828338623,4.519999980926514,True,True,,sample_0004.json
-3g5yACwYnA$_$9,text_mismatch,14,years,15,15,years,15,4.519999980926514,4.980000019073486,4.519999980926514,4.980000019073486,4.56,4.84,0.14000001907348647,mandatory_unique_exact_token_pair_in_all_optimal_LCS_alignments,mfa_primary_unique_word_overlap_auto_qc_pass,B_unique_word_overlap_in_mismatched_transcript,MFA 3.4.2 forced alignment of Whisper transcript,False,4.519999980926514,4.980000019073486,4.519999980926514,4.980000019073486,True,True,,sample_0004.json
-3g5yACwYnA$_$9,text_mismatch,15,looking,16,16,looking,16,5.630000114440918,5.849999904632568,5.630000114440918,5.849999904632568,5.58,5.8,0.0500001144409179,mandatory_unique_exact_token_pair_in_all_optimal_LCS_alignments,mfa_primary_unique_word_overlap_auto_qc_pass,B_unique_word_overlap_in_mismatched_transcript,MFA 3.4.2 forced alignment of Whisper transcript,False,5.630000114440918,5.849999904632568,5.630000114440918,5.849999904632568,True,True,,sample_0004.json
-3g5yACwYnA$_$9,text_mismatch,16,for,17,17,for,17,5.849999904632568,6.0,5.849999904632568,6.0,5.8,6.02,0.04999990463256854,mandatory_unique_exact_token_pair_in_all_optimal_LCS_alignments,mfa_primary_unique_word_overlap_auto_qc_pass,B_unique_word_overlap_in_mismatched_transcript,MFA 3.4.2 forced alignment of Whisper transcript,False,5.849999904632568,6.0,5.849999904632568,6.0,True,True,,sample_0004.json
-3g5yACwYnA$_$9,text_mismatch,17,new,18,18,new,18,6.0,6.199999809265137,6.0,6.199999809265137,6.02,6.18,0.019999999999999574,mandatory_unique_exact_token_pair_in_all_optimal_LCS_alignments,mfa_primary_unique_word_overlap_auto_qc_pass,B_unique_word_overlap_in_mismatched_transcript,MFA 3.4.2 forced alignment of Whisper transcript,False,6.0,6.199999809265137,6.0,6.199999809265137,True,True,,sample_0004.json
-3g5yACwYnA$_$9,text_mismatch,18,niche,19,19,niche,19,6.199999809265137,6.610000133514404,6.199999809265137,6.610000133514404,6.18,6.46,0.15000013351440433,mandatory_unique_exact_token_pair_in_all_optimal_LCS_alignments,mfa_primary_unique_word_overlap_auto_qc_pass,B_unique_word_overlap_in_mismatched_transcript,MFA 3.4.2 forced alignment of Whisper transcript,False,6.199999809265137,6.610000133514404,6.199999809265137,6.610000133514404,True,True,,sample_0004.json
-3g5yACwYnA$_$9,text_mismatch,19,high,20,20,high,20,6.639999866485596,6.829999923706055,6.639999866485596,6.829999923706055,6.74,6.82,0.10000013351440451,mandatory_unique_exact_token_pair_in_all_optimal_LCS_alignments,mfa_primary_unique_word_overlap_auto_qc_pass,B_unique_word_overlap_in_mismatched_transcript,MFA 3.4.2 forced alignment of Whisper transcript,False,6.639999866485596,6.829999923706055,6.639999866485596,6.829999923706055,True,True,,sample_0004.json
-3g5yACwYnA$_$9,text_mismatch,20,end,21,21,end,21,6.829999923706055,7.050000190734863,6.829999923706055,7.050000190734863,6.82,7.0,0.05000019073486328,mandatory_unique_exact_token_pair_in_all_optimal_LCS_alignments,mfa_primary_unique_word_overlap_auto_qc_pass,B_unique_word_overlap_in_mismatched_transcript,MFA 3.4.2 forced alignment of Whisper transcript,False,6.829999923706055,7.050000190734863,6.829999923706055,7.050000190734863,True,True,,sample_0004.json
-3g5yACwYnA$_$9,text_mismatch,21,value,22,22,value,22,7.050000190734863,7.449999809265137,7.050000190734863,7.449999809265137,7.0,7.34,0.10999980926513686,mandatory_unique_exact_token_pair_in_all_optimal_LCS_alignments,mfa_primary_unique_word_overlap_auto_qc_pass,B_unique_word_overlap_in_mismatched_transcript,MFA 3.4.2 forced alignment of Whisper transcript,False,7.050000190734863,7.449999809265137,7.050000190734863,7.449999809265137,True,True,,sample_0004.json
-3g5yACwYnA$_$9,text_mismatch,22,added,23,23,added,23,7.449999809265137,7.639999866485596,7.449999809265137,7.639999866485596,7.34,7.52,0.11999986648559613,mandatory_unique_exact_token_pair_in_all_optimal_LCS_alignments,mfa_primary_unique_word_overlap_auto_qc_pass,B_unique_word_overlap_in_mismatched_transcript,MFA 3.4.2 forced alignment of Whisper transcript,False,7.449999809265137,7.639999866485596,7.449999809265137,7.639999866485596,True,True,,sample_0004.json
-3g5yACwYnA$_$9,text_mismatch,23,products,24,24,products,24,7.639999866485596,8.130000114440918,7.639999866485596,8.130000114440918,7.52,7.98,0.15000011444091754,mandatory_unique_exact_token_pair_in_all_optimal_LCS_alignments,mfa_primary_unique_word_overlap_auto_qc_pass,B_unique_word_overlap_in_mismatched_transcript,MFA 3.4.2 forced alignment of Whisper transcript,False,7.639999866485596,8.130000114440918,7.639999866485596,8.130000114440918,True,True,,sample_0004.json
-3nNcZdcdvU$_$5,text_mismatch,1,Noncompliance,,,,,,,,,,,,mandatory_unique_exact_token_pair_in_all_optimal_LCS_alignments,official_word_unmatched_or_ambiguous_in_asr,,,False,,,,,False,False,,sample_0005.json
-3nNcZdcdvU$_$5,text_mismatch,2,can,3,3,can,3,1.590000033378601,1.9500000476837158,1.590000033378601,1.9500000476837158,1.32,1.86,0.270000033378601,mandatory_unique_exact_token_pair_in_all_optimal_LCS_alignments,mfa_primary_unique_word_overlap_auto_qc_pass,B_unique_word_overlap_in_mismatched_transcript,MFA 3.4.2 forced alignment of Whisper transcript,False,1.590000033378601,1.9500000476837158,1.590000033378601,1.9500000476837158,True,True,,sample_0005.json
-3nNcZdcdvU$_$5,text_mismatch,3,result,4,4,result,4,1.9500000476837158,2.6600000858306885,1.9500000476837158,2.6600000858306885,1.86,2.4,0.26000008583068857,mandatory_unique_exact_token_pair_in_all_optimal_LCS_alignments,mfa_primary_unique_word_overlap_auto_qc_pass,B_unique_word_overlap_in_mismatched_transcript,MFA 3.4.2 forced alignment of Whisper transcript,False,1.9500000476837158,2.6600000858306885,1.9500000476837158,2.6600000858306885,True,True,,sample_0005.json
-3nNcZdcdvU$_$5,text_mismatch,4,in,5,5,in,5,2.6600000858306885,2.819999933242798,2.6600000858306885,2.819999933242798,2.4,2.76,0.26000008583068857,mandatory_unique_exact_token_pair_in_all_optimal_LCS_alignments,mfa_primary_unique_word_overlap_auto_qc_pass,B_unique_word_overlap_in_mismatched_transcript,MFA 3.4.2 forced alignment of Whisper transcript,False,2.6600000858306885,2.819999933242798,2.6600000858306885,2.819999933242798,True,True,,sample_0005.json
-3nNcZdcdvU$_$5,text_mismatch,5,legal,6,6,legal,6,2.819999933242798,3.069999933242798,2.819999933242798,3.069999933242798,2.76,3.0,0.06999993324279785,mandatory_unique_exact_token_pair_in_all_optimal_LCS_alignments,mfa_primary_unique_word_overlap_auto_qc_pass,B_unique_word_overlap_in_mismatched_transcript,MFA 3.4.2 forced alignment of Whisper transcript,False,2.819999933242798,3.069999933242798,2.819999933242798,3.069999933242798,True,True,,sample_0005.json
-3nNcZdcdvU$_$5,text_mismatch,6,liability,7,7,liability,7,3.069999933242798,3.880000114440918,3.069999933242798,3.880000114440918,3.0,3.58,0.3000001144409179,mandatory_unique_exact_token_pair_in_all_optimal_LCS_alignments,mfa_primary_unique_word_overlap_auto_qc_pass,B_unique_word_overlap_in_mismatched_transcript,MFA 3.4.2 forced alignment of Whisper transcript,False,3.069999933242798,3.880000114440918,3.069999933242798,3.880000114440918,True,True,,sample_0005.json
-3nNcZdcdvU$_$5,text_mismatch,7,to,8,8,to,8,3.9700000286102295,4.119999885559082,3.9700000286102295,4.119999885559082,3.58,4.16,0.3900000286102294,mandatory_unique_exact_token_pair_in_all_optimal_LCS_alignments,mfa_primary_unique_word_overlap_auto_qc_pass,B_unique_word_overlap_in_mismatched_transcript,MFA 3.4.2 forced alignment of Whisper transcript,False,3.9700000286102295,4.119999885559082,3.9700000286102295,4.119999885559082,True,True,,sample_0005.json
-3nNcZdcdvU$_$5,text_mismatch,8,you,9,9,you,9,4.119999885559082,4.610000133514404,4.119999885559082,4.610000133514404,4.16,4.54,0.07000013351440426,mandatory_unique_exact_token_pair_in_all_optimal_LCS_alignments,mfa_primary_unique_word_overlap_auto_qc_pass,B_unique_word_overlap_in_mismatched_transcript,MFA 3.4.2 forced alignment of Whisper transcript,False,4.119999885559082,4.610000133514404,4.119999885559082,4.610000133514404,True,True,,sample_0005.json
-3nNcZdcdvU$_$5,text_mismatch,9,and,10,10,and,10,4.929999828338623,5.230000019073486,4.929999828338623,5.230000019073486,4.54,5.14,0.389999828338623,mandatory_unique_exact_token_pair_in_all_optimal_LCS_alignments,mfa_primary_unique_word_overlap_auto_qc_pass,B_unique_word_overlap_in_mismatched_transcript,MFA 3.4.2 forced alignment of Whisper transcript,False,4.929999828338623,5.230000019073486,4.929999828338623,5.230000019073486,True,True,,sample_0005.json
-3nNcZdcdvU$_$5,text_mismatch,10,to,11,11,to,11,5.230000019073486,5.349999904632568,5.230000019073486,5.349999904632568,5.14,5.38,0.09000001907348665,mandatory_unique_exact_token_pair_in_all_optimal_LCS_alignments,mfa_primary_unique_word_overlap_auto_qc_pass,B_unique_word_overlap_in_mismatched_transcript,MFA 3.4.2 forced alignment of Whisper transcript,False,5.230000019073486,5.349999904632568,5.230000019073486,5.349999904632568,True,True,,sample_0005.json
-3nNcZdcdvU$_$5,text_mismatch,11,the,12,12,the,12,5.349999904632568,5.449999809265137,5.349999904632568,5.449999809265137,5.38,5.52,0.07000019073486285,mandatory_unique_exact_token_pair_in_all_optimal_LCS_alignments,mfa_primary_unique_word_overlap_auto_qc_pass,B_unique_word_overlap_in_mismatched_transcript,MFA 3.4.2 forced alignment of Whisper transcript,False,5.349999904632568,5.449999809265137,5.349999904632568,5.449999809265137,True,True,,sample_0005.json
-3nNcZdcdvU$_$5,text_mismatch,12,school,13,13,school,13,5.449999809265137,5.739999771118164,5.449999809265137,5.739999771118164,5.52,5.72,0.07000019073486285,mandatory_unique_exact_token_pair_in_all_optimal_LCS_alignments,mfa_primary_unique_word_overlap_auto_qc_pass,B_unique_word_overlap_in_mismatched_transcript,MFA 3.4.2 forced alignment of Whisper transcript,False,5.449999809265137,5.739999771118164,5.449999809265137,5.739999771118164,True,True,,sample_0005.json
-3nNcZdcdvU$_$5,text_mismatch,13,district,14,14,district,14,5.739999771118164,6.159999847412109,5.739999771118164,6.159999847412109,5.72,6.06,0.09999984741210977,mandatory_unique_exact_token_pair_in_all_optimal_LCS_alignments,mfa_primary_unique_word_overlap_auto_qc_pass,B_unique_word_overlap_in_mismatched_transcript,MFA 3.4.2 forced alignment of Whisper transcript,False,5.739999771118164,6.159999847412109,5.739999771118164,6.159999847412109,True,True,,sample_0005.json
-3nNcZdcdvU$_$5,text_mismatch,14,in,15,15,in,15,6.159999847412109,6.239999771118164,6.159999847412109,6.239999771118164,6.06,6.28,0.09999984741210977,mandatory_unique_exact_token_pair_in_all_optimal_LCS_alignments,mfa_primary_unique_word_overlap_auto_qc_pass,B_unique_word_overlap_in_mismatched_transcript,MFA 3.4.2 forced alignment of Whisper transcript,False,6.159999847412109,6.239999771118164,6.159999847412109,6.239999771118164,True,True,,sample_0005.json
-3nNcZdcdvU$_$5,text_mismatch,15,which,16,16,which,16,6.239999771118164,6.510000228881836,6.239999771118164,6.510000228881836,6.28,6.4,0.11000022888183558,mandatory_unique_exact_token_pair_in_all_optimal_LCS_alignments,mfa_primary_unique_word_overlap_auto_qc_pass,B_unique_word_overlap_in_mismatched_transcript,MFA 3.4.2 forced alignment of Whisper transcript,False,6.239999771118164,6.510000228881836,6.239999771118164,6.510000228881836,True,True,,sample_0005.json
-3nNcZdcdvU$_$5,text_mismatch,16,you,17,17,you,17,6.510000228881836,6.630000114440918,6.510000228881836,6.630000114440918,6.4,6.62,0.11000022888183558,mandatory_unique_exact_token_pair_in_all_optimal_LCS_alignments,mfa_primary_unique_word_overlap_auto_qc_pass,B_unique_word_overlap_in_mismatched_transcript,MFA 3.4.2 forced alignment of Whisper transcript,False,6.510000228881836,6.630000114440918,6.510000228881836,6.630000114440918,True,True,,sample_0005.json
-3nNcZdcdvU$_$5,text_mismatch,17,are,18,18,are,18,6.630000114440918,6.71999979019165,6.630000114440918,6.71999979019165,6.62,6.74,0.020000209808349823,mandatory_unique_exact_token_pair_in_all_optimal_LCS_alignments,mfa_primary_unique_word_overlap_auto_qc_pass,B_unique_word_overlap_in_mismatched_transcript,MFA 3.4.2 forced alignment of Whisper transcript,False,6.630000114440918,6.71999979019165,6.630000114440918,6.71999979019165,True,True,,sample_0005.json
-3nNcZdcdvU$_$5,text_mismatch,18,employed,19,19,employed,19,6.71999979019165,7.230000019073486,6.71999979019165,7.230000019073486,6.74,7.12,0.11000001907348622,mandatory_unique_exact_token_pair_in_all_optimal_LCS_alignments,mfa_primary_unique_word_overlap_auto_qc_pass,B_unique_word_overlap_in_mismatched_transcript,MFA 3.4.2 forced alignment of Whisper transcript,False,6.71999979019165,7.230000019073486,6.71999979019165,7.230000019073486,True,True,,sample_0005.json
-HwX2H8Z4hY$_$2,text_mismatch,1,President,,,,,,,,,,,,mandatory_unique_exact_token_pair_in_all_optimal_LCS_alignments,official_word_unmatched_or_ambiguous_in_asr,,,False,,,,,False,False,,sample_0006.json
-HwX2H8Z4hY$_$2,text_mismatch,2,Ronald,,,,,,,,,,,,mandatory_unique_exact_token_pair_in_all_optimal_LCS_alignments,official_word_unmatched_or_ambiguous_in_asr,,,False,,,,,False,False,,sample_0006.json
-HwX2H8Z4hY$_$2,text_mismatch,3,Reagan,,,,,,,,,,,,mandatory_unique_exact_token_pair_in_all_optimal_LCS_alignments,official_word_unmatched_or_ambiguous_in_asr,,,False,,,,,False,False,,sample_0006.json
-HwX2H8Z4hY$_$2,text_mismatch,4,Look,2,2,look,2,2.6700000762939453,2.859999895095825,2.6700000762939453,2.859999895095825,2.28,2.82,0.3900000762939455,mandatory_unique_exact_token_pair_in_all_optimal_LCS_alignments,mfa_primary_unique_word_overlap_auto_qc_pass,B_unique_word_overlap_in_mismatched_transcript,MFA 3.4.2 forced alignment of Whisper transcript,False,2.6700000762939453,2.859999895095825,2.6700000762939453,2.859999895095825,True,True,,sample_0006.json
-HwX2H8Z4hY$_$2,text_mismatch,5,at,3,3,at,3,2.859999895095825,2.9200000762939453,2.859999895095825,2.9200000762939453,2.82,2.92,0.039999895095825355,mandatory_unique_exact_token_pair_in_all_optimal_LCS_alignments,mfa_primary_unique_word_overlap_auto_qc_pass,B_unique_word_overlap_in_mismatched_transcript,MFA 3.4.2 forced alignment of Whisper transcript,False,2.859999895095825,2.9200000762939453,2.859999895095825,2.9200000762939453,True,True,,sample_0006.json
-HwX2H8Z4hY$_$2,text_mismatch,6,the,4,4,the,4,2.9200000762939453,3.009999990463257,2.9200000762939453,3.009999990463257,2.92,3.04,0.0300000095367432,mandatory_unique_exact_token_pair_in_all_optimal_LCS_alignments,mfa_primary_unique_word_overlap_auto_qc_pass,B_unique_word_overlap_in_mismatched_transcript,MFA 3.4.2 forced alignment of Whisper transcript,False,2.9200000762939453,3.009999990463257,2.9200000762939453,3.009999990463257,True,True,,sample_0006.json
-HwX2H8Z4hY$_$2,text_mismatch,7,record,5,5,record,5,3.009999990463257,3.4200000762939453,3.009999990463257,3.4200000762939453,3.04,3.3,0.12000007629394549,mandatory_unique_exact_token_pair_in_all_optimal_LCS_alignments,mfa_primary_unique_word_overlap_auto_qc_pass,B_unique_word_overlap_in_mismatched_transcript,MFA 3.4.2 forced alignment of Whisper transcript,False,3.009999990463257,3.4200000762939453,3.009999990463257,3.4200000762939453,True,True,,sample_0006.json
-HwX2H8Z4hY$_$5,exact_text,1,President,1,1,president,1,0.75,1.2699999809265137,0.75,1.2699999809265137,0.0,1.16,0.75,mandatory_unique_exact_token_pair_in_all_optimal_LCS_alignments,mfa_whisper_discrepancy_over_0_5s_null_primary,A_exact_transcript,MFA 3.4.2 forced alignment of Whisper transcript,True,,,,,False,True,mfa_whisper_edge_difference_over_0_5s,sample_0007.json
-HwX2H8Z4hY$_$5,exact_text,2,Ronald,2,2,ronald,2,1.2999999523162842,1.6200000047683716,1.2999999523162842,1.6200000047683716,1.16,1.56,0.13999995231628426,mandatory_unique_exact_token_pair_in_all_optimal_LCS_alignments,mfa_primary_exact_transcript_auto_qc_pass,A_exact_transcript,MFA 3.4.2 forced alignment of Whisper transcript,False,1.2999999523162842,1.6200000047683716,1.2999999523162842,1.6200000047683716,True,True,,sample_0007.json
-HwX2H8Z4hY$_$5,exact_text,3,Reagan,3,3,reagan,3,1.6200000047683716,2.119999885559082,1.6200000047683716,2.119999885559082,1.56,2.0,0.11999988555908203,mandatory_unique_exact_token_pair_in_all_optimal_LCS_alignments,mfa_primary_exact_transcript_auto_qc_pass,A_exact_transcript,MFA 3.4.2 forced alignment of Whisper transcript,False,1.6200000047683716,2.119999885559082,1.6200000047683716,2.119999885559082,True,True,,sample_0007.json
-HwX2H8Z4hY$_$5,exact_text,4,blamed,4,4,blamed,4,2.119999885559082,2.5299999713897705,2.119999885559082,2.5299999713897705,2.0,2.44,0.11999988555908203,mandatory_unique_exact_token_pair_in_all_optimal_LCS_alignments,mfa_primary_exact_transcript_auto_qc_pass,A_exact_transcript,MFA 3.4.2 forced alignment of Whisper transcript,False,2.119999885559082,2.5299999713897705,2.119999885559082,2.5299999713897705,True,True,,sample_0007.json
-HwX2H8Z4hY$_$5,exact_text,5,the,5,5,the,5,2.5299999713897705,2.7100000381469727,2.5299999713897705,2.7100000381469727,2.44,2.74,0.08999997138977056,mandatory_unique_exact_token_pair_in_all_optimal_LCS_alignments,mfa_primary_exact_transcript_auto_qc_pass,A_exact_transcript,MFA 3.4.2 forced alignment of Whisper transcript,False,2.5299999713897705,2.7100000381469727,2.5299999713897705,2.7100000381469727,True,True,,sample_0007.json
-HwX2H8Z4hY$_$5,exact_text,6,professional,6,6,professional,6,2.7100000381469727,3.390000104904175,2.7100000381469727,3.390000104904175,2.74,3.34,0.05000010490417495,mandatory_unique_exact_token_pair_in_all_optimal_LCS_alignments,mfa_primary_exact_transcript_auto_qc_pass,A_exact_transcript,MFA 3.4.2 forced alignment of Whisper transcript,False,2.7100000381469727,3.390000104904175,2.7100000381469727,3.390000104904175,True,True,,sample_0007.json
-HwX2H8Z4hY$_$5,exact_text,7,bureaucracy,7,7,bureaucracy,7,3.390000104904175,4.230000019073486,3.390000104904175,4.230000019073486,3.34,3.92,0.3100000190734864,mandatory_unique_exact_token_pair_in_all_optimal_LCS_alignments,mfa_primary_exact_transcript_auto_qc_pass,A_exact_transcript,MFA 3.4.2 forced alignment of Whisper transcript,False,3.390000104904175,4.230000019073486,3.390000104904175,4.230000019073486,True,True,,sample_0007.json
-HwX2H8Z4hY$_$5,exact_text,8,of,8,8,of,8,4.230000019073486,4.389999866485596,4.230000019073486,4.389999866485596,3.92,4.38,0.3100000190734864,mandatory_unique_exact_token_pair_in_all_optimal_LCS_alignments,mfa_primary_exact_transcript_auto_qc_pass,A_exact_transcript,MFA 3.4.2 forced alignment of Whisper transcript,False,4.230000019073486,4.389999866485596,4.230000019073486,4.389999866485596,True,True,,sample_0007.json
-HwX2H8Z4hY$_$5,exact_text,9,education,9,9,education,9,4.389999866485596,5.099999904632568,4.389999866485596,5.099999904632568,4.38,4.94,0.15999990463256797,mandatory_unique_exact_token_pair_in_all_optimal_LCS_alignments,mfa_primary_exact_transcript_auto_qc_pass,A_exact_transcript,MFA 3.4.2 forced alignment of Whisper transcript,False,4.389999866485596,5.099999904632568,4.389999866485596,5.099999904632568,True,True,,sample_0007.json
-HwX2H8Z4hY$_$6,text_mismatch,1,And,1,1,and,1,0.5400000214576721,0.6499999761581421,0.5400000214576721,0.6499999761581421,0.0,0.64,0.5400000214576721,mandatory_unique_exact_token_pair_in_all_optimal_LCS_alignments,mfa_whisper_discrepancy_over_0_5s_null_primary,B_unique_word_overlap_in_mismatched_transcript,MFA 3.4.2 forced alignment of Whisper transcript,True,,,,,False,True,mfa_whisper_edge_difference_over_0_5s,sample_0008.json
-HwX2H8Z4hY$_$6,text_mismatch,2,in,2,2,in,2,0.6499999761581421,0.7400000095367432,0.6499999761581421,0.7400000095367432,0.64,0.76,0.019999990463256845,mandatory_unique_exact_token_pair_in_all_optimal_LCS_alignments,mfa_primary_unique_word_overlap_auto_qc_pass,B_unique_word_overlap_in_mismatched_transcript,MFA 3.4.2 forced alignment of Whisper transcript,False,0.6499999761581421,0.7400000095367432,0.6499999761581421,0.7400000095367432,True,True,,sample_0008.json
-HwX2H8Z4hY$_$6,text_mismatch,3,part,3,3,part,3,0.7400000095367432,1.1799999475479126,0.7400000095367432,1.1799999475479126,0.76,1.12,0.05999994754791249,mandatory_unique_exact_token_pair_in_all_optimal_LCS_alignments,mfa_primary_unique_word_overlap_auto_qc_pass,B_unique_word_overlap_in_mismatched_transcript,MFA 3.4.2 forced alignment of Whisper transcript,False,0.7400000095367432,1.1799999475479126,0.7400000095367432,1.1799999475479126,True,True,,sample_0008.json
-HwX2H8Z4hY$_$6,text_mismatch,4,Al,4,4,al,4,1.4500000476837158,1.6399999856948853,1.4500000476837158,1.6399999856948853,1.58,1.62,0.12999995231628425,mandatory_unique_exact_token_pair_in_all_optimal_LCS_alignments,mfa_primary_unique_word_overlap_auto_qc_pass,B_unique_word_overlap_in_mismatched_transcript,MFA 3.4.2 forced alignment of Whisper transcript,False,1.4500000476837158,1.6399999856948853,1.4500000476837158,1.6399999856948853,True,True,,sample_0008.json
-HwX2H8Z4hY$_$6,text_mismatch,5,Shanker,,,,,,,,,,,,mandatory_unique_exact_token_pair_in_all_optimal_LCS_alignments,official_word_unmatched_or_ambiguous_in_asr,,,False,,,,,False,False,,sample_0008.json
-HwX2H8Z4hY$_$6,text_mismatch,6,did,6,6,did,6,2.259999990463257,2.490000009536743,2.259999990463257,2.490000009536743,2.1,2.4,0.15999999046325675,mandatory_unique_exact_token_pair_in_all_optimal_LCS_alignments,mfa_primary_unique_word_overlap_auto_qc_pass,B_unique_word_overlap_in_mismatched_transcript,MFA 3.4.2 forced alignment of Whisper transcript,False,2.259999990463257,2.490000009536743,2.259999990463257,2.490000009536743,True,True,,sample_0008.json
-HwX2H8Z4hY$_$6,text_mismatch,7,too,7,7,too,7,2.490000009536743,2.7799999713897705,2.490000009536743,2.7799999713897705,2.4,2.74,0.09000000953674325,mandatory_unique_exact_token_pair_in_all_optimal_LCS_alignments,mfa_primary_unique_word_overlap_auto_qc_pass,B_unique_word_overlap_in_mismatched_transcript,MFA 3.4.2 forced alignment of Whisper transcript,False,2.490000009536743,2.7799999713897705,2.490000009536743,2.7799999713897705,True,True,,sample_0008.json
-HwX2H8Z4hY$_$9,text_mismatch,1,It,1,1,it,1,0.5099999904632568,0.6200000047683716,0.5099999904632568,0.6200000047683716,0.0,0.62,0.5099999904632568,mandatory_unique_exact_token_pair_in_all_optimal_LCS_alignments,mfa_whisper_discrepancy_over_0_5s_null_primary,B_unique_word_overlap_in_mismatched_transcript,MFA 3.4.2 forced alignment of Whisper transcript,True,,,,,False,True,mfa_whisper_edge_difference_over_0_5s,sample_0009.json
-HwX2H8Z4hY$_$9,text_mismatch,2,is,2,2,is,2,0.6200000047683716,0.7599999904632568,0.6200000047683716,0.7599999904632568,0.62,0.74,0.019999990463256845,mandatory_unique_exact_token_pair_in_all_optimal_LCS_alignments,mfa_primary_unique_word_overlap_auto_qc_pass,B_unique_word_overlap_in_mismatched_transcript,MFA 3.4.2 forced alignment of Whisper transcript,False,0.6200000047683716,0.7599999904632568,0.6200000047683716,0.7599999904632568,True,True,,sample_0009.json
-HwX2H8Z4hY$_$9,text_mismatch,3,a,3,3,a,3,0.7599999904632568,0.8500000238418579,0.7599999904632568,0.8500000238418579,0.74,0.88,0.029999976158142094,mandatory_unique_exact_token_pair_in_all_optimal_LCS_alignments,mfa_primary_unique_word_overlap_auto_qc_pass,B_unique_word_overlap_in_mismatched_transcript,MFA 3.4.2 forced alignment of Whisper transcript,False,0.7599999904632568,0.8500000238418579,0.7599999904632568,0.8500000238418579,True,True,,sample_0009.json
-HwX2H8Z4hY$_$9,text_mismatch,4,word,4,4,word,4,0.8500000238418579,1.2400000095367432,0.8500000238418579,1.2400000095367432,0.88,1.14,0.10000000953674326,mandatory_unique_exact_token_pair_in_all_optimal_LCS_alignments,mfa_primary_unique_word_overlap_auto_qc_pass,B_unique_word_overlap_in_mismatched_transcript,MFA 3.4.2 forced alignment of Whisper transcript,False,0.8500000238418579,1.2400000095367432,0.8500000238418579,1.2400000095367432,True,True,,sample_0009.json
-HwX2H8Z4hY$_$9,text_mismatch,5,which,6,6,which,6,1.409999966621399,1.649999976158142,1.409999966621399,1.649999976158142,1.38,1.58,0.06999997615814202,mandatory_unique_exact_token_pair_in_all_optimal_LCS_alignments,mfa_primary_unique_word_overlap_auto_qc_pass,B_unique_word_overlap_in_mismatched_transcript,MFA 3.4.2 forced alignment of Whisper transcript,False,1.409999966621399,1.649999976158142,1.409999966621399,1.649999976158142,True,True,,sample_0009.json
-HwX2H8Z4hY$_$9,text_mismatch,6,the,7,7,the,7,1.649999976158142,1.7599999904632568,1.649999976158142,1.7599999904632568,1.58,1.76,0.06999997615814202,mandatory_unique_exact_token_pair_in_all_optimal_LCS_alignments,mfa_primary_unique_word_overlap_auto_qc_pass,B_unique_word_overlap_in_mismatched_transcript,MFA 3.4.2 forced alignment of Whisper transcript,False,1.649999976158142,1.7599999904632568,1.649999976158142,1.7599999904632568,True,True,,sample_0009.json
-HwX2H8Z4hY$_$9,text_mismatch,7,administrator,8,8,administrator,8,1.7599999904632568,2.490000009536743,1.7599999904632568,2.490000009536743,1.76,2.3,0.19000000953674334,mandatory_unique_exact_token_pair_in_all_optimal_LCS_alignments,mfa_primary_unique_word_overlap_auto_qc_pass,B_unique_word_overlap_in_mismatched_transcript,MFA 3.4.2 forced alignment of Whisper transcript,False,1.7599999904632568,2.490000009536743,1.7599999904632568,2.490000009536743,True,True,,sample_0009.json
-HwX2H8Z4hY$_$9,text_mismatch,8,uses,9,9,uses,9,2.490000009536743,2.9700000286102295,2.490000009536743,2.9700000286102295,2.3,2.78,0.1900000286102297,mandatory_unique_exact_token_pair_in_all_optimal_LCS_alignments,mfa_primary_unique_word_overlap_auto_qc_pass,B_unique_word_overlap_in_mismatched_transcript,MFA 3.4.2 forced alignment of Whisper transcript,False,2.490000009536743,2.9700000286102295,2.490000009536743,2.9700000286102295,True,True,,sample_0009.json
-HwX2H8Z4hY$_$9,text_mismatch,9,when,10,10,when,10,2.9700000286102295,3.119999885559082,2.9700000286102295,3.119999885559082,2.78,4.42,1.300000114440918,mandatory_unique_exact_token_pair_in_all_optimal_LCS_alignments,mfa_whisper_discrepancy_over_0_5s_null_primary,B_unique_word_overlap_in_mismatched_transcript,MFA 3.4.2 forced alignment of Whisper transcript,True,,,,,False,True,mfa_whisper_edge_difference_over_0_5s,sample_0009.json
-HwX2H8Z4hY$_$9,text_mismatch,10,he,11,11,he,11,3.119999885559082,3.309999942779541,3.119999885559082,3.309999942779541,4.42,4.54,1.300000114440918,mandatory_unique_exact_token_pair_in_all_optimal_LCS_alignments,mfa_whisper_discrepancy_over_0_5s_null_primary,B_unique_word_overlap_in_mismatched_transcript,MFA 3.4.2 forced alignment of Whisper transcript,True,,,,,False,True,mfa_whisper_edge_difference_over_0_5s,sample_0009.json
-HwX2H8Z4hY$_$9,text_mismatch,11,turns,12,12,turns,12,3.309999942779541,4.320000171661377,3.309999942779541,4.320000171661377,4.54,4.72,1.230000057220459,mandatory_unique_exact_token_pair_in_all_optimal_LCS_alignments,mfa_whisper_discrepancy_over_0_5s_null_primary,B_unique_word_overlap_in_mismatched_transcript,MFA 3.4.2 forced alignment of Whisper transcript,True,,,,,False,True,mfa_whisper_edge_difference_over_0_5s,sample_0009.json
-HwX2H8Z4hY$_$9,text_mismatch,12,around,13,13,around,13,4.320000171661377,4.800000190734863,4.320000171661377,4.800000190734863,4.72,5.06,0.3999998283386228,mandatory_unique_exact_token_pair_in_all_optimal_LCS_alignments,mfa_primary_unique_word_overlap_auto_qc_pass,B_unique_word_overlap_in_mismatched_transcript,MFA 3.4.2 forced alignment of Whisper transcript,False,4.320000171661377,4.800000190734863,4.320000171661377,4.800000190734863,True,True,,sample_0009.json
-HwX2H8Z4hY$_$9,text_mismatch,13,anything,14,14,anything,14,4.869999885559082,5.5,4.869999885559082,5.5,5.06,5.38,0.19000011444091758,mandatory_unique_exact_token_pair_in_all_optimal_LCS_alignments,mfa_primary_unique_word_overlap_auto_qc_pass,B_unique_word_overlap_in_mismatched_transcript,MFA 3.4.2 forced alignment of Whisper transcript,False,4.869999885559082,5.5,4.869999885559082,5.5,True,True,,sample_0009.json
-HwX2H8Z4hY$_$9,text_mismatch,14,which,15,15,which,15,5.5,5.639999866485596,5.5,5.639999866485596,5.38,5.6,0.1200000000000001,mandatory_unique_exact_token_pair_in_all_optimal_LCS_alignments,mfa_primary_unique_word_overlap_auto_qc_pass,B_unique_word_overlap_in_mismatched_transcript,MFA 3.4.2 forced alignment of Whisper transcript,False,5.5,5.639999866485596,5.5,5.639999866485596,True,True,,sample_0009.json
-HwX2H8Z4hY$_$9,text_mismatch,15,he,16,16,he,16,5.639999866485596,5.730000019073486,5.639999866485596,5.730000019073486,5.6,5.76,0.03999986648559606,mandatory_unique_exact_token_pair_in_all_optimal_LCS_alignments,mfa_primary_unique_word_overlap_auto_qc_pass,B_unique_word_overlap_in_mismatched_transcript,MFA 3.4.2 forced alignment of Whisper transcript,False,5.639999866485596,5.730000019073486,5.639999866485596,5.730000019073486,True,True,,sample_0009.json
-HwX2H8Z4hY$_$9,text_mismatch,16,doesn't,17,17,doesn't,17,5.730000019073486,6.019999980926514,5.730000019073486,6.019999980926514,5.76,6.02,0.02999998092651346,mandatory_unique_exact_token_pair_in_all_optimal_LCS_alignments,mfa_primary_unique_word_overlap_auto_qc_pass,B_unique_word_overlap_in_mismatched_transcript,MFA 3.4.2 forced alignment of Whisper transcript,False,5.730000019073486,6.019999980926514,5.730000019073486,6.019999980926514,True,True,,sample_0009.json
-HwX2H8Z4hY$_$9,text_mismatch,17,like,18,18,like,18,6.019999980926514,6.260000228881836,6.019999980926514,6.260000228881836,6.02,6.18,0.08000022888183622,mandatory_unique_exact_token_pair_in_all_optimal_LCS_alignments,mfa_primary_unique_word_overlap_auto_qc_pass,B_unique_word_overlap_in_mismatched_transcript,MFA 3.4.2 forced alignment of Whisper transcript,False,6.019999980926514,6.260000228881836,6.019999980926514,6.260000228881836,True,True,,sample_0009.json
-HwX2H8Z4hY$_$9,text_mismatch,18,that,,,,,,,,,,,,mandatory_unique_exact_token_pair_in_all_optimal_LCS_alignments,official_word_unmatched_or_ambiguous_in_asr,,,False,,,,,False,False,,sample_0009.json
-HwX2H8Z4hY$_$9,text_mismatch,19,the,19,19,the,19,6.260000228881836,6.389999866485596,6.260000228881836,6.389999866485596,6.18,6.38,0.08000022888183622,mandatory_unique_exact_token_pair_in_all_optimal_LCS_alignments,mfa_primary_unique_word_overlap_auto_qc_pass,B_unique_word_overlap_in_mismatched_transcript,MFA 3.4.2 forced alignment of Whisper transcript,False,6.260000228881836,6.389999866485596,6.260000228881836,6.389999866485596,True,True,,sample_0009.json
-HwX2H8Z4hY$_$9,text_mismatch,20,teacher,20,20,teacher,20,6.389999866485596,6.760000228881836,6.389999866485596,6.760000228881836,6.38,6.7,0.06000022888183576,mandatory_unique_exact_token_pair_in_all_optimal_LCS_alignments,mfa_primary_unique_word_overlap_auto_qc_pass,B_unique_word_overlap_in_mismatched_transcript,MFA 3.4.2 forced alignment of Whisper transcript,False,6.389999866485596,6.760000228881836,6.389999866485596,6.760000228881836,True,True,,sample_0009.json
-HwX2H8Z4hY$_$9,text_mismatch,21,is,21,21,is,21,6.760000228881836,6.869999885559082,6.760000228881836,6.869999885559082,6.7,6.88,0.06000022888183576,mandatory_unique_exact_token_pair_in_all_optimal_LCS_alignments,mfa_primary_unique_word_overlap_auto_qc_pass,B_unique_word_overlap_in_mismatched_transcript,MFA 3.4.2 forced alignment of Whisper transcript,False,6.760000228881836,6.869999885559082,6.760000228881836,6.869999885559082,True,True,,sample_0009.json
-HwX2H8Z4hY$_$9,text_mismatch,22,doing,22,22,doing,22,6.869999885559082,7.210000038146973,6.869999885559082,7.210000038146973,6.88,7.06,0.15000003814697305,mandatory_unique_exact_token_pair_in_all_optimal_LCS_alignments,mfa_primary_unique_word_overlap_auto_qc_pass,B_unique_word_overlap_in_mismatched_transcript,MFA 3.4.2 forced alignment of Whisper transcript,False,6.869999885559082,7.210000038146973,6.869999885559082,7.210000038146973,True,True,,sample_0009.json
-NFrJFQijFE$_$1,empty_asr,1,Structural,,,,,,,,,,,,mandatory_unique_exact_token_pair_in_all_optimal_LCS_alignments,asr_empty_no_timestamp,,,False,,,,,False,False,,
-NFrJFQijFE$_$1,empty_asr,2,mounts,,,,,,,,,,,,mandatory_unique_exact_token_pair_in_all_optimal_LCS_alignments,asr_empty_no_timestamp,,,False,,,,,False,False,,
-NFrJFQijFE$_$1,empty_asr,3,inside,,,,,,,,,,,,mandatory_unique_exact_token_pair_in_all_optimal_LCS_alignments,asr_empty_no_timestamp,,,False,,,,,False,False,,
-NFrJFQijFE$_$1,empty_asr,4,have,,,,,,,,,,,,mandatory_unique_exact_token_pair_in_all_optimal_LCS_alignments,asr_empty_no_timestamp,,,False,,,,,False,False,,
-NFrJFQijFE$_$1,empty_asr,5,to,,,,,,,,,,,,mandatory_unique_exact_token_pair_in_all_optimal_LCS_alignments,asr_empty_no_timestamp,,,False,,,,,False,False,,
-NFrJFQijFE$_$1,empty_asr,6,be,,,,,,,,,,,,mandatory_unique_exact_token_pair_in_all_optimal_LCS_alignments,asr_empty_no_timestamp,,,False,,,,,False,False,,
-NFrJFQijFE$_$1,empty_asr,7,properly,,,,,,,,,,,,mandatory_unique_exact_token_pair_in_all_optimal_LCS_alignments,asr_empty_no_timestamp,,,False,,,,,False,False,,
-NFrJFQijFE$_$1,empty_asr,8,stress,,,,,,,,,,,,mandatory_unique_exact_token_pair_in_all_optimal_LCS_alignments,asr_empty_no_timestamp,,,False,,,,,False,False,,
-NFrJFQijFE$_$1,empty_asr,9,analyzed,,,,,,,,,,,,mandatory_unique_exact_token_pair_in_all_optimal_LCS_alignments,asr_empty_no_timestamp,,,False,,,,,False,False,,
-NFrJFQijFE$_$1,empty_asr,10,so,,,,,,,,,,,,mandatory_unique_exact_token_pair_in_all_optimal_LCS_alignments,asr_empty_no_timestamp,,,False,,,,,False,False,,
-NFrJFQijFE$_$1,empty_asr,11,we,,,,,,,,,,,,mandatory_unique_exact_token_pair_in_all_optimal_LCS_alignments,asr_empty_no_timestamp,,,False,,,,,False,False,,
-NFrJFQijFE$_$1,empty_asr,12,make,,,,,,,,,,,,mandatory_unique_exact_token_pair_in_all_optimal_LCS_alignments,asr_empty_no_timestamp,,,False,,,,,False,False,,
-NFrJFQijFE$_$1,empty_asr,13,sure,,,,,,,,,,,,mandatory_unique_exact_token_pair_in_all_optimal_LCS_alignments,asr_empty_no_timestamp,,,False,,,,,False,False,,
-NFrJFQijFE$_$1,empty_asr,14,all,,,,,,,,,,,,mandatory_unique_exact_token_pair_in_all_optimal_LCS_alignments,asr_empty_no_timestamp,,,False,,,,,False,False,,
-NFrJFQijFE$_$1,empty_asr,15,that,,,,,,,,,,,,mandatory_unique_exact_token_pair_in_all_optimal_LCS_alignments,asr_empty_no_timestamp,,,False,,,,,False,False,,
-NFrJFQijFE$_$1,empty_asr,16,happens,,,,,,,,,,,,mandatory_unique_exact_token_pair_in_all_optimal_LCS_alignments,asr_empty_no_timestamp,,,False,,,,,False,False,,
-NFrJFQijFE$_$2,text_mismatch,1,So,,,,,,,,,,,,mandatory_unique_exact_token_pair_in_all_optimal_LCS_alignments,official_word_unmatched_or_ambiguous_in_asr,,,False,,,,,False,False,,sample_0010.json
-NFrJFQijFE$_$2,text_mismatch,2,we,,,,,,,,,,,,mandatory_unique_exact_token_pair_in_all_optimal_LCS_alignments,official_word_unmatched_or_ambiguous_in_asr,,,False,,,,,False,False,,sample_0010.json
-NFrJFQijFE$_$2,text_mismatch,3,coordinate,,,,,,,,,,,,mandatory_unique_exact_token_pair_in_all_optimal_LCS_alignments,official_word_unmatched_or_ambiguous_in_asr,,,False,,,,,False,False,,sample_0010.json
-NFrJFQijFE$_$2,text_mismatch,4,with,,,,,,,,,,,,mandatory_unique_exact_token_pair_in_all_optimal_LCS_alignments,official_word_unmatched_or_ambiguous_in_asr,,,False,,,,,False,False,,sample_0010.json
-NFrJFQijFE$_$2,text_mismatch,5,all,,,,,,,,,,,,mandatory_unique_exact_token_pair_in_all_optimal_LCS_alignments,official_word_unmatched_or_ambiguous_in_asr,,,False,,,,,False,False,,sample_0010.json
-NFrJFQijFE$_$2,text_mismatch,6,the,,,,,,,,,,,,mandatory_unique_exact_token_pair_in_all_optimal_LCS_alignments,official_word_unmatched_or_ambiguous_in_asr,,,False,,,,,False,False,,sample_0010.json
-NFrJFQijFE$_$2,text_mismatch,7,proper,,,,,,,,,,,,mandatory_unique_exact_token_pair_in_all_optimal_LCS_alignments,official_word_unmatched_or_ambiguous_in_asr,,,False,,,,,False,False,,sample_0010.json
-NFrJFQijFE$_$2,text_mismatch,8,technical,,,,,,,,,,,,mandatory_unique_exact_token_pair_in_all_optimal_LCS_alignments,official_word_unmatched_or_ambiguous_in_asr,,,False,,,,,False,False,,sample_0010.json
-NFrJFQijFE$_$2,text_mismatch,9,fields,,,,,,,,,,,,mandatory_unique_exact_token_pair_in_all_optimal_LCS_alignments,official_word_unmatched_or_ambiguous_in_asr,,,False,,,,,False,False,,sample_0010.json
-NFrJFQijFE$_$2,text_mismatch,10,to,,,,,,,,,,,,mandatory_unique_exact_token_pair_in_all_optimal_LCS_alignments,official_word_unmatched_or_ambiguous_in_asr,,,False,,,,,False,False,,sample_0010.json
-NFrJFQijFE$_$2,text_mismatch,11,get,,,,,,,,,,,,mandatory_unique_exact_token_pair_in_all_optimal_LCS_alignments,official_word_unmatched_or_ambiguous_in_asr,,,False,,,,,False,False,,sample_0010.json
-NFrJFQijFE$_$2,text_mismatch,12,ready,,,,,,,,,,,,mandatory_unique_exact_token_pair_in_all_optimal_LCS_alignments,official_word_unmatched_or_ambiguous_in_asr,,,False,,,,,False,False,,sample_0010.json
-NFrJFQijFE$_$2,text_mismatch,13,for,,,,,,,,,,,,mandatory_unique_exact_token_pair_in_all_optimal_LCS_alignments,official_word_unmatched_or_ambiguous_in_asr,,,False,,,,,False,False,,sample_0010.json
-NFrJFQijFE$_$2,text_mismatch,14,the,,,,,,,,,,,,mandatory_unique_exact_token_pair_in_all_optimal_LCS_alignments,official_word_unmatched_or_ambiguous_in_asr,,,False,,,,,False,False,,sample_0010.json
-NFrJFQijFE$_$2,text_mismatch,15,instrument,,,,,,,,,,,,mandatory_unique_exact_token_pair_in_all_optimal_LCS_alignments,official_word_unmatched_or_ambiguous_in_asr,,,False,,,,,False,False,,sample_0010.json
-NFrJFQijFE$_$2,text_mismatch,16,to,,,,,,,,,,,,mandatory_unique_exact_token_pair_in_all_optimal_LCS_alignments,official_word_unmatched_or_ambiguous_in_asr,,,False,,,,,False,False,,sample_0010.json
-NFrJFQijFE$_$2,text_mismatch,17,arrive,,,,,,,,,,,,mandatory_unique_exact_token_pair_in_all_optimal_LCS_alignments,official_word_unmatched_or_ambiguous_in_asr,,,False,,,,,False,False,,sample_0010.json
-NFrJFQijFE$_$2,text_mismatch,18,here,,,,,,,,,,,,mandatory_unique_exact_token_pair_in_all_optimal_LCS_alignments,official_word_unmatched_or_ambiguous_in_asr,,,False,,,,,False,False,,sample_0010.json
-THoVjtIkeU$_$12,text_mismatch,1,What,,,,,,,,,,,,mandatory_unique_exact_token_pair_in_all_optimal_LCS_alignments,official_word_unmatched_or_ambiguous_in_asr,,,False,,,,,False,False,,sample_0011.json
-THoVjtIkeU$_$12,text_mismatch,2,ever,,,,,,,,,,,,mandatory_unique_exact_token_pair_in_all_optimal_LCS_alignments,official_word_unmatched_or_ambiguous_in_asr,,,False,,,,,False,False,,sample_0011.json
-THoVjtIkeU$_$12,text_mismatch,3,we,2,2,we,2,1.590000033378601,1.7400000095367432,1.590000033378601,1.7400000095367432,1.76,2.08,0.3399999904632569,mandatory_unique_exact_token_pair_in_all_optimal_LCS_alignments,mfa_primary_unique_word_overlap_auto_qc_pass,B_unique_word_overlap_in_mismatched_transcript,MFA 3.4.2 forced alignment of Whisper transcript,False,1.590000033378601,1.7400000095367432,1.590000033378601,1.7400000095367432,True,True,,sample_0011.json
-THoVjtIkeU$_$12,text_mismatch,4,turn,3,3,turn,3,1.7400000095367432,1.909999966621399,1.7400000095367432,1.909999966621399,2.08,2.28,0.3700000333786009,mandatory_unique_exact_token_pair_in_all_optimal_LCS_alignments,mfa_primary_unique_word_overlap_auto_qc_pass,B_unique_word_overlap_in_mismatched_transcript,MFA 3.4.2 forced alignment of Whisper transcript,False,1.7400000095367432,1.909999966621399,1.7400000095367432,1.909999966621399,True,True,,sample_0011.json
-THoVjtIkeU$_$12,text_mismatch,5,our,4,4,our,4,1.909999966621399,2.0399999618530273,1.909999966621399,2.0399999618530273,2.28,2.44,0.4000000381469726,mandatory_unique_exact_token_pair_in_all_optimal_LCS_alignments,mfa_primary_unique_word_overlap_auto_qc_pass,B_unique_word_overlap_in_mismatched_transcript,MFA 3.4.2 forced alignment of Whisper transcript,False,1.909999966621399,2.0399999618530273,1.909999966621399,2.0399999618530273,True,True,,sample_0011.json
-THoVjtIkeU$_$12,text_mismatch,6,attention,5,5,attention,5,2.0399999618530273,2.690000057220459,2.0399999618530273,2.690000057220459,2.44,2.7,0.4000000381469726,mandatory_unique_exact_token_pair_in_all_optimal_LCS_alignments,mfa_primary_unique_word_overlap_auto_qc_pass,B_unique_word_overlap_in_mismatched_transcript,MFA 3.4.2 forced alignment of Whisper transcript,False,2.0399999618530273,2.690000057220459,2.0399999618530273,2.690000057220459,True,True,,sample_0011.json
-THoVjtIkeU$_$12,text_mismatch,7,to,6,6,to,6,2.690000057220459,2.890000104904175,2.690000057220459,2.890000104904175,2.7,3.1,0.20999989509582528,mandatory_unique_exact_token_pair_in_all_optimal_LCS_alignments,mfa_primary_unique_word_overlap_auto_qc_pass,B_unique_word_overlap_in_mismatched_transcript,MFA 3.4.2 forced alignment of Whisper transcript,False,2.690000057220459,2.890000104904175,2.690000057220459,2.890000104904175,True,True,,sample_0011.json
-THoVjtIkeU$_$12,text_mismatch,8,is,7,7,is,7,2.990000009536743,3.3299999237060547,2.990000009536743,3.3299999237060547,3.1,3.3,0.10999999046325692,mandatory_unique_exact_token_pair_in_all_optimal_LCS_alignments,mfa_primary_unique_word_overlap_auto_qc_pass,B_unique_word_overlap_in_mismatched_transcript,MFA 3.4.2 forced alignment of Whisper transcript,False,2.990000009536743,3.3299999237060547,2.990000009536743,3.3299999237060547,True,True,,sample_0011.json
-THoVjtIkeU$_$12,text_mismatch,9,what,8,8,what,8,3.3299999237060547,3.509999990463257,3.3299999237060547,3.509999990463257,3.3,3.46,0.04999999046325687,mandatory_unique_exact_token_pair_in_all_optimal_LCS_alignments,mfa_primary_unique_word_overlap_auto_qc_pass,B_unique_word_overlap_in_mismatched_transcript,MFA 3.4.2 forced alignment of Whisper transcript,False,3.3299999237060547,3.509999990463257,3.3299999237060547,3.509999990463257,True,True,,sample_0011.json
-THoVjtIkeU$_$12,text_mismatch,10,grows,9,9,grows,9,3.509999990463257,3.9700000286102295,3.509999990463257,3.9700000286102295,3.46,3.74,0.23000002861022928,mandatory_unique_exact_token_pair_in_all_optimal_LCS_alignments,mfa_primary_unique_word_overlap_auto_qc_pass,B_unique_word_overlap_in_mismatched_transcript,MFA 3.4.2 forced alignment of Whisper transcript,False,3.509999990463257,3.9700000286102295,3.509999990463257,3.9700000286102295,True,True,,sample_0011.json
-THoVjtIkeU$_$12,text_mismatch,11,and,10,10,and,10,4.349999904632568,4.489999771118164,4.349999904632568,4.489999771118164,4.44,4.44,0.09000009536743203,mandatory_unique_exact_token_pair_in_all_optimal_LCS_alignments,mfa_primary_unique_word_overlap_auto_qc_pass,B_unique_word_overlap_in_mismatched_transcript,MFA 3.4.2 forced alignment of Whisper transcript,False,4.349999904632568,4.489999771118164,4.349999904632568,4.489999771118164,True,True,,sample_0011.json
-THoVjtIkeU$_$12,text_mismatch,12,so,11,11,so,11,4.489999771118164,4.679999828338623,4.489999771118164,4.679999828338623,4.44,4.66,0.04999977111816367,mandatory_unique_exact_token_pair_in_all_optimal_LCS_alignments,mfa_primary_unique_word_overlap_auto_qc_pass,B_unique_word_overlap_in_mismatched_transcript,MFA 3.4.2 forced alignment of Whisper transcript,False,4.489999771118164,4.679999828338623,4.489999771118164,4.679999828338623,True,True,,sample_0011.json
-THoVjtIkeU$_$12,text_mismatch,13,if,12,12,if,12,4.679999828338623,4.849999904632568,4.679999828338623,4.849999904632568,4.66,4.8,0.04999990463256854,mandatory_unique_exact_token_pair_in_all_optimal_LCS_alignments,mfa_primary_unique_word_overlap_auto_qc_pass,B_unique_word_overlap_in_mismatched_transcript,MFA 3.4.2 forced alignment of Whisper transcript,False,4.679999828338623,4.849999904632568,4.679999828338623,4.849999904632568,True,True,,sample_0011.json
-THoVjtIkeU$_$12,text_mismatch,14,we,13,13,we,13,4.849999904632568,4.980000019073486,4.849999904632568,4.980000019073486,4.8,5.0,0.04999990463256854,mandatory_unique_exact_token_pair_in_all_optimal_LCS_alignments,mfa_primary_unique_word_overlap_auto_qc_pass,B_unique_word_overlap_in_mismatched_transcript,MFA 3.4.2 forced alignment of Whisper transcript,False,4.849999904632568,4.980000019073486,4.849999904632568,4.980000019073486,True,True,,sample_0011.json
-THoVjtIkeU$_$12,text_mismatch,15,believe,14,14,believe,14,4.980000019073486,5.630000114440918,4.980000019073486,5.630000114440918,5.0,5.4,0.2300001144409176,mandatory_unique_exact_token_pair_in_all_optimal_LCS_alignments,mfa_primary_unique_word_overlap_auto_qc_pass,B_unique_word_overlap_in_mismatched_transcript,MFA 3.4.2 forced alignment of Whisper transcript,False,4.980000019073486,5.630000114440918,4.980000019073486,5.630000114440918,True,True,,sample_0011.json
-THoVjtIkeU$_$12,text_mismatch,16,that,15,15,that,15,5.630000114440918,5.760000228881836,5.630000114440918,5.760000228881836,5.4,5.76,0.2300001144409176,mandatory_unique_exact_token_pair_in_all_optimal_LCS_alignments,mfa_primary_unique_word_overlap_auto_qc_pass,B_unique_word_overlap_in_mismatched_transcript,MFA 3.4.2 forced alignment of Whisper transcript,False,5.630000114440918,5.760000228881836,5.630000114440918,5.760000228881836,True,True,,sample_0011.json
-THoVjtIkeU$_$12,text_mismatch,17,anything,16,16,anything,16,5.800000190734863,6.130000114440918,5.800000190734863,6.130000114440918,5.76,5.98,0.15000011444091754,mandatory_unique_exact_token_pair_in_all_optimal_LCS_alignments,mfa_primary_unique_word_overlap_auto_qc_pass,B_unique_word_overlap_in_mismatched_transcript,MFA 3.4.2 forced alignment of Whisper transcript,False,5.800000190734863,6.130000114440918,5.800000190734863,6.130000114440918,True,True,,sample_0011.json
-THoVjtIkeU$_$12,text_mismatch,18,is,17,17,is,17,6.130000114440918,6.239999771118164,6.130000114440918,6.239999771118164,5.98,6.24,0.15000011444091754,mandatory_unique_exact_token_pair_in_all_optimal_LCS_alignments,mfa_primary_unique_word_overlap_auto_qc_pass,B_unique_word_overlap_in_mismatched_transcript,MFA 3.4.2 forced alignment of Whisper transcript,False,6.130000114440918,6.239999771118164,6.130000114440918,6.239999771118164,True,True,,sample_0011.json
-THoVjtIkeU$_$12,text_mismatch,19,possible,18,18,possible,18,6.239999771118164,6.730000019073486,6.239999771118164,6.730000019073486,6.24,6.64,0.09000001907348665,mandatory_unique_exact_token_pair_in_all_optimal_LCS_alignments,mfa_primary_unique_word_overlap_auto_qc_pass,B_unique_word_overlap_in_mismatched_transcript,MFA 3.4.2 forced alignment of Whisper transcript,False,6.239999771118164,6.730000019073486,6.239999771118164,6.730000019073486,True,True,,sample_0011.json
-THoVjtIkeU$_$12,text_mismatch,20,if,19,19,if,19,6.730000019073486,6.860000133514404,6.730000019073486,6.860000133514404,6.8,6.84,0.0699999809265135,mandatory_unique_exact_token_pair_in_all_optimal_LCS_alignments,mfa_primary_unique_word_overlap_auto_qc_pass,B_unique_word_overlap_in_mismatched_transcript,MFA 3.4.2 forced alignment of Whisper transcript,False,6.730000019073486,6.860000133514404,6.730000019073486,6.860000133514404,True,True,,sample_0011.json
-THoVjtIkeU$_$12,text_mismatch,21,we,20,20,we,20,6.860000133514404,7.199999809265137,6.860000133514404,7.199999809265137,6.84,7.14,0.05999980926513704,mandatory_unique_exact_token_pair_in_all_optimal_LCS_alignments,mfa_primary_unique_word_overlap_auto_qc_pass,B_unique_word_overlap_in_mismatched_transcript,MFA 3.4.2 forced alignment of Whisper transcript,False,6.860000133514404,7.199999809265137,6.860000133514404,7.199999809265137,True,True,,sample_0011.json
-THoVjtIkeU$_$12,text_mismatch,22,believe,21,21,believe,21,7.539999961853027,8.210000038146973,7.539999961853027,8.210000038146973,7.14,7.94,0.39999996185302766,mandatory_unique_exact_token_pair_in_all_optimal_LCS_alignments,mfa_primary_unique_word_overlap_auto_qc_pass,B_unique_word_overlap_in_mismatched_transcript,MFA 3.4.2 forced alignment of Whisper transcript,False,7.539999961853027,8.210000038146973,7.539999961853027,8.210000038146973,True,True,,sample_0011.json
-THoVjtIkeU$_$12,text_mismatch,23,that,22,22,that,22,8.489999771118164,9.220000267028809,8.489999771118164,9.220000267028809,7.94,8.84,0.5499997711181637,mandatory_unique_exact_token_pair_in_all_optimal_LCS_alignments,mfa_whisper_discrepancy_over_0_5s_null_primary,B_unique_word_overlap_in_mismatched_transcript,MFA 3.4.2 forced alignment of Whisper transcript,True,,,,,False,True,mfa_whisper_edge_difference_over_0_5s,sample_0011.json
-THoVjtIkeU$_$12,text_mismatch,24,social,23,23,social,23,9.369999885559082,9.720000267028809,9.369999885559082,9.720000267028809,8.84,9.64,0.5299998855590822,mandatory_unique_exact_token_pair_in_all_optimal_LCS_alignments,mfa_whisper_discrepancy_over_0_5s_null_primary,B_unique_word_overlap_in_mismatched_transcript,MFA 3.4.2 forced alignment of Whisper transcript,True,,,,,False,True,mfa_whisper_edge_difference_over_0_5s,sample_0011.json
-THoVjtIkeU$_$12,text_mismatch,25,justice,24,24,justice,24,9.720000267028809,10.140000343322754,9.720000267028809,10.140000343322754,9.64,10.04,0.10000034332275476,mandatory_unique_exact_token_pair_in_all_optimal_LCS_alignments,mfa_primary_unique_word_overlap_auto_qc_pass,B_unique_word_overlap_in_mismatched_transcript,MFA 3.4.2 forced alignment of Whisper transcript,False,9.720000267028809,10.140000343322754,9.720000267028809,10.140000343322754,True,True,,sample_0011.json
-THoVjtIkeU$_$12,text_mismatch,26,can,25,25,can,25,10.140000343322754,10.390000343322754,10.140000343322754,10.390000343322754,10.04,10.32,0.10000034332275476,mandatory_unique_exact_token_pair_in_all_optimal_LCS_alignments,mfa_primary_unique_word_overlap_auto_qc_pass,B_unique_word_overlap_in_mismatched_transcript,MFA 3.4.2 forced alignment of Whisper transcript,False,10.140000343322754,10.390000343322754,10.140000343322754,10.390000343322754,True,True,,sample_0011.json
-THoVjtIkeU$_$12,text_mismatch,27,be,26,26,be,26,10.390000343322754,10.510000228881836,10.390000343322754,10.510000228881836,10.32,10.5,0.07000034332275362,mandatory_unique_exact_token_pair_in_all_optimal_LCS_alignments,mfa_primary_unique_word_overlap_auto_qc_pass,B_unique_word_overlap_in_mismatched_transcript,MFA 3.4.2 forced alignment of Whisper transcript,False,10.390000343322754,10.510000228881836,10.390000343322754,10.510000228881836,True,True,,sample_0011.json
-THoVjtIkeU$_$12,text_mismatch,28,achieved,27,27,achieved,27,10.510000228881836,10.979999542236328,10.510000228881836,10.979999542236328,10.5,10.82,0.15999954223632784,mandatory_unique_exact_token_pair_in_all_optimal_LCS_alignments,mfa_primary_unique_word_overlap_auto_qc_pass,B_unique_word_overlap_in_mismatched_transcript,MFA 3.4.2 forced alignment of Whisper transcript,False,10.510000228881836,10.979999542236328,10.510000228881836,10.979999542236328,True,True,,sample_0011.json
-THoVjtIkeU$_$12,text_mismatch,29,and,28,28,and,28,10.979999542236328,11.069999694824219,10.979999542236328,11.069999694824219,10.96,11.06,0.019999542236327272,mandatory_unique_exact_token_pair_in_all_optimal_LCS_alignments,mfa_primary_unique_word_overlap_auto_qc_pass,B_unique_word_overlap_in_mismatched_transcript,MFA 3.4.2 forced alignment of Whisper transcript,False,10.979999542236328,11.069999694824219,10.979999542236328,11.069999694824219,True,True,,sample_0011.json
-THoVjtIkeU$_$12,text_mismatch,30,if,29,29,if,29,11.069999694824219,11.170000076293945,11.069999694824219,11.170000076293945,11.06,11.16,0.01000007629394517,mandatory_unique_exact_token_pair_in_all_optimal_LCS_alignments,mfa_primary_unique_word_overlap_auto_qc_pass,B_unique_word_overlap_in_mismatched_transcript,MFA 3.4.2 forced alignment of Whisper transcript,False,11.069999694824219,11.170000076293945,11.069999694824219,11.170000076293945,True,True,,sample_0011.json
-THoVjtIkeU$_$12,text_mismatch,31,we,30,30,we,30,11.170000076293945,11.25,11.170000076293945,11.25,11.16,11.3,0.05000000000000071,mandatory_unique_exact_token_pair_in_all_optimal_LCS_alignments,mfa_primary_unique_word_overlap_auto_qc_pass,B_unique_word_overlap_in_mismatched_transcript,MFA 3.4.2 forced alignment of Whisper transcript,False,11.170000076293945,11.25,11.170000076293945,11.25,True,True,,sample_0011.json
-THoVjtIkeU$_$12,text_mismatch,32,believe,31,31,believe,31,11.25,11.829999923706055,11.25,11.829999923706055,11.3,11.72,0.10999992370605405,mandatory_unique_exact_token_pair_in_all_optimal_LCS_alignments,mfa_primary_unique_word_overlap_auto_qc_pass,B_unique_word_overlap_in_mismatched_transcript,MFA 3.4.2 forced alignment of Whisper transcript,False,11.25,11.829999923706055,11.25,11.829999923706055,True,True,,sample_0011.json
-THoVjtIkeU$_$12,text_mismatch,33,in,32,32,in,32,11.829999923706055,12.039999961853027,11.829999923706055,12.039999961853027,11.72,12.02,0.10999992370605405,mandatory_unique_exact_token_pair_in_all_optimal_LCS_alignments,mfa_primary_unique_word_overlap_auto_qc_pass,B_unique_word_overlap_in_mismatched_transcript,MFA 3.4.2 forced alignment of Whisper transcript,False,11.829999923706055,12.039999961853027,11.829999923706055,12.039999961853027,True,True,,sample_0011.json
-THoVjtIkeU$_$12,text_mismatch,34,youth,33,33,youth,33,12.039999961853027,12.470000267028809,12.039999961853027,12.470000267028809,12.02,12.38,0.09000026702880781,mandatory_unique_exact_token_pair_in_all_optimal_LCS_alignments,mfa_primary_unique_word_overlap_auto_qc_pass,B_unique_word_overlap_in_mismatched_transcript,MFA 3.4.2 forced alignment of Whisper transcript,False,12.039999961853027,12.470000267028809,12.039999961853027,12.470000267028809,True,True,,sample_0011.json
-THoVjtIkeU$_$12,text_mismatch,35,they,34,34,they,34,13.09000015258789,13.220000267028809,13.09000015258789,13.220000267028809,12.9,13.2,0.19000015258789027,mandatory_unique_exact_token_pair_in_all_optimal_LCS_alignments,mfa_primary_unique_word_overlap_auto_qc_pass,B_unique_word_overlap_in_mismatched_transcript,MFA 3.4.2 forced alignment of Whisper transcript,False,13.09000015258789,13.220000267028809,13.09000015258789,13.220000267028809,True,True,,sample_0011.json
-THoVjtIkeU$_$12,text_mismatch,36,will,35,35,will,35,13.220000267028809,13.3100004196167,13.220000267028809,13.3100004196167,13.2,13.32,0.020000267028809304,mandatory_unique_exact_token_pair_in_all_optimal_LCS_alignments,mfa_primary_unique_word_overlap_auto_qc_pass,B_unique_word_overlap_in_mismatched_transcript,MFA 3.4.2 forced alignment of Whisper transcript,False,13.220000267028809,13.3100004196167,13.220000267028809,13.3100004196167,True,True,,sample_0011.json
-THoVjtIkeU$_$12,text_mismatch,37,believe,36,36,believe,36,13.3100004196167,13.579999923706055,13.3100004196167,13.579999923706055,13.32,13.52,0.059999923706055114,mandatory_unique_exact_token_pair_in_all_optimal_LCS_alignments,mfa_primary_unique_word_overlap_auto_qc_pass,B_unique_word_overlap_in_mismatched_transcript,MFA 3.4.2 forced alignment of Whisper transcript,False,13.3100004196167,13.579999923706055,13.3100004196167,13.579999923706055,True,True,,sample_0011.json
-THoVjtIkeU$_$12,text_mismatch,38,in,37,37,in,37,13.579999923706055,13.65999984741211,13.579999923706055,13.65999984741211,13.52,13.68,0.059999923706055114,mandatory_unique_exact_token_pair_in_all_optimal_LCS_alignments,mfa_primary_unique_word_overlap_auto_qc_pass,B_unique_word_overlap_in_mismatched_transcript,MFA 3.4.2 forced alignment of Whisper transcript,False,13.579999923706055,13.65999984741211,13.579999923706055,13.65999984741211,True,True,,sample_0011.json
-THoVjtIkeU$_$12,text_mismatch,39,themselves,38,38,themselves,38,13.65999984741211,14.289999961853027,13.65999984741211,14.289999961853027,13.68,13.96,0.3299999618530265,mandatory_unique_exact_token_pair_in_all_optimal_LCS_alignments,mfa_primary_unique_word_overlap_auto_qc_pass,B_unique_word_overlap_in_mismatched_transcript,MFA 3.4.2 forced alignment of Whisper transcript,False,13.65999984741211,14.289999961853027,13.65999984741211,14.289999961853027,True,True,,sample_0011.json
-THoVjtIkeU$_$2,exact_text,1,I,1,1,i,1,0.029999999329447746,0.09000000357627869,0.029999999329447746,0.09000000357627869,0.0,0.1,0.029999999329447746,mandatory_unique_exact_token_pair_in_all_optimal_LCS_alignments,mfa_primary_exact_transcript_auto_qc_pass,A_exact_transcript,MFA 3.4.2 forced alignment of Whisper transcript,False,0.029999999329447746,0.09000000357627869,0.029999999329447746,0.09000000357627869,True,True,,sample_0012.json
-THoVjtIkeU$_$2,exact_text,2,think,2,2,think,2,0.09000000357627869,0.46000000834465027,0.09000000357627869,0.46000000834465027,0.1,0.4,0.060000008344650246,mandatory_unique_exact_token_pair_in_all_optimal_LCS_alignments,mfa_primary_exact_transcript_auto_qc_pass,A_exact_transcript,MFA 3.4.2 forced alignment of Whisper transcript,False,0.09000000357627869,0.46000000834465027,0.09000000357627869,0.46000000834465027,True,True,,sample_0012.json
-THoVjtIkeU$_$2,exact_text,3,social,3,3,social,3,0.46000000834465027,0.9100000262260437,0.46000000834465027,0.9100000262260437,0.4,1.36,0.4499999737739564,mandatory_unique_exact_token_pair_in_all_optimal_LCS_alignments,mfa_primary_exact_transcript_auto_qc_pass,A_exact_transcript,MFA 3.4.2 forced alignment of Whisper transcript,False,0.46000000834465027,0.9100000262260437,0.46000000834465027,0.9100000262260437,True,True,,sample_0012.json
-THoVjtIkeU$_$2,exact_text,4,justice,4,4,justice,4,1.1299999952316284,1.690000057220459,1.1299999952316284,1.690000057220459,1.36,1.66,0.23000000476837168,mandatory_unique_exact_token_pair_in_all_optimal_LCS_alignments,mfa_primary_exact_transcript_auto_qc_pass,A_exact_transcript,MFA 3.4.2 forced alignment of Whisper transcript,False,1.1299999952316284,1.690000057220459,1.1299999952316284,1.690000057220459,True,True,,sample_0012.json
-THoVjtIkeU$_$2,exact_text,5,is,5,5,is,5,1.690000057220459,1.9199999570846558,1.690000057220459,1.9199999570846558,1.66,1.92,0.030000057220459064,mandatory_unique_exact_token_pair_in_all_optimal_LCS_alignments,mfa_primary_exact_transcript_auto_qc_pass,A_exact_transcript,MFA 3.4.2 forced alignment of Whisper transcript,False,1.690000057220459,1.9199999570846558,1.690000057220459,1.9199999570846558,True,True,,sample_0012.json
-THoVjtIkeU$_$2,exact_text,6,extremely,6,6,extremely,6,1.9199999570846558,2.359999895095825,1.9199999570846558,2.359999895095825,1.92,2.24,0.11999989509582498,mandatory_unique_exact_token_pair_in_all_optimal_LCS_alignments,mfa_primary_exact_transcript_auto_qc_pass,A_exact_transcript,MFA 3.4.2 forced alignment of Whisper transcript,False,1.9199999570846558,2.359999895095825,1.9199999570846558,2.359999895095825,True,True,,sample_0012.json
-THoVjtIkeU$_$2,exact_text,7,important,7,7,important,7,2.359999895095825,2.819999933242798,2.359999895095825,2.819999933242798,2.24,2.7,0.11999993324279767,mandatory_unique_exact_token_pair_in_all_optimal_LCS_alignments,mfa_primary_exact_transcript_auto_qc_pass,A_exact_transcript,MFA 3.4.2 forced alignment of Whisper transcript,False,2.359999895095825,2.819999933242798,2.359999895095825,2.819999933242798,True,True,,sample_0012.json
-THoVjtIkeU$_$2,exact_text,8,for,8,8,for,8,2.819999933242798,3.0199999809265137,2.819999933242798,3.0199999809265137,2.7,2.98,0.11999993324279767,mandatory_unique_exact_token_pair_in_all_optimal_LCS_alignments,mfa_primary_exact_transcript_auto_qc_pass,A_exact_transcript,MFA 3.4.2 forced alignment of Whisper transcript,False,2.819999933242798,3.0199999809265137,2.819999933242798,3.0199999809265137,True,True,,sample_0012.json
-THoVjtIkeU$_$2,exact_text,9,young,9,9,young,9,3.0199999809265137,3.259999990463257,3.0199999809265137,3.259999990463257,2.98,3.2,0.05999999046325666,mandatory_unique_exact_token_pair_in_all_optimal_LCS_alignments,mfa_primary_exact_transcript_auto_qc_pass,A_exact_transcript,MFA 3.4.2 forced alignment of Whisper transcript,False,3.0199999809265137,3.259999990463257,3.0199999809265137,3.259999990463257,True,True,,sample_0012.json
-THoVjtIkeU$_$2,exact_text,10,people,10,10,people,10,3.259999990463257,3.7200000286102295,3.259999990463257,3.7200000286102295,3.2,3.58,0.14000002861022942,mandatory_unique_exact_token_pair_in_all_optimal_LCS_alignments,mfa_primary_exact_transcript_auto_qc_pass,A_exact_transcript,MFA 3.4.2 forced alignment of Whisper transcript,False,3.259999990463257,3.7200000286102295,3.259999990463257,3.7200000286102295,True,True,,sample_0012.json
-THoVjtIkeU$_$6,text_mismatch,1,You,,,,,,,,,,,,mandatory_unique_exact_token_pair_in_all_optimal_LCS_alignments,official_word_unmatched_or_ambiguous_in_asr,,,False,,,,,False,False,,sample_0013.json
-THoVjtIkeU$_$6,text_mismatch,2,know,,,,,,,,,,,,mandatory_unique_exact_token_pair_in_all_optimal_LCS_alignments,official_word_unmatched_or_ambiguous_in_asr,,,False,,,,,False,False,,sample_0013.json
-THoVjtIkeU$_$6,text_mismatch,3,that,,,,,,,,,,,,mandatory_unique_exact_token_pair_in_all_optimal_LCS_alignments,official_word_unmatched_or_ambiguous_in_asr,,,False,,,,,False,False,,sample_0013.json
-THoVjtIkeU$_$6,text_mismatch,4,I,1,1,i,1,0.28999999165534973,0.3199999928474426,0.28999999165534973,0.3199999928474426,0.0,0.64,0.3200000071525574,mandatory_unique_exact_token_pair_in_all_optimal_LCS_alignments,mfa_primary_unique_word_overlap_auto_qc_pass,B_unique_word_overlap_in_mismatched_transcript,MFA 3.4.2 forced alignment of Whisper transcript,False,0.28999999165534973,0.3199999928474426,0.28999999165534973,0.3199999928474426,True,True,,sample_0013.json
-THoVjtIkeU$_$6,text_mismatch,5,think,2,2,think,2,0.49000000953674316,0.8999999761581421,0.49000000953674316,0.8999999761581421,0.64,1.08,0.18000002384185798,mandatory_unique_exact_token_pair_in_all_optimal_LCS_alignments,mfa_primary_unique_word_overlap_auto_qc_pass,B_unique_word_overlap_in_mismatched_transcript,MFA 3.4.2 forced alignment of Whisper transcript,False,0.49000000953674316,0.8999999761581421,0.49000000953674316,0.8999999761581421,True,True,,sample_0013.json
-THoVjtIkeU$_$6,text_mismatch,6,listening,4,4,listening,4,1.3799999952316284,1.899999976158142,1.3799999952316284,1.899999976158142,1.36,1.76,0.13999997615814208,mandatory_unique_exact_token_pair_in_all_optimal_LCS_alignments,mfa_primary_unique_word_overlap_auto_qc_pass,B_unique_word_overlap_in_mismatched_transcript,MFA 3.4.2 forced alignment of Whisper transcript,False,1.3799999952316284,1.899999976158142,1.3799999952316284,1.899999976158142,True,True,,sample_0013.json
-THoVjtIkeU$_$6,text_mismatch,7,to,5,5,to,5,1.899999976158142,2.0199999809265137,1.899999976158142,2.0199999809265137,1.76,2.02,0.13999997615814208,mandatory_unique_exact_token_pair_in_all_optimal_LCS_alignments,mfa_primary_unique_word_overlap_auto_qc_pass,B_unique_word_overlap_in_mismatched_transcript,MFA 3.4.2 forced alignment of Whisper transcript,False,1.899999976158142,2.0199999809265137,1.899999976158142,2.0199999809265137,True,True,,sample_0013.json
-THoVjtIkeU$_$6,text_mismatch,8,young,6,6,young,6,2.0199999809265137,2.25,2.0199999809265137,2.25,2.02,2.18,0.06999999999999984,mandatory_unique_exact_token_pair_in_all_optimal_LCS_alignments,mfa_primary_unique_word_overlap_auto_qc_pass,B_unique_word_overlap_in_mismatched_transcript,MFA 3.4.2 forced alignment of Whisper transcript,False,2.0199999809265137,2.25,2.0199999809265137,2.25,True,True,,sample_0013.json
-THoVjtIkeU$_$6,text_mismatch,9,people,7,7,people,7,2.25,2.609999895095825,2.25,2.609999895095825,2.18,2.56,0.06999999999999984,mandatory_unique_exact_token_pair_in_all_optimal_LCS_alignments,mfa_primary_unique_word_overlap_auto_qc_pass,B_unique_word_overlap_in_mismatched_transcript,MFA 3.4.2 forced alignment of Whisper transcript,False,2.25,2.609999895095825,2.25,2.609999895095825,True,True,,sample_0013.json
-THoVjtIkeU$_$6,text_mismatch,10,taking,8,8,taking,8,2.609999895095825,3.0399999618530273,2.609999895095825,3.0399999618530273,2.66,2.88,0.15999996185302745,mandatory_unique_exact_token_pair_in_all_optimal_LCS_alignments,mfa_primary_unique_word_overlap_auto_qc_pass,B_unique_word_overlap_in_mismatched_transcript,MFA 3.4.2 forced alignment of Whisper transcript,False,2.609999895095825,3.0399999618530273,2.609999895095825,3.0399999618530273,True,True,,sample_0013.json
-THoVjtIkeU$_$6,text_mismatch,11,in,9,9,in,9,3.0399999618530273,3.2100000381469727,3.0399999618530273,3.2100000381469727,2.88,3.16,0.15999996185302745,mandatory_unique_exact_token_pair_in_all_optimal_LCS_alignments,mfa_primary_unique_word_overlap_auto_qc_pass,B_unique_word_overlap_in_mismatched_transcript,MFA 3.4.2 forced alignment of Whisper transcript,False,3.0399999618530273,3.2100000381469727,3.0399999618530273,3.2100000381469727,True,True,,sample_0013.json
-THoVjtIkeU$_$6,text_mismatch,12,what,10,10,what,10,3.2100000381469727,3.390000104904175,3.2100000381469727,3.390000104904175,3.16,3.34,0.05000010490417495,mandatory_unique_exact_token_pair_in_all_optimal_LCS_alignments,mfa_primary_unique_word_overlap_auto_qc_pass,B_unique_word_overlap_in_mismatched_transcript,MFA 3.4.2 forced alignment of Whisper transcript,False,3.2100000381469727,3.390000104904175,3.2100000381469727,3.390000104904175,True,True,,sample_0013.json
-THoVjtIkeU$_$6,text_mismatch,13,they,11,11,they,11,3.390000104904175,3.5199999809265137,3.390000104904175,3.5199999809265137,3.34,3.52,0.05000010490417495,mandatory_unique_exact_token_pair_in_all_optimal_LCS_alignments,mfa_primary_unique_word_overlap_auto_qc_pass,B_unique_word_overlap_in_mismatched_transcript,MFA 3.4.2 forced alignment of Whisper transcript,False,3.390000104904175,3.5199999809265137,3.390000104904175,3.5199999809265137,True,True,,sample_0013.json
-THoVjtIkeU$_$6,text_mismatch,14,have,12,12,have,12,3.5199999809265137,3.740000009536743,3.5199999809265137,3.740000009536743,3.52,3.72,0.02000000953674297,mandatory_unique_exact_token_pair_in_all_optimal_LCS_alignments,mfa_primary_unique_word_overlap_auto_qc_pass,B_unique_word_overlap_in_mismatched_transcript,MFA 3.4.2 forced alignment of Whisper transcript,False,3.5199999809265137,3.740000009536743,3.5199999809265137,3.740000009536743,True,True,,sample_0013.json
-THoVjtIkeU$_$6,text_mismatch,15,to,13,13,to,13,3.740000009536743,3.859999895095825,3.740000009536743,3.859999895095825,3.72,3.88,0.020000104904174698,mandatory_unique_exact_token_pair_in_all_optimal_LCS_alignments,mfa_primary_unique_word_overlap_auto_qc_pass,B_unique_word_overlap_in_mismatched_transcript,MFA 3.4.2 forced alignment of Whisper transcript,False,3.740000009536743,3.859999895095825,3.740000009536743,3.859999895095825,True,True,,sample_0013.json
-THoVjtIkeU$_$6,text_mismatch,16,say,14,14,say,14,3.859999895095825,4.159999847412109,3.859999895095825,4.159999847412109,3.88,4.12,0.03999984741210927,mandatory_unique_exact_token_pair_in_all_optimal_LCS_alignments,mfa_primary_unique_word_overlap_auto_qc_pass,B_unique_word_overlap_in_mismatched_transcript,MFA 3.4.2 forced alignment of Whisper transcript,False,3.859999895095825,4.159999847412109,3.859999895095825,4.159999847412109,True,True,,sample_0013.json
-THoVjtIkeU$_$6,text_mismatch,17,because,15,15,because,15,4.159999847412109,4.489999771118164,4.159999847412109,4.489999771118164,4.34,4.44,0.18000015258789048,mandatory_unique_exact_token_pair_in_all_optimal_LCS_alignments,mfa_primary_unique_word_overlap_auto_qc_pass,B_unique_word_overlap_in_mismatched_transcript,MFA 3.4.2 forced alignment of Whisper transcript,False,4.159999847412109,4.489999771118164,4.159999847412109,4.489999771118164,True,True,,sample_0013.json
-THoVjtIkeU$_$6,text_mismatch,18,what,16,16,what,16,4.829999923706055,5.0,4.829999923706055,5.0,4.44,4.96,0.3899999237060543,mandatory_unique_exact_token_pair_in_all_optimal_LCS_alignments,mfa_primary_unique_word_overlap_auto_qc_pass,B_unique_word_overlap_in_mismatched_transcript,MFA 3.4.2 forced alignment of Whisper transcript,False,4.829999923706055,5.0,4.829999923706055,5.0,True,True,,sample_0013.json
-THoVjtIkeU$_$6,text_mismatch,19,we,,,,,,,,,,,,mandatory_unique_exact_token_pair_in_all_optimal_LCS_alignments,official_word_unmatched_or_ambiguous_in_asr,,,False,,,,,False,False,,sample_0013.json
-THoVjtIkeU$_$6,text_mismatch,20,have,,,,,,,,,,,,mandatory_unique_exact_token_pair_in_all_optimal_LCS_alignments,official_word_unmatched_or_ambiguous_in_asr,,,False,,,,,False,False,,sample_0013.json
-THoVjtIkeU$_$6,text_mismatch,21,seen,18,18,seen,18,5.179999828338623,5.460000038146973,5.179999828338623,5.460000038146973,5.24,5.4,0.060000171661377166,mandatory_unique_exact_token_pair_in_all_optimal_LCS_alignments,mfa_primary_unique_word_overlap_auto_qc_pass,B_unique_word_overlap_in_mismatched_transcript,MFA 3.4.2 forced alignment of Whisper transcript,False,5.179999828338623,5.460000038146973,5.179999828338623,5.460000038146973,True,True,,sample_0013.json
-THoVjtIkeU$_$6,text_mismatch,22,all,19,19,all,19,5.460000038146973,5.710000038146973,5.460000038146973,5.710000038146973,5.4,5.68,0.0600000381469723,mandatory_unique_exact_token_pair_in_all_optimal_LCS_alignments,mfa_primary_unique_word_overlap_auto_qc_pass,B_unique_word_overlap_in_mismatched_transcript,MFA 3.4.2 forced alignment of Whisper transcript,False,5.460000038146973,5.710000038146973,5.460000038146973,5.710000038146973,True,True,,sample_0013.json
-THoVjtIkeU$_$6,text_mismatch,23,around,20,20,around,20,5.710000038146973,5.940000057220459,5.710000038146973,5.940000057220459,5.68,5.9,0.04000005722045863,mandatory_unique_exact_token_pair_in_all_optimal_LCS_alignments,mfa_primary_unique_word_overlap_auto_qc_pass,B_unique_word_overlap_in_mismatched_transcript,MFA 3.4.2 forced alignment of Whisper transcript,False,5.710000038146973,5.940000057220459,5.710000038146973,5.940000057220459,True,True,,sample_0013.json
-THoVjtIkeU$_$6,text_mismatch,24,the,21,21,the,21,5.940000057220459,6.019999980926514,5.940000057220459,6.019999980926514,5.9,6.04,0.04000005722045863,mandatory_unique_exact_token_pair_in_all_optimal_LCS_alignments,mfa_primary_unique_word_overlap_auto_qc_pass,B_unique_word_overlap_in_mismatched_transcript,MFA 3.4.2 forced alignment of Whisper transcript,False,5.940000057220459,6.019999980926514,5.940000057220459,6.019999980926514,True,True,,sample_0013.json
-THoVjtIkeU$_$6,text_mismatch,25,world,22,22,world,22,6.019999980926514,6.409999847412109,6.019999980926514,6.409999847412109,6.04,6.28,0.12999984741210913,mandatory_unique_exact_token_pair_in_all_optimal_LCS_alignments,mfa_primary_unique_word_overlap_auto_qc_pass,B_unique_word_overlap_in_mismatched_transcript,MFA 3.4.2 forced alignment of Whisper transcript,False,6.019999980926514,6.409999847412109,6.019999980926514,6.409999847412109,True,True,,sample_0013.json
-THoVjtIkeU$_$6,text_mismatch,26,is,23,23,is,23,6.449999809265137,6.579999923706055,6.449999809265137,6.579999923706055,6.28,6.56,0.16999980926513647,mandatory_unique_exact_token_pair_in_all_optimal_LCS_alignments,mfa_primary_unique_word_overlap_auto_qc_pass,B_unique_word_overlap_in_mismatched_transcript,MFA 3.4.2 forced alignment of Whisper transcript,False,6.449999809265137,6.579999923706055,6.449999809265137,6.579999923706055,True,True,,sample_0013.json
-THoVjtIkeU$_$6,text_mismatch,27,the,24,24,the,24,6.579999923706055,6.650000095367432,6.579999923706055,6.650000095367432,6.56,6.7,0.04999990463256854,mandatory_unique_exact_token_pair_in_all_optimal_LCS_alignments,mfa_primary_unique_word_overlap_auto_qc_pass,B_unique_word_overlap_in_mismatched_transcript,MFA 3.4.2 forced alignment of Whisper transcript,False,6.579999923706055,6.650000095367432,6.579999923706055,6.650000095367432,True,True,,sample_0013.json
-THoVjtIkeU$_$6,text_mismatch,28,power,25,25,power,25,6.650000095367432,7.070000171661377,6.650000095367432,7.070000171661377,6.7,6.96,0.11000017166137699,mandatory_unique_exact_token_pair_in_all_optimal_LCS_alignments,mfa_primary_unique_word_overlap_auto_qc_pass,B_unique_word_overlap_in_mismatched_transcript,MFA 3.4.2 forced alignment of Whisper transcript,False,6.650000095367432,7.070000171661377,6.650000095367432,7.070000171661377,True,True,,sample_0013.json
-THoVjtIkeU$_$6,text_mismatch,29,of,26,26,of,26,7.070000171661377,7.190000057220459,7.070000171661377,7.190000057220459,6.96,7.24,0.11000017166137699,mandatory_unique_exact_token_pair_in_all_optimal_LCS_alignments,mfa_primary_unique_word_overlap_auto_qc_pass,B_unique_word_overlap_in_mismatched_transcript,MFA 3.4.2 forced alignment of Whisper transcript,False,7.070000171661377,7.190000057220459,7.070000171661377,7.190000057220459,True,True,,sample_0013.json
-THoVjtIkeU$_$6,text_mismatch,30,youth,27,27,youth,27,7.190000057220459,7.599999904632568,7.190000057220459,7.599999904632568,7.24,7.44,0.15999990463256797,mandatory_unique_exact_token_pair_in_all_optimal_LCS_alignments,mfa_primary_unique_word_overlap_auto_qc_pass,B_unique_word_overlap_in_mismatched_transcript,MFA 3.4.2 forced alignment of Whisper transcript,False,7.190000057220459,7.599999904632568,7.190000057220459,7.599999904632568,True,True,,sample_0013.json
-UuX1xuaiiE$_$1,exact_text,1,And,1,1,and,1,0.4399999976158142,0.5899999737739563,0.4399999976158142,0.5899999737739563,0.0,0.54,0.4399999976158142,mandatory_unique_exact_token_pair_in_all_optimal_LCS_alignments,mfa_primary_exact_transcript_auto_qc_pass,A_exact_transcript,MFA 3.4.2 forced alignment of Whisper transcript,False,0.4399999976158142,0.5899999737739563,0.4399999976158142,0.5899999737739563,True,True,,sample_0014.json
-UuX1xuaiiE$_$1,exact_text,2,all,2,2,all,2,0.5899999737739563,0.8199999928474426,0.5899999737739563,0.8199999928474426,0.54,0.78,0.04999997377395626,mandatory_unique_exact_token_pair_in_all_optimal_LCS_alignments,mfa_primary_exact_transcript_auto_qc_pass,A_exact_transcript,MFA 3.4.2 forced alignment of Whisper transcript,False,0.5899999737739563,0.8199999928474426,0.5899999737739563,0.8199999928474426,True,True,,sample_0014.json
-UuX1xuaiiE$_$1,exact_text,3,of,3,3,of,3,0.8199999928474426,0.9200000166893005,0.8199999928474426,0.9200000166893005,0.78,0.92,0.0399999928474426,mandatory_unique_exact_token_pair_in_all_optimal_LCS_alignments,mfa_primary_exact_transcript_auto_qc_pass,A_exact_transcript,MFA 3.4.2 forced alignment of Whisper transcript,False,0.8199999928474426,0.9200000166893005,0.8199999928474426,0.9200000166893005,True,True,,sample_0014.json
-UuX1xuaiiE$_$1,exact_text,4,them,4,4,them,4,0.9200000166893005,1.1100000143051147,0.9200000166893005,1.1100000143051147,0.92,1.06,0.05000001430511469,mandatory_unique_exact_token_pair_in_all_optimal_LCS_alignments,mfa_primary_exact_transcript_auto_qc_pass,A_exact_transcript,MFA 3.4.2 forced alignment of Whisper transcript,False,0.9200000166893005,1.1100000143051147,0.9200000166893005,1.1100000143051147,True,True,,sample_0014.json
-UuX1xuaiiE$_$1,exact_text,5,are,5,5,are,5,1.1100000143051147,1.2799999713897705,1.1100000143051147,1.2799999713897705,1.06,1.32,0.05000001430511469,mandatory_unique_exact_token_pair_in_all_optimal_LCS_alignments,mfa_primary_exact_transcript_auto_qc_pass,A_exact_transcript,MFA 3.4.2 forced alignment of Whisper transcript,False,1.1100000143051147,1.2799999713897705,1.1100000143051147,1.2799999713897705,True,True,,sample_0014.json
-UuX1xuaiiE$_$1,exact_text,6,really,6,6,really,6,1.2799999713897705,1.6399999856948853,1.2799999713897705,1.6399999856948853,1.32,1.58,0.05999998569488518,mandatory_unique_exact_token_pair_in_all_optimal_LCS_alignments,mfa_primary_exact_transcript_auto_qc_pass,A_exact_transcript,MFA 3.4.2 forced alignment of Whisper transcript,False,1.2799999713897705,1.6399999856948853,1.2799999713897705,1.6399999856948853,True,True,,sample_0014.json
-UuX1xuaiiE$_$1,exact_text,7,being,7,7,being,7,1.6399999856948853,2.4100000858306885,1.6399999856948853,2.4100000858306885,1.58,1.84,0.5700000858306884,mandatory_unique_exact_token_pair_in_all_optimal_LCS_alignments,mfa_whisper_discrepancy_over_0_5s_null_primary,A_exact_transcript,MFA 3.4.2 forced alignment of Whisper transcript,True,,,,,False,True,mfa_whisper_edge_difference_over_0_5s,sample_0014.json
-UuX1xuaiiE$_$1,exact_text,8,able,8,8,able,8,2.5,2.7300000190734863,2.5,2.7300000190734863,1.84,2.66,0.6599999999999999,mandatory_unique_exact_token_pair_in_all_optimal_LCS_alignments,mfa_whisper_discrepancy_over_0_5s_null_primary,A_exact_transcript,MFA 3.4.2 forced alignment of Whisper transcript,True,,,,,False,True,mfa_whisper_edge_difference_over_0_5s,sample_0014.json
-UuX1xuaiiE$_$1,exact_text,9,to,9,9,to,9,2.7300000190734863,2.890000104904175,2.7300000190734863,2.890000104904175,2.66,2.9,0.07000001907348619,mandatory_unique_exact_token_pair_in_all_optimal_LCS_alignments,mfa_primary_exact_transcript_auto_qc_pass,A_exact_transcript,MFA 3.4.2 forced alignment of Whisper transcript,False,2.7300000190734863,2.890000104904175,2.7300000190734863,2.890000104904175,True,True,,sample_0014.json
-UuX1xuaiiE$_$1,exact_text,10,explore,10,10,explore,10,2.890000104904175,3.680000066757202,2.890000104904175,3.680000066757202,2.9,3.5,0.18000006675720215,mandatory_unique_exact_token_pair_in_all_optimal_LCS_alignments,mfa_primary_exact_transcript_auto_qc_pass,A_exact_transcript,MFA 3.4.2 forced alignment of Whisper transcript,False,2.890000104904175,3.680000066757202,2.890000104904175,3.680000066757202,True,True,,sample_0014.json
-UuX1xuaiiE$_$1,exact_text,11,these,11,11,these,11,4.039999961853027,4.289999961853027,4.039999961853027,4.289999961853027,3.5,4.22,0.5399999618530273,mandatory_unique_exact_token_pair_in_all_optimal_LCS_alignments,mfa_whisper_discrepancy_over_0_5s_null_primary,A_exact_transcript,MFA 3.4.2 forced alignment of Whisper transcript,True,,,,,False,True,mfa_whisper_edge_difference_over_0_5s,sample_0014.json
-UuX1xuaiiE$_$1,exact_text,12,different,12,12,different,12,4.53000020980835,4.860000133514404,4.53000020980835,4.860000133514404,4.22,4.74,0.31000020980834986,mandatory_unique_exact_token_pair_in_all_optimal_LCS_alignments,mfa_primary_exact_transcript_auto_qc_pass,A_exact_transcript,MFA 3.4.2 forced alignment of Whisper transcript,False,4.53000020980835,4.860000133514404,4.53000020980835,4.860000133514404,True,True,,sample_0014.json
-UuX1xuaiiE$_$1,exact_text,13,areas,13,13,areas,13,4.860000133514404,5.179999828338623,4.860000133514404,5.179999828338623,4.74,5.12,0.12000013351440408,mandatory_unique_exact_token_pair_in_all_optimal_LCS_alignments,mfa_primary_exact_transcript_auto_qc_pass,A_exact_transcript,MFA 3.4.2 forced alignment of Whisper transcript,False,4.860000133514404,5.179999828338623,4.860000133514404,5.179999828338623,True,True,,sample_0014.json
-UuX1xuaiiE$_$1,exact_text,14,in,14,14,in,14,5.460000038146973,6.0,5.460000038146973,6.0,5.12,5.64,0.3600000000000003,mandatory_unique_exact_token_pair_in_all_optimal_LCS_alignments,mfa_primary_exact_transcript_auto_qc_pass,A_exact_transcript,MFA 3.4.2 forced alignment of Whisper transcript,False,5.460000038146973,6.0,5.460000038146973,6.0,True,True,,sample_0014.json
-UuX1xuaiiE$_$1,exact_text,15,depth,15,15,depth,15,6.0,6.440000057220459,6.0,6.440000057220459,5.64,6.24,0.3600000000000003,mandatory_unique_exact_token_pair_in_all_optimal_LCS_alignments,mfa_primary_exact_transcript_auto_qc_pass,A_exact_transcript,MFA 3.4.2 forced alignment of Whisper transcript,False,6.0,6.440000057220459,6.0,6.440000057220459,True,True,,sample_0014.json
-UuX1xuaiiE$_$1,exact_text,16,in,16,16,in,16,6.440000057220459,6.630000114440918,6.440000057220459,6.630000114440918,6.24,6.62,0.20000005722045877,mandatory_unique_exact_token_pair_in_all_optimal_LCS_alignments,mfa_primary_exact_transcript_auto_qc_pass,A_exact_transcript,MFA 3.4.2 forced alignment of Whisper transcript,False,6.440000057220459,6.630000114440918,6.440000057220459,6.630000114440918,True,True,,sample_0014.json
-UuX1xuaiiE$_$1,exact_text,17,a,17,17,a,17,6.630000114440918,6.699999809265137,6.630000114440918,6.699999809265137,6.62,6.74,0.040000190734863494,mandatory_unique_exact_token_pair_in_all_optimal_LCS_alignments,mfa_primary_exact_transcript_auto_qc_pass,A_exact_transcript,MFA 3.4.2 forced alignment of Whisper transcript,False,6.630000114440918,6.699999809265137,6.630000114440918,6.699999809265137,True,True,,sample_0014.json
-UuX1xuaiiE$_$1,exact_text,18,way,18,18,way,18,6.699999809265137,6.96999979019165,6.699999809265137,6.96999979019165,6.74,6.92,0.04999979019165046,mandatory_unique_exact_token_pair_in_all_optimal_LCS_alignments,mfa_primary_exact_transcript_auto_qc_pass,A_exact_transcript,MFA 3.4.2 forced alignment of Whisper transcript,False,6.699999809265137,6.96999979019165,6.699999809265137,6.96999979019165,True,True,,sample_0014.json
-UuX1xuaiiE$_$1,exact_text,19,that,19,19,that,19,6.96999979019165,7.28000020980835,6.96999979019165,7.28000020980835,6.92,7.2,0.08000020980834943,mandatory_unique_exact_token_pair_in_all_optimal_LCS_alignments,mfa_primary_exact_transcript_auto_qc_pass,A_exact_transcript,MFA 3.4.2 forced alignment of Whisper transcript,False,6.96999979019165,7.28000020980835,6.96999979019165,7.28000020980835,True,True,,sample_0014.json
-UuX1xuaiiE$_$1,exact_text,20,really,20,20,really,20,7.28000020980835,7.489999771118164,7.28000020980835,7.489999771118164,7.2,7.46,0.08000020980834943,mandatory_unique_exact_token_pair_in_all_optimal_LCS_alignments,mfa_primary_exact_transcript_auto_qc_pass,A_exact_transcript,MFA 3.4.2 forced alignment of Whisper transcript,False,7.28000020980835,7.489999771118164,7.28000020980835,7.489999771118164,True,True,,sample_0014.json
-UuX1xuaiiE$_$1,exact_text,21,wasn't,21,21,wasn't,21,7.489999771118164,7.820000171661377,7.489999771118164,7.820000171661377,7.46,7.78,0.040000171661376704,mandatory_unique_exact_token_pair_in_all_optimal_LCS_alignments,mfa_primary_exact_transcript_auto_qc_pass,A_exact_transcript,MFA 3.4.2 forced alignment of Whisper transcript,False,7.489999771118164,7.820000171661377,7.489999771118164,7.820000171661377,True,True,,sample_0014.json
-UuX1xuaiiE$_$1,exact_text,22,available,22,22,available,22,7.820000171661377,8.289999961853027,7.820000171661377,8.289999961853027,7.78,8.12,0.16999996185302813,mandatory_unique_exact_token_pair_in_all_optimal_LCS_alignments,mfa_primary_exact_transcript_auto_qc_pass,A_exact_transcript,MFA 3.4.2 forced alignment of Whisper transcript,False,7.820000171661377,8.289999961853027,7.820000171661377,8.289999961853027,True,True,,sample_0014.json
-UuX1xuaiiE$_$1,exact_text,23,before,23,23,before,23,8.289999961853027,8.699999809265137,8.289999961853027,8.699999809265137,8.12,8.62,0.16999996185302813,mandatory_unique_exact_token_pair_in_all_optimal_LCS_alignments,mfa_primary_exact_transcript_auto_qc_pass,A_exact_transcript,MFA 3.4.2 forced alignment of Whisper transcript,False,8.289999961853027,8.699999809265137,8.289999961853027,8.699999809265137,True,True,,sample_0014.json
-UuX1xuaiiE$_$1,exact_text,24,the,24,24,the,24,8.699999809265137,8.789999961853027,8.699999809265137,8.789999961853027,8.62,8.8,0.0799998092651375,mandatory_unique_exact_token_pair_in_all_optimal_LCS_alignments,mfa_primary_exact_transcript_auto_qc_pass,A_exact_transcript,MFA 3.4.2 forced alignment of Whisper transcript,False,8.699999809265137,8.789999961853027,8.699999809265137,8.789999961853027,True,True,,sample_0014.json
-UuX1xuaiiE$_$1,exact_text,25,center,25,25,center,25,8.789999961853027,9.180000305175781,8.789999961853027,9.180000305175781,8.8,9.04,0.1400003051757821,mandatory_unique_exact_token_pair_in_all_optimal_LCS_alignments,mfa_primary_exact_transcript_auto_qc_pass,A_exact_transcript,MFA 3.4.2 forced alignment of Whisper transcript,False,8.789999961853027,9.180000305175781,8.789999961853027,9.180000305175781,True,True,,sample_0014.json
-UuX1xuaiiE$_$1,exact_text,26,was,26,26,was,26,9.180000305175781,9.350000381469727,9.180000305175781,9.350000381469727,9.04,9.34,0.1400003051757821,mandatory_unique_exact_token_pair_in_all_optimal_LCS_alignments,mfa_primary_exact_transcript_auto_qc_pass,A_exact_transcript,MFA 3.4.2 forced alignment of Whisper transcript,False,9.180000305175781,9.350000381469727,9.180000305175781,9.350000381469727,True,True,,sample_0014.json
-UuX1xuaiiE$_$1,exact_text,27,here,27,27,here,27,9.350000381469727,9.779999732971191,9.350000381469727,9.779999732971191,9.34,9.7,0.07999973297119212,mandatory_unique_exact_token_pair_in_all_optimal_LCS_alignments,mfa_primary_exact_transcript_auto_qc_pass,A_exact_transcript,MFA 3.4.2 forced alignment of Whisper transcript,False,9.350000381469727,9.779999732971191,9.350000381469727,9.779999732971191,True,True,,sample_0014.json
-UuX1xuaiiE$_$0,exact_text,1,it's,1,1,it's,1,0.0,0.14000000059604645,0.0,0.14000000059604645,0.0,0.14,5.9604643443123e-10,mandatory_unique_exact_token_pair_in_all_optimal_LCS_alignments,mfa_primary_exact_transcript_auto_qc_pass,A_exact_transcript,MFA 3.4.2 forced alignment of Whisper transcript,False,0.0,0.14000000059604645,0.0,0.14000000059604645,True,True,,sample_0015.json
-UuX1xuaiiE$_$0,exact_text,2,amazing,2,2,amazing,2,0.14000000059604645,0.800000011920929,0.14000000059604645,0.800000011920929,0.14,0.54,0.2600000119209289,mandatory_unique_exact_token_pair_in_all_optimal_LCS_alignments,mfa_primary_exact_transcript_auto_qc_pass,A_exact_transcript,MFA 3.4.2 forced alignment of Whisper transcript,False,0.14000000059604645,0.800000011920929,0.14000000059604645,0.800000011920929,True,True,,sample_0015.json
-UuX1xuaiiE$_$0,exact_text,3,to,3,3,to,3,0.800000011920929,1.100000023841858,0.800000011920929,1.100000023841858,0.54,1.0,0.2600000119209289,mandatory_unique_exact_token_pair_in_all_optimal_LCS_alignments,mfa_primary_exact_transcript_auto_qc_pass,A_exact_transcript,MFA 3.4.2 forced alignment of Whisper transcript,False,0.800000011920929,1.100000023841858,0.800000011920929,1.100000023841858,True,True,,sample_0015.json
-UuX1xuaiiE$_$0,exact_text,4,see,4,4,see,4,1.100000023841858,1.2799999713897705,1.100000023841858,1.2799999713897705,1.0,1.24,0.10000002384185791,mandatory_unique_exact_token_pair_in_all_optimal_LCS_alignments,mfa_primary_exact_transcript_auto_qc_pass,A_exact_transcript,MFA 3.4.2 forced alignment of Whisper transcript,False,1.100000023841858,1.2799999713897705,1.100000023841858,1.2799999713897705,True,True,,sample_0015.json
-UuX1xuaiiE$_$0,exact_text,5,their,5,5,their,5,1.2799999713897705,1.4800000190734863,1.2799999713897705,1.4800000190734863,1.24,1.46,0.03999997138977052,mandatory_unique_exact_token_pair_in_all_optimal_LCS_alignments,mfa_primary_exact_transcript_auto_qc_pass,A_exact_transcript,MFA 3.4.2 forced alignment of Whisper transcript,False,1.2799999713897705,1.4800000190734863,1.2799999713897705,1.4800000190734863,True,True,,sample_0015.json
-UuX1xuaiiE$_$0,exact_text,6,enthusiasm,6,6,enthusiasm,6,1.4800000190734863,2.2899999618530273,1.4800000190734863,2.2899999618530273,1.46,2.0,0.28999996185302734,mandatory_unique_exact_token_pair_in_all_optimal_LCS_alignments,mfa_primary_exact_transcript_auto_qc_pass,A_exact_transcript,MFA 3.4.2 forced alignment of Whisper transcript,False,1.4800000190734863,2.2899999618530273,1.4800000190734863,2.2899999618530273,True,True,,sample_0015.json
-UuX1xuaiiE$_$0,exact_text,7,and,7,7,and,7,2.2899999618530273,2.4100000858306885,2.2899999618530273,2.4100000858306885,2.0,2.4,0.28999996185302734,mandatory_unique_exact_token_pair_in_all_optimal_LCS_alignments,mfa_primary_exact_transcript_auto_qc_pass,A_exact_transcript,MFA 3.4.2 forced alignment of Whisper transcript,False,2.2899999618530273,2.4100000858306885,2.2899999618530273,2.4100000858306885,True,True,,sample_0015.json
-UuX1xuaiiE$_$0,exact_text,8,their,8,8,their,8,2.4100000858306885,2.5,2.4100000858306885,2.5,2.4,2.52,0.020000000000000018,mandatory_unique_exact_token_pair_in_all_optimal_LCS_alignments,mfa_primary_exact_transcript_auto_qc_pass,A_exact_transcript,MFA 3.4.2 forced alignment of Whisper transcript,False,2.4100000858306885,2.5,2.4100000858306885,2.5,True,True,,sample_0015.json
-UuX1xuaiiE$_$0,exact_text,9,passion,9,9,passion,9,2.5,3.359999895095825,2.5,3.359999895095825,2.52,2.94,0.41999989509582525,mandatory_unique_exact_token_pair_in_all_optimal_LCS_alignments,mfa_primary_exact_transcript_auto_qc_pass,A_exact_transcript,MFA 3.4.2 forced alignment of Whisper transcript,False,2.5,3.359999895095825,2.5,3.359999895095825,True,True,,sample_0015.json
-UuX1xuaiiE$_$3,exact_text,1,My,1,1,my,1,0.0,0.6600000262260437,0.0,0.6600000262260437,0.0,0.64,0.020000026226043688,mandatory_unique_exact_token_pair_in_all_optimal_LCS_alignments,mfa_primary_exact_transcript_auto_qc_pass,A_exact_transcript,MFA 3.4.2 forced alignment of Whisper transcript,False,0.0,0.6600000262260437,0.0,0.6600000262260437,True,True,,sample_0016.json
-UuX1xuaiiE$_$3,exact_text,2,goal,2,2,goal,2,0.6899999976158142,1.0199999809265137,0.6899999976158142,1.0199999809265137,0.64,0.9,0.11999998092651365,mandatory_unique_exact_token_pair_in_all_optimal_LCS_alignments,mfa_primary_exact_transcript_auto_qc_pass,A_exact_transcript,MFA 3.4.2 forced alignment of Whisper transcript,False,0.6899999976158142,1.0199999809265137,0.6899999976158142,1.0199999809265137,True,True,,sample_0016.json
-UuX1xuaiiE$_$3,exact_text,3,is,3,3,is,3,1.0199999809265137,1.3700000047683716,1.0199999809265137,1.3700000047683716,0.9,1.32,0.11999998092651365,mandatory_unique_exact_token_pair_in_all_optimal_LCS_alignments,mfa_primary_exact_transcript_auto_qc_pass,A_exact_transcript,MFA 3.4.2 forced alignment of Whisper transcript,False,1.0199999809265137,1.3700000047683716,1.0199999809265137,1.3700000047683716,True,True,,sample_0016.json
-UuX1xuaiiE$_$3,exact_text,4,to,4,4,to,4,1.3700000047683716,1.649999976158142,1.3700000047683716,1.649999976158142,1.32,1.62,0.05000000476837152,mandatory_unique_exact_token_pair_in_all_optimal_LCS_alignments,mfa_primary_exact_transcript_auto_qc_pass,A_exact_transcript,MFA 3.4.2 forced alignment of Whisper transcript,False,1.3700000047683716,1.649999976158142,1.3700000047683716,1.649999976158142,True,True,,sample_0016.json
-UuX1xuaiiE$_$3,exact_text,5,become,5,5,become,5,1.649999976158142,2.5199999809265137,1.649999976158142,2.5199999809265137,1.62,2.0,0.5199999809265137,mandatory_unique_exact_token_pair_in_all_optimal_LCS_alignments,mfa_whisper_discrepancy_over_0_5s_null_primary,A_exact_transcript,MFA 3.4.2 forced alignment of Whisper transcript,True,,,,,False,True,mfa_whisper_edge_difference_over_0_5s,sample_0016.json
-UuX1xuaiiE$_$3,exact_text,6,a,6,6,a,6,2.569999933242798,2.619999885559082,2.569999933242798,2.619999885559082,2.0,2.66,0.5699999332427979,mandatory_unique_exact_token_pair_in_all_optimal_LCS_alignments,mfa_whisper_discrepancy_over_0_5s_null_primary,A_exact_transcript,MFA 3.4.2 forced alignment of Whisper transcript,True,,,,,False,True,mfa_whisper_edge_difference_over_0_5s,sample_0016.json
-UuX1xuaiiE$_$3,exact_text,7,human,7,7,human,7,2.619999885559082,2.9200000762939453,2.619999885559082,2.9200000762939453,2.66,2.82,0.10000007629394547,mandatory_unique_exact_token_pair_in_all_optimal_LCS_alignments,mfa_primary_exact_transcript_auto_qc_pass,A_exact_transcript,MFA 3.4.2 forced alignment of Whisper transcript,False,2.619999885559082,2.9200000762939453,2.619999885559082,2.9200000762939453,True,True,,sample_0016.json
-UuX1xuaiiE$_$3,exact_text,8,rights,8,8,rights,8,2.9200000762939453,3.2300000190734863,2.9200000762939453,3.2300000190734863,2.82,3.14,0.10000007629394547,mandatory_unique_exact_token_pair_in_all_optimal_LCS_alignments,mfa_primary_exact_transcript_auto_qc_pass,A_exact_transcript,MFA 3.4.2 forced alignment of Whisper transcript,False,2.9200000762939453,3.2300000190734863,2.9200000762939453,3.2300000190734863,True,True,,sample_0016.json
-UuX1xuaiiE$_$3,exact_text,9,lawyer,9,9,lawyer,9,3.2300000190734863,3.680000066757202,3.2300000190734863,3.680000066757202,3.14,3.52,0.16000006675720213,mandatory_unique_exact_token_pair_in_all_optimal_LCS_alignments,mfa_primary_exact_transcript_auto_qc_pass,A_exact_transcript,MFA 3.4.2 forced alignment of Whisper transcript,False,3.2300000190734863,3.680000066757202,3.2300000190734863,3.680000066757202,True,True,,sample_0016.json
-UuX1xuaiiE$_$6,text_mismatch,1,I,1,1,i,1,0.5400000214576721,0.6399999856948853,0.5400000214576721,0.6399999856948853,0.0,0.62,0.5400000214576721,mandatory_unique_exact_token_pair_in_all_optimal_LCS_alignments,mfa_whisper_discrepancy_over_0_5s_null_primary,B_unique_word_overlap_in_mismatched_transcript,MFA 3.4.2 forced alignment of Whisper transcript,True,,,,,False,True,mfa_whisper_edge_difference_over_0_5s,sample_0017.json
-UuX1xuaiiE$_$6,text_mismatch,2,ended,2,2,ended,2,0.6399999856948853,0.800000011920929,0.6399999856948853,0.800000011920929,0.62,0.76,0.040000011920928946,mandatory_unique_exact_token_pair_in_all_optimal_LCS_alignments,mfa_primary_unique_word_overlap_auto_qc_pass,B_unique_word_overlap_in_mismatched_transcript,MFA 3.4.2 forced alignment of Whisper transcript,False,0.6399999856948853,0.800000011920929,0.6399999856948853,0.800000011920929,True,True,,sample_0017.json
-UuX1xuaiiE$_$6,text_mismatch,3,up,3,3,up,3,0.800000011920929,0.8899999856948853,0.800000011920929,0.8899999856948853,0.76,0.92,0.040000011920928946,mandatory_unique_exact_token_pair_in_all_optimal_LCS_alignments,mfa_primary_unique_word_overlap_auto_qc_pass,B_unique_word_overlap_in_mismatched_transcript,MFA 3.4.2 forced alignment of Whisper transcript,False,0.800000011920929,0.8899999856948853,0.800000011920929,0.8899999856948853,True,True,,sample_0017.json
-UuX1xuaiiE$_$6,text_mismatch,4,going,4,4,going,4,0.8899999856948853,1.1299999952316284,0.8899999856948853,1.1299999952316284,0.92,1.06,0.06999999523162836,mandatory_unique_exact_token_pair_in_all_optimal_LCS_alignments,mfa_primary_unique_word_overlap_auto_qc_pass,B_unique_word_overlap_in_mismatched_transcript,MFA 3.4.2 forced alignment of Whisper transcript,False,0.8899999856948853,1.1299999952316284,0.8899999856948853,1.1299999952316284,True,True,,sample_0017.json
-UuX1xuaiiE$_$6,text_mismatch,5,to,5,5,to,5,1.1299999952316284,1.2100000381469727,1.1299999952316284,1.2100000381469727,1.06,1.24,0.06999999523162836,mandatory_unique_exact_token_pair_in_all_optimal_LCS_alignments,mfa_primary_unique_word_overlap_auto_qc_pass,B_unique_word_overlap_in_mismatched_transcript,MFA 3.4.2 forced alignment of Whisper transcript,False,1.1299999952316284,1.2100000381469727,1.1299999952316284,1.2100000381469727,True,True,,sample_0017.json
-UuX1xuaiiE$_$6,text_mismatch,6,work,6,6,work,6,1.2100000381469727,1.4700000286102295,1.2100000381469727,1.4700000286102295,1.24,1.4,0.07000002861022958,mandatory_unique_exact_token_pair_in_all_optimal_LCS_alignments,mfa_primary_unique_word_overlap_auto_qc_pass,B_unique_word_overlap_in_mismatched_transcript,MFA 3.4.2 forced alignment of Whisper transcript,False,1.2100000381469727,1.4700000286102295,1.2100000381469727,1.4700000286102295,True,True,,sample_0017.json
-UuX1xuaiiE$_$6,text_mismatch,7,for,7,7,for,7,1.4700000286102295,1.809999942779541,1.4700000286102295,1.809999942779541,1.4,1.78,0.07000002861022958,mandatory_unique_exact_token_pair_in_all_optimal_LCS_alignments,mfa_primary_unique_word_overlap_auto_qc_pass,B_unique_word_overlap_in_mismatched_transcript,MFA 3.4.2 forced alignment of Whisper transcript,False,1.4700000286102295,1.809999942779541,1.4700000286102295,1.809999942779541,True,True,,sample_0017.json
-UuX1xuaiiE$_$6,text_mismatch,8,the,8,8,the,8,1.809999942779541,1.909999966621399,1.809999942779541,1.909999966621399,1.78,1.94,0.03000003337860102,mandatory_unique_exact_token_pair_in_all_optimal_LCS_alignments,mfa_primary_unique_word_overlap_auto_qc_pass,B_unique_word_overlap_in_mismatched_transcript,MFA 3.4.2 forced alignment of Whisper transcript,False,1.809999942779541,1.909999966621399,1.809999942779541,1.909999966621399,True,True,,sample_0017.json
-UuX1xuaiiE$_$6,text_mismatch,9,US,,,,,,,,,,,,mandatory_unique_exact_token_pair_in_all_optimal_LCS_alignments,official_word_unmatched_or_ambiguous_in_asr,,,False,,,,,False,False,,sample_0017.json
-UuX1xuaiiE$_$6,text_mismatch,10,government,11,11,government,11,2.2100000381469727,2.7699999809265137,2.2100000381469727,2.7699999809265137,2.38,2.52,0.24999998092651365,mandatory_unique_exact_token_pair_in_all_optimal_LCS_alignments,mfa_primary_unique_word_overlap_auto_qc_pass,B_unique_word_overlap_in_mismatched_transcript,MFA 3.4.2 forced alignment of Whisper transcript,False,2.2100000381469727,2.7699999809265137,2.2100000381469727,2.7699999809265137,True,True,,sample_0017.json
-UuX1xuaiiE$_$6,text_mismatch,11,as,12,12,as,12,2.7699999809265137,2.9700000286102295,2.7699999809265137,2.9700000286102295,2.52,2.92,0.24999998092651365,mandatory_unique_exact_token_pair_in_all_optimal_LCS_alignments,mfa_primary_unique_word_overlap_auto_qc_pass,B_unique_word_overlap_in_mismatched_transcript,MFA 3.4.2 forced alignment of Whisper transcript,False,2.7699999809265137,2.9700000286102295,2.7699999809265137,2.9700000286102295,True,True,,sample_0017.json
-UuX1xuaiiE$_$6,text_mismatch,12,an,13,13,an,13,2.9700000286102295,3.0399999618530273,2.9700000286102295,3.0399999618530273,2.92,3.08,0.05000002861022956,mandatory_unique_exact_token_pair_in_all_optimal_LCS_alignments,mfa_primary_unique_word_overlap_auto_qc_pass,B_unique_word_overlap_in_mismatched_transcript,MFA 3.4.2 forced alignment of Whisper transcript,False,2.9700000286102295,3.0399999618530273,2.9700000286102295,3.0399999618530273,True,True,,sample_0017.json
-UuX1xuaiiE$_$6,text_mismatch,13,intelligence,14,14,intelligence,14,3.0399999618530273,3.509999990463257,3.0399999618530273,3.509999990463257,3.08,3.4,0.10999999046325692,mandatory_unique_exact_token_pair_in_all_optimal_LCS_alignments,mfa_primary_unique_word_overlap_auto_qc_pass,B_unique_word_overlap_in_mismatched_transcript,MFA 3.4.2 forced alignment of Whisper transcript,False,3.0399999618530273,3.509999990463257,3.0399999618530273,3.509999990463257,True,True,,sample_0017.json
-UuX1xuaiiE$_$6,text_mismatch,14,analyst,15,15,analyst,15,3.509999990463257,4.110000133514404,3.509999990463257,4.110000133514404,3.4,4.04,0.10999999046325692,mandatory_unique_exact_token_pair_in_all_optimal_LCS_alignments,mfa_primary_unique_word_overlap_auto_qc_pass,B_unique_word_overlap_in_mismatched_transcript,MFA 3.4.2 forced alignment of Whisper transcript,False,3.509999990463257,4.110000133514404,3.509999990463257,4.110000133514404,True,True,,sample_0017.json
-UuX1xuaiiE$_$6,text_mismatch,15,specializing,16,16,specializing,16,4.949999809265137,5.639999866485596,4.949999809265137,5.639999866485596,4.6,5.44,0.3499998092651371,mandatory_unique_exact_token_pair_in_all_optimal_LCS_alignments,mfa_primary_unique_word_overlap_auto_qc_pass,B_unique_word_overlap_in_mismatched_transcript,MFA 3.4.2 forced alignment of Whisper transcript,False,4.949999809265137,5.639999866485596,4.949999809265137,5.639999866485596,True,True,,sample_0017.json
-UuX1xuaiiE$_$6,text_mismatch,16,in,17,17,in,17,5.639999866485596,5.920000076293945,5.639999866485596,5.920000076293945,5.44,5.84,0.1999998664855953,mandatory_unique_exact_token_pair_in_all_optimal_LCS_alignments,mfa_primary_unique_word_overlap_auto_qc_pass,B_unique_word_overlap_in_mismatched_transcript,MFA 3.4.2 forced alignment of Whisper transcript,False,5.639999866485596,5.920000076293945,5.639999866485596,5.920000076293945,True,True,,sample_0017.json
-UuX1xuaiiE$_$6,text_mismatch,17,war,18,18,war,18,5.920000076293945,6.070000171661377,5.920000076293945,6.070000171661377,5.84,6.06,0.08000007629394545,mandatory_unique_exact_token_pair_in_all_optimal_LCS_alignments,mfa_primary_unique_word_overlap_auto_qc_pass,B_unique_word_overlap_in_mismatched_transcript,MFA 3.4.2 forced alignment of Whisper transcript,False,5.920000076293945,6.070000171661377,5.920000076293945,6.070000171661377,True,True,,sample_0017.json
-UuX1xuaiiE$_$6,text_mismatch,18,crimes,19,19,crimes,19,6.070000171661377,6.400000095367432,6.070000171661377,6.400000095367432,6.06,6.34,0.06000009536743178,mandatory_unique_exact_token_pair_in_all_optimal_LCS_alignments,mfa_primary_unique_word_overlap_auto_qc_pass,B_unique_word_overlap_in_mismatched_transcript,MFA 3.4.2 forced alignment of Whisper transcript,False,6.070000171661377,6.400000095367432,6.070000171661377,6.400000095367432,True,True,,sample_0017.json
-UuX1xuaiiE$_$6,text_mismatch,19,and,20,20,and,20,6.400000095367432,6.489999771118164,6.400000095367432,6.489999771118164,6.34,6.5,0.06000009536743178,mandatory_unique_exact_token_pair_in_all_optimal_LCS_alignments,mfa_primary_unique_word_overlap_auto_qc_pass,B_unique_word_overlap_in_mismatched_transcript,MFA 3.4.2 forced alignment of Whisper transcript,False,6.400000095367432,6.489999771118164,6.400000095367432,6.489999771118164,True,True,,sample_0017.json
-UuX1xuaiiE$_$6,text_mismatch,20,human,21,21,human,21,6.489999771118164,6.679999828338623,6.489999771118164,6.679999828338623,6.5,6.62,0.05999982833862294,mandatory_unique_exact_token_pair_in_all_optimal_LCS_alignments,mfa_primary_unique_word_overlap_auto_qc_pass,B_unique_word_overlap_in_mismatched_transcript,MFA 3.4.2 forced alignment of Whisper transcript,False,6.489999771118164,6.679999828338623,6.489999771118164,6.679999828338623,True,True,,sample_0017.json
-UuX1xuaiiE$_$6,text_mismatch,21,rights,22,22,rights,22,6.679999828338623,6.929999828338623,6.679999828338623,6.929999828338623,6.62,6.86,0.06999982833862273,mandatory_unique_exact_token_pair_in_all_optimal_LCS_alignments,mfa_primary_unique_word_overlap_auto_qc_pass,B_unique_word_overlap_in_mismatched_transcript,MFA 3.4.2 forced alignment of Whisper transcript,False,6.679999828338623,6.929999828338623,6.679999828338623,6.929999828338623,True,True,,sample_0017.json
-UuX1xuaiiE$_$6,text_mismatch,22,issues,23,23,issues,23,6.929999828338623,7.420000076293945,6.929999828338623,7.420000076293945,6.86,7.2,0.22000007629394513,mandatory_unique_exact_token_pair_in_all_optimal_LCS_alignments,mfa_primary_unique_word_overlap_auto_qc_pass,B_unique_word_overlap_in_mismatched_transcript,MFA 3.4.2 forced alignment of Whisper transcript,False,6.929999828338623,7.420000076293945,6.929999828338623,7.420000076293945,True,True,,sample_0017.json
-a55Q6RWvTA$_$3,exact_text,1,And,1,1,and,1,0.5199999809265137,0.9300000071525574,0.5199999809265137,0.9300000071525574,0.0,0.84,0.5199999809265137,mandatory_unique_exact_token_pair_in_all_optimal_LCS_alignments,mfa_whisper_discrepancy_over_0_5s_null_primary,A_exact_transcript,MFA 3.4.2 forced alignment of Whisper transcript,True,,,,,False,True,mfa_whisper_edge_difference_over_0_5s,sample_0018.json
-a55Q6RWvTA$_$3,exact_text,2,if,2,2,if,2,0.9300000071525574,1.2100000381469727,0.9300000071525574,1.2100000381469727,0.84,1.14,0.0900000071525574,mandatory_unique_exact_token_pair_in_all_optimal_LCS_alignments,mfa_primary_exact_transcript_auto_qc_pass,A_exact_transcript,MFA 3.4.2 forced alignment of Whisper transcript,False,0.9300000071525574,1.2100000381469727,0.9300000071525574,1.2100000381469727,True,True,,sample_0018.json
-a55Q6RWvTA$_$3,exact_text,3,you,3,3,you,3,1.2100000381469727,1.350000023841858,1.2100000381469727,1.350000023841858,1.14,1.34,0.07000003814697275,mandatory_unique_exact_token_pair_in_all_optimal_LCS_alignments,mfa_primary_exact_transcript_auto_qc_pass,A_exact_transcript,MFA 3.4.2 forced alignment of Whisper transcript,False,1.2100000381469727,1.350000023841858,1.2100000381469727,1.350000023841858,True,True,,sample_0018.json
-a55Q6RWvTA$_$3,exact_text,4,clip,4,4,clip,4,1.350000023841858,1.7200000286102295,1.350000023841858,1.7200000286102295,1.34,1.68,0.040000028610229554,mandatory_unique_exact_token_pair_in_all_optimal_LCS_alignments,mfa_primary_exact_transcript_auto_qc_pass,A_exact_transcript,MFA 3.4.2 forced alignment of Whisper transcript,False,1.350000023841858,1.7200000286102295,1.350000023841858,1.7200000286102295,True,True,,sample_0018.json
-a55Q6RWvTA$_$3,exact_text,5,coupons,5,5,coupons,5,1.7200000286102295,2.630000114440918,1.7200000286102295,2.630000114440918,1.68,2.22,0.4100001144409178,mandatory_unique_exact_token_pair_in_all_optimal_LCS_alignments,mfa_primary_exact_transcript_auto_qc_pass,A_exact_transcript,MFA 3.4.2 forced alignment of Whisper transcript,False,1.7200000286102295,2.630000114440918,1.7200000286102295,2.630000114440918,True,True,,sample_0018.json
-a55Q6RWvTA$_$3,exact_text,6,if,6,6,if,6,2.630000114440918,2.8299999237060547,2.630000114440918,2.8299999237060547,2.74,2.78,0.10999988555908224,mandatory_unique_exact_token_pair_in_all_optimal_LCS_alignments,mfa_primary_exact_transcript_auto_qc_pass,A_exact_transcript,MFA 3.4.2 forced alignment of Whisper transcript,False,2.630000114440918,2.8299999237060547,2.630000114440918,2.8299999237060547,True,True,,sample_0018.json
-a55Q6RWvTA$_$3,exact_text,7,you,7,7,you,7,2.8299999237060547,2.9100000858306885,2.8299999237060547,2.9100000858306885,2.78,2.92,0.04999992370605488,mandatory_unique_exact_token_pair_in_all_optimal_LCS_alignments,mfa_primary_exact_transcript_auto_qc_pass,A_exact_transcript,MFA 3.4.2 forced alignment of Whisper transcript,False,2.8299999237060547,2.9100000858306885,2.8299999237060547,2.9100000858306885,True,True,,sample_0018.json
-a55Q6RWvTA$_$3,exact_text,8,don't,8,8,don't,8,2.9100000858306885,3.2799999713897705,2.9100000858306885,3.2799999713897705,2.92,3.24,0.039999971389770295,mandatory_unique_exact_token_pair_in_all_optimal_LCS_alignments,mfa_primary_exact_transcript_auto_qc_pass,A_exact_transcript,MFA 3.4.2 forced alignment of Whisper transcript,False,2.9100000858306885,3.2799999713897705,2.9100000858306885,3.2799999713897705,True,True,,sample_0018.json
-a55Q6RWvTA$_$3,exact_text,9,go,9,9,go,9,3.2799999713897705,3.4700000286102295,3.2799999713897705,3.4700000286102295,3.24,3.44,0.039999971389770295,mandatory_unique_exact_token_pair_in_all_optimal_LCS_alignments,mfa_primary_exact_transcript_auto_qc_pass,A_exact_transcript,MFA 3.4.2 forced alignment of Whisper transcript,False,3.2799999713897705,3.4700000286102295,3.2799999713897705,3.4700000286102295,True,True,,sample_0018.json
-a55Q6RWvTA$_$3,exact_text,10,out,10,10,out,10,3.4700000286102295,3.690000057220459,3.4700000286102295,3.690000057220459,3.44,3.68,0.030000028610229545,mandatory_unique_exact_token_pair_in_all_optimal_LCS_alignments,mfa_primary_exact_transcript_auto_qc_pass,A_exact_transcript,MFA 3.4.2 forced alignment of Whisper transcript,False,3.4700000286102295,3.690000057220459,3.4700000286102295,3.690000057220459,True,True,,sample_0018.json
-a55Q6RWvTA$_$3,exact_text,11,for,11,11,for,11,3.690000057220459,3.859999895095825,3.690000057220459,3.859999895095825,3.68,3.88,0.020000104904174698,mandatory_unique_exact_token_pair_in_all_optimal_LCS_alignments,mfa_primary_exact_transcript_auto_qc_pass,A_exact_transcript,MFA 3.4.2 forced alignment of Whisper transcript,False,3.690000057220459,3.859999895095825,3.690000057220459,3.859999895095825,True,True,,sample_0018.json
-a55Q6RWvTA$_$3,exact_text,12,dinner,12,12,dinner,12,3.859999895095825,4.380000114440918,3.859999895095825,4.380000114440918,3.88,4.14,0.2400001144409183,mandatory_unique_exact_token_pair_in_all_optimal_LCS_alignments,mfa_primary_exact_transcript_auto_qc_pass,A_exact_transcript,MFA 3.4.2 forced alignment of Whisper transcript,False,3.859999895095825,4.380000114440918,3.859999895095825,4.380000114440918,True,True,,sample_0018.json
-a55Q6RWvTA$_$3,exact_text,13,and,13,13,and,13,4.380000114440918,4.639999866485596,4.380000114440918,4.639999866485596,4.14,4.54,0.2400001144409183,mandatory_unique_exact_token_pair_in_all_optimal_LCS_alignments,mfa_primary_exact_transcript_auto_qc_pass,A_exact_transcript,MFA 3.4.2 forced alignment of Whisper transcript,False,4.380000114440918,4.639999866485596,4.380000114440918,4.639999866485596,True,True,,sample_0018.json
-a55Q6RWvTA$_$3,exact_text,14,movies,14,14,movies,14,4.639999866485596,5.210000038146973,4.639999866485596,5.210000038146973,4.54,5.06,0.15000003814697305,mandatory_unique_exact_token_pair_in_all_optimal_LCS_alignments,mfa_primary_exact_transcript_auto_qc_pass,A_exact_transcript,MFA 3.4.2 forced alignment of Whisper transcript,False,4.639999866485596,5.210000038146973,4.639999866485596,5.210000038146973,True,True,,sample_0018.json
-a55Q6RWvTA$_$3,exact_text,15,and,15,15,and,15,5.210000038146973,5.380000114440918,5.210000038146973,5.380000114440918,5.06,5.32,0.15000003814697305,mandatory_unique_exact_token_pair_in_all_optimal_LCS_alignments,mfa_primary_exact_transcript_auto_qc_pass,A_exact_transcript,MFA 3.4.2 forced alignment of Whisper transcript,False,5.210000038146973,5.380000114440918,5.210000038146973,5.380000114440918,True,True,,sample_0018.json
-a55Q6RWvTA$_$3,exact_text,16,things,16,16,things,16,5.380000114440918,5.590000152587891,5.380000114440918,5.590000152587891,5.32,5.52,0.07000015258789105,mandatory_unique_exact_token_pair_in_all_optimal_LCS_alignments,mfa_primary_exact_transcript_auto_qc_pass,A_exact_transcript,MFA 3.4.2 forced alignment of Whisper transcript,False,5.380000114440918,5.590000152587891,5.380000114440918,5.590000152587891,True,True,,sample_0018.json
-a55Q6RWvTA$_$3,exact_text,17,of,17,17,of,17,5.590000152587891,5.650000095367432,5.590000152587891,5.650000095367432,5.52,5.66,0.07000015258789105,mandatory_unique_exact_token_pair_in_all_optimal_LCS_alignments,mfa_primary_exact_transcript_auto_qc_pass,A_exact_transcript,MFA 3.4.2 forced alignment of Whisper transcript,False,5.590000152587891,5.650000095367432,5.590000152587891,5.650000095367432,True,True,,sample_0018.json
-a55Q6RWvTA$_$3,exact_text,18,that,18,18,that,18,5.650000095367432,5.820000171661377,5.650000095367432,5.820000171661377,5.66,5.8,0.02000017166137713,mandatory_unique_exact_token_pair_in_all_optimal_LCS_alignments,mfa_primary_exact_transcript_auto_qc_pass,A_exact_transcript,MFA 3.4.2 forced alignment of Whisper transcript,False,5.650000095367432,5.820000171661377,5.650000095367432,5.820000171661377,True,True,,sample_0018.json
-a55Q6RWvTA$_$3,exact_text,19,nature,19,19,nature,19,5.820000171661377,6.429999828338623,5.820000171661377,6.429999828338623,5.8,6.26,0.16999982833862326,mandatory_unique_exact_token_pair_in_all_optimal_LCS_alignments,mfa_primary_exact_transcript_auto_qc_pass,A_exact_transcript,MFA 3.4.2 forced alignment of Whisper transcript,False,5.820000171661377,6.429999828338623,5.820000171661377,6.429999828338623,True,True,,sample_0018.json
-a55Q6RWvTA$_$3,exact_text,20,and,20,20,and,20,6.869999885559082,7.119999885559082,6.869999885559082,7.119999885559082,6.82,7.06,0.05999988555908242,mandatory_unique_exact_token_pair_in_all_optimal_LCS_alignments,mfa_primary_exact_transcript_auto_qc_pass,A_exact_transcript,MFA 3.4.2 forced alignment of Whisper transcript,False,6.869999885559082,7.119999885559082,6.869999885559082,7.119999885559082,True,True,,sample_0018.json
-a55Q6RWvTA$_$3,exact_text,21,try,21,21,try,21,7.119999885559082,7.329999923706055,7.119999885559082,7.329999923706055,7.06,7.32,0.05999988555908242,mandatory_unique_exact_token_pair_in_all_optimal_LCS_alignments,mfa_primary_exact_transcript_auto_qc_pass,A_exact_transcript,MFA 3.4.2 forced alignment of Whisper transcript,False,7.119999885559082,7.329999923706055,7.119999885559082,7.329999923706055,True,True,,sample_0018.json
-a55Q6RWvTA$_$3,exact_text,22,to,22,22,to,22,7.329999923706055,7.429999828338623,7.329999923706055,7.429999828338623,7.32,7.46,0.030000171661376918,mandatory_unique_exact_token_pair_in_all_optimal_LCS_alignments,mfa_primary_exact_transcript_auto_qc_pass,A_exact_transcript,MFA 3.4.2 forced alignment of Whisper transcript,False,7.329999923706055,7.429999828338623,7.329999923706055,7.429999828338623,True,True,,sample_0018.json
-a55Q6RWvTA$_$3,exact_text,23,take,23,23,take,23,7.429999828338623,7.679999828338623,7.429999828338623,7.679999828338623,7.46,7.64,0.03999982833862337,mandatory_unique_exact_token_pair_in_all_optimal_LCS_alignments,mfa_primary_exact_transcript_auto_qc_pass,A_exact_transcript,MFA 3.4.2 forced alignment of Whisper transcript,False,7.429999828338623,7.679999828338623,7.429999828338623,7.679999828338623,True,True,,sample_0018.json
-a55Q6RWvTA$_$3,exact_text,24,up,24,24,up,24,7.679999828338623,7.869999885559082,7.679999828338623,7.869999885559082,7.64,7.8,0.06999988555908221,mandatory_unique_exact_token_pair_in_all_optimal_LCS_alignments,mfa_primary_exact_transcript_auto_qc_pass,A_exact_transcript,MFA 3.4.2 forced alignment of Whisper transcript,False,7.679999828338623,7.869999885559082,7.679999828338623,7.869999885559082,True,True,,sample_0018.json
-a55Q6RWvTA$_$3,exact_text,25,things,25,25,things,25,7.869999885559082,8.3100004196167,7.869999885559082,8.3100004196167,7.8,8.18,0.1300004196166995,mandatory_unique_exact_token_pair_in_all_optimal_LCS_alignments,mfa_primary_exact_transcript_auto_qc_pass,A_exact_transcript,MFA 3.4.2 forced alignment of Whisper transcript,False,7.869999885559082,8.3100004196167,7.869999885559082,8.3100004196167,True,True,,sample_0018.json
-a55Q6RWvTA$_$3,exact_text,26,in,26,26,in,26,8.3100004196167,8.40999984741211,8.3100004196167,8.40999984741211,8.18,8.44,0.1300004196166995,mandatory_unique_exact_token_pair_in_all_optimal_LCS_alignments,mfa_primary_exact_transcript_auto_qc_pass,A_exact_transcript,MFA 3.4.2 forced alignment of Whisper transcript,False,8.3100004196167,8.40999984741211,8.3100004196167,8.40999984741211,True,True,,sample_0018.json
-a55Q6RWvTA$_$3,exact_text,27,life,27,27,life,27,8.40999984741211,8.84000015258789,8.40999984741211,8.84000015258789,8.44,8.76,0.08000015258789084,mandatory_unique_exact_token_pair_in_all_optimal_LCS_alignments,mfa_primary_exact_transcript_auto_qc_pass,A_exact_transcript,MFA 3.4.2 forced alignment of Whisper transcript,False,8.40999984741211,8.84000015258789,8.40999984741211,8.84000015258789,True,True,,sample_0018.json
-a55Q6RWvTA$_$3,exact_text,28,that,28,28,that,28,8.84000015258789,9.039999961853027,8.84000015258789,9.039999961853027,8.76,9.0,0.08000015258789084,mandatory_unique_exact_token_pair_in_all_optimal_LCS_alignments,mfa_primary_exact_transcript_auto_qc_pass,A_exact_transcript,MFA 3.4.2 forced alignment of Whisper transcript,False,8.84000015258789,9.039999961853027,8.84000015258789,9.039999961853027,True,True,,sample_0018.json
-a55Q6RWvTA$_$3,exact_text,29,well,29,29,well,29,9.039999961853027,9.359999656677246,9.039999961853027,9.359999656677246,9.06,9.28,0.07999965667724673,mandatory_unique_exact_token_pair_in_all_optimal_LCS_alignments,mfa_primary_exact_transcript_auto_qc_pass,A_exact_transcript,MFA 3.4.2 forced alignment of Whisper transcript,False,9.039999961853027,9.359999656677246,9.039999961853027,9.359999656677246,True,True,,sample_0018.json
-a55Q6RWvTA$_$3,exact_text,30,they,30,30,they,30,9.359999656677246,9.59000015258789,9.359999656677246,9.59000015258789,9.5,9.58,0.1400003433227539,mandatory_unique_exact_token_pair_in_all_optimal_LCS_alignments,mfa_primary_exact_transcript_auto_qc_pass,A_exact_transcript,MFA 3.4.2 forced alignment of Whisper transcript,False,9.359999656677246,9.59000015258789,9.359999656677246,9.59000015258789,True,True,,sample_0018.json
-a55Q6RWvTA$_$3,exact_text,31,always,31,31,always,31,9.59000015258789,9.899999618530273,9.59000015258789,9.899999618530273,9.58,9.86,0.039999618530274006,mandatory_unique_exact_token_pair_in_all_optimal_LCS_alignments,mfa_primary_exact_transcript_auto_qc_pass,A_exact_transcript,MFA 3.4.2 forced alignment of Whisper transcript,False,9.59000015258789,9.899999618530273,9.59000015258789,9.899999618530273,True,True,,sample_0018.json
-a55Q6RWvTA$_$3,exact_text,32,say,32,32,say,32,9.899999618530273,10.170000076293945,9.899999618530273,10.170000076293945,9.86,10.14,0.039999618530274006,mandatory_unique_exact_token_pair_in_all_optimal_LCS_alignments,mfa_primary_exact_transcript_auto_qc_pass,A_exact_transcript,MFA 3.4.2 forced alignment of Whisper transcript,False,9.899999618530273,10.170000076293945,9.899999618530273,10.170000076293945,True,True,,sample_0018.json
-a55Q6RWvTA$_$3,exact_text,33,the,33,33,the,33,10.170000076293945,10.270000457763672,10.170000076293945,10.270000457763672,10.22,10.32,0.04999992370605533,mandatory_unique_exact_token_pair_in_all_optimal_LCS_alignments,mfa_primary_exact_transcript_auto_qc_pass,A_exact_transcript,MFA 3.4.2 forced alignment of Whisper transcript,False,10.170000076293945,10.270000457763672,10.170000076293945,10.270000457763672,True,True,,sample_0018.json
-a55Q6RWvTA$_$3,exact_text,34,best,34,34,best,34,10.270000457763672,10.579999923706055,10.270000457763672,10.579999923706055,10.32,10.5,0.07999992370605469,mandatory_unique_exact_token_pair_in_all_optimal_LCS_alignments,mfa_primary_exact_transcript_auto_qc_pass,A_exact_transcript,MFA 3.4.2 forced alignment of Whisper transcript,False,10.270000457763672,10.579999923706055,10.270000457763672,10.579999923706055,True,True,,sample_0018.json
-a55Q6RWvTA$_$3,exact_text,35,things,35,35,things,35,10.579999923706055,10.800000190734863,10.579999923706055,10.800000190734863,10.5,10.72,0.08000019073486264,mandatory_unique_exact_token_pair_in_all_optimal_LCS_alignments,mfa_primary_exact_transcript_auto_qc_pass,A_exact_transcript,MFA 3.4.2 forced alignment of Whisper transcript,False,10.579999923706055,10.800000190734863,10.579999923706055,10.800000190734863,True,True,,sample_0018.json
-a55Q6RWvTA$_$3,exact_text,36,in,36,36,in,36,10.800000190734863,10.880000114440918,10.800000190734863,10.880000114440918,10.72,10.9,0.08000019073486264,mandatory_unique_exact_token_pair_in_all_optimal_LCS_alignments,mfa_primary_exact_transcript_auto_qc_pass,A_exact_transcript,MFA 3.4.2 forced alignment of Whisper transcript,False,10.800000190734863,10.880000114440918,10.800000190734863,10.880000114440918,True,True,,sample_0018.json
-a55Q6RWvTA$_$3,exact_text,37,life,37,37,life,37,10.880000114440918,11.220000267028809,10.880000114440918,11.220000267028809,10.9,11.12,0.10000026702880938,mandatory_unique_exact_token_pair_in_all_optimal_LCS_alignments,mfa_primary_exact_transcript_auto_qc_pass,A_exact_transcript,MFA 3.4.2 forced alignment of Whisper transcript,False,10.880000114440918,11.220000267028809,10.880000114440918,11.220000267028809,True,True,,sample_0018.json
-a55Q6RWvTA$_$3,exact_text,38,are,38,38,are,38,11.220000267028809,11.300000190734863,11.220000267028809,11.300000190734863,11.12,11.32,0.10000026702880938,mandatory_unique_exact_token_pair_in_all_optimal_LCS_alignments,mfa_primary_exact_transcript_auto_qc_pass,A_exact_transcript,MFA 3.4.2 forced alignment of Whisper transcript,False,11.220000267028809,11.300000190734863,11.220000267028809,11.300000190734863,True,True,,sample_0018.json
-a55Q6RWvTA$_$3,exact_text,39,free,39,39,free,39,11.300000190734863,11.850000381469727,11.300000190734863,11.850000381469727,11.32,11.7,0.15000038146972727,mandatory_unique_exact_token_pair_in_all_optimal_LCS_alignments,mfa_primary_exact_transcript_auto_qc_pass,A_exact_transcript,MFA 3.4.2 forced alignment of Whisper transcript,False,11.300000190734863,11.850000381469727,11.300000190734863,11.850000381469727,True,True,,sample_0018.json
-a55Q6RWvTA$_$3,exact_text,40,Reading,40,40,reading,40,12.359999656677246,12.720000267028809,12.359999656677246,12.720000267028809,12.42,12.62,0.10000026702880938,mandatory_unique_exact_token_pair_in_all_optimal_LCS_alignments,mfa_primary_exact_transcript_auto_qc_pass,A_exact_transcript,MFA 3.4.2 forced alignment of Whisper transcript,False,12.359999656677246,12.720000267028809,12.359999656677246,12.720000267028809,True,True,,sample_0018.json
-a55Q6RWvTA$_$3,exact_text,41,a,41,41,a,41,12.720000267028809,12.789999961853027,12.720000267028809,12.789999961853027,12.62,12.86,0.10000026702880938,mandatory_unique_exact_token_pair_in_all_optimal_LCS_alignments,mfa_primary_exact_transcript_auto_qc_pass,A_exact_transcript,MFA 3.4.2 forced alignment of Whisper transcript,False,12.720000267028809,12.789999961853027,12.720000267028809,12.789999961853027,True,True,,sample_0018.json
-a55Q6RWvTA$_$3,exact_text,42,book,42,42,book,42,12.789999961853027,13.210000038146973,12.789999961853027,13.210000038146973,12.86,13.18,0.07000003814697209,mandatory_unique_exact_token_pair_in_all_optimal_LCS_alignments,mfa_primary_exact_transcript_auto_qc_pass,A_exact_transcript,MFA 3.4.2 forced alignment of Whisper transcript,False,12.789999961853027,13.210000038146973,12.789999961853027,13.210000038146973,True,True,,sample_0018.json
-a55Q6RWvTA$_$3,exact_text,43,going,43,43,going,43,13.739999771118164,14.300000190734863,13.739999771118164,14.300000190734863,13.8,14.54,0.23999980926513587,mandatory_unique_exact_token_pair_in_all_optimal_LCS_alignments,mfa_primary_exact_transcript_auto_qc_pass,A_exact_transcript,MFA 3.4.2 forced alignment of Whisper transcript,False,13.739999771118164,14.300000190734863,13.739999771118164,14.300000190734863,True,True,,sample_0018.json
-a55Q6RWvTA$_$3,exact_text,44,for,44,44,for,44,14.300000190734863,14.4399995803833,14.300000190734863,14.4399995803833,14.54,14.76,0.320000419616699,mandatory_unique_exact_token_pair_in_all_optimal_LCS_alignments,mfa_primary_exact_transcript_auto_qc_pass,A_exact_transcript,MFA 3.4.2 forced alignment of Whisper transcript,False,14.300000190734863,14.4399995803833,14.300000190734863,14.4399995803833,True,True,,sample_0018.json
-a55Q6RWvTA$_$3,exact_text,45,a,45,45,a,45,14.4399995803833,14.470000267028809,14.4399995803833,14.470000267028809,14.76,14.86,0.38999973297119084,mandatory_unique_exact_token_pair_in_all_optimal_LCS_alignments,mfa_primary_exact_transcript_auto_qc_pass,A_exact_transcript,MFA 3.4.2 forced alignment of Whisper transcript,False,14.4399995803833,14.470000267028809,14.4399995803833,14.470000267028809,True,True,,sample_0018.json
-a55Q6RWvTA$_$3,exact_text,46,nice,46,46,nice,46,14.470000267028809,14.680000305175781,14.470000267028809,14.680000305175781,14.86,15.04,0.38999973297119084,mandatory_unique_exact_token_pair_in_all_optimal_LCS_alignments,mfa_primary_exact_transcript_auto_qc_pass,A_exact_transcript,MFA 3.4.2 forced alignment of Whisper transcript,False,14.470000267028809,14.680000305175781,14.470000267028809,14.680000305175781,True,True,,sample_0018.json
-a55Q6RWvTA$_$3,exact_text,47,walk,47,47,walk,47,14.680000305175781,15.140000343322754,14.680000305175781,15.140000343322754,15.04,15.46,0.3599996948242179,mandatory_unique_exact_token_pair_in_all_optimal_LCS_alignments,mfa_primary_exact_transcript_auto_qc_pass,A_exact_transcript,MFA 3.4.2 forced alignment of Whisper transcript,False,14.680000305175781,15.140000343322754,14.680000305175781,15.140000343322754,True,True,,sample_0018.json
-a55Q6RWvTA$_$3,exact_text,48,and,48,48,and,48,15.140000343322754,15.539999961853027,15.140000343322754,15.539999961853027,15.54,15.62,0.39999965667724524,mandatory_unique_exact_token_pair_in_all_optimal_LCS_alignments,mfa_primary_exact_transcript_auto_qc_pass,A_exact_transcript,MFA 3.4.2 forced alignment of Whisper transcript,False,15.140000343322754,15.539999961853027,15.140000343322754,15.539999961853027,True,True,,sample_0018.json
-a55Q6RWvTA$_$3,exact_text,49,of,49,49,of,49,15.539999961853027,15.649999618530273,15.539999961853027,15.649999618530273,15.62,15.68,0.08000003814697187,mandatory_unique_exact_token_pair_in_all_optimal_LCS_alignments,mfa_primary_exact_transcript_auto_qc_pass,A_exact_transcript,MFA 3.4.2 forced alignment of Whisper transcript,False,15.539999961853027,15.649999618530273,15.539999961853027,15.649999618530273,True,True,,sample_0018.json
-a55Q6RWvTA$_$3,exact_text,50,course,50,50,course,50,15.649999618530273,15.920000076293945,15.649999618530273,15.920000076293945,15.68,15.84,0.08000007629394545,mandatory_unique_exact_token_pair_in_all_optimal_LCS_alignments,mfa_primary_exact_transcript_auto_qc_pass,A_exact_transcript,MFA 3.4.2 forced alignment of Whisper transcript,False,15.649999618530273,15.920000076293945,15.649999618530273,15.920000076293945,True,True,,sample_0018.json
-a55Q6RWvTA$_$3,exact_text,51,combining,51,51,combining,51,15.920000076293945,16.540000915527344,15.920000076293945,16.540000915527344,15.84,16.36,0.18000091552734432,mandatory_unique_exact_token_pair_in_all_optimal_LCS_alignments,mfa_primary_exact_transcript_auto_qc_pass,A_exact_transcript,MFA 3.4.2 forced alignment of Whisper transcript,False,15.920000076293945,16.540000915527344,15.920000076293945,16.540000915527344,True,True,,sample_0018.json
-a55Q6RWvTA$_$3,exact_text,52,exercise,52,52,exercise,52,16.540000915527344,17.219999313354492,16.540000915527344,17.219999313354492,16.36,17.02,0.1999993133544926,mandatory_unique_exact_token_pair_in_all_optimal_LCS_alignments,mfa_primary_exact_transcript_auto_qc_pass,A_exact_transcript,MFA 3.4.2 forced alignment of Whisper transcript,False,16.540000915527344,17.219999313354492,16.540000915527344,17.219999313354492,True,True,,sample_0018.json
-a55Q6RWvTA$_$3,exact_text,53,and,53,53,and,53,17.219999313354492,17.329999923706055,17.219999313354492,17.329999923706055,17.02,17.3,0.1999993133544926,mandatory_unique_exact_token_pair_in_all_optimal_LCS_alignments,mfa_primary_exact_transcript_auto_qc_pass,A_exact_transcript,MFA 3.4.2 forced alignment of Whisper transcript,False,17.219999313354492,17.329999923706055,17.219999313354492,17.329999923706055,True,True,,sample_0018.json
-a55Q6RWvTA$_$3,exact_text,54,various,54,54,various,54,17.329999923706055,17.670000076293945,17.329999923706055,17.670000076293945,17.3,17.54,0.13000007629394617,mandatory_unique_exact_token_pair_in_all_optimal_LCS_alignments,mfa_primary_exact_transcript_auto_qc_pass,A_exact_transcript,MFA 3.4.2 forced alignment of Whisper transcript,False,17.329999923706055,17.670000076293945,17.329999923706055,17.670000076293945,True,True,,sample_0018.json
-a55Q6RWvTA$_$3,exact_text,55,things,55,55,things,55,17.670000076293945,17.8700008392334,17.670000076293945,17.8700008392334,17.54,17.82,0.13000007629394617,mandatory_unique_exact_token_pair_in_all_optimal_LCS_alignments,mfa_primary_exact_transcript_auto_qc_pass,A_exact_transcript,MFA 3.4.2 forced alignment of Whisper transcript,False,17.670000076293945,17.8700008392334,17.670000076293945,17.8700008392334,True,True,,sample_0018.json
-a55Q6RWvTA$_$3,exact_text,56,of,56,56,of,56,17.8700008392334,17.950000762939453,17.8700008392334,17.950000762939453,17.82,17.98,0.05000083923339815,mandatory_unique_exact_token_pair_in_all_optimal_LCS_alignments,mfa_primary_exact_transcript_auto_qc_pass,A_exact_transcript,MFA 3.4.2 forced alignment of Whisper transcript,False,17.8700008392334,17.950000762939453,17.8700008392334,17.950000762939453,True,True,,sample_0018.json
-a55Q6RWvTA$_$3,exact_text,57,that,57,57,that,57,17.950000762939453,18.110000610351562,17.950000762939453,18.110000610351562,17.98,18.06,0.05000061035156378,mandatory_unique_exact_token_pair_in_all_optimal_LCS_alignments,mfa_primary_exact_transcript_auto_qc_pass,A_exact_transcript,MFA 3.4.2 forced alignment of Whisper transcript,False,17.950000762939453,18.110000610351562,17.950000762939453,18.110000610351562,True,True,,sample_0018.json
-a55Q6RWvTA$_$3,exact_text,58,nature,58,58,nature,58,18.110000610351562,18.6299991607666,18.110000610351562,18.6299991607666,18.06,18.5,0.12999916076660156,mandatory_unique_exact_token_pair_in_all_optimal_LCS_alignments,mfa_primary_exact_transcript_auto_qc_pass,A_exact_transcript,MFA 3.4.2 forced alignment of Whisper transcript,False,18.110000610351562,18.6299991607666,18.110000610351562,18.6299991607666,True,True,,sample_0018.json
-a55Q6RWvTA$_$3,exact_text,59,where,59,59,where,59,18.940000534057617,19.059999465942383,18.940000534057617,19.059999465942383,18.88,19.06,0.06000053405761818,mandatory_unique_exact_token_pair_in_all_optimal_LCS_alignments,mfa_primary_exact_transcript_auto_qc_pass,A_exact_transcript,MFA 3.4.2 forced alignment of Whisper transcript,False,18.940000534057617,19.059999465942383,18.940000534057617,19.059999465942383,True,True,,sample_0018.json
-a55Q6RWvTA$_$3,exact_text,60,you're,60,60,you're,60,19.059999465942383,19.170000076293945,19.059999465942383,19.170000076293945,19.06,19.22,0.04999992370605355,mandatory_unique_exact_token_pair_in_all_optimal_LCS_alignments,mfa_primary_exact_transcript_auto_qc_pass,A_exact_transcript,MFA 3.4.2 forced alignment of Whisper transcript,False,19.059999465942383,19.170000076293945,19.059999465942383,19.170000076293945,True,True,,sample_0018.json
-a55Q6RWvTA$_$3,exact_text,61,not,61,61,not,61,19.170000076293945,19.440000534057617,19.170000076293945,19.440000534057617,19.22,19.4,0.04999992370605355,mandatory_unique_exact_token_pair_in_all_optimal_LCS_alignments,mfa_primary_exact_transcript_auto_qc_pass,A_exact_transcript,MFA 3.4.2 forced alignment of Whisper transcript,False,19.170000076293945,19.440000534057617,19.170000076293945,19.440000534057617,True,True,,sample_0018.json
-a55Q6RWvTA$_$3,exact_text,62,spending,62,62,spending,62,19.440000534057617,20.110000610351562,19.440000534057617,20.110000610351562,19.4,19.9,0.21000061035156392,mandatory_unique_exact_token_pair_in_all_optimal_LCS_alignments,mfa_primary_exact_transcript_auto_qc_pass,A_exact_transcript,MFA 3.4.2 forced alignment of Whisper transcript,False,19.440000534057617,20.110000610351562,19.440000534057617,20.110000610351562,True,True,,sample_0018.json
-a55Q6RWvTA$_$3,exact_text,63,money,63,63,money,63,20.110000610351562,20.729999542236328,20.110000610351562,20.729999542236328,19.9,20.58,0.21000061035156392,mandatory_unique_exact_token_pair_in_all_optimal_LCS_alignments,mfa_primary_exact_transcript_auto_qc_pass,A_exact_transcript,MFA 3.4.2 forced alignment of Whisper transcript,False,20.110000610351562,20.729999542236328,20.110000610351562,20.729999542236328,True,True,,sample_0018.json
-a55Q6RWvTA$_$3,exact_text,64,per,64,64,per,64,20.799999237060547,21.100000381469727,20.799999237060547,21.100000381469727,20.58,21.06,0.21999923706054858,mandatory_unique_exact_token_pair_in_all_optimal_LCS_alignments,mfa_primary_exact_transcript_auto_qc_pass,A_exact_transcript,MFA 3.4.2 forced alignment of Whisper transcript,False,20.799999237060547,21.100000381469727,20.799999237060547,21.100000381469727,True,True,,sample_0018.json
-a55Q6RWvTA$_$3,exact_text,65,se,65,65,se,65,21.100000381469727,21.59000015258789,21.100000381469727,21.59000015258789,21.06,21.46,0.13000015258788977,mandatory_unique_exact_token_pair_in_all_optimal_LCS_alignments,mfa_primary_exact_transcript_auto_qc_pass,A_exact_transcript,MFA 3.4.2 forced alignment of Whisper transcript,False,21.100000381469727,21.59000015258789,21.100000381469727,21.59000015258789,True,True,,sample_0018.json
-aNfi7CP8vM$_$7,exact_text,1,Maybe,1,1,maybe,1,0.5,0.7400000095367432,0.5,0.7400000095367432,0.0,0.68,0.5,mandatory_unique_exact_token_pair_in_all_optimal_LCS_alignments,mfa_primary_exact_transcript_auto_qc_pass,A_exact_transcript,MFA 3.4.2 forced alignment of Whisper transcript,False,0.5,0.7400000095367432,0.5,0.7400000095367432,True,True,,sample_0019.json
-aNfi7CP8vM$_$7,exact_text,2,they,2,2,they,2,0.7400000095367432,0.8899999856948853,0.7400000095367432,0.8899999856948853,0.68,0.9,0.060000009536743115,mandatory_unique_exact_token_pair_in_all_optimal_LCS_alignments,mfa_primary_exact_transcript_auto_qc_pass,A_exact_transcript,MFA 3.4.2 forced alignment of Whisper transcript,False,0.7400000095367432,0.8899999856948853,0.7400000095367432,0.8899999856948853,True,True,,sample_0019.json
-aNfi7CP8vM$_$7,exact_text,3,have,3,3,have,3,0.8899999856948853,1.1100000143051147,0.8899999856948853,1.1100000143051147,0.9,1.04,0.07000001430511471,mandatory_unique_exact_token_pair_in_all_optimal_LCS_alignments,mfa_primary_exact_transcript_auto_qc_pass,A_exact_transcript,MFA 3.4.2 forced alignment of Whisper transcript,False,0.8899999856948853,1.1100000143051147,0.8899999856948853,1.1100000143051147,True,True,,sample_0019.json
-aNfi7CP8vM$_$7,exact_text,4,no,4,4,no,4,1.1100000143051147,2.140000104904175,1.1100000143051147,2.140000104904175,1.04,2.06,0.08000010490417475,mandatory_unique_exact_token_pair_in_all_optimal_LCS_alignments,mfa_primary_exact_transcript_auto_qc_pass,A_exact_transcript,MFA 3.4.2 forced alignment of Whisper transcript,False,1.1100000143051147,2.140000104904175,1.1100000143051147,2.140000104904175,True,True,,sample_0019.json
-aNfi7CP8vM$_$7,exact_text,5,political,5,5,political,5,2.1700000762939453,2.619999885559082,2.1700000762939453,2.619999885559082,2.06,2.44,0.17999988555908208,mandatory_unique_exact_token_pair_in_all_optimal_LCS_alignments,mfa_primary_exact_transcript_auto_qc_pass,A_exact_transcript,MFA 3.4.2 forced alignment of Whisper transcript,False,2.1700000762939453,2.619999885559082,2.1700000762939453,2.619999885559082,True,True,,sample_0019.json
-aNfi7CP8vM$_$7,exact_text,6,party,6,6,party,6,2.619999885559082,3.0,2.619999885559082,3.0,2.44,2.92,0.17999988555908208,mandatory_unique_exact_token_pair_in_all_optimal_LCS_alignments,mfa_primary_exact_transcript_auto_qc_pass,A_exact_transcript,MFA 3.4.2 forced alignment of Whisper transcript,False,2.619999885559082,3.0,2.619999885559082,3.0,True,True,,sample_0019.json
-aNfi7CP8vM$_$7,exact_text,7,affiliation,7,7,affiliation,7,3.0,3.950000047683716,3.0,3.950000047683716,2.92,3.56,0.39000004768371577,mandatory_unique_exact_token_pair_in_all_optimal_LCS_alignments,mfa_primary_exact_transcript_auto_qc_pass,A_exact_transcript,MFA 3.4.2 forced alignment of Whisper transcript,False,3.0,3.950000047683716,3.0,3.950000047683716,True,True,,sample_0019.json
-aNfi7CP8vM$_$7,exact_text,8,they're,8,8,they're,8,4.269999980926514,4.429999828338623,4.269999980926514,4.429999828338623,4.22,4.42,0.04999998092651392,mandatory_unique_exact_token_pair_in_all_optimal_LCS_alignments,mfa_primary_exact_transcript_auto_qc_pass,A_exact_transcript,MFA 3.4.2 forced alignment of Whisper transcript,False,4.269999980926514,4.429999828338623,4.269999980926514,4.429999828338623,True,True,,sample_0019.json
-aNfi7CP8vM$_$7,exact_text,9,not,9,9,not,9,4.429999828338623,4.739999771118164,4.429999828338623,4.739999771118164,4.42,4.62,0.11999977111816396,mandatory_unique_exact_token_pair_in_all_optimal_LCS_alignments,mfa_primary_exact_transcript_auto_qc_pass,A_exact_transcript,MFA 3.4.2 forced alignment of Whisper transcript,False,4.429999828338623,4.739999771118164,4.429999828338623,4.739999771118164,True,True,,sample_0019.json
-aNfi7CP8vM$_$7,exact_text,10,interested,10,10,interested,10,4.739999771118164,5.199999809265137,4.739999771118164,5.199999809265137,4.62,5.0,0.19999980926513672,mandatory_unique_exact_token_pair_in_all_optimal_LCS_alignments,mfa_primary_exact_transcript_auto_qc_pass,A_exact_transcript,MFA 3.4.2 forced alignment of Whisper transcript,False,4.739999771118164,5.199999809265137,4.739999771118164,5.199999809265137,True,True,,sample_0019.json
-aNfi7CP8vM$_$7,exact_text,11,in,11,11,in,11,5.199999809265137,5.289999961853027,5.199999809265137,5.289999961853027,5.0,5.34,0.19999980926513672,mandatory_unique_exact_token_pair_in_all_optimal_LCS_alignments,mfa_primary_exact_transcript_auto_qc_pass,A_exact_transcript,MFA 3.4.2 forced alignment of Whisper transcript,False,5.199999809265137,5.289999961853027,5.199999809265137,5.289999961853027,True,True,,sample_0019.json
-aNfi7CP8vM$_$7,exact_text,12,politics,12,12,politics,12,5.289999961853027,5.96999979019165,5.289999961853027,5.96999979019165,5.34,5.64,0.3299997901916507,mandatory_unique_exact_token_pair_in_all_optimal_LCS_alignments,mfa_primary_exact_transcript_auto_qc_pass,A_exact_transcript,MFA 3.4.2 forced alignment of Whisper transcript,False,5.289999961853027,5.96999979019165,5.289999961853027,5.96999979019165,True,True,,sample_0019.json
-aNfi7CP8vM$_$7,exact_text,13,they,13,13,they,13,5.96999979019165,6.130000114440918,5.96999979019165,6.130000114440918,6.0,6.12,0.03000020980834961,mandatory_unique_exact_token_pair_in_all_optimal_LCS_alignments,mfa_primary_exact_transcript_auto_qc_pass,A_exact_transcript,MFA 3.4.2 forced alignment of Whisper transcript,False,5.96999979019165,6.130000114440918,5.96999979019165,6.130000114440918,True,True,,sample_0019.json
-aNfi7CP8vM$_$7,exact_text,14,could,14,14,could,14,6.130000114440918,6.300000190734863,6.130000114440918,6.300000190734863,6.12,6.28,0.020000190734863033,mandatory_unique_exact_token_pair_in_all_optimal_LCS_alignments,mfa_primary_exact_transcript_auto_qc_pass,A_exact_transcript,MFA 3.4.2 forced alignment of Whisper transcript,False,6.130000114440918,6.300000190734863,6.130000114440918,6.300000190734863,True,True,,sample_0019.json
-aNfi7CP8vM$_$7,exact_text,15,care,15,15,care,15,6.300000190734863,6.519999980926514,6.300000190734863,6.519999980926514,6.28,6.48,0.039999980926513246,mandatory_unique_exact_token_pair_in_all_optimal_LCS_alignments,mfa_primary_exact_transcript_auto_qc_pass,A_exact_transcript,MFA 3.4.2 forced alignment of Whisper transcript,False,6.300000190734863,6.519999980926514,6.300000190734863,6.519999980926514,True,True,,sample_0019.json
-aNfi7CP8vM$_$7,exact_text,16,less,16,16,less,16,6.519999980926514,6.860000133514404,6.519999980926514,6.860000133514404,6.48,6.76,0.10000013351440451,mandatory_unique_exact_token_pair_in_all_optimal_LCS_alignments,mfa_primary_exact_transcript_auto_qc_pass,A_exact_transcript,MFA 3.4.2 forced alignment of Whisper transcript,False,6.519999980926514,6.860000133514404,6.519999980926514,6.860000133514404,True,True,,sample_0019.json
-aNfi7CP8vM$_$7,exact_text,17,about,17,17,about,17,6.860000133514404,7.159999847412109,6.860000133514404,7.159999847412109,6.76,7.08,0.10000013351440451,mandatory_unique_exact_token_pair_in_all_optimal_LCS_alignments,mfa_primary_exact_transcript_auto_qc_pass,A_exact_transcript,MFA 3.4.2 forced alignment of Whisper transcript,False,6.860000133514404,7.159999847412109,6.860000133514404,7.159999847412109,True,True,,sample_0019.json
-aNfi7CP8vM$_$7,exact_text,18,politics,18,18,politics,18,7.159999847412109,8.0,7.159999847412109,8.0,7.08,7.72,0.28000000000000025,mandatory_unique_exact_token_pair_in_all_optimal_LCS_alignments,mfa_primary_exact_transcript_auto_qc_pass,A_exact_transcript,MFA 3.4.2 forced alignment of Whisper transcript,False,7.159999847412109,8.0,7.159999847412109,8.0,True,True,,sample_0019.json
-aqamKhZ1Ec$_$0,text_mismatch,1,In,1,1,in,1,0.03999999910593033,0.10000000149011612,0.03999999910593033,0.10000000149011612,0.0,0.36,0.25999999850988387,mandatory_unique_exact_token_pair_in_all_optimal_LCS_alignments,mfa_primary_unique_word_overlap_auto_qc_pass,B_unique_word_overlap_in_mismatched_transcript,MFA 3.4.2 forced alignment of Whisper transcript,False,0.03999999910593033,0.10000000149011612,0.03999999910593033,0.10000000149011612,True,True,,sample_0020.json
-aqamKhZ1Ec$_$0,text_mismatch,2,2008,2,2,2008,2,0.10000000149011612,0.9399999976158142,0.10000000149011612,0.9399999976158142,0.36,1.42,0.4800000023841857,mandatory_unique_exact_token_pair_in_all_optimal_LCS_alignments,mfa_primary_unique_word_overlap_auto_qc_pass,B_unique_word_overlap_in_mismatched_transcript,MFA 3.4.2 forced alignment of Whisper transcript,False,0.10000000149011612,0.9399999976158142,0.10000000149011612,0.9399999976158142,True,True,,sample_0020.json
-aqamKhZ1Ec$_$0,text_mismatch,3,there,3,3,there,3,2.859999895095825,2.990000009536743,2.859999895095825,2.990000009536743,1.92,3.0,0.9399998950958253,mandatory_unique_exact_token_pair_in_all_optimal_LCS_alignments,mfa_whisper_discrepancy_over_0_5s_null_primary,B_unique_word_overlap_in_mismatched_transcript,MFA 3.4.2 forced alignment of Whisper transcript,True,,,,,False,True,mfa_whisper_edge_difference_over_0_5s,sample_0020.json
-aqamKhZ1Ec$_$0,text_mismatch,4,were,4,4,were,4,2.990000009536743,3.059999942779541,2.990000009536743,3.059999942779541,3.0,3.14,0.08000005722045911,mandatory_unique_exact_token_pair_in_all_optimal_LCS_alignments,mfa_primary_unique_word_overlap_auto_qc_pass,B_unique_word_overlap_in_mismatched_transcript,MFA 3.4.2 forced alignment of Whisper transcript,False,2.990000009536743,3.059999942779541,2.990000009536743,3.059999942779541,True,True,,sample_0020.json
-aqamKhZ1Ec$_$0,text_mismatch,5,very,5,5,very,5,3.059999942779541,3.5199999809265137,3.059999942779541,3.5199999809265137,3.14,3.5,0.08000005722045911,mandatory_unique_exact_token_pair_in_all_optimal_LCS_alignments,mfa_primary_unique_word_overlap_auto_qc_pass,B_unique_word_overlap_in_mismatched_transcript,MFA 3.4.2 forced alignment of Whisper transcript,False,3.059999942779541,3.5199999809265137,3.059999942779541,3.5199999809265137,True,True,,sample_0020.json
-aqamKhZ1Ec$_$0,text_mismatch,6,serious,6,6,serious,6,3.5199999809265137,4.099999904632568,3.5199999809265137,4.099999904632568,3.5,4.06,0.03999990463256875,mandatory_unique_exact_token_pair_in_all_optimal_LCS_alignments,mfa_primary_unique_word_overlap_auto_qc_pass,B_unique_word_overlap_in_mismatched_transcript,MFA 3.4.2 forced alignment of Whisper transcript,False,3.5199999809265137,4.099999904632568,3.5199999809265137,4.099999904632568,True,True,,sample_0020.json
-aqamKhZ1Ec$_$0,text_mismatch,7,tribal,7,7,tribal,7,4.099999904632568,4.449999809265137,4.099999904632568,4.449999809265137,4.06,4.48,0.03999990463256875,mandatory_unique_exact_token_pair_in_all_optimal_LCS_alignments,mfa_primary_unique_word_overlap_auto_qc_pass,B_unique_word_overlap_in_mismatched_transcript,MFA 3.4.2 forced alignment of Whisper transcript,False,4.099999904632568,4.449999809265137,4.099999904632568,4.449999809265137,True,True,,sample_0020.json
-aqamKhZ1Ec$_$0,text_mismatch,8,warfare,8,8,warfare,8,4.769999980926514,5.210000038146973,4.769999980926514,5.210000038146973,4.48,5.14,0.28999998092651325,mandatory_unique_exact_token_pair_in_all_optimal_LCS_alignments,mfa_primary_unique_word_overlap_auto_qc_pass,B_unique_word_overlap_in_mismatched_transcript,MFA 3.4.2 forced alignment of Whisper transcript,False,4.769999980926514,5.210000038146973,4.769999980926514,5.210000038146973,True,True,,sample_0020.json
-aqamKhZ1Ec$_$0,text_mismatch,9,in,9,9,in,9,5.869999885559082,5.929999828338623,5.869999885559082,5.929999828338623,5.14,5.6,0.7299998855590824,mandatory_unique_exact_token_pair_in_all_optimal_LCS_alignments,mfa_whisper_discrepancy_over_0_5s_null_primary,B_unique_word_overlap_in_mismatched_transcript,MFA 3.4.2 forced alignment of Whisper transcript,True,,,,,False,True,mfa_whisper_edge_difference_over_0_5s,sample_0020.json
-aqamKhZ1Ec$_$0,text_mismatch,10,Kenya,10,10,kenya,10,5.929999828338623,6.289999961853027,5.929999828338623,6.289999961853027,5.6,6.3,0.3299998283386234,mandatory_unique_exact_token_pair_in_all_optimal_LCS_alignments,mfa_primary_unique_word_overlap_auto_qc_pass,B_unique_word_overlap_in_mismatched_transcript,MFA 3.4.2 forced alignment of Whisper transcript,False,5.929999828338623,6.289999961853027,5.929999828338623,6.289999961853027,True,True,,sample_0020.json
-aqamKhZ1Ec$_$0,text_mismatch,11,following,13,13,following,13,7.889999866485596,9.359999656677246,7.889999866485596,9.359999656677246,7.84,9.16,0.19999965667724595,mandatory_unique_exact_token_pair_in_all_optimal_LCS_alignments,mfa_primary_unique_word_overlap_auto_qc_pass,B_unique_word_overlap_in_mismatched_transcript,MFA 3.4.2 forced alignment of Whisper transcript,False,7.889999866485596,9.359999656677246,7.889999866485596,9.359999656677246,True,True,,sample_0020.json
-aqamKhZ1Ec$_$0,text_mismatch,12,a,14,14,a,14,9.359999656677246,9.40999984741211,9.359999656677246,9.40999984741211,9.16,9.48,0.19999965667724595,mandatory_unique_exact_token_pair_in_all_optimal_LCS_alignments,mfa_primary_unique_word_overlap_auto_qc_pass,B_unique_word_overlap_in_mismatched_transcript,MFA 3.4.2 forced alignment of Whisper transcript,False,9.359999656677246,9.40999984741211,9.359999656677246,9.40999984741211,True,True,,sample_0020.json
-aqamKhZ1Ec$_$0,text_mismatch,13,disputed,15,15,disputed,15,9.40999984741211,9.930000305175781,9.40999984741211,9.930000305175781,9.48,9.82,0.11000030517578097,mandatory_unique_exact_token_pair_in_all_optimal_LCS_alignments,mfa_primary_unique_word_overlap_auto_qc_pass,B_unique_word_overlap_in_mismatched_transcript,MFA 3.4.2 forced alignment of Whisper transcript,False,9.40999984741211,9.930000305175781,9.40999984741211,9.930000305175781,True,True,,sample_0020.json
-aqamKhZ1Ec$_$0,text_mismatch,14,election,16,16,election,16,9.930000305175781,10.380000114440918,9.930000305175781,10.380000114440918,9.82,10.38,0.11000030517578097,mandatory_unique_exact_token_pair_in_all_optimal_LCS_alignments,mfa_primary_unique_word_overlap_auto_qc_pass,B_unique_word_overlap_in_mismatched_transcript,MFA 3.4.2 forced alignment of Whisper transcript,False,9.930000305175781,10.380000114440918,9.930000305175781,10.380000114440918,True,True,,sample_0020.json
-dxfTGcXJoc$_$1,text_mismatch,1,For,1,1,for,1,0.49000000953674316,0.6299999952316284,0.49000000953674316,0.6299999952316284,0.0,0.6,0.49000000953674316,mandatory_unique_exact_token_pair_in_all_optimal_LCS_alignments,mfa_primary_unique_word_overlap_auto_qc_pass,B_unique_word_overlap_in_mismatched_transcript,MFA 3.4.2 forced alignment of Whisper transcript,False,0.49000000953674316,0.6299999952316284,0.49000000953674316,0.6299999952316284,True,True,,sample_0021.json
-dxfTGcXJoc$_$1,text_mismatch,2,the,2,2,the,2,0.6299999952316284,0.7099999785423279,0.6299999952316284,0.7099999785423279,0.6,0.76,0.05000002145767213,mandatory_unique_exact_token_pair_in_all_optimal_LCS_alignments,mfa_primary_unique_word_overlap_auto_qc_pass,B_unique_word_overlap_in_mismatched_transcript,MFA 3.4.2 forced alignment of Whisper transcript,False,0.6299999952316284,0.7099999785423279,0.6299999952316284,0.7099999785423279,True,True,,sample_0021.json
-dxfTGcXJoc$_$1,text_mismatch,3,10th,,,,,,,,,,,,mandatory_unique_exact_token_pair_in_all_optimal_LCS_alignments,official_word_unmatched_or_ambiguous_in_asr,,,False,,,,,False,False,,sample_0021.json
-dxfTGcXJoc$_$1,text_mismatch,4,straight,4,4,straight,4,1.0399999618530273,1.4700000286102295,1.0399999618530273,1.4700000286102295,0.98,1.36,0.1100000286102294,mandatory_unique_exact_token_pair_in_all_optimal_LCS_alignments,mfa_primary_unique_word_overlap_auto_qc_pass,B_unique_word_overlap_in_mismatched_transcript,MFA 3.4.2 forced alignment of Whisper transcript,False,1.0399999618530273,1.4700000286102295,1.0399999618530273,1.4700000286102295,True,True,,sample_0021.json
-dxfTGcXJoc$_$1,text_mismatch,5,year,5,5,year,5,1.4700000286102295,1.8200000524520874,1.4700000286102295,1.8200000524520874,1.36,1.84,0.1100000286102294,mandatory_unique_exact_token_pair_in_all_optimal_LCS_alignments,mfa_primary_unique_word_overlap_auto_qc_pass,B_unique_word_overlap_in_mismatched_transcript,MFA 3.4.2 forced alignment of Whisper transcript,False,1.4700000286102295,1.8200000524520874,1.4700000286102295,1.8200000524520874,True,True,,sample_0021.json
-dxfTGcXJoc$_$1,text_mismatch,6,some,6,6,some,6,2.140000104904175,2.5999999046325684,2.140000104904175,2.5999999046325684,2.28,2.52,0.139999895095825,mandatory_unique_exact_token_pair_in_all_optimal_LCS_alignments,mfa_primary_unique_word_overlap_auto_qc_pass,B_unique_word_overlap_in_mismatched_transcript,MFA 3.4.2 forced alignment of Whisper transcript,False,2.140000104904175,2.5999999046325684,2.140000104904175,2.5999999046325684,True,True,,sample_0021.json
-dxfTGcXJoc$_$1,text_mismatch,7,of,7,7,of,7,2.5999999046325684,2.7300000190734863,2.5999999046325684,2.7300000190734863,2.52,2.72,0.07999990463256834,mandatory_unique_exact_token_pair_in_all_optimal_LCS_alignments,mfa_primary_unique_word_overlap_auto_qc_pass,B_unique_word_overlap_in_mismatched_transcript,MFA 3.4.2 forced alignment of Whisper transcript,False,2.5999999046325684,2.7300000190734863,2.5999999046325684,2.7300000190734863,True,True,,sample_0021.json
-dxfTGcXJoc$_$1,text_mismatch,8,Kentucky's,8,8,kentucky's,8,2.7300000190734863,3.2699999809265137,2.7300000190734863,3.2699999809265137,2.72,3.28,0.010000019073486133,mandatory_unique_exact_token_pair_in_all_optimal_LCS_alignments,mfa_primary_unique_word_overlap_auto_qc_pass,B_unique_word_overlap_in_mismatched_transcript,MFA 3.4.2 forced alignment of Whisper transcript,False,2.7300000190734863,3.2699999809265137,2.7300000190734863,3.2699999809265137,True,True,,sample_0021.json
-dxfTGcXJoc$_$1,text_mismatch,9,best,9,9,best,9,3.2699999809265137,3.7899999618530273,3.2699999809265137,3.7899999618530273,3.28,3.64,0.14999996185302722,mandatory_unique_exact_token_pair_in_all_optimal_LCS_alignments,mfa_primary_unique_word_overlap_auto_qc_pass,B_unique_word_overlap_in_mismatched_transcript,MFA 3.4.2 forced alignment of Whisper transcript,False,3.2699999809265137,3.7899999618530273,3.2699999809265137,3.7899999618530273,True,True,,sample_0021.json
-dxfTGcXJoc$_$1,text_mismatch,10,and,10,10,and,10,3.8299999237060547,4.039999961853027,3.8299999237060547,4.039999961853027,3.64,4.0,0.18999992370605456,mandatory_unique_exact_token_pair_in_all_optimal_LCS_alignments,mfa_primary_unique_word_overlap_auto_qc_pass,B_unique_word_overlap_in_mismatched_transcript,MFA 3.4.2 forced alignment of Whisper transcript,False,3.8299999237060547,4.039999961853027,3.8299999237060547,4.039999961853027,True,True,,sample_0021.json
-dxfTGcXJoc$_$1,text_mismatch,11,most,11,11,most,11,4.039999961853027,4.320000171661377,4.039999961853027,4.320000171661377,4.0,4.26,0.060000171661377166,mandatory_unique_exact_token_pair_in_all_optimal_LCS_alignments,mfa_primary_unique_word_overlap_auto_qc_pass,B_unique_word_overlap_in_mismatched_transcript,MFA 3.4.2 forced alignment of Whisper transcript,False,4.039999961853027,4.320000171661377,4.039999961853027,4.320000171661377,True,True,,sample_0021.json
-dxfTGcXJoc$_$1,text_mismatch,12,innovative,12,12,innovative,12,4.369999885559082,4.909999847412109,4.369999885559082,4.909999847412109,4.26,4.86,0.10999988555908224,mandatory_unique_exact_token_pair_in_all_optimal_LCS_alignments,mfa_primary_unique_word_overlap_auto_qc_pass,B_unique_word_overlap_in_mismatched_transcript,MFA 3.4.2 forced alignment of Whisper transcript,False,4.369999885559082,4.909999847412109,4.369999885559082,4.909999847412109,True,True,,sample_0021.json
-dxfTGcXJoc$_$1,text_mismatch,13,biotech,13,13,biotech,13,4.909999847412109,5.460000038146973,4.909999847412109,5.460000038146973,4.86,5.28,0.1800000381469724,mandatory_unique_exact_token_pair_in_all_optimal_LCS_alignments,mfa_primary_unique_word_overlap_auto_qc_pass,B_unique_word_overlap_in_mismatched_transcript,MFA 3.4.2 forced alignment of Whisper transcript,False,4.909999847412109,5.460000038146973,4.909999847412109,5.460000038146973,True,True,,sample_0021.json
-dxfTGcXJoc$_$1,text_mismatch,14,companies,14,14,companies,14,5.539999961853027,6.03000020980835,5.539999961853027,6.03000020980835,5.28,5.9,0.2599999618530271,mandatory_unique_exact_token_pair_in_all_optimal_LCS_alignments,mfa_primary_unique_word_overlap_auto_qc_pass,B_unique_word_overlap_in_mismatched_transcript,MFA 3.4.2 forced alignment of Whisper transcript,False,5.539999961853027,6.03000020980835,5.539999961853027,6.03000020980835,True,True,,sample_0021.json
-dxfTGcXJoc$_$1,text_mismatch,15,and,15,15,and,15,6.03000020980835,6.199999809265137,6.03000020980835,6.199999809265137,5.9,6.16,0.13000020980834925,mandatory_unique_exact_token_pair_in_all_optimal_LCS_alignments,mfa_primary_unique_word_overlap_auto_qc_pass,B_unique_word_overlap_in_mismatched_transcript,MFA 3.4.2 forced alignment of Whisper transcript,False,6.03000020980835,6.199999809265137,6.03000020980835,6.199999809265137,True,True,,sample_0021.json
-dxfTGcXJoc$_$1,text_mismatch,16,technologies,16,16,technologies,16,6.199999809265137,7.0,6.199999809265137,7.0,6.16,6.84,0.16000000000000014,mandatory_unique_exact_token_pair_in_all_optimal_LCS_alignments,mfa_primary_unique_word_overlap_auto_qc_pass,B_unique_word_overlap_in_mismatched_transcript,MFA 3.4.2 forced alignment of Whisper transcript,False,6.199999809265137,7.0,6.199999809265137,7.0,True,True,,sample_0021.json
-dxfTGcXJoc$_$1,text_mismatch,17,were,17,17,were,17,7.309999942779541,7.539999961853027,7.309999942779541,7.539999961853027,6.84,7.46,0.46999994277954116,mandatory_unique_exact_token_pair_in_all_optimal_LCS_alignments,mfa_primary_unique_word_overlap_auto_qc_pass,B_unique_word_overlap_in_mismatched_transcript,MFA 3.4.2 forced alignment of Whisper transcript,False,7.309999942779541,7.539999961853027,7.309999942779541,7.539999961853027,True,True,,sample_0021.json
-dxfTGcXJoc$_$1,text_mismatch,18,on,18,18,on,18,7.539999961853027,7.800000190734863,7.539999961853027,7.800000190734863,7.46,7.76,0.07999996185302738,mandatory_unique_exact_token_pair_in_all_optimal_LCS_alignments,mfa_primary_unique_word_overlap_auto_qc_pass,B_unique_word_overlap_in_mismatched_transcript,MFA 3.4.2 forced alignment of Whisper transcript,False,7.539999961853027,7.800000190734863,7.539999961853027,7.800000190734863,True,True,,sample_0021.json
-dxfTGcXJoc$_$1,text_mismatch,19,display,19,19,display,19,7.800000190734863,8.550000190734863,7.800000190734863,8.550000190734863,7.76,8.32,0.230000190734863,mandatory_unique_exact_token_pair_in_all_optimal_LCS_alignments,mfa_primary_unique_word_overlap_auto_qc_pass,B_unique_word_overlap_in_mismatched_transcript,MFA 3.4.2 forced alignment of Whisper transcript,False,7.800000190734863,8.550000190734863,7.800000190734863,8.550000190734863,True,True,,sample_0021.json
-dxfTGcXJoc$_$1,text_mismatch,20,at,20,20,at,20,8.550000190734863,8.770000457763672,8.550000190734863,8.770000457763672,8.32,8.74,0.230000190734863,mandatory_unique_exact_token_pair_in_all_optimal_LCS_alignments,mfa_primary_unique_word_overlap_auto_qc_pass,B_unique_word_overlap_in_mismatched_transcript,MFA 3.4.2 forced alignment of Whisper transcript,False,8.550000190734863,8.770000457763672,8.550000190734863,8.770000457763672,True,True,,sample_0021.json
-dxfTGcXJoc$_$1,text_mismatch,21,the,21,21,the,21,8.770000457763672,8.979999542236328,8.770000457763672,8.979999542236328,8.74,8.94,0.03999954223632862,mandatory_unique_exact_token_pair_in_all_optimal_LCS_alignments,mfa_primary_unique_word_overlap_auto_qc_pass,B_unique_word_overlap_in_mismatched_transcript,MFA 3.4.2 forced alignment of Whisper transcript,False,8.770000457763672,8.979999542236328,8.770000457763672,8.979999542236328,True,True,,sample_0021.json
-dxfTGcXJoc$_$1,text_mismatch,22,annual,22,22,annual,22,8.979999542236328,9.5,8.979999542236328,9.5,8.94,9.4,0.09999999999999964,mandatory_unique_exact_token_pair_in_all_optimal_LCS_alignments,mfa_primary_unique_word_overlap_auto_qc_pass,B_unique_word_overlap_in_mismatched_transcript,MFA 3.4.2 forced alignment of Whisper transcript,False,8.979999542236328,9.5,8.979999542236328,9.5,True,True,,sample_0021.json
-dxfTGcXJoc$_$1,text_mismatch,23,BIO,23,23,bio,23,9.5600004196167,10.149999618530273,9.5600004196167,10.149999618530273,9.4,9.92,0.2299996185302735,mandatory_unique_exact_token_pair_in_all_optimal_LCS_alignments,mfa_primary_unique_word_overlap_auto_qc_pass,B_unique_word_overlap_in_mismatched_transcript,MFA 3.4.2 forced alignment of Whisper transcript,False,9.5600004196167,10.149999618530273,9.5600004196167,10.149999618530273,True,True,,sample_0021.json
-dxfTGcXJoc$_$1,text_mismatch,24,International,24,24,international,24,10.180000305175781,10.779999732971191,10.180000305175781,10.779999732971191,9.92,10.62,0.2600003051757813,mandatory_unique_exact_token_pair_in_all_optimal_LCS_alignments,mfa_primary_unique_word_overlap_auto_qc_pass,B_unique_word_overlap_in_mismatched_transcript,MFA 3.4.2 forced alignment of Whisper transcript,False,10.180000305175781,10.779999732971191,10.180000305175781,10.779999732971191,True,True,,sample_0021.json
-dxfTGcXJoc$_$1,text_mismatch,25,Convention,25,25,convention,25,10.779999732971191,11.329999923706055,10.779999732971191,11.329999923706055,10.62,11.14,0.18999992370605412,mandatory_unique_exact_token_pair_in_all_optimal_LCS_alignments,mfa_primary_unique_word_overlap_auto_qc_pass,B_unique_word_overlap_in_mismatched_transcript,MFA 3.4.2 forced alignment of Whisper transcript,False,10.779999732971191,11.329999923706055,10.779999732971191,11.329999923706055,True,True,,sample_0021.json
-dxfTGcXJoc$_$1,text_mismatch,26,which,26,26,which,26,11.84000015258789,12.079999923706055,11.84000015258789,12.079999923706055,11.74,12.04,0.10000015258789041,mandatory_unique_exact_token_pair_in_all_optimal_LCS_alignments,mfa_primary_unique_word_overlap_auto_qc_pass,B_unique_word_overlap_in_mismatched_transcript,MFA 3.4.2 forced alignment of Whisper transcript,False,11.84000015258789,12.079999923706055,11.84000015258789,12.079999923706055,True,True,,sample_0021.json
-dxfTGcXJoc$_$1,text_mismatch,27,I,27,27,i,27,12.130000114440918,12.489999771118164,12.130000114440918,12.489999771118164,12.04,12.44,0.09000011444091882,mandatory_unique_exact_token_pair_in_all_optimal_LCS_alignments,mfa_primary_unique_word_overlap_auto_qc_pass,B_unique_word_overlap_in_mismatched_transcript,MFA 3.4.2 forced alignment of Whisper transcript,False,12.130000114440918,12.489999771118164,12.130000114440918,12.489999771118164,True,True,,sample_0021.json
-dxfTGcXJoc$_$1,text_mismatch,28,and,28,28,and,28,12.489999771118164,12.6899995803833,12.489999771118164,12.6899995803833,12.44,12.66,0.04999977111816456,mandatory_unique_exact_token_pair_in_all_optimal_LCS_alignments,mfa_primary_unique_word_overlap_auto_qc_pass,B_unique_word_overlap_in_mismatched_transcript,MFA 3.4.2 forced alignment of Whisper transcript,False,12.489999771118164,12.6899995803833,12.489999771118164,12.6899995803833,True,True,,sample_0021.json
-dxfTGcXJoc$_$1,text_mismatch,29,other,29,29,other,29,12.6899995803833,12.949999809265137,12.6899995803833,12.949999809265137,12.66,12.94,0.02999958038330064,mandatory_unique_exact_token_pair_in_all_optimal_LCS_alignments,mfa_primary_unique_word_overlap_auto_qc_pass,B_unique_word_overlap_in_mismatched_transcript,MFA 3.4.2 forced alignment of Whisper transcript,False,12.6899995803833,12.949999809265137,12.6899995803833,12.949999809265137,True,True,,sample_0021.json
-dxfTGcXJoc$_$1,text_mismatch,30,state,30,30,state,30,12.949999809265137,13.210000038146973,12.949999809265137,13.210000038146973,12.94,13.18,0.03000003814697294,mandatory_unique_exact_token_pair_in_all_optimal_LCS_alignments,mfa_primary_unique_word_overlap_auto_qc_pass,B_unique_word_overlap_in_mismatched_transcript,MFA 3.4.2 forced alignment of Whisper transcript,False,12.949999809265137,13.210000038146973,12.949999809265137,13.210000038146973,True,True,,sample_0021.json
-dxfTGcXJoc$_$1,text_mismatch,31,officials,31,31,officials,31,13.210000038146973,13.710000038146973,13.210000038146973,13.710000038146973,13.18,13.58,0.13000003814697259,mandatory_unique_exact_token_pair_in_all_optimal_LCS_alignments,mfa_primary_unique_word_overlap_auto_qc_pass,B_unique_word_overlap_in_mismatched_transcript,MFA 3.4.2 forced alignment of Whisper transcript,False,13.210000038146973,13.710000038146973,13.210000038146973,13.710000038146973,True,True,,sample_0021.json
-dxfTGcXJoc$_$1,text_mismatch,32,attended,32,32,attended,32,13.710000038146973,14.170000076293945,13.710000038146973,14.170000076293945,13.58,14.02,0.15000007629394574,mandatory_unique_exact_token_pair_in_all_optimal_LCS_alignments,mfa_primary_unique_word_overlap_auto_qc_pass,B_unique_word_overlap_in_mismatched_transcript,MFA 3.4.2 forced alignment of Whisper transcript,False,13.710000038146973,14.170000076293945,13.710000038146973,14.170000076293945,True,True,,sample_0021.json
-dxfTGcXJoc$_$1,text_mismatch,33,this,33,33,this,33,14.170000076293945,14.380000114440918,14.170000076293945,14.380000114440918,14.02,14.32,0.15000007629394574,mandatory_unique_exact_token_pair_in_all_optimal_LCS_alignments,mfa_primary_unique_word_overlap_auto_qc_pass,B_unique_word_overlap_in_mismatched_transcript,MFA 3.4.2 forced alignment of Whisper transcript,False,14.170000076293945,14.380000114440918,14.170000076293945,14.380000114440918,True,True,,sample_0021.json
-dxfTGcXJoc$_$1,text_mismatch,34,week,34,34,week,34,14.380000114440918,14.729999542236328,14.380000114440918,14.729999542236328,14.32,14.6,0.12999954223632848,mandatory_unique_exact_token_pair_in_all_optimal_LCS_alignments,mfa_primary_unique_word_overlap_auto_qc_pass,B_unique_word_overlap_in_mismatched_transcript,MFA 3.4.2 forced alignment of Whisper transcript,False,14.380000114440918,14.729999542236328,14.380000114440918,14.729999542236328,True,True,,sample_0021.json
-dxfTGcXJoc$_$1,text_mismatch,35,in,35,35,in,35,14.779999732971191,14.920000076293945,14.779999732971191,14.920000076293945,14.6,14.94,0.17999973297119176,mandatory_unique_exact_token_pair_in_all_optimal_LCS_alignments,mfa_primary_unique_word_overlap_auto_qc_pass,B_unique_word_overlap_in_mismatched_transcript,MFA 3.4.2 forced alignment of Whisper transcript,False,14.779999732971191,14.920000076293945,14.779999732971191,14.920000076293945,True,True,,sample_0021.json
-dxfTGcXJoc$_$1,text_mismatch,36,Chicago,36,36,chicago,36,14.920000076293945,15.520000457763672,14.920000076293945,15.520000457763672,14.94,15.28,0.24000045776367251,mandatory_unique_exact_token_pair_in_all_optimal_LCS_alignments,mfa_primary_unique_word_overlap_auto_qc_pass,B_unique_word_overlap_in_mismatched_transcript,MFA 3.4.2 forced alignment of Whisper transcript,False,14.920000076293945,15.520000457763672,14.920000076293945,15.520000457763672,True,True,,sample_0021.json
-dxfTGcXJoc$_$0,text_mismatch,1,This,1,,,,,,,,,,,mandatory_unique_exact_token_pair_in_all_optimal_LCS_alignments,mfa_alignment_output_missing,,,False,,,,,False,False,,
-dxfTGcXJoc$_$0,text_mismatch,2,is,2,,,,,,,,,,,mandatory_unique_exact_token_pair_in_all_optimal_LCS_alignments,mfa_alignment_output_missing,,,False,,,,,False,False,,
-dxfTGcXJoc$_$0,text_mismatch,3,Governor,3,,,,,,,,,,,mandatory_unique_exact_token_pair_in_all_optimal_LCS_alignments,mfa_alignment_output_missing,,,False,,,,,False,False,,
-dxfTGcXJoc$_$0,text_mismatch,4,Steve,4,,,,,,,,,,,mandatory_unique_exact_token_pair_in_all_optimal_LCS_alignments,mfa_alignment_output_missing,,,False,,,,,False,False,,
-dxfTGcXJoc$_$0,text_mismatch,5,Beshear,5,,,,,,,,,,,mandatory_unique_exact_token_pair_in_all_optimal_LCS_alignments,mfa_alignment_output_missing,,,False,,,,,False,False,,
-dxfTGcXJoc$_$0,text_mismatch,6,About,6,,,,,,,,,,,mandatory_unique_exact_token_pair_in_all_optimal_LCS_alignments,mfa_alignment_output_missing,,,False,,,,,False,False,,
-dxfTGcXJoc$_$0,text_mismatch,7,Kentucky,7,,,,,,,,,,,mandatory_unique_exact_token_pair_in_all_optimal_LCS_alignments,mfa_alignment_output_missing,,,False,,,,,False,False,,
-dxfTGcXJoc$_$0,text_mismatch,8,Our,8,,,,,,,,,,,mandatory_unique_exact_token_pair_in_all_optimal_LCS_alignments,mfa_alignment_output_missing,,,False,,,,,False,False,,
-dxfTGcXJoc$_$0,text_mismatch,9,state,9,,,,,,,,,,,mandatory_unique_exact_token_pair_in_all_optimal_LCS_alignments,mfa_alignment_output_missing,,,False,,,,,False,False,,
-dxfTGcXJoc$_$0,text_mismatch,10,is,10,,,,,,,,,,,mandatory_unique_exact_token_pair_in_all_optimal_LCS_alignments,mfa_alignment_output_missing,,,False,,,,,False,False,,
-dxfTGcXJoc$_$0,text_mismatch,11,home,11,,,,,,,,,,,mandatory_unique_exact_token_pair_in_all_optimal_LCS_alignments,mfa_alignment_output_missing,,,False,,,,,False,False,,
-dxfTGcXJoc$_$0,text_mismatch,12,to,12,,,,,,,,,,,mandatory_unique_exact_token_pair_in_all_optimal_LCS_alignments,mfa_alignment_output_missing,,,False,,,,,False,False,,
-dxfTGcXJoc$_$0,text_mismatch,13,more,13,,,,,,,,,,,mandatory_unique_exact_token_pair_in_all_optimal_LCS_alignments,mfa_alignment_output_missing,,,False,,,,,False,False,,
-dxfTGcXJoc$_$0,text_mismatch,14,than,14,,,,,,,,,,,mandatory_unique_exact_token_pair_in_all_optimal_LCS_alignments,mfa_alignment_output_missing,,,False,,,,,False,False,,
-dxfTGcXJoc$_$0,text_mismatch,15,1,15,,,,,,,,,,,mandatory_unique_exact_token_pair_in_all_optimal_LCS_alignments,mfa_alignment_output_missing,,,False,,,,,False,False,,
-dxfTGcXJoc$_$0,text_mismatch,16,500,16,,,,,,,,,,,mandatory_unique_exact_token_pair_in_all_optimal_LCS_alignments,mfa_alignment_output_missing,,,False,,,,,False,False,,
-dxfTGcXJoc$_$0,text_mismatch,17,bioscience,17,,,,,,,,,,,mandatory_unique_exact_token_pair_in_all_optimal_LCS_alignments,mfa_alignment_output_missing,,,False,,,,,False,False,,
-dxfTGcXJoc$_$0,text_mismatch,18,and,18,,,,,,,,,,,mandatory_unique_exact_token_pair_in_all_optimal_LCS_alignments,mfa_alignment_output_missing,,,False,,,,,False,False,,
-dxfTGcXJoc$_$0,text_mismatch,19,lifescience,,,,,,,,,,,,mandatory_unique_exact_token_pair_in_all_optimal_LCS_alignments,mfa_alignment_output_missing,,,False,,,,,False,False,,
-dxfTGcXJoc$_$0,text_mismatch,20,companies,21,,,,,,,,,,,mandatory_unique_exact_token_pair_in_all_optimal_LCS_alignments,mfa_alignment_output_missing,,,False,,,,,False,False,,
-dxfTGcXJoc$_$0,text_mismatch,21,and,22,,,,,,,,,,,mandatory_unique_exact_token_pair_in_all_optimal_LCS_alignments,mfa_alignment_output_missing,,,False,,,,,False,False,,
-dxfTGcXJoc$_$0,text_mismatch,22,more,23,,,,,,,,,,,mandatory_unique_exact_token_pair_in_all_optimal_LCS_alignments,mfa_alignment_output_missing,,,False,,,,,False,False,,
-dxfTGcXJoc$_$0,text_mismatch,23,than,24,,,,,,,,,,,mandatory_unique_exact_token_pair_in_all_optimal_LCS_alignments,mfa_alignment_output_missing,,,False,,,,,False,False,,
-dxfTGcXJoc$_$0,text_mismatch,24,100,25,,,,,,,,,,,mandatory_unique_exact_token_pair_in_all_optimal_LCS_alignments,mfa_alignment_output_missing,,,False,,,,,False,False,,
-dxfTGcXJoc$_$0,text_mismatch,25,000,26,,,,,,,,,,,mandatory_unique_exact_token_pair_in_all_optimal_LCS_alignments,mfa_alignment_output_missing,,,False,,,,,False,False,,
-dxfTGcXJoc$_$0,text_mismatch,26,people,27,,,,,,,,,,,mandatory_unique_exact_token_pair_in_all_optimal_LCS_alignments,mfa_alignment_output_missing,,,False,,,,,False,False,,
-dxfTGcXJoc$_$0,text_mismatch,27,who,28,,,,,,,,,,,mandatory_unique_exact_token_pair_in_all_optimal_LCS_alignments,mfa_alignment_output_missing,,,False,,,,,False,False,,
-dxfTGcXJoc$_$0,text_mismatch,28,work,29,,,,,,,,,,,mandatory_unique_exact_token_pair_in_all_optimal_LCS_alignments,mfa_alignment_output_missing,,,False,,,,,False,False,,
-dxfTGcXJoc$_$0,text_mismatch,29,for,30,,,,,,,,,,,mandatory_unique_exact_token_pair_in_all_optimal_LCS_alignments,mfa_alignment_output_missing,,,False,,,,,False,False,,
-dxfTGcXJoc$_$0,text_mismatch,30,these,31,,,,,,,,,,,mandatory_unique_exact_token_pair_in_all_optimal_LCS_alignments,mfa_alignment_output_missing,,,False,,,,,False,False,,
-dxfTGcXJoc$_$0,text_mismatch,31,firms,32,,,,,,,,,,,mandatory_unique_exact_token_pair_in_all_optimal_LCS_alignments,mfa_alignment_output_missing,,,False,,,,,False,False,,
-dxfTGcXJoc$_$0,text_mismatch,32,in,33,,,,,,,,,,,mandatory_unique_exact_token_pair_in_all_optimal_LCS_alignments,mfa_alignment_output_missing,,,False,,,,,False,False,,
-dxfTGcXJoc$_$0,text_mismatch,33,areas,34,,,,,,,,,,,mandatory_unique_exact_token_pair_in_all_optimal_LCS_alignments,mfa_alignment_output_missing,,,False,,,,,False,False,,
-dxfTGcXJoc$_$0,text_mismatch,34,from,35,,,,,,,,,,,mandatory_unique_exact_token_pair_in_all_optimal_LCS_alignments,mfa_alignment_output_missing,,,False,,,,,False,False,,
-dxfTGcXJoc$_$0,text_mismatch,35,nutrigenomics,36,,,,,,,,,,,mandatory_unique_exact_token_pair_in_all_optimal_LCS_alignments,mfa_alignment_output_missing,,,False,,,,,False,False,,
-dxfTGcXJoc$_$0,text_mismatch,36,and,37,,,,,,,,,,,mandatory_unique_exact_token_pair_in_all_optimal_LCS_alignments,mfa_alignment_output_missing,,,False,,,,,False,False,,
-dxfTGcXJoc$_$0,text_mismatch,37,pharmaceuticals,38,,,,,,,,,,,mandatory_unique_exact_token_pair_in_all_optimal_LCS_alignments,mfa_alignment_output_missing,,,False,,,,,False,False,,
-dxfTGcXJoc$_$0,text_mismatch,38,to,39,,,,,,,,,,,mandatory_unique_exact_token_pair_in_all_optimal_LCS_alignments,mfa_alignment_output_missing,,,False,,,,,False,False,,
-dxfTGcXJoc$_$0,text_mismatch,39,nanotechnology,40,,,,,,,,,,,mandatory_unique_exact_token_pair_in_all_optimal_LCS_alignments,mfa_alignment_output_missing,,,False,,,,,False,False,,
-dxfTGcXJoc$_$0,text_mismatch,40,and,41,,,,,,,,,,,mandatory_unique_exact_token_pair_in_all_optimal_LCS_alignments,mfa_alignment_output_missing,,,False,,,,,False,False,,
-dxfTGcXJoc$_$0,text_mismatch,41,medical,42,,,,,,,,,,,mandatory_unique_exact_token_pair_in_all_optimal_LCS_alignments,mfa_alignment_output_missing,,,False,,,,,False,False,,
-dxfTGcXJoc$_$0,text_mismatch,42,devices,43,,,,,,,,,,,mandatory_unique_exact_token_pair_in_all_optimal_LCS_alignments,mfa_alignment_output_missing,,,False,,,,,False,False,,
-dxfTGcXJoc$_$2,exact_text,1,An,1,1,an,1,0.5099999904632568,0.6299999952316284,0.5099999904632568,0.6299999952316284,0.0,0.62,0.5099999904632568,mandatory_unique_exact_token_pair_in_all_optimal_LCS_alignments,mfa_whisper_discrepancy_over_0_5s_null_primary,A_exact_transcript,MFA 3.4.2 forced alignment of Whisper transcript,True,,,,,False,True,mfa_whisper_edge_difference_over_0_5s,sample_0023.json
-dxfTGcXJoc$_$2,exact_text,2,estimated,2,2,estimated,2,0.6600000262260437,1.350000023841858,0.6600000262260437,1.350000023841858,0.62,1.16,0.190000023841858,mandatory_unique_exact_token_pair_in_all_optimal_LCS_alignments,mfa_primary_exact_transcript_auto_qc_pass,A_exact_transcript,MFA 3.4.2 forced alignment of Whisper transcript,False,0.6600000262260437,1.350000023841858,0.6600000262260437,1.350000023841858,True,True,,sample_0023.json
-dxfTGcXJoc$_$2,exact_text,3,20,3,3,20,3,1.350000023841858,1.649999976158142,1.350000023841858,1.649999976158142,1.16,1.64,0.190000023841858,mandatory_unique_exact_token_pair_in_all_optimal_LCS_alignments,mfa_primary_exact_transcript_auto_qc_pass,A_exact_transcript,MFA 3.4.2 forced alignment of Whisper transcript,False,1.350000023841858,1.649999976158142,1.350000023841858,1.649999976158142,True,True,,sample_0023.json
-dxfTGcXJoc$_$2,exact_text,4,000,4,4,000,4,1.649999976158142,2.259999990463257,1.649999976158142,2.259999990463257,1.64,2.28,0.02000000953674297,mandatory_unique_exact_token_pair_in_all_optimal_LCS_alignments,mfa_primary_exact_transcript_auto_qc_pass,A_exact_transcript,MFA 3.4.2 forced alignment of Whisper transcript,False,1.649999976158142,2.259999990463257,1.649999976158142,2.259999990463257,True,True,,sample_0023.json
-dxfTGcXJoc$_$2,exact_text,5,biotech,5,5,biotech,5,2.259999990463257,2.950000047683716,2.259999990463257,2.950000047683716,2.28,2.82,0.13000004768371598,mandatory_unique_exact_token_pair_in_all_optimal_LCS_alignments,mfa_primary_exact_transcript_auto_qc_pass,A_exact_transcript,MFA 3.4.2 forced alignment of Whisper transcript,False,2.259999990463257,2.950000047683716,2.259999990463257,2.950000047683716,True,True,,sample_0023.json
-dxfTGcXJoc$_$2,exact_text,6,scientists,6,6,scientists,6,2.950000047683716,3.700000047683716,2.950000047683716,3.700000047683716,2.82,3.52,0.1800000476837158,mandatory_unique_exact_token_pair_in_all_optimal_LCS_alignments,mfa_primary_exact_transcript_auto_qc_pass,A_exact_transcript,MFA 3.4.2 forced alignment of Whisper transcript,False,2.950000047683716,3.700000047683716,2.950000047683716,3.700000047683716,True,True,,sample_0023.json
-dxfTGcXJoc$_$2,exact_text,7,executives,7,7,executives,7,3.819999933242798,4.599999904632568,3.819999933242798,4.599999904632568,3.9,4.28,0.3199999046325681,mandatory_unique_exact_token_pair_in_all_optimal_LCS_alignments,mfa_primary_exact_transcript_auto_qc_pass,A_exact_transcript,MFA 3.4.2 forced alignment of Whisper transcript,False,3.819999933242798,4.599999904632568,3.819999933242798,4.599999904632568,True,True,,sample_0023.json
-dxfTGcXJoc$_$2,exact_text,8,and,8,8,and,8,4.599999904632568,4.889999866485596,4.599999904632568,4.889999866485596,4.82,4.88,0.22000009536743192,mandatory_unique_exact_token_pair_in_all_optimal_LCS_alignments,mfa_primary_exact_transcript_auto_qc_pass,A_exact_transcript,MFA 3.4.2 forced alignment of Whisper transcript,False,4.599999904632568,4.889999866485596,4.599999904632568,4.889999866485596,True,True,,sample_0023.json
-dxfTGcXJoc$_$2,exact_text,9,industry,9,9,industry,9,4.949999809265137,5.489999771118164,4.949999809265137,5.489999771118164,4.88,5.42,0.06999980926513683,mandatory_unique_exact_token_pair_in_all_optimal_LCS_alignments,mfa_primary_exact_transcript_auto_qc_pass,A_exact_transcript,MFA 3.4.2 forced alignment of Whisper transcript,False,4.949999809265137,5.489999771118164,4.949999809265137,5.489999771118164,True,True,,sample_0023.json
-dxfTGcXJoc$_$2,exact_text,10,experts,10,10,experts,10,5.489999771118164,6.099999904632568,5.489999771118164,6.099999904632568,5.42,5.92,0.17999990463256843,mandatory_unique_exact_token_pair_in_all_optimal_LCS_alignments,mfa_primary_exact_transcript_auto_qc_pass,A_exact_transcript,MFA 3.4.2 forced alignment of Whisper transcript,False,5.489999771118164,6.099999904632568,5.489999771118164,6.099999904632568,True,True,,sample_0023.json
-dxfTGcXJoc$_$2,exact_text,11,from,11,11,from,11,6.360000133514404,6.570000171661377,6.360000133514404,6.570000171661377,5.92,6.54,0.44000013351440437,mandatory_unique_exact_token_pair_in_all_optimal_LCS_alignments,mfa_primary_exact_transcript_auto_qc_pass,A_exact_transcript,MFA 3.4.2 forced alignment of Whisper transcript,False,6.360000133514404,6.570000171661377,6.360000133514404,6.570000171661377,True,True,,sample_0023.json
-dxfTGcXJoc$_$2,exact_text,12,more,12,12,more,12,6.570000171661377,6.78000020980835,6.570000171661377,6.78000020980835,6.54,6.74,0.040000209808349396,mandatory_unique_exact_token_pair_in_all_optimal_LCS_alignments,mfa_primary_exact_transcript_auto_qc_pass,A_exact_transcript,MFA 3.4.2 forced alignment of Whisper transcript,False,6.570000171661377,6.78000020980835,6.570000171661377,6.78000020980835,True,True,,sample_0023.json
-dxfTGcXJoc$_$2,exact_text,13,than,13,13,than,13,6.78000020980835,6.940000057220459,6.78000020980835,6.940000057220459,6.74,6.94,0.040000209808349396,mandatory_unique_exact_token_pair_in_all_optimal_LCS_alignments,mfa_primary_exact_transcript_auto_qc_pass,A_exact_transcript,MFA 3.4.2 forced alignment of Whisper transcript,False,6.78000020980835,6.940000057220459,6.78000020980835,6.940000057220459,True,True,,sample_0023.json
-dxfTGcXJoc$_$2,exact_text,14,50,14,14,50,14,6.940000057220459,7.309999942779541,6.940000057220459,7.309999942779541,6.94,7.22,0.08999994277954126,mandatory_unique_exact_token_pair_in_all_optimal_LCS_alignments,mfa_primary_exact_transcript_auto_qc_pass,A_exact_transcript,MFA 3.4.2 forced alignment of Whisper transcript,False,6.940000057220459,7.309999942779541,6.940000057220459,7.309999942779541,True,True,,sample_0023.json
-dxfTGcXJoc$_$2,exact_text,15,nations,15,15,nations,15,7.309999942779541,7.849999904632568,7.309999942779541,7.849999904632568,7.22,7.7,0.14999990463256818,mandatory_unique_exact_token_pair_in_all_optimal_LCS_alignments,mfa_primary_exact_transcript_auto_qc_pass,A_exact_transcript,MFA 3.4.2 forced alignment of Whisper transcript,False,7.309999942779541,7.849999904632568,7.309999942779541,7.849999904632568,True,True,,sample_0023.json
-dxfTGcXJoc$_$2,exact_text,16,were,16,16,were,16,8.0600004196167,8.239999771118164,8.0600004196167,8.239999771118164,7.7,8.2,0.36000041961669904,mandatory_unique_exact_token_pair_in_all_optimal_LCS_alignments,mfa_primary_exact_transcript_auto_qc_pass,A_exact_transcript,MFA 3.4.2 forced alignment of Whisper transcript,False,8.0600004196167,8.239999771118164,8.0600004196167,8.239999771118164,True,True,,sample_0023.json
-dxfTGcXJoc$_$2,exact_text,17,at,17,17,at,17,8.270000457763672,8.520000457763672,8.270000457763672,8.520000457763672,8.2,8.48,0.07000045776367259,mandatory_unique_exact_token_pair_in_all_optimal_LCS_alignments,mfa_primary_exact_transcript_auto_qc_pass,A_exact_transcript,MFA 3.4.2 forced alignment of Whisper transcript,False,8.270000457763672,8.520000457763672,8.270000457763672,8.520000457763672,True,True,,sample_0023.json
-dxfTGcXJoc$_$2,exact_text,18,the,18,18,the,18,8.520000457763672,8.600000381469727,8.520000457763672,8.600000381469727,8.48,8.66,0.05999961853027358,mandatory_unique_exact_token_pair_in_all_optimal_LCS_alignments,mfa_primary_exact_transcript_auto_qc_pass,A_exact_transcript,MFA 3.4.2 forced alignment of Whisper transcript,False,8.520000457763672,8.600000381469727,8.520000457763672,8.600000381469727,True,True,,sample_0023.json
-dxfTGcXJoc$_$2,exact_text,19,BIO,19,19,bio,19,8.600000381469727,8.979999542236328,8.600000381469727,8.979999542236328,8.66,8.9,0.07999954223632777,mandatory_unique_exact_token_pair_in_all_optimal_LCS_alignments,mfa_primary_exact_transcript_auto_qc_pass,A_exact_transcript,MFA 3.4.2 forced alignment of Whisper transcript,False,8.600000381469727,8.979999542236328,8.600000381469727,8.979999542236328,True,True,,sample_0023.json
-dxfTGcXJoc$_$2,exact_text,20,conference,20,20,conference,20,8.979999542236328,9.5600004196167,8.979999542236328,9.5600004196167,8.9,9.4,0.16000041961669886,mandatory_unique_exact_token_pair_in_all_optimal_LCS_alignments,mfa_primary_exact_transcript_auto_qc_pass,A_exact_transcript,MFA 3.4.2 forced alignment of Whisper transcript,False,8.979999542236328,9.5600004196167,8.979999542236328,9.5600004196167,True,True,,sample_0023.json
-dxfTGcXJoc$_$2,exact_text,21,to,21,21,to,21,9.5600004196167,9.6899995803833,9.5600004196167,9.6899995803833,9.4,9.74,0.16000041961669886,mandatory_unique_exact_token_pair_in_all_optimal_LCS_alignments,mfa_primary_exact_transcript_auto_qc_pass,A_exact_transcript,MFA 3.4.2 forced alignment of Whisper transcript,False,9.5600004196167,9.6899995803833,9.5600004196167,9.6899995803833,True,True,,sample_0023.json
-dxfTGcXJoc$_$2,exact_text,22,learn,22,22,learn,22,9.6899995803833,10.130000114440918,9.6899995803833,10.130000114440918,9.74,10.0,0.13000011444091797,mandatory_unique_exact_token_pair_in_all_optimal_LCS_alignments,mfa_primary_exact_transcript_auto_qc_pass,A_exact_transcript,MFA 3.4.2 forced alignment of Whisper transcript,False,9.6899995803833,10.130000114440918,9.6899995803833,10.130000114440918,True,True,,sample_0023.json
-dxfTGcXJoc$_$2,exact_text,23,about,23,23,about,23,10.130000114440918,10.4399995803833,10.130000114440918,10.4399995803833,10.0,10.38,0.13000011444091797,mandatory_unique_exact_token_pair_in_all_optimal_LCS_alignments,mfa_primary_exact_transcript_auto_qc_pass,A_exact_transcript,MFA 3.4.2 forced alignment of Whisper transcript,False,10.130000114440918,10.4399995803833,10.130000114440918,10.4399995803833,True,True,,sample_0023.json
-dxfTGcXJoc$_$2,exact_text,24,the,24,24,the,24,10.4399995803833,10.520000457763672,10.4399995803833,10.520000457763672,10.38,10.56,0.0599995803833,mandatory_unique_exact_token_pair_in_all_optimal_LCS_alignments,mfa_primary_exact_transcript_auto_qc_pass,A_exact_transcript,MFA 3.4.2 forced alignment of Whisper transcript,False,10.4399995803833,10.520000457763672,10.4399995803833,10.520000457763672,True,True,,sample_0023.json
-dxfTGcXJoc$_$2,exact_text,25,latest,25,25,latest,25,10.520000457763672,10.949999809265137,10.520000457763672,10.949999809265137,10.56,10.84,0.10999980926513686,mandatory_unique_exact_token_pair_in_all_optimal_LCS_alignments,mfa_primary_exact_transcript_auto_qc_pass,A_exact_transcript,MFA 3.4.2 forced alignment of Whisper transcript,False,10.520000457763672,10.949999809265137,10.520000457763672,10.949999809265137,True,True,,sample_0023.json
-dxfTGcXJoc$_$2,exact_text,26,scientific,26,26,scientific,26,10.949999809265137,11.470000267028809,10.949999809265137,11.470000267028809,10.84,11.38,0.10999980926513686,mandatory_unique_exact_token_pair_in_all_optimal_LCS_alignments,mfa_primary_exact_transcript_auto_qc_pass,A_exact_transcript,MFA 3.4.2 forced alignment of Whisper transcript,False,10.949999809265137,11.470000267028809,10.949999809265137,11.470000267028809,True,True,,sample_0023.json
-dxfTGcXJoc$_$2,exact_text,27,advances,27,27,advances,27,11.470000267028809,12.170000076293945,11.470000267028809,12.170000076293945,11.38,11.98,0.1900000762939449,mandatory_unique_exact_token_pair_in_all_optimal_LCS_alignments,mfa_primary_exact_transcript_auto_qc_pass,A_exact_transcript,MFA 3.4.2 forced alignment of Whisper transcript,False,11.470000267028809,12.170000076293945,11.470000267028809,12.170000076293945,True,True,,sample_0023.json
-dxfTGcXJoc$_$2,exact_text,28,and,28,28,and,28,12.5,12.670000076293945,12.5,12.670000076293945,11.98,12.64,0.5199999999999996,mandatory_unique_exact_token_pair_in_all_optimal_LCS_alignments,mfa_whisper_discrepancy_over_0_5s_null_primary,A_exact_transcript,MFA 3.4.2 forced alignment of Whisper transcript,True,,,,,False,True,mfa_whisper_edge_difference_over_0_5s,sample_0023.json
-dxfTGcXJoc$_$2,exact_text,29,to,29,29,to,29,12.670000076293945,12.75,12.670000076293945,12.75,12.64,12.76,0.030000076293944744,mandatory_unique_exact_token_pair_in_all_optimal_LCS_alignments,mfa_primary_exact_transcript_auto_qc_pass,A_exact_transcript,MFA 3.4.2 forced alignment of Whisper transcript,False,12.670000076293945,12.75,12.670000076293945,12.75,True,True,,sample_0023.json
-dxfTGcXJoc$_$2,exact_text,30,exchange,30,30,exchange,30,12.75,13.359999656677246,12.75,13.359999656677246,12.76,13.26,0.0999996566772463,mandatory_unique_exact_token_pair_in_all_optimal_LCS_alignments,mfa_primary_exact_transcript_auto_qc_pass,A_exact_transcript,MFA 3.4.2 forced alignment of Whisper transcript,False,12.75,13.359999656677246,12.75,13.359999656677246,True,True,,sample_0023.json
-dxfTGcXJoc$_$2,exact_text,31,ideas,31,31,ideas,31,13.359999656677246,14.020000457763672,13.359999656677246,14.020000457763672,13.26,13.78,0.24000045776367251,mandatory_unique_exact_token_pair_in_all_optimal_LCS_alignments,mfa_primary_exact_transcript_auto_qc_pass,A_exact_transcript,MFA 3.4.2 forced alignment of Whisper transcript,False,13.359999656677246,14.020000457763672,13.359999656677246,14.020000457763672,True,True,,sample_0023.json
-dxfTGcXJoc$_$2,exact_text,32,and,32,32,and,32,14.15999984741211,14.289999961853027,14.15999984741211,14.289999961853027,13.78,14.3,0.37999984741211,mandatory_unique_exact_token_pair_in_all_optimal_LCS_alignments,mfa_primary_exact_transcript_auto_qc_pass,A_exact_transcript,MFA 3.4.2 forced alignment of Whisper transcript,False,14.15999984741211,14.289999961853027,14.15999984741211,14.289999961853027,True,True,,sample_0023.json
-dxfTGcXJoc$_$2,exact_text,33,establish,33,33,establish,33,14.289999961853027,14.789999961853027,14.289999961853027,14.789999961853027,14.3,14.7,0.08999996185302805,mandatory_unique_exact_token_pair_in_all_optimal_LCS_alignments,mfa_primary_exact_transcript_auto_qc_pass,A_exact_transcript,MFA 3.4.2 forced alignment of Whisper transcript,False,14.289999961853027,14.789999961853027,14.289999961853027,14.789999961853027,True,True,,sample_0023.json
-dxfTGcXJoc$_$2,exact_text,34,business,34,34,business,34,14.789999961853027,15.239999771118164,14.789999961853027,15.239999771118164,14.7,15.18,0.08999996185302805,mandatory_unique_exact_token_pair_in_all_optimal_LCS_alignments,mfa_primary_exact_transcript_auto_qc_pass,A_exact_transcript,MFA 3.4.2 forced alignment of Whisper transcript,False,14.789999961853027,15.239999771118164,14.789999961853027,15.239999771118164,True,True,,sample_0023.json
-dxfTGcXJoc$_$2,exact_text,35,relationships,35,35,relationships,35,15.239999771118164,16.110000610351562,15.239999771118164,16.110000610351562,15.18,15.84,0.27000061035156264,mandatory_unique_exact_token_pair_in_all_optimal_LCS_alignments,mfa_primary_exact_transcript_auto_qc_pass,A_exact_transcript,MFA 3.4.2 forced alignment of Whisper transcript,False,15.239999771118164,16.110000610351562,15.239999771118164,16.110000610351562,True,True,,sample_0023.json
-dxfTGcXJoc$_$6,exact_text,1,Kentucky's,1,1,kentucky's,1,0.4099999964237213,0.9100000262260437,0.4099999964237213,0.9100000262260437,0.0,0.94,0.4099999964237213,mandatory_unique_exact_token_pair_in_all_optimal_LCS_alignments,mfa_primary_exact_transcript_auto_qc_pass,A_exact_transcript,MFA 3.4.2 forced alignment of Whisper transcript,False,0.4099999964237213,0.9100000262260437,0.4099999964237213,0.9100000262260437,True,True,,sample_0024.json
-dxfTGcXJoc$_$6,exact_text,2,participation,2,2,participation,2,0.9100000262260437,1.840000033378601,0.9100000262260437,1.840000033378601,0.94,1.54,0.30000003337860104,mandatory_unique_exact_token_pair_in_all_optimal_LCS_alignments,mfa_primary_exact_transcript_auto_qc_pass,A_exact_transcript,MFA 3.4.2 forced alignment of Whisper transcript,False,0.9100000262260437,1.840000033378601,0.9100000262260437,1.840000033378601,True,True,,sample_0024.json
-dxfTGcXJoc$_$6,exact_text,3,at,3,3,at,3,1.840000033378601,2.0,1.840000033378601,2.0,1.54,1.98,0.30000003337860104,mandatory_unique_exact_token_pair_in_all_optimal_LCS_alignments,mfa_primary_exact_transcript_auto_qc_pass,A_exact_transcript,MFA 3.4.2 forced alignment of Whisper transcript,False,1.840000033378601,2.0,1.840000033378601,2.0,True,True,,sample_0024.json
-dxfTGcXJoc$_$6,exact_text,4,the,4,4,the,4,2.0,2.2100000381469727,2.0,2.2100000381469727,1.98,2.16,0.050000038146972514,mandatory_unique_exact_token_pair_in_all_optimal_LCS_alignments,mfa_primary_exact_transcript_auto_qc_pass,A_exact_transcript,MFA 3.4.2 forced alignment of Whisper transcript,False,2.0,2.2100000381469727,2.0,2.2100000381469727,True,True,,sample_0024.json
-dxfTGcXJoc$_$6,exact_text,5,annual,5,5,annual,5,2.2100000381469727,2.6500000953674316,2.2100000381469727,2.6500000953674316,2.16,2.62,0.050000038146972514,mandatory_unique_exact_token_pair_in_all_optimal_LCS_alignments,mfa_primary_exact_transcript_auto_qc_pass,A_exact_transcript,MFA 3.4.2 forced alignment of Whisper transcript,False,2.2100000381469727,2.6500000953674316,2.2100000381469727,2.6500000953674316,True,True,,sample_0024.json
-dxfTGcXJoc$_$6,exact_text,6,BIO,6,6,bio,6,2.6500000953674316,3.119999885559082,2.6500000953674316,3.119999885559082,2.62,2.98,0.13999988555908205,mandatory_unique_exact_token_pair_in_all_optimal_LCS_alignments,mfa_primary_exact_transcript_auto_qc_pass,A_exact_transcript,MFA 3.4.2 forced alignment of Whisper transcript,False,2.6500000953674316,3.119999885559082,2.6500000953674316,3.119999885559082,True,True,,sample_0024.json
-dxfTGcXJoc$_$6,exact_text,7,International,7,7,international,7,3.119999885559082,3.7200000286102295,3.119999885559082,3.7200000286102295,2.98,3.6,0.13999988555908205,mandatory_unique_exact_token_pair_in_all_optimal_LCS_alignments,mfa_primary_exact_transcript_auto_qc_pass,A_exact_transcript,MFA 3.4.2 forced alignment of Whisper transcript,False,3.119999885559082,3.7200000286102295,3.119999885559082,3.7200000286102295,True,True,,sample_0024.json
-dxfTGcXJoc$_$6,exact_text,8,Convention,8,8,convention,8,3.7200000286102295,4.340000152587891,3.7200000286102295,4.340000152587891,3.6,4.08,0.26000015258789055,mandatory_unique_exact_token_pair_in_all_optimal_LCS_alignments,mfa_primary_exact_transcript_auto_qc_pass,A_exact_transcript,MFA 3.4.2 forced alignment of Whisper transcript,False,3.7200000286102295,4.340000152587891,3.7200000286102295,4.340000152587891,True,True,,sample_0024.json
-dxfTGcXJoc$_$6,exact_text,9,is,9,9,is,9,4.71999979019165,4.980000019073486,4.71999979019165,4.980000019073486,4.08,4.9,0.6399997901916503,mandatory_unique_exact_token_pair_in_all_optimal_LCS_alignments,mfa_whisper_discrepancy_over_0_5s_null_primary,A_exact_transcript,MFA 3.4.2 forced alignment of Whisper transcript,True,,,,,False,True,mfa_whisper_edge_difference_over_0_5s,sample_0024.json
-dxfTGcXJoc$_$6,exact_text,10,the,10,10,the,10,4.980000019073486,5.119999885559082,4.980000019073486,5.119999885559082,4.9,5.14,0.08000001907348597,mandatory_unique_exact_token_pair_in_all_optimal_LCS_alignments,mfa_primary_exact_transcript_auto_qc_pass,A_exact_transcript,MFA 3.4.2 forced alignment of Whisper transcript,False,4.980000019073486,5.119999885559082,4.980000019073486,5.119999885559082,True,True,,sample_0024.json
-dxfTGcXJoc$_$6,exact_text,11,primary,11,11,primary,11,5.119999885559082,5.71999979019165,5.119999885559082,5.71999979019165,5.14,5.56,0.15999979019165078,mandatory_unique_exact_token_pair_in_all_optimal_LCS_alignments,mfa_primary_exact_transcript_auto_qc_pass,A_exact_transcript,MFA 3.4.2 forced alignment of Whisper transcript,False,5.119999885559082,5.71999979019165,5.119999885559082,5.71999979019165,True,True,,sample_0024.json
-dxfTGcXJoc$_$6,exact_text,12,means,12,12,means,12,5.71999979019165,6.210000038146973,5.71999979019165,6.210000038146973,5.56,6.1,0.15999979019165078,mandatory_unique_exact_token_pair_in_all_optimal_LCS_alignments,mfa_primary_exact_transcript_auto_qc_pass,A_exact_transcript,MFA 3.4.2 forced alignment of Whisper transcript,False,5.71999979019165,6.210000038146973,5.71999979019165,6.210000038146973,True,True,,sample_0024.json
-dxfTGcXJoc$_$6,exact_text,13,by,13,13,by,13,6.210000038146973,6.409999847412109,6.210000038146973,6.409999847412109,6.1,6.4,0.11000003814697301,mandatory_unique_exact_token_pair_in_all_optimal_LCS_alignments,mfa_primary_exact_transcript_auto_qc_pass,A_exact_transcript,MFA 3.4.2 forced alignment of Whisper transcript,False,6.210000038146973,6.409999847412109,6.210000038146973,6.409999847412109,True,True,,sample_0024.json
-dxfTGcXJoc$_$6,exact_text,14,which,14,14,which,14,6.409999847412109,6.75,6.409999847412109,6.75,6.4,6.72,0.03000000000000025,mandatory_unique_exact_token_pair_in_all_optimal_LCS_alignments,mfa_primary_exact_transcript_auto_qc_pass,A_exact_transcript,MFA 3.4.2 forced alignment of Whisper transcript,False,6.409999847412109,6.75,6.409999847412109,6.75,True,True,,sample_0024.json
-dxfTGcXJoc$_$6,exact_text,15,our,15,15,our,15,6.829999923706055,7.159999847412109,6.829999923706055,7.159999847412109,6.72,7.12,0.10999992370605494,mandatory_unique_exact_token_pair_in_all_optimal_LCS_alignments,mfa_primary_exact_transcript_auto_qc_pass,A_exact_transcript,MFA 3.4.2 forced alignment of Whisper transcript,False,6.829999923706055,7.159999847412109,6.829999923706055,7.159999847412109,True,True,,sample_0024.json
-dxfTGcXJoc$_$6,exact_text,16,high,16,16,high,16,7.159999847412109,7.380000114440918,7.159999847412109,7.380000114440918,7.12,7.38,0.03999984741210927,mandatory_unique_exact_token_pair_in_all_optimal_LCS_alignments,mfa_primary_exact_transcript_auto_qc_pass,A_exact_transcript,MFA 3.4.2 forced alignment of Whisper transcript,False,7.159999847412109,7.380000114440918,7.159999847412109,7.380000114440918,True,True,,sample_0024.json
-dxfTGcXJoc$_$6,exact_text,17,tech,17,17,tech,17,7.380000114440918,7.71999979019165,7.380000114440918,7.71999979019165,7.38,7.62,0.09999979019165028,mandatory_unique_exact_token_pair_in_all_optimal_LCS_alignments,mfa_primary_exact_transcript_auto_qc_pass,A_exact_transcript,MFA 3.4.2 forced alignment of Whisper transcript,False,7.380000114440918,7.71999979019165,7.380000114440918,7.71999979019165,True,True,,sample_0024.json
-dxfTGcXJoc$_$6,exact_text,18,companies,18,18,companies,18,7.71999979019165,8.239999771118164,7.71999979019165,8.239999771118164,7.62,8.1,0.13999977111816442,mandatory_unique_exact_token_pair_in_all_optimal_LCS_alignments,mfa_primary_exact_transcript_auto_qc_pass,A_exact_transcript,MFA 3.4.2 forced alignment of Whisper transcript,False,7.71999979019165,8.239999771118164,7.71999979019165,8.239999771118164,True,True,,sample_0024.json
-dxfTGcXJoc$_$6,exact_text,19,and,19,19,and,19,8.239999771118164,8.380000114440918,8.239999771118164,8.380000114440918,8.1,8.36,0.13999977111816442,mandatory_unique_exact_token_pair_in_all_optimal_LCS_alignments,mfa_primary_exact_transcript_auto_qc_pass,A_exact_transcript,MFA 3.4.2 forced alignment of Whisper transcript,False,8.239999771118164,8.380000114440918,8.239999771118164,8.380000114440918,True,True,,sample_0024.json
-dxfTGcXJoc$_$6,exact_text,20,institutions,20,20,institutions,20,8.380000114440918,9.220000267028809,8.380000114440918,9.220000267028809,8.36,8.9,0.32000026702880824,mandatory_unique_exact_token_pair_in_all_optimal_LCS_alignments,mfa_primary_exact_transcript_auto_qc_pass,A_exact_transcript,MFA 3.4.2 forced alignment of Whisper transcript,False,8.380000114440918,9.220000267028809,8.380000114440918,9.220000267028809,True,True,,sample_0024.json
-dxfTGcXJoc$_$6,exact_text,21,can,21,21,can,21,9.359999656677246,9.59000015258789,9.359999656677246,9.59000015258789,8.9,9.52,0.45999965667724574,mandatory_unique_exact_token_pair_in_all_optimal_LCS_alignments,mfa_primary_exact_transcript_auto_qc_pass,A_exact_transcript,MFA 3.4.2 forced alignment of Whisper transcript,False,9.359999656677246,9.59000015258789,9.359999656677246,9.59000015258789,True,True,,sample_0024.json
-dxfTGcXJoc$_$6,exact_text,22,reach,22,22,reach,22,9.59000015258789,9.880000114440918,9.59000015258789,9.880000114440918,9.52,9.8,0.08000011444091726,mandatory_unique_exact_token_pair_in_all_optimal_LCS_alignments,mfa_primary_exact_transcript_auto_qc_pass,A_exact_transcript,MFA 3.4.2 forced alignment of Whisper transcript,False,9.59000015258789,9.880000114440918,9.59000015258789,9.880000114440918,True,True,,sample_0024.json
-dxfTGcXJoc$_$6,exact_text,23,out,23,23,out,23,9.880000114440918,10.260000228881836,9.880000114440918,10.260000228881836,9.8,10.12,0.14000022888183672,mandatory_unique_exact_token_pair_in_all_optimal_LCS_alignments,mfa_primary_exact_transcript_auto_qc_pass,A_exact_transcript,MFA 3.4.2 forced alignment of Whisper transcript,False,9.880000114440918,10.260000228881836,9.880000114440918,10.260000228881836,True,True,,sample_0024.json
-dxfTGcXJoc$_$6,exact_text,24,to,24,24,to,24,10.260000228881836,10.350000381469727,10.260000228881836,10.350000381469727,10.12,10.38,0.14000022888183672,mandatory_unique_exact_token_pair_in_all_optimal_LCS_alignments,mfa_primary_exact_transcript_auto_qc_pass,A_exact_transcript,MFA 3.4.2 forced alignment of Whisper transcript,False,10.260000228881836,10.350000381469727,10.260000228881836,10.350000381469727,True,True,,sample_0024.json
-dxfTGcXJoc$_$6,exact_text,25,the,25,25,the,25,10.350000381469727,10.470000267028809,10.350000381469727,10.470000267028809,10.38,10.52,0.04999973297119098,mandatory_unique_exact_token_pair_in_all_optimal_LCS_alignments,mfa_primary_exact_transcript_auto_qc_pass,A_exact_transcript,MFA 3.4.2 forced alignment of Whisper transcript,False,10.350000381469727,10.470000267028809,10.350000381469727,10.470000267028809,True,True,,sample_0024.json
-dxfTGcXJoc$_$6,exact_text,26,global,26,26,global,26,10.470000267028809,10.930000305175781,10.470000267028809,10.930000305175781,10.52,10.82,0.11000030517578097,mandatory_unique_exact_token_pair_in_all_optimal_LCS_alignments,mfa_primary_exact_transcript_auto_qc_pass,A_exact_transcript,MFA 3.4.2 forced alignment of Whisper transcript,False,10.470000267028809,10.930000305175781,10.470000267028809,10.930000305175781,True,True,,sample_0024.json
-dxfTGcXJoc$_$6,exact_text,27,scientific,27,27,scientific,27,10.930000305175781,11.579999923706055,10.930000305175781,11.579999923706055,10.82,11.4,0.17999992370605433,mandatory_unique_exact_token_pair_in_all_optimal_LCS_alignments,mfa_primary_exact_transcript_auto_qc_pass,A_exact_transcript,MFA 3.4.2 forced alignment of Whisper transcript,False,10.930000305175781,11.579999923706055,10.930000305175781,11.579999923706055,True,True,,sample_0024.json
-dxfTGcXJoc$_$6,exact_text,28,community,28,28,community,28,11.579999923706055,12.119999885559082,11.579999923706055,12.119999885559082,11.4,11.9,0.21999988555908168,mandatory_unique_exact_token_pair_in_all_optimal_LCS_alignments,mfa_primary_exact_transcript_auto_qc_pass,A_exact_transcript,MFA 3.4.2 forced alignment of Whisper transcript,False,11.579999923706055,12.119999885559082,11.579999923706055,12.119999885559082,True,True,,sample_0024.json
-egA8-b7-3M$_$26,text_mismatch,1,We're,,,,,,,,,,,,mandatory_unique_exact_token_pair_in_all_optimal_LCS_alignments,official_word_unmatched_or_ambiguous_in_asr,,,False,,,,,False,False,,sample_0025.json
-egA8-b7-3M$_$26,text_mismatch,2,updating,3,3,updating,3,0.6499999761581421,0.8999999761581421,0.6499999761581421,0.8999999761581421,0.7,1.08,0.18000002384185798,mandatory_unique_exact_token_pair_in_all_optimal_LCS_alignments,mfa_primary_unique_word_overlap_auto_qc_pass,B_unique_word_overlap_in_mismatched_transcript,MFA 3.4.2 forced alignment of Whisper transcript,False,0.6499999761581421,0.8999999761581421,0.6499999761581421,0.8999999761581421,True,True,,sample_0025.json
-egA8-b7-3M$_$26,text_mismatch,3,it,4,4,it,4,0.8999999761581421,1.2899999618530273,0.8999999761581421,1.2899999618530273,1.08,1.3,0.18000002384185798,mandatory_unique_exact_token_pair_in_all_optimal_LCS_alignments,mfa_primary_unique_word_overlap_auto_qc_pass,B_unique_word_overlap_in_mismatched_transcript,MFA 3.4.2 forced alignment of Whisper transcript,False,0.8999999761581421,1.2899999618530273,0.8999999761581421,1.2899999618530273,True,True,,sample_0025.json
-egA8-b7-3M$_$26,text_mismatch,4,all,5,5,all,5,1.2899999618530273,1.5399999618530273,1.2899999618530273,1.5399999618530273,1.3,1.52,0.019999961853027326,mandatory_unique_exact_token_pair_in_all_optimal_LCS_alignments,mfa_primary_unique_word_overlap_auto_qc_pass,B_unique_word_overlap_in_mismatched_transcript,MFA 3.4.2 forced alignment of Whisper transcript,False,1.2899999618530273,1.5399999618530273,1.2899999618530273,1.5399999618530273,True,True,,sample_0025.json
-egA8-b7-3M$_$26,text_mismatch,5,the,6,6,the,6,1.5399999618530273,1.6399999856948853,1.5399999618530273,1.6399999856948853,1.52,1.68,0.040000014305114684,mandatory_unique_exact_token_pair_in_all_optimal_LCS_alignments,mfa_primary_unique_word_overlap_auto_qc_pass,B_unique_word_overlap_in_mismatched_transcript,MFA 3.4.2 forced alignment of Whisper transcript,False,1.5399999618530273,1.6399999856948853,1.5399999618530273,1.6399999856948853,True,True,,sample_0025.json
-egA8-b7-3M$_$26,text_mismatch,6,time,7,7,time,7,1.6399999856948853,2.119999885559082,1.6399999856948853,2.119999885559082,1.68,2.04,0.079999885559082,mandatory_unique_exact_token_pair_in_all_optimal_LCS_alignments,mfa_primary_unique_word_overlap_auto_qc_pass,B_unique_word_overlap_in_mismatched_transcript,MFA 3.4.2 forced alignment of Whisper transcript,False,1.6399999856948853,2.119999885559082,1.6399999856948853,2.119999885559082,True,True,,sample_0025.json
-egA8-b7-3M$_$26,text_mismatch,7,and,8,8,and,8,2.450000047683716,2.609999895095825,2.450000047683716,2.609999895095825,2.04,2.58,0.4100000476837158,mandatory_unique_exact_token_pair_in_all_optimal_LCS_alignments,mfa_primary_unique_word_overlap_auto_qc_pass,B_unique_word_overlap_in_mismatched_transcript,MFA 3.4.2 forced alignment of Whisper transcript,False,2.450000047683716,2.609999895095825,2.450000047683716,2.609999895095825,True,True,,sample_0025.json
-egA8-b7-3M$_$26,text_mismatch,8,looking,9,9,looking,9,2.609999895095825,2.9200000762939453,2.609999895095825,2.9200000762939453,2.58,2.86,0.06000007629394544,mandatory_unique_exact_token_pair_in_all_optimal_LCS_alignments,mfa_primary_unique_word_overlap_auto_qc_pass,B_unique_word_overlap_in_mismatched_transcript,MFA 3.4.2 forced alignment of Whisper transcript,False,2.609999895095825,2.9200000762939453,2.609999895095825,2.9200000762939453,True,True,,sample_0025.json
-egA8-b7-3M$_$26,text_mismatch,9,forward,10,10,forward,10,2.9200000762939453,3.3399999141693115,2.9200000762939453,3.3399999141693115,2.86,3.18,0.15999991416931136,mandatory_unique_exact_token_pair_in_all_optimal_LCS_alignments,mfa_primary_unique_word_overlap_auto_qc_pass,B_unique_word_overlap_in_mismatched_transcript,MFA 3.4.2 forced alignment of Whisper transcript,False,2.9200000762939453,3.3399999141693115,2.9200000762939453,3.3399999141693115,True,True,,sample_0025.json
-egA8-b7-3M$_$26,text_mismatch,10,to,11,11,to,11,3.3399999141693115,3.4600000381469727,3.3399999141693115,3.4600000381469727,3.18,3.48,0.15999991416931136,mandatory_unique_exact_token_pair_in_all_optimal_LCS_alignments,mfa_primary_unique_word_overlap_auto_qc_pass,B_unique_word_overlap_in_mismatched_transcript,MFA 3.4.2 forced alignment of Whisper transcript,False,3.3399999141693115,3.4600000381469727,3.3399999141693115,3.4600000381469727,True,True,,sample_0025.json
-egA8-b7-3M$_$26,text_mismatch,11,your,12,12,your,12,3.4600000381469727,3.680000066757202,3.4600000381469727,3.680000066757202,3.48,3.7,0.019999961853027326,mandatory_unique_exact_token_pair_in_all_optimal_LCS_alignments,mfa_primary_unique_word_overlap_auto_qc_pass,B_unique_word_overlap_in_mismatched_transcript,MFA 3.4.2 forced alignment of Whisper transcript,False,3.4600000381469727,3.680000066757202,3.4600000381469727,3.680000066757202,True,True,,sample_0025.json
-egA8-b7-3M$_$26,text_mismatch,12,comments,13,13,comments,13,3.680000066757202,4.309999942779541,3.680000066757202,4.309999942779541,3.7,4.12,0.1899999427795409,mandatory_unique_exact_token_pair_in_all_optimal_LCS_alignments,mfa_primary_unique_word_overlap_auto_qc_pass,B_unique_word_overlap_in_mismatched_transcript,MFA 3.4.2 forced alignment of Whisper transcript,False,3.680000066757202,4.309999942779541,3.680000066757202,4.309999942779541,True,True,,sample_0025.json
-egA8-b7-3M$_$26,text_mismatch,13,on,14,14,on,14,4.309999942779541,4.539999961853027,4.309999942779541,4.539999961853027,4.12,4.54,0.1899999427795409,mandatory_unique_exact_token_pair_in_all_optimal_LCS_alignments,mfa_primary_unique_word_overlap_auto_qc_pass,B_unique_word_overlap_in_mismatched_transcript,MFA 3.4.2 forced alignment of Whisper transcript,False,4.309999942779541,4.539999961853027,4.309999942779541,4.539999961853027,True,True,,sample_0025.json
-egA8-b7-3M$_$26,text_mismatch,14,our,15,15,our,15,4.539999961853027,4.679999828338623,4.539999961853027,4.679999828338623,4.54,4.68,1.716613766689079e-07,mandatory_unique_exact_token_pair_in_all_optimal_LCS_alignments,mfa_primary_unique_word_overlap_auto_qc_pass,B_unique_word_overlap_in_mismatched_transcript,MFA 3.4.2 forced alignment of Whisper transcript,False,4.539999961853027,4.679999828338623,4.539999961853027,4.679999828338623,True,True,,sample_0025.json
-egA8-b7-3M$_$26,text_mismatch,15,videos,16,16,videos,16,4.679999828338623,5.380000114440918,4.679999828338623,5.380000114440918,4.68,5.06,0.32000011444091836,mandatory_unique_exact_token_pair_in_all_optimal_LCS_alignments,mfa_primary_unique_word_overlap_auto_qc_pass,B_unique_word_overlap_in_mismatched_transcript,MFA 3.4.2 forced alignment of Whisper transcript,False,4.679999828338623,5.380000114440918,4.679999828338623,5.380000114440918,True,True,,sample_0025.json
-egA8-b7-3M$_$17,exact_text,1,As,1,1,as,1,0.5099999904632568,0.7900000214576721,0.5099999904632568,0.7900000214576721,0.0,0.7,0.5099999904632568,mandatory_unique_exact_token_pair_in_all_optimal_LCS_alignments,mfa_whisper_discrepancy_over_0_5s_null_primary,A_exact_transcript,MFA 3.4.2 forced alignment of Whisper transcript,True,,,,,False,True,mfa_whisper_edge_difference_over_0_5s,sample_0026.json
-egA8-b7-3M$_$17,exact_text,2,you,2,2,you,2,0.7900000214576721,0.8999999761581421,0.7900000214576721,0.8999999761581421,0.7,0.88,0.09000002145767216,mandatory_unique_exact_token_pair_in_all_optimal_LCS_alignments,mfa_primary_exact_transcript_auto_qc_pass,A_exact_transcript,MFA 3.4.2 forced alignment of Whisper transcript,False,0.7900000214576721,0.8999999761581421,0.7900000214576721,0.8999999761581421,True,True,,sample_0026.json
-egA8-b7-3M$_$17,exact_text,3,have,3,3,have,3,0.8999999761581421,1.1200000047683716,0.8999999761581421,1.1200000047683716,0.88,1.1,0.020000004768371493,mandatory_unique_exact_token_pair_in_all_optimal_LCS_alignments,mfa_primary_exact_transcript_auto_qc_pass,A_exact_transcript,MFA 3.4.2 forced alignment of Whisper transcript,False,0.8999999761581421,1.1200000047683716,0.8999999761581421,1.1200000047683716,True,True,,sample_0026.json
-egA8-b7-3M$_$17,exact_text,4,more,4,4,more,4,1.1200000047683716,1.3600000143051147,1.1200000047683716,1.3600000143051147,1.1,1.34,0.020000014305114666,mandatory_unique_exact_token_pair_in_all_optimal_LCS_alignments,mfa_primary_exact_transcript_auto_qc_pass,A_exact_transcript,MFA 3.4.2 forced alignment of Whisper transcript,False,1.1200000047683716,1.3600000143051147,1.1200000047683716,1.3600000143051147,True,True,,sample_0026.json
-egA8-b7-3M$_$17,exact_text,5,experience,5,5,experience,5,1.3600000143051147,2.319999933242798,1.3600000143051147,2.319999933242798,1.34,2.02,0.29999993324279783,mandatory_unique_exact_token_pair_in_all_optimal_LCS_alignments,mfa_primary_exact_transcript_auto_qc_pass,A_exact_transcript,MFA 3.4.2 forced alignment of Whisper transcript,False,1.3600000143051147,2.319999933242798,1.3600000143051147,2.319999933242798,True,True,,sample_0026.json
-egA8-b7-3M$_$17,exact_text,6,you,6,6,you,6,3.2200000286102295,3.3299999237060547,3.2200000286102295,3.3299999237060547,3.24,3.32,0.01999997138977072,mandatory_unique_exact_token_pair_in_all_optimal_LCS_alignments,mfa_primary_exact_transcript_auto_qc_pass,A_exact_transcript,MFA 3.4.2 forced alignment of Whisper transcript,False,3.2200000286102295,3.3299999237060547,3.2200000286102295,3.3299999237060547,True,True,,sample_0026.json
-egA8-b7-3M$_$17,exact_text,7,have,7,7,have,7,3.3299999237060547,3.549999952316284,3.3299999237060547,3.549999952316284,3.32,3.5,0.04999995231628418,mandatory_unique_exact_token_pair_in_all_optimal_LCS_alignments,mfa_primary_exact_transcript_auto_qc_pass,A_exact_transcript,MFA 3.4.2 forced alignment of Whisper transcript,False,3.3299999237060547,3.549999952316284,3.3299999237060547,3.549999952316284,True,True,,sample_0026.json
-egA8-b7-3M$_$17,exact_text,8,more,8,8,more,8,3.549999952316284,3.759999990463257,3.549999952316284,3.759999990463257,3.5,3.76,0.04999995231628418,mandatory_unique_exact_token_pair_in_all_optimal_LCS_alignments,mfa_primary_exact_transcript_auto_qc_pass,A_exact_transcript,MFA 3.4.2 forced alignment of Whisper transcript,False,3.549999952316284,3.759999990463257,3.549999952316284,3.759999990463257,True,True,,sample_0026.json
-egA8-b7-3M$_$17,exact_text,9,times,9,9,times,9,3.759999990463257,4.239999771118164,3.759999990463257,4.239999771118164,3.76,4.14,0.09999977111816438,mandatory_unique_exact_token_pair_in_all_optimal_LCS_alignments,mfa_primary_exact_transcript_auto_qc_pass,A_exact_transcript,MFA 3.4.2 forced alignment of Whisper transcript,False,3.759999990463257,4.239999771118164,3.759999990463257,4.239999771118164,True,True,,sample_0026.json
-egA8-b7-3M$_$17,exact_text,10,exhibiting,10,10,exhibiting,10,4.239999771118164,5.010000228881836,4.239999771118164,5.010000228881836,4.14,4.7,0.31000022888183576,mandatory_unique_exact_token_pair_in_all_optimal_LCS_alignments,mfa_primary_exact_transcript_auto_qc_pass,A_exact_transcript,MFA 3.4.2 forced alignment of Whisper transcript,False,4.239999771118164,5.010000228881836,4.239999771118164,5.010000228881836,True,True,,sample_0026.json
-egA8-b7-3M$_$17,exact_text,11,you,11,11,you,11,5.239999771118164,5.340000152587891,5.239999771118164,5.340000152587891,5.16,5.36,0.07999977111816392,mandatory_unique_exact_token_pair_in_all_optimal_LCS_alignments,mfa_primary_exact_transcript_auto_qc_pass,A_exact_transcript,MFA 3.4.2 forced alignment of Whisper transcript,False,5.239999771118164,5.340000152587891,5.239999771118164,5.340000152587891,True,True,,sample_0026.json
-egA8-b7-3M$_$17,exact_text,12,get,12,12,get,12,5.340000152587891,5.539999961853027,5.340000152587891,5.539999961853027,5.36,5.52,0.01999996185302777,mandatory_unique_exact_token_pair_in_all_optimal_LCS_alignments,mfa_primary_exact_transcript_auto_qc_pass,A_exact_transcript,MFA 3.4.2 forced alignment of Whisper transcript,False,5.340000152587891,5.539999961853027,5.340000152587891,5.539999961853027,True,True,,sample_0026.json
-egA8-b7-3M$_$17,exact_text,13,to,13,13,to,13,5.539999961853027,5.639999866485596,5.539999961853027,5.639999866485596,5.52,5.66,0.02000013351440444,mandatory_unique_exact_token_pair_in_all_optimal_LCS_alignments,mfa_primary_exact_transcript_auto_qc_pass,A_exact_transcript,MFA 3.4.2 forced alignment of Whisper transcript,False,5.539999961853027,5.639999866485596,5.539999961853027,5.639999866485596,True,True,,sample_0026.json
-egA8-b7-3M$_$17,exact_text,14,know,14,14,know,14,5.639999866485596,5.869999885559082,5.639999866485596,5.869999885559082,5.66,5.86,0.02000013351440444,mandatory_unique_exact_token_pair_in_all_optimal_LCS_alignments,mfa_primary_exact_transcript_auto_qc_pass,A_exact_transcript,MFA 3.4.2 forced alignment of Whisper transcript,False,5.639999866485596,5.869999885559082,5.639999866485596,5.869999885559082,True,True,,sample_0026.json
-egA8-b7-3M$_$17,exact_text,15,more,15,15,more,15,5.869999885559082,6.099999904632568,5.869999885559082,6.099999904632568,5.86,6.08,0.01999990463256829,mandatory_unique_exact_token_pair_in_all_optimal_LCS_alignments,mfa_primary_exact_transcript_auto_qc_pass,A_exact_transcript,MFA 3.4.2 forced alignment of Whisper transcript,False,5.869999885559082,6.099999904632568,5.869999885559082,6.099999904632568,True,True,,sample_0026.json
-egA8-b7-3M$_$17,exact_text,16,people,16,16,people,16,6.099999904632568,6.579999923706055,6.099999904632568,6.579999923706055,6.08,6.42,0.15999992370605476,mandatory_unique_exact_token_pair_in_all_optimal_LCS_alignments,mfa_primary_exact_transcript_auto_qc_pass,A_exact_transcript,MFA 3.4.2 forced alignment of Whisper transcript,False,6.099999904632568,6.579999923706055,6.099999904632568,6.579999923706055,True,True,,sample_0026.json
-egA8-b7-3M$_$18,exact_text,1,It,1,1,it,1,0.5099999904632568,0.6800000071525574,0.5099999904632568,0.6800000071525574,0.0,0.62,0.5099999904632568,mandatory_unique_exact_token_pair_in_all_optimal_LCS_alignments,mfa_whisper_discrepancy_over_0_5s_null_primary,A_exact_transcript,MFA 3.4.2 forced alignment of Whisper transcript,True,,,,,False,True,mfa_whisper_edge_difference_over_0_5s,sample_0027.json
-egA8-b7-3M$_$18,exact_text,2,becomes,2,2,becomes,2,0.6800000071525574,1.2799999713897705,0.6800000071525574,1.2799999713897705,0.62,1.04,0.23999997138977047,mandatory_unique_exact_token_pair_in_all_optimal_LCS_alignments,mfa_primary_exact_transcript_auto_qc_pass,A_exact_transcript,MFA 3.4.2 forced alignment of Whisper transcript,False,0.6800000071525574,1.2799999713897705,0.6800000071525574,1.2799999713897705,True,True,,sample_0027.json
-egA8-b7-3M$_$18,exact_text,3,easier,3,3,easier,3,1.2799999713897705,1.8200000524520874,1.2799999713897705,1.8200000524520874,1.04,1.7,0.23999997138977047,mandatory_unique_exact_token_pair_in_all_optimal_LCS_alignments,mfa_primary_exact_transcript_auto_qc_pass,A_exact_transcript,MFA 3.4.2 forced alignment of Whisper transcript,False,1.2799999713897705,1.8200000524520874,1.2799999713897705,1.8200000524520874,True,True,,sample_0027.json
-egA8-b7-3M$_$18,exact_text,4,at,4,4,at,4,1.8200000524520874,2.0799999237060547,1.8200000524520874,2.0799999237060547,1.7,2.04,0.12000005245208745,mandatory_unique_exact_token_pair_in_all_optimal_LCS_alignments,mfa_primary_exact_transcript_auto_qc_pass,A_exact_transcript,MFA 3.4.2 forced alignment of Whisper transcript,False,1.8200000524520874,2.0799999237060547,1.8200000524520874,2.0799999237060547,True,True,,sample_0027.json
-egA8-b7-3M$_$18,exact_text,5,each,5,5,each,5,2.0799999237060547,2.390000104904175,2.0799999237060547,2.390000104904175,2.04,2.28,0.110000104904175,mandatory_unique_exact_token_pair_in_all_optimal_LCS_alignments,mfa_primary_exact_transcript_auto_qc_pass,A_exact_transcript,MFA 3.4.2 forced alignment of Whisper transcript,False,2.0799999237060547,2.390000104904175,2.0799999237060547,2.390000104904175,True,True,,sample_0027.json
-egA8-b7-3M$_$18,exact_text,6,one,6,6,one,6,2.390000104904175,2.5799999237060547,2.390000104904175,2.5799999237060547,2.28,2.54,0.110000104904175,mandatory_unique_exact_token_pair_in_all_optimal_LCS_alignments,mfa_primary_exact_transcript_auto_qc_pass,A_exact_transcript,MFA 3.4.2 forced alignment of Whisper transcript,False,2.390000104904175,2.5799999237060547,2.390000104904175,2.5799999237060547,True,True,,sample_0027.json
-egA8-b7-3M$_$18,exact_text,7,of,7,7,of,7,2.5799999237060547,2.690000057220459,2.5799999237060547,2.690000057220459,2.54,2.68,0.03999992370605465,mandatory_unique_exact_token_pair_in_all_optimal_LCS_alignments,mfa_primary_exact_transcript_auto_qc_pass,A_exact_transcript,MFA 3.4.2 forced alignment of Whisper transcript,False,2.5799999237060547,2.690000057220459,2.5799999237060547,2.690000057220459,True,True,,sample_0027.json
-egA8-b7-3M$_$18,exact_text,8,these,8,8,these,8,2.690000057220459,2.9000000953674316,2.690000057220459,2.9000000953674316,2.68,2.86,0.040000095367431765,mandatory_unique_exact_token_pair_in_all_optimal_LCS_alignments,mfa_primary_exact_transcript_auto_qc_pass,A_exact_transcript,MFA 3.4.2 forced alignment of Whisper transcript,False,2.690000057220459,2.9000000953674316,2.690000057220459,2.9000000953674316,True,True,,sample_0027.json
-egA8-b7-3M$_$18,exact_text,9,conferences,9,9,conferences,9,2.9000000953674316,3.759999990463257,2.9000000953674316,3.759999990463257,2.86,3.42,0.3399999904632569,mandatory_unique_exact_token_pair_in_all_optimal_LCS_alignments,mfa_primary_exact_transcript_auto_qc_pass,A_exact_transcript,MFA 3.4.2 forced alignment of Whisper transcript,False,2.9000000953674316,3.759999990463257,2.9000000953674316,3.759999990463257,True,True,,sample_0027.json
-egA8-b7-3M$_$18,exact_text,10,to,10,10,to,10,4.099999904632568,4.179999828338623,4.099999904632568,4.179999828338623,3.42,4.22,0.6799999046325684,mandatory_unique_exact_token_pair_in_all_optimal_LCS_alignments,mfa_whisper_discrepancy_over_0_5s_null_primary,A_exact_transcript,MFA 3.4.2 forced alignment of Whisper transcript,True,,,,,False,True,mfa_whisper_edge_difference_over_0_5s,sample_0027.json
-egA8-b7-3M$_$18,exact_text,11,connect,11,11,connect,11,4.179999828338623,4.650000095367432,4.179999828338623,4.650000095367432,4.22,4.54,0.1100000953674316,mandatory_unique_exact_token_pair_in_all_optimal_LCS_alignments,mfa_primary_exact_transcript_auto_qc_pass,A_exact_transcript,MFA 3.4.2 forced alignment of Whisper transcript,False,4.179999828338623,4.650000095367432,4.179999828338623,4.650000095367432,True,True,,sample_0027.json
-egA8-b7-3M$_$18,exact_text,12,with,12,12,with,12,4.650000095367432,4.860000133514404,4.650000095367432,4.860000133514404,4.54,4.78,0.1100000953674316,mandatory_unique_exact_token_pair_in_all_optimal_LCS_alignments,mfa_primary_exact_transcript_auto_qc_pass,A_exact_transcript,MFA 3.4.2 forced alignment of Whisper transcript,False,4.650000095367432,4.860000133514404,4.650000095367432,4.860000133514404,True,True,,sample_0027.json
-egA8-b7-3M$_$18,exact_text,13,people,13,13,people,13,4.860000133514404,5.210000038146973,4.860000133514404,5.210000038146973,4.78,5.12,0.09000003814697255,mandatory_unique_exact_token_pair_in_all_optimal_LCS_alignments,mfa_primary_exact_transcript_auto_qc_pass,A_exact_transcript,MFA 3.4.2 forced alignment of Whisper transcript,False,4.860000133514404,5.210000038146973,4.860000133514404,5.210000038146973,True,True,,sample_0027.json
-egA8-b7-3M$_$18,exact_text,14,that,14,14,that,14,5.210000038146973,5.329999923706055,5.210000038146973,5.329999923706055,5.12,5.36,0.09000003814697255,mandatory_unique_exact_token_pair_in_all_optimal_LCS_alignments,mfa_primary_exact_transcript_auto_qc_pass,A_exact_transcript,MFA 3.4.2 forced alignment of Whisper transcript,False,5.210000038146973,5.329999923706055,5.210000038146973,5.329999923706055,True,True,,sample_0027.json
-egA8-b7-3M$_$18,exact_text,15,you've,15,15,you've,15,5.329999923706055,5.619999885559082,5.329999923706055,5.619999885559082,5.36,5.62,0.030000076293945632,mandatory_unique_exact_token_pair_in_all_optimal_LCS_alignments,mfa_primary_exact_transcript_auto_qc_pass,A_exact_transcript,MFA 3.4.2 forced alignment of Whisper transcript,False,5.329999923706055,5.619999885559082,5.329999923706055,5.619999885559082,True,True,,sample_0027.json
-egA8-b7-3M$_$18,exact_text,16,met,16,16,met,16,5.619999885559082,5.920000076293945,5.619999885559082,5.920000076293945,5.62,5.88,0.04000007629394542,mandatory_unique_exact_token_pair_in_all_optimal_LCS_alignments,mfa_primary_exact_transcript_auto_qc_pass,A_exact_transcript,MFA 3.4.2 forced alignment of Whisper transcript,False,5.619999885559082,5.920000076293945,5.619999885559082,5.920000076293945,True,True,,sample_0027.json
-egA8-b7-3M$_$18,exact_text,17,or,17,17,or,17,6.369999885559082,6.53000020980835,6.369999885559082,6.53000020980835,5.88,6.5,0.48999988555908214,mandatory_unique_exact_token_pair_in_all_optimal_LCS_alignments,mfa_primary_exact_transcript_auto_qc_pass,A_exact_transcript,MFA 3.4.2 forced alignment of Whisper transcript,False,6.369999885559082,6.53000020980835,6.369999885559082,6.53000020980835,True,True,,sample_0027.json
-egA8-b7-3M$_$18,exact_text,18,that,18,18,that,18,6.53000020980835,6.699999809265137,6.53000020980835,6.699999809265137,6.5,6.68,0.03000020980834961,mandatory_unique_exact_token_pair_in_all_optimal_LCS_alignments,mfa_primary_exact_transcript_auto_qc_pass,A_exact_transcript,MFA 3.4.2 forced alignment of Whisper transcript,False,6.53000020980835,6.699999809265137,6.53000020980835,6.699999809265137,True,True,,sample_0027.json
-egA8-b7-3M$_$18,exact_text,19,you're,19,19,you're,19,6.699999809265137,6.809999942779541,6.699999809265137,6.809999942779541,6.68,6.84,0.030000057220458842,mandatory_unique_exact_token_pair_in_all_optimal_LCS_alignments,mfa_primary_exact_transcript_auto_qc_pass,A_exact_transcript,MFA 3.4.2 forced alignment of Whisper transcript,False,6.699999809265137,6.809999942779541,6.699999809265137,6.809999942779541,True,True,,sample_0027.json
-egA8-b7-3M$_$18,exact_text,20,doing,20,20,doing,20,6.809999942779541,7.110000133514404,6.809999942779541,7.110000133514404,6.84,7.06,0.05000013351440469,mandatory_unique_exact_token_pair_in_all_optimal_LCS_alignments,mfa_primary_exact_transcript_auto_qc_pass,A_exact_transcript,MFA 3.4.2 forced alignment of Whisper transcript,False,6.809999942779541,7.110000133514404,6.809999942779541,7.110000133514404,True,True,,sample_0027.json
-egA8-b7-3M$_$18,exact_text,21,business,21,21,business,21,7.110000133514404,7.639999866485596,7.110000133514404,7.639999866485596,7.06,7.44,0.1999998664855953,mandatory_unique_exact_token_pair_in_all_optimal_LCS_alignments,mfa_primary_exact_transcript_auto_qc_pass,A_exact_transcript,MFA 3.4.2 forced alignment of Whisper transcript,False,7.110000133514404,7.639999866485596,7.110000133514404,7.639999866485596,True,True,,sample_0027.json
-egA8-b7-3M$_$18,exact_text,22,with,22,22,with,22,7.639999866485596,7.809999942779541,7.639999866485596,7.809999942779541,7.44,7.78,0.1999998664855953,mandatory_unique_exact_token_pair_in_all_optimal_LCS_alignments,mfa_primary_exact_transcript_auto_qc_pass,A_exact_transcript,MFA 3.4.2 forced alignment of Whisper transcript,False,7.639999866485596,7.809999942779541,7.639999866485596,7.809999942779541,True,True,,sample_0027.json
-egA8-b7-3M$_$16,exact_text,1,Third,1,1,third,1,0.3700000047683716,0.800000011920929,0.3700000047683716,0.800000011920929,0.0,0.74,0.3700000047683716,mandatory_unique_exact_token_pair_in_all_optimal_LCS_alignments,mfa_primary_exact_transcript_auto_qc_pass,A_exact_transcript,MFA 3.4.2 forced alignment of Whisper transcript,False,0.3700000047683716,0.800000011920929,0.3700000047683716,0.800000011920929,True,True,,sample_0028.json
-egA8-b7-3M$_$16,exact_text,2,another,2,2,another,2,0.800000011920929,1.2599999904632568,0.800000011920929,1.2599999904632568,0.98,1.16,0.17999998807907103,mandatory_unique_exact_token_pair_in_all_optimal_LCS_alignments,mfa_primary_exact_transcript_auto_qc_pass,A_exact_transcript,MFA 3.4.2 forced alignment of Whisper transcript,False,0.800000011920929,1.2599999904632568,0.800000011920929,1.2599999904632568,True,True,,sample_0028.json
-egA8-b7-3M$_$16,exact_text,3,big,3,3,big,3,1.2599999904632568,1.5199999809265137,1.2599999904632568,1.5199999809265137,1.16,1.48,0.09999999046325692,mandatory_unique_exact_token_pair_in_all_optimal_LCS_alignments,mfa_primary_exact_transcript_auto_qc_pass,A_exact_transcript,MFA 3.4.2 forced alignment of Whisper transcript,False,1.2599999904632568,1.5199999809265137,1.2599999904632568,1.5199999809265137,True,True,,sample_0028.json
-egA8-b7-3M$_$16,exact_text,4,benefit,4,4,benefit,4,1.5199999809265137,1.9700000286102295,1.5199999809265137,1.9700000286102295,1.48,1.9,0.07000002861022958,mandatory_unique_exact_token_pair_in_all_optimal_LCS_alignments,mfa_primary_exact_transcript_auto_qc_pass,A_exact_transcript,MFA 3.4.2 forced alignment of Whisper transcript,False,1.5199999809265137,1.9700000286102295,1.5199999809265137,1.9700000286102295,True,True,,sample_0028.json
-egA8-b7-3M$_$16,exact_text,5,of,5,5,of,5,1.9700000286102295,2.0999999046325684,1.9700000286102295,2.0999999046325684,1.9,2.1,0.07000002861022958,mandatory_unique_exact_token_pair_in_all_optimal_LCS_alignments,mfa_primary_exact_transcript_auto_qc_pass,A_exact_transcript,MFA 3.4.2 forced alignment of Whisper transcript,False,1.9700000286102295,2.0999999046325684,1.9700000286102295,2.0999999046325684,True,True,,sample_0028.json
-egA8-b7-3M$_$16,exact_text,6,exhibiting,6,6,exhibiting,6,2.0999999046325684,2.7200000286102295,2.0999999046325684,2.7200000286102295,2.1,2.52,0.20000002861022947,mandatory_unique_exact_token_pair_in_all_optimal_LCS_alignments,mfa_primary_exact_transcript_auto_qc_pass,A_exact_transcript,MFA 3.4.2 forced alignment of Whisper transcript,False,2.0999999046325684,2.7200000286102295,2.0999999046325684,2.7200000286102295,True,True,,sample_0028.json
-egA8-b7-3M$_$16,exact_text,7,is,7,7,is,7,2.7200000286102295,2.9200000762939453,2.7200000286102295,2.9200000762939453,2.52,2.9,0.20000002861022947,mandatory_unique_exact_token_pair_in_all_optimal_LCS_alignments,mfa_primary_exact_transcript_auto_qc_pass,A_exact_transcript,MFA 3.4.2 forced alignment of Whisper transcript,False,2.7200000286102295,2.9200000762939453,2.7200000286102295,2.9200000762939453,True,True,,sample_0028.json
-egA8-b7-3M$_$16,exact_text,8,connecting,8,8,connecting,8,2.9200000762939453,3.5299999713897705,2.9200000762939453,3.5299999713897705,2.9,3.32,0.20999997138977067,mandatory_unique_exact_token_pair_in_all_optimal_LCS_alignments,mfa_primary_exact_transcript_auto_qc_pass,A_exact_transcript,MFA 3.4.2 forced alignment of Whisper transcript,False,2.9200000762939453,3.5299999713897705,2.9200000762939453,3.5299999713897705,True,True,,sample_0028.json
-egA8-b7-3M$_$16,exact_text,9,with,9,9,with,9,3.5299999713897705,3.700000047683716,3.5299999713897705,3.700000047683716,3.32,3.68,0.20999997138977067,mandatory_unique_exact_token_pair_in_all_optimal_LCS_alignments,mfa_primary_exact_transcript_auto_qc_pass,A_exact_transcript,MFA 3.4.2 forced alignment of Whisper transcript,False,3.5299999713897705,3.700000047683716,3.5299999713897705,3.700000047683716,True,True,,sample_0028.json
-egA8-b7-3M$_$16,exact_text,10,existing,10,10,existing,10,3.700000047683716,4.309999942779541,3.700000047683716,4.309999942779541,3.68,4.1,0.20999994277954137,mandatory_unique_exact_token_pair_in_all_optimal_LCS_alignments,mfa_primary_exact_transcript_auto_qc_pass,A_exact_transcript,MFA 3.4.2 forced alignment of Whisper transcript,False,3.700000047683716,4.309999942779541,3.700000047683716,4.309999942779541,True,True,,sample_0028.json
-egA8-b7-3M$_$16,exact_text,11,clients,11,11,clients,11,4.309999942779541,5.010000228881836,4.309999942779541,5.010000228881836,4.1,4.64,0.37000022888183626,mandatory_unique_exact_token_pair_in_all_optimal_LCS_alignments,mfa_primary_exact_transcript_auto_qc_pass,A_exact_transcript,MFA 3.4.2 forced alignment of Whisper transcript,False,4.309999942779541,5.010000228881836,4.309999942779541,5.010000228881836,True,True,,sample_0028.json
-egA8-b7-3M$_$13,exact_text,1,What,1,1,what,1,0.5099999904632568,0.6600000262260437,0.5099999904632568,0.6600000262260437,0.0,0.64,0.5099999904632568,mandatory_unique_exact_token_pair_in_all_optimal_LCS_alignments,mfa_whisper_discrepancy_over_0_5s_null_primary,A_exact_transcript,MFA 3.4.2 forced alignment of Whisper transcript,True,,,,,False,True,mfa_whisper_edge_difference_over_0_5s,sample_0029.json
-egA8-b7-3M$_$13,exact_text,2,are,2,2,are,2,0.6600000262260437,0.6899999976158142,0.6600000262260437,0.6899999976158142,0.64,0.74,0.05000000238418578,mandatory_unique_exact_token_pair_in_all_optimal_LCS_alignments,mfa_primary_exact_transcript_auto_qc_pass,A_exact_transcript,MFA 3.4.2 forced alignment of Whisper transcript,False,0.6600000262260437,0.6899999976158142,0.6600000262260437,0.6899999976158142,True,True,,sample_0029.json
-egA8-b7-3M$_$13,exact_text,3,you,3,3,you,3,0.6899999976158142,0.8299999833106995,0.6899999976158142,0.8299999833106995,0.74,0.86,0.05000000238418578,mandatory_unique_exact_token_pair_in_all_optimal_LCS_alignments,mfa_primary_exact_transcript_auto_qc_pass,A_exact_transcript,MFA 3.4.2 forced alignment of Whisper transcript,False,0.6899999976158142,0.8299999833106995,0.6899999976158142,0.8299999833106995,True,True,,sample_0029.json
-egA8-b7-3M$_$13,exact_text,4,doing,4,4,doing,4,0.8299999833106995,1.159999966621399,0.8299999833106995,1.159999966621399,0.86,1.1,0.05999996662139884,mandatory_unique_exact_token_pair_in_all_optimal_LCS_alignments,mfa_primary_exact_transcript_auto_qc_pass,A_exact_transcript,MFA 3.4.2 forced alignment of Whisper transcript,False,0.8299999833106995,1.159999966621399,0.8299999833106995,1.159999966621399,True,True,,sample_0029.json
-egA8-b7-3M$_$13,exact_text,5,that's,5,5,that's,5,1.159999966621399,1.3899999856948853,1.159999966621399,1.3899999856948853,1.1,1.38,0.05999996662139884,mandatory_unique_exact_token_pair_in_all_optimal_LCS_alignments,mfa_primary_exact_transcript_auto_qc_pass,A_exact_transcript,MFA 3.4.2 forced alignment of Whisper transcript,False,1.159999966621399,1.3899999856948853,1.159999966621399,1.3899999856948853,True,True,,sample_0029.json
-egA8-b7-3M$_$13,exact_text,6,different,6,6,different,6,1.3899999856948853,1.7999999523162842,1.3899999856948853,1.7999999523162842,1.38,1.66,0.13999995231628426,mandatory_unique_exact_token_pair_in_all_optimal_LCS_alignments,mfa_primary_exact_transcript_auto_qc_pass,A_exact_transcript,MFA 3.4.2 forced alignment of Whisper transcript,False,1.3899999856948853,1.7999999523162842,1.3899999856948853,1.7999999523162842,True,True,,sample_0029.json
-egA8-b7-3M$_$13,exact_text,7,They,7,7,they,7,2.319999933242798,2.4700000286102295,2.319999933242798,2.4700000286102295,2.22,2.46,0.09999993324279766,mandatory_unique_exact_token_pair_in_all_optimal_LCS_alignments,mfa_primary_exact_transcript_auto_qc_pass,A_exact_transcript,MFA 3.4.2 forced alignment of Whisper transcript,False,2.319999933242798,2.4700000286102295,2.319999933242798,2.4700000286102295,True,True,,sample_0029.json
-egA8-b7-3M$_$13,exact_text,8,always,8,8,always,8,2.4700000286102295,2.7699999809265137,2.4700000286102295,2.7699999809265137,2.46,2.7,0.0699999809265135,mandatory_unique_exact_token_pair_in_all_optimal_LCS_alignments,mfa_primary_exact_transcript_auto_qc_pass,A_exact_transcript,MFA 3.4.2 forced alignment of Whisper transcript,False,2.4700000286102295,2.7699999809265137,2.4700000286102295,2.7699999809265137,True,True,,sample_0029.json
-egA8-b7-3M$_$13,exact_text,9,want,9,9,want,9,2.7699999809265137,2.990000009536743,2.7699999809265137,2.990000009536743,2.7,2.96,0.0699999809265135,mandatory_unique_exact_token_pair_in_all_optimal_LCS_alignments,mfa_primary_exact_transcript_auto_qc_pass,A_exact_transcript,MFA 3.4.2 forced alignment of Whisper transcript,False,2.7699999809265137,2.990000009536743,2.7699999809265137,2.990000009536743,True,True,,sample_0029.json
-egA8-b7-3M$_$13,exact_text,10,an,10,10,an,10,2.990000009536743,3.0999999046325684,2.990000009536743,3.0999999046325684,2.96,3.1,0.0300000095367432,mandatory_unique_exact_token_pair_in_all_optimal_LCS_alignments,mfa_primary_exact_transcript_auto_qc_pass,A_exact_transcript,MFA 3.4.2 forced alignment of Whisper transcript,False,2.990000009536743,3.0999999046325684,2.990000009536743,3.0999999046325684,True,True,,sample_0029.json
-egA8-b7-3M$_$13,exact_text,11,answer,11,11,answer,11,3.0999999046325684,3.559999942779541,3.0999999046325684,3.559999942779541,3.1,3.42,0.1399999427795411,mandatory_unique_exact_token_pair_in_all_optimal_LCS_alignments,mfa_primary_exact_transcript_auto_qc_pass,A_exact_transcript,MFA 3.4.2 forced alignment of Whisper transcript,False,3.0999999046325684,3.559999942779541,3.0999999046325684,3.559999942779541,True,True,,sample_0029.json
-egA8-b7-3M$_$1,text_mismatch,1,I,1,1,i,1,0.0,0.11999999731779099,0.0,0.11999999731779099,0.0,0.66,0.540000002682209,mandatory_unique_exact_token_pair_in_all_optimal_LCS_alignments,mfa_whisper_discrepancy_over_0_5s_null_primary,B_unique_word_overlap_in_mismatched_transcript,MFA 3.4.2 forced alignment of Whisper transcript,True,,,,,False,True,mfa_whisper_edge_difference_over_0_5s,sample_0030.json
-egA8-b7-3M$_$1,text_mismatch,2,started,3,3,started,3,1.190000057220459,1.690000057220459,1.190000057220459,1.690000057220459,0.9,1.56,0.29000005722045896,mandatory_unique_exact_token_pair_in_all_optimal_LCS_alignments,mfa_primary_unique_word_overlap_auto_qc_pass,B_unique_word_overlap_in_mismatched_transcript,MFA 3.4.2 forced alignment of Whisper transcript,False,1.190000057220459,1.690000057220459,1.190000057220459,1.690000057220459,True,True,,sample_0030.json
-egA8-b7-3M$_$1,text_mismatch,3,a,4,4,a,4,1.690000057220459,1.7400000095367432,1.690000057220459,1.7400000095367432,1.56,1.84,0.13000005722045893,mandatory_unique_exact_token_pair_in_all_optimal_LCS_alignments,mfa_primary_unique_word_overlap_auto_qc_pass,B_unique_word_overlap_in_mismatched_transcript,MFA 3.4.2 forced alignment of Whisper transcript,False,1.690000057220459,1.7400000095367432,1.690000057220459,1.7400000095367432,True,True,,sample_0030.json
-egA8-b7-3M$_$1,text_mismatch,4,successful,5,5,successful,5,1.7400000095367432,2.4800000190734863,1.7400000095367432,2.4800000190734863,1.84,2.3,0.1800000190734865,mandatory_unique_exact_token_pair_in_all_optimal_LCS_alignments,mfa_primary_unique_word_overlap_auto_qc_pass,B_unique_word_overlap_in_mismatched_transcript,MFA 3.4.2 forced alignment of Whisper transcript,False,1.7400000095367432,2.4800000190734863,1.7400000095367432,2.4800000190734863,True,True,,sample_0030.json
-egA8-b7-3M$_$1,text_mismatch,5,Legal,6,6,legal,6,2.4800000190734863,2.7100000381469727,2.4800000190734863,2.7100000381469727,2.3,2.64,0.1800000190734865,mandatory_unique_exact_token_pair_in_all_optimal_LCS_alignments,mfa_primary_unique_word_overlap_auto_qc_pass,B_unique_word_overlap_in_mismatched_transcript,MFA 3.4.2 forced alignment of Whisper transcript,False,2.4800000190734863,2.7100000381469727,2.4800000190734863,2.7100000381469727,True,True,,sample_0030.json
-egA8-b7-3M$_$1,text_mismatch,6,Nurse,7,7,nurse,7,2.7100000381469727,3.0299999713897705,2.7100000381469727,3.0299999713897705,2.64,2.96,0.07000003814697253,mandatory_unique_exact_token_pair_in_all_optimal_LCS_alignments,mfa_primary_unique_word_overlap_auto_qc_pass,B_unique_word_overlap_in_mismatched_transcript,MFA 3.4.2 forced alignment of Whisper transcript,False,2.7100000381469727,3.0299999713897705,2.7100000381469727,3.0299999713897705,True,True,,sample_0030.json
-egA8-b7-3M$_$1,text_mismatch,7,Consulting,8,8,consulting,8,3.0299999713897705,3.549999952316284,3.0299999713897705,3.549999952316284,2.96,3.46,0.08999995231628422,mandatory_unique_exact_token_pair_in_all_optimal_LCS_alignments,mfa_primary_unique_word_overlap_auto_qc_pass,B_unique_word_overlap_in_mismatched_transcript,MFA 3.4.2 forced alignment of Whisper transcript,False,3.0299999713897705,3.549999952316284,3.0299999713897705,3.549999952316284,True,True,,sample_0030.json
-egA8-b7-3M$_$1,text_mismatch,8,Business,9,9,business,9,3.549999952316284,4.179999828338623,3.549999952316284,4.179999828338623,3.46,3.92,0.2599998283386231,mandatory_unique_exact_token_pair_in_all_optimal_LCS_alignments,mfa_primary_unique_word_overlap_auto_qc_pass,B_unique_word_overlap_in_mismatched_transcript,MFA 3.4.2 forced alignment of Whisper transcript,False,3.549999952316284,4.179999828338623,3.549999952316284,4.179999828338623,True,True,,sample_0030.json
-egA8-b7-3M$_$1,text_mismatch,9,in,10,10,in,10,4.489999771118164,4.570000171661377,4.489999771118164,4.570000171661377,3.92,4.62,0.5699997711181641,mandatory_unique_exact_token_pair_in_all_optimal_LCS_alignments,mfa_whisper_discrepancy_over_0_5s_null_primary,B_unique_word_overlap_in_mismatched_transcript,MFA 3.4.2 forced alignment of Whisper transcript,True,,,,,False,True,mfa_whisper_edge_difference_over_0_5s,sample_0030.json
-egA8-b7-3M$_$1,text_mismatch,10,1989,11,11,1989,11,4.570000171661377,5.820000171661377,4.570000171661377,5.820000171661377,4.62,5.44,0.38000017166137656,mandatory_unique_exact_token_pair_in_all_optimal_LCS_alignments,mfa_primary_unique_word_overlap_auto_qc_pass,B_unique_word_overlap_in_mismatched_transcript,MFA 3.4.2 forced alignment of Whisper transcript,False,4.570000171661377,5.820000171661377,4.570000171661377,5.820000171661377,True,True,,sample_0030.json
-egA8-b7-3M$_$1,text_mismatch,11,I,12,12,i,12,6.340000152587891,6.420000076293945,6.340000152587891,6.420000076293945,6.24,6.46,0.10000015258789041,mandatory_unique_exact_token_pair_in_all_optimal_LCS_alignments,mfa_primary_unique_word_overlap_auto_qc_pass,B_unique_word_overlap_in_mismatched_transcript,MFA 3.4.2 forced alignment of Whisper transcript,False,6.340000152587891,6.420000076293945,6.340000152587891,6.420000076293945,True,True,,sample_0030.json
-egA8-b7-3M$_$1,text_mismatch,12,mentor,13,13,mentor,13,6.420000076293945,6.849999904632568,6.420000076293945,6.849999904632568,6.46,6.76,0.08999990463256857,mandatory_unique_exact_token_pair_in_all_optimal_LCS_alignments,mfa_primary_unique_word_overlap_auto_qc_pass,B_unique_word_overlap_in_mismatched_transcript,MFA 3.4.2 forced alignment of Whisper transcript,False,6.420000076293945,6.849999904632568,6.420000076293945,6.849999904632568,True,True,,sample_0030.json
-egA8-b7-3M$_$1,text_mismatch,13,nurses,14,14,nurses,14,6.849999904632568,7.360000133514404,6.849999904632568,7.360000133514404,6.76,7.22,0.14000013351440455,mandatory_unique_exact_token_pair_in_all_optimal_LCS_alignments,mfa_primary_unique_word_overlap_auto_qc_pass,B_unique_word_overlap_in_mismatched_transcript,MFA 3.4.2 forced alignment of Whisper transcript,False,6.849999904632568,7.360000133514404,6.849999904632568,7.360000133514404,True,True,,sample_0030.json
-egA8-b7-3M$_$1,text_mismatch,14,who,15,15,who,15,7.360000133514404,7.46999979019165,7.360000133514404,7.46999979019165,7.22,7.5,0.14000013351440455,mandatory_unique_exact_token_pair_in_all_optimal_LCS_alignments,mfa_primary_unique_word_overlap_auto_qc_pass,B_unique_word_overlap_in_mismatched_transcript,MFA 3.4.2 forced alignment of Whisper transcript,False,7.360000133514404,7.46999979019165,7.360000133514404,7.46999979019165,True,True,,sample_0030.json
-egA8-b7-3M$_$1,text_mismatch,15,want,16,16,want,16,7.46999979019165,7.809999942779541,7.46999979019165,7.809999942779541,7.5,7.76,0.04999994277954123,mandatory_unique_exact_token_pair_in_all_optimal_LCS_alignments,mfa_primary_unique_word_overlap_auto_qc_pass,B_unique_word_overlap_in_mismatched_transcript,MFA 3.4.2 forced alignment of Whisper transcript,False,7.46999979019165,7.809999942779541,7.46999979019165,7.809999942779541,True,True,,sample_0030.json
-egA8-b7-3M$_$1,text_mismatch,16,to,17,17,to,17,7.809999942779541,7.889999866485596,7.809999942779541,7.889999866485596,7.76,7.94,0.05000013351440469,mandatory_unique_exact_token_pair_in_all_optimal_LCS_alignments,mfa_primary_unique_word_overlap_auto_qc_pass,B_unique_word_overlap_in_mismatched_transcript,MFA 3.4.2 forced alignment of Whisper transcript,False,7.809999942779541,7.889999866485596,7.809999942779541,7.889999866485596,True,True,,sample_0030.json
-egA8-b7-3M$_$1,text_mismatch,17,become,18,18,become,18,7.889999866485596,8.329999923706055,7.889999866485596,8.329999923706055,7.94,8.22,0.10999992370605405,mandatory_unique_exact_token_pair_in_all_optimal_LCS_alignments,mfa_primary_unique_word_overlap_auto_qc_pass,B_unique_word_overlap_in_mismatched_transcript,MFA 3.4.2 forced alignment of Whisper transcript,False,7.889999866485596,8.329999923706055,7.889999866485596,8.329999923706055,True,True,,sample_0030.json
-egA8-b7-3M$_$1,text_mismatch,18,Legal,19,19,legal,19,8.329999923706055,8.529999732971191,8.329999923706055,8.529999732971191,8.22,8.46,0.10999992370605405,mandatory_unique_exact_token_pair_in_all_optimal_LCS_alignments,mfa_primary_unique_word_overlap_auto_qc_pass,B_unique_word_overlap_in_mismatched_transcript,MFA 3.4.2 forced alignment of Whisper transcript,False,8.329999923706055,8.529999732971191,8.329999923706055,8.529999732971191,True,True,,sample_0030.json
-egA8-b7-3M$_$1,text_mismatch,19,Nurse,20,20,nurse,20,8.529999732971191,8.8100004196167,8.529999732971191,8.8100004196167,8.46,8.8,0.06999973297119055,mandatory_unique_exact_token_pair_in_all_optimal_LCS_alignments,mfa_primary_unique_word_overlap_auto_qc_pass,B_unique_word_overlap_in_mismatched_transcript,MFA 3.4.2 forced alignment of Whisper transcript,False,8.529999732971191,8.8100004196167,8.529999732971191,8.8100004196167,True,True,,sample_0030.json
-egA8-b7-3M$_$1,text_mismatch,20,Consultants,21,21,consultants,21,8.8100004196167,9.710000038146973,8.8100004196167,9.710000038146973,8.8,9.22,0.490000038146972,mandatory_unique_exact_token_pair_in_all_optimal_LCS_alignments,mfa_primary_unique_word_overlap_auto_qc_pass,B_unique_word_overlap_in_mismatched_transcript,MFA 3.4.2 forced alignment of Whisper transcript,False,8.8100004196167,9.710000038146973,8.8100004196167,9.710000038146973,True,True,,sample_0030.json
-egA8-b7-3M$_$6,exact_text,1,First,1,1,first,1,0.47999998927116394,0.9200000166893005,0.47999998927116394,0.9200000166893005,0.0,0.8,0.47999998927116394,mandatory_unique_exact_token_pair_in_all_optimal_LCS_alignments,mfa_primary_exact_transcript_auto_qc_pass,A_exact_transcript,MFA 3.4.2 forced alignment of Whisper transcript,False,0.47999998927116394,0.9200000166893005,0.47999998927116394,0.9200000166893005,True,True,,sample_0031.json
-egA8-b7-3M$_$6,exact_text,2,exhibiting,2,2,exhibiting,2,0.949999988079071,1.590000033378601,0.949999988079071,1.590000033378601,1.06,1.42,0.17000003337860115,mandatory_unique_exact_token_pair_in_all_optimal_LCS_alignments,mfa_primary_exact_transcript_auto_qc_pass,A_exact_transcript,MFA 3.4.2 forced alignment of Whisper transcript,False,0.949999988079071,1.590000033378601,0.949999988079071,1.590000033378601,True,True,,sample_0031.json
-egA8-b7-3M$_$6,exact_text,3,is,3,3,is,3,1.590000033378601,1.7400000095367432,1.590000033378601,1.7400000095367432,1.42,1.72,0.17000003337860115,mandatory_unique_exact_token_pair_in_all_optimal_LCS_alignments,mfa_primary_exact_transcript_auto_qc_pass,A_exact_transcript,MFA 3.4.2 forced alignment of Whisper transcript,False,1.590000033378601,1.7400000095367432,1.590000033378601,1.7400000095367432,True,True,,sample_0031.json
-egA8-b7-3M$_$6,exact_text,4,a,4,4,a,4,1.7400000095367432,1.809999942779541,1.7400000095367432,1.809999942779541,1.72,1.88,0.07000005722045888,mandatory_unique_exact_token_pair_in_all_optimal_LCS_alignments,mfa_primary_exact_transcript_auto_qc_pass,A_exact_transcript,MFA 3.4.2 forced alignment of Whisper transcript,False,1.7400000095367432,1.809999942779541,1.7400000095367432,1.809999942779541,True,True,,sample_0031.json
-egA8-b7-3M$_$6,exact_text,5,wonderful,5,5,wonderful,5,1.809999942779541,2.4200000762939453,1.809999942779541,2.4200000762939453,1.88,2.3,0.12000007629394549,mandatory_unique_exact_token_pair_in_all_optimal_LCS_alignments,mfa_primary_exact_transcript_auto_qc_pass,A_exact_transcript,MFA 3.4.2 forced alignment of Whisper transcript,False,1.809999942779541,2.4200000762939453,1.809999942779541,2.4200000762939453,True,True,,sample_0031.json
-egA8-b7-3M$_$6,exact_text,6,opportunity,6,6,opportunity,6,2.4200000762939453,3.200000047683716,2.4200000762939453,3.200000047683716,2.3,2.9,0.3000000476837159,mandatory_unique_exact_token_pair_in_all_optimal_LCS_alignments,mfa_primary_exact_transcript_auto_qc_pass,A_exact_transcript,MFA 3.4.2 forced alignment of Whisper transcript,False,2.4200000762939453,3.200000047683716,2.4200000762939453,3.200000047683716,True,True,,sample_0031.json
-egA8-b7-3M$_$6,exact_text,7,to,7,7,to,7,3.200000047683716,3.380000114440918,3.200000047683716,3.380000114440918,2.9,3.4,0.3000000476837159,mandatory_unique_exact_token_pair_in_all_optimal_LCS_alignments,mfa_primary_exact_transcript_auto_qc_pass,A_exact_transcript,MFA 3.4.2 forced alignment of Whisper transcript,False,3.200000047683716,3.380000114440918,3.200000047683716,3.380000114440918,True,True,,sample_0031.json
-egA8-b7-3M$_$6,exact_text,8,network,8,8,network,8,3.380000114440918,3.950000047683716,3.380000114440918,3.950000047683716,3.4,3.7,0.25000004768371564,mandatory_unique_exact_token_pair_in_all_optimal_LCS_alignments,mfa_primary_exact_transcript_auto_qc_pass,A_exact_transcript,MFA 3.4.2 forced alignment of Whisper transcript,False,3.380000114440918,3.950000047683716,3.380000114440918,3.950000047683716,True,True,,sample_0031.json
-egA8-b7-3M$_$6,exact_text,9,with,9,9,with,9,3.950000047683716,4.110000133514404,3.950000047683716,4.110000133514404,3.7,4.08,0.25000004768371564,mandatory_unique_exact_token_pair_in_all_optimal_LCS_alignments,mfa_primary_exact_transcript_auto_qc_pass,A_exact_transcript,MFA 3.4.2 forced alignment of Whisper transcript,False,3.950000047683716,4.110000133514404,3.950000047683716,4.110000133514404,True,True,,sample_0031.json
-egA8-b7-3M$_$6,exact_text,10,other,10,10,other,10,4.150000095367432,4.46999979019165,4.150000095367432,4.46999979019165,4.08,4.44,0.07000009536743157,mandatory_unique_exact_token_pair_in_all_optimal_LCS_alignments,mfa_primary_exact_transcript_auto_qc_pass,A_exact_transcript,MFA 3.4.2 forced alignment of Whisper transcript,False,4.150000095367432,4.46999979019165,4.150000095367432,4.46999979019165,True,True,,sample_0031.json
-egA8-b7-3M$_$6,exact_text,11,legal,11,11,legal,11,4.46999979019165,4.900000095367432,4.46999979019165,4.900000095367432,4.44,4.82,0.08000009536743136,mandatory_unique_exact_token_pair_in_all_optimal_LCS_alignments,mfa_primary_exact_transcript_auto_qc_pass,A_exact_transcript,MFA 3.4.2 forced alignment of Whisper transcript,False,4.46999979019165,4.900000095367432,4.46999979019165,4.900000095367432,True,True,,sample_0031.json
-egA8-b7-3M$_$6,exact_text,12,vendors,12,12,vendors,12,4.900000095367432,5.650000095367432,4.900000095367432,5.650000095367432,4.82,5.24,0.4100000953674314,mandatory_unique_exact_token_pair_in_all_optimal_LCS_alignments,mfa_primary_exact_transcript_auto_qc_pass,A_exact_transcript,MFA 3.4.2 forced alignment of Whisper transcript,False,4.900000095367432,5.650000095367432,4.900000095367432,5.650000095367432,True,True,,sample_0031.json
-egA8-b7-3M$_$9,exact_text,1,Secondly,1,1,secondly,1,0.44999998807907104,1.090000033378601,0.44999998807907104,1.090000033378601,0.0,0.96,0.44999998807907104,mandatory_unique_exact_token_pair_in_all_optimal_LCS_alignments,mfa_primary_exact_transcript_auto_qc_pass,A_exact_transcript,MFA 3.4.2 forced alignment of Whisper transcript,False,0.44999998807907104,1.090000033378601,0.44999998807907104,1.090000033378601,True,True,,sample_0032.json
-egA8-b7-3M$_$9,exact_text,2,another,2,2,another,2,1.090000033378601,1.6100000143051147,1.090000033378601,1.6100000143051147,1.28,1.52,0.18999996662139895,mandatory_unique_exact_token_pair_in_all_optimal_LCS_alignments,mfa_primary_exact_transcript_auto_qc_pass,A_exact_transcript,MFA 3.4.2 forced alignment of Whisper transcript,False,1.090000033378601,1.6100000143051147,1.090000033378601,1.6100000143051147,True,True,,sample_0032.json
-egA8-b7-3M$_$9,exact_text,3,goal,3,3,goal,3,1.6100000143051147,1.909999966621399,1.6100000143051147,1.909999966621399,1.52,1.86,0.09000001430511473,mandatory_unique_exact_token_pair_in_all_optimal_LCS_alignments,mfa_primary_exact_transcript_auto_qc_pass,A_exact_transcript,MFA 3.4.2 forced alignment of Whisper transcript,False,1.6100000143051147,1.909999966621399,1.6100000143051147,1.909999966621399,True,True,,sample_0032.json
-egA8-b7-3M$_$9,exact_text,4,of,4,4,of,4,1.909999966621399,2.0299999713897705,1.909999966621399,2.0299999713897705,1.86,2.02,0.04999996662139883,mandatory_unique_exact_token_pair_in_all_optimal_LCS_alignments,mfa_primary_exact_transcript_auto_qc_pass,A_exact_transcript,MFA 3.4.2 forced alignment of Whisper transcript,False,1.909999966621399,2.0299999713897705,1.909999966621399,2.0299999713897705,True,True,,sample_0032.json
-egA8-b7-3M$_$9,exact_text,5,exhibiting,5,5,exhibiting,5,2.0299999713897705,2.5999999046325684,2.0299999713897705,2.5999999046325684,2.02,2.42,0.17999990463256843,mandatory_unique_exact_token_pair_in_all_optimal_LCS_alignments,mfa_primary_exact_transcript_auto_qc_pass,A_exact_transcript,MFA 3.4.2 forced alignment of Whisper transcript,False,2.0299999713897705,2.5999999046325684,2.0299999713897705,2.5999999046325684,True,True,,sample_0032.json
-egA8-b7-3M$_$9,exact_text,6,is,6,6,is,6,2.5999999046325684,2.8299999237060547,2.5999999046325684,2.8299999237060547,2.42,2.82,0.17999990463256843,mandatory_unique_exact_token_pair_in_all_optimal_LCS_alignments,mfa_primary_exact_transcript_auto_qc_pass,A_exact_transcript,MFA 3.4.2 forced alignment of Whisper transcript,False,2.5999999046325684,2.8299999237060547,2.5999999046325684,2.8299999237060547,True,True,,sample_0032.json
-egA8-b7-3M$_$9,exact_text,7,building,7,7,building,7,2.8299999237060547,3.299999952316284,2.8299999237060547,3.299999952316284,2.82,3.1,0.1999999523162841,mandatory_unique_exact_token_pair_in_all_optimal_LCS_alignments,mfa_primary_exact_transcript_auto_qc_pass,A_exact_transcript,MFA 3.4.2 forced alignment of Whisper transcript,False,2.8299999237060547,3.299999952316284,2.8299999237060547,3.299999952316284,True,True,,sample_0032.json
-egA8-b7-3M$_$9,exact_text,8,your,8,8,your,8,3.299999952316284,3.4200000762939453,3.299999952316284,3.4200000762939453,3.1,3.46,0.1999999523162841,mandatory_unique_exact_token_pair_in_all_optimal_LCS_alignments,mfa_primary_exact_transcript_auto_qc_pass,A_exact_transcript,MFA 3.4.2 forced alignment of Whisper transcript,False,3.299999952316284,3.4200000762939453,3.299999952316284,3.4200000762939453,True,True,,sample_0032.json
-egA8-b7-3M$_$9,exact_text,9,company,9,9,company,9,3.4200000762939453,3.9100000858306885,3.4200000762939453,3.9100000858306885,3.46,3.82,0.09000008583068864,mandatory_unique_exact_token_pair_in_all_optimal_LCS_alignments,mfa_primary_exact_transcript_auto_qc_pass,A_exact_transcript,MFA 3.4.2 forced alignment of Whisper transcript,False,3.4200000762939453,3.9100000858306885,3.4200000762939453,3.9100000858306885,True,True,,sample_0032.json
-egA8-b7-3M$_$9,exact_text,10,image,10,10,image,10,3.9100000858306885,4.440000057220459,3.9100000858306885,4.440000057220459,3.82,4.3,0.14000005722045916,mandatory_unique_exact_token_pair_in_all_optimal_LCS_alignments,mfa_primary_exact_transcript_auto_qc_pass,A_exact_transcript,MFA 3.4.2 forced alignment of Whisper transcript,False,3.9100000858306885,4.440000057220459,3.9100000858306885,4.440000057220459,True,True,,sample_0032.json
-egA8-b7-3M$_$20,exact_text,1,Now,1,1,now,1,0.49000000953674316,0.75,0.49000000953674316,0.75,0.0,0.72,0.49000000953674316,mandatory_unique_exact_token_pair_in_all_optimal_LCS_alignments,mfa_primary_exact_transcript_auto_qc_pass,A_exact_transcript,MFA 3.4.2 forced alignment of Whisper transcript,False,0.49000000953674316,0.75,0.49000000953674316,0.75,True,True,,sample_0033.json
-egA8-b7-3M$_$20,exact_text,2,you've,2,2,you've,2,0.75,0.9300000071525574,0.75,0.9300000071525574,0.72,0.98,0.04999999284744261,mandatory_unique_exact_token_pair_in_all_optimal_LCS_alignments,mfa_primary_exact_transcript_auto_qc_pass,A_exact_transcript,MFA 3.4.2 forced alignment of Whisper transcript,False,0.75,0.9300000071525574,0.75,0.9300000071525574,True,True,,sample_0033.json
-egA8-b7-3M$_$20,exact_text,3,got,3,3,got,3,0.9300000071525574,1.1399999856948853,0.9300000071525574,1.1399999856948853,0.98,1.12,0.04999999284744261,mandatory_unique_exact_token_pair_in_all_optimal_LCS_alignments,mfa_primary_exact_transcript_auto_qc_pass,A_exact_transcript,MFA 3.4.2 forced alignment of Whisper transcript,False,0.9300000071525574,1.1399999856948853,0.9300000071525574,1.1399999856948853,True,True,,sample_0033.json
-egA8-b7-3M$_$20,exact_text,4,a,4,4,a,4,1.1399999856948853,1.1799999475479126,1.1399999856948853,1.1799999475479126,1.12,1.26,0.08000005245208741,mandatory_unique_exact_token_pair_in_all_optimal_LCS_alignments,mfa_primary_exact_transcript_auto_qc_pass,A_exact_transcript,MFA 3.4.2 forced alignment of Whisper transcript,False,1.1399999856948853,1.1799999475479126,1.1399999856948853,1.1799999475479126,True,True,,sample_0033.json
-egA8-b7-3M$_$20,exact_text,5,face,5,5,face,5,1.1799999475479126,1.6100000143051147,1.1799999475479126,1.6100000143051147,1.26,1.52,0.09000001430511473,mandatory_unique_exact_token_pair_in_all_optimal_LCS_alignments,mfa_primary_exact_transcript_auto_qc_pass,A_exact_transcript,MFA 3.4.2 forced alignment of Whisper transcript,False,1.1799999475479126,1.6100000143051147,1.1799999475479126,1.6100000143051147,True,True,,sample_0033.json
-egA8-b7-3M$_$20,exact_text,6,that,6,6,that,6,1.6100000143051147,1.7599999904632568,1.6100000143051147,1.7599999904632568,1.52,1.76,0.09000001430511473,mandatory_unique_exact_token_pair_in_all_optimal_LCS_alignments,mfa_primary_exact_transcript_auto_qc_pass,A_exact_transcript,MFA 3.4.2 forced alignment of Whisper transcript,False,1.6100000143051147,1.7599999904632568,1.6100000143051147,1.7599999904632568,True,True,,sample_0033.json
-egA8-b7-3M$_$20,exact_text,7,you,7,7,you,7,1.7599999904632568,1.8700000047683716,1.7599999904632568,1.8700000047683716,1.76,1.9,0.02999999523162833,mandatory_unique_exact_token_pair_in_all_optimal_LCS_alignments,mfa_primary_exact_transcript_auto_qc_pass,A_exact_transcript,MFA 3.4.2 forced alignment of Whisper transcript,False,1.7599999904632568,1.8700000047683716,1.7599999904632568,1.8700000047683716,True,True,,sample_0033.json
-egA8-b7-3M$_$20,exact_text,8,can,8,8,can,8,1.8700000047683716,2.0799999237060547,1.8700000047683716,2.0799999237060547,1.9,2.1,0.02999999523162833,mandatory_unique_exact_token_pair_in_all_optimal_LCS_alignments,mfa_primary_exact_transcript_auto_qc_pass,A_exact_transcript,MFA 3.4.2 forced alignment of Whisper transcript,False,1.8700000047683716,2.0799999237060547,1.8700000047683716,2.0799999237060547,True,True,,sample_0033.json
-egA8-b7-3M$_$20,exact_text,9,connect,9,9,connect,9,2.0799999237060547,2.5299999713897705,2.0799999237060547,2.5299999713897705,2.1,2.42,0.10999997138977058,mandatory_unique_exact_token_pair_in_all_optimal_LCS_alignments,mfa_primary_exact_transcript_auto_qc_pass,A_exact_transcript,MFA 3.4.2 forced alignment of Whisper transcript,False,2.0799999237060547,2.5299999713897705,2.0799999237060547,2.5299999713897705,True,True,,sample_0033.json
-egA8-b7-3M$_$20,exact_text,10,with,10,10,with,10,2.5299999713897705,2.7100000381469727,2.5299999713897705,2.7100000381469727,2.42,2.68,0.10999997138977058,mandatory_unique_exact_token_pair_in_all_optimal_LCS_alignments,mfa_primary_exact_transcript_auto_qc_pass,A_exact_transcript,MFA 3.4.2 forced alignment of Whisper transcript,False,2.5299999713897705,2.7100000381469727,2.5299999713897705,2.7100000381469727,True,True,,sample_0033.json
-egA8-b7-3M$_$20,exact_text,11,a,11,11,a,11,2.7100000381469727,2.759999990463257,2.7100000381469727,2.759999990463257,2.68,2.84,0.08000000953674302,mandatory_unique_exact_token_pair_in_all_optimal_LCS_alignments,mfa_primary_exact_transcript_auto_qc_pass,A_exact_transcript,MFA 3.4.2 forced alignment of Whisper transcript,False,2.7100000381469727,2.759999990463257,2.7100000381469727,2.759999990463257,True,True,,sample_0033.json
-egA8-b7-3M$_$20,exact_text,12,voice,12,12,voice,12,2.759999990463257,3.4800000190734863,2.759999990463257,3.4800000190734863,2.84,3.14,0.3400000190734862,mandatory_unique_exact_token_pair_in_all_optimal_LCS_alignments,mfa_primary_exact_transcript_auto_qc_pass,A_exact_transcript,MFA 3.4.2 forced alignment of Whisper transcript,False,2.759999990463257,3.4800000190734863,2.759999990463257,3.4800000190734863,True,True,,sample_0033.json
-egA8-b7-3M$_$20,exact_text,13,and,13,13,and,13,3.9000000953674316,4.099999904632568,3.9000000953674316,4.099999904632568,3.14,4.04,0.7600000953674315,mandatory_unique_exact_token_pair_in_all_optimal_LCS_alignments,mfa_whisper_discrepancy_over_0_5s_null_primary,A_exact_transcript,MFA 3.4.2 forced alignment of Whisper transcript,True,,,,,False,True,mfa_whisper_edge_difference_over_0_5s,sample_0033.json
-egA8-b7-3M$_$20,exact_text,14,that,14,14,that,14,4.099999904632568,4.28000020980835,4.099999904632568,4.28000020980835,4.04,4.24,0.059999904632568324,mandatory_unique_exact_token_pair_in_all_optimal_LCS_alignments,mfa_primary_exact_transcript_auto_qc_pass,A_exact_transcript,MFA 3.4.2 forced alignment of Whisper transcript,False,4.099999904632568,4.28000020980835,4.099999904632568,4.28000020980835,True,True,,sample_0033.json
-egA8-b7-3M$_$20,exact_text,15,makes,15,15,makes,15,4.28000020980835,4.559999942779541,4.28000020980835,4.559999942779541,4.24,4.46,0.09999994277954105,mandatory_unique_exact_token_pair_in_all_optimal_LCS_alignments,mfa_primary_exact_transcript_auto_qc_pass,A_exact_transcript,MFA 3.4.2 forced alignment of Whisper transcript,False,4.28000020980835,4.559999942779541,4.28000020980835,4.559999942779541,True,True,,sample_0033.json
-egA8-b7-3M$_$20,exact_text,16,you,16,16,you,16,4.559999942779541,4.630000114440918,4.559999942779541,4.630000114440918,4.46,4.68,0.09999994277954105,mandatory_unique_exact_token_pair_in_all_optimal_LCS_alignments,mfa_primary_exact_transcript_auto_qc_pass,A_exact_transcript,MFA 3.4.2 forced alignment of Whisper transcript,False,4.559999942779541,4.630000114440918,4.559999942779541,4.630000114440918,True,True,,sample_0033.json
-egA8-b7-3M$_$20,exact_text,17,closer,17,17,closer,17,4.630000114440918,5.139999866485596,4.630000114440918,5.139999866485596,4.68,4.98,0.15999986648559528,mandatory_unique_exact_token_pair_in_all_optimal_LCS_alignments,mfa_primary_exact_transcript_auto_qc_pass,A_exact_transcript,MFA 3.4.2 forced alignment of Whisper transcript,False,4.630000114440918,5.139999866485596,4.630000114440918,5.139999866485596,True,True,,sample_0033.json
-egA8-b7-3M$_$20,exact_text,18,to,18,18,to,18,5.139999866485596,5.289999961853027,5.139999866485596,5.289999961853027,4.98,5.3,0.15999986648559528,mandatory_unique_exact_token_pair_in_all_optimal_LCS_alignments,mfa_primary_exact_transcript_auto_qc_pass,A_exact_transcript,MFA 3.4.2 forced alignment of Whisper transcript,False,5.139999866485596,5.289999961853027,5.139999866485596,5.289999961853027,True,True,,sample_0033.json
-egA8-b7-3M$_$20,exact_text,19,that,19,19,that,19,5.289999961853027,5.610000133514404,5.289999961853027,5.610000133514404,5.3,5.52,0.09000013351440472,mandatory_unique_exact_token_pair_in_all_optimal_LCS_alignments,mfa_primary_exact_transcript_auto_qc_pass,A_exact_transcript,MFA 3.4.2 forced alignment of Whisper transcript,False,5.289999961853027,5.610000133514404,5.289999961853027,5.610000133514404,True,True,,sample_0033.json
-egA8-b7-3M$_$20,exact_text,20,client,20,20,client,20,5.610000133514404,5.96999979019165,5.610000133514404,5.96999979019165,5.52,5.84,0.12999979019165053,mandatory_unique_exact_token_pair_in_all_optimal_LCS_alignments,mfa_primary_exact_transcript_auto_qc_pass,A_exact_transcript,MFA 3.4.2 forced alignment of Whisper transcript,False,5.610000133514404,5.96999979019165,5.610000133514404,5.96999979019165,True,True,,sample_0033.json
-iRBcNs9oI8$_$3,text_mismatch,1,Well,,,,,,,,,,,,mandatory_unique_exact_token_pair_in_all_optimal_LCS_alignments,official_word_unmatched_or_ambiguous_in_asr,,,False,,,,,False,False,,sample_0034.json
-iRBcNs9oI8$_$3,text_mismatch,2,it,,,,,,,,,,,,mandatory_unique_exact_token_pair_in_all_optimal_LCS_alignments,official_word_unmatched_or_ambiguous_in_asr,,,False,,,,,False,False,,sample_0034.json
-iRBcNs9oI8$_$3,text_mismatch,3,is,1,1,is,1,0.36000001430511475,0.5299999713897705,0.36000001430511475,0.5299999713897705,0.0,0.48,0.36000001430511475,mandatory_unique_exact_token_pair_in_all_optimal_LCS_alignments,mfa_primary_unique_word_overlap_auto_qc_pass,B_unique_word_overlap_in_mismatched_transcript,MFA 3.4.2 forced alignment of Whisper transcript,False,0.36000001430511475,0.5299999713897705,0.36000001430511475,0.5299999713897705,True,True,,sample_0034.json
-iRBcNs9oI8$_$3,text_mismatch,4,the,,,,,,,,,,,,mandatory_unique_exact_token_pair_in_all_optimal_LCS_alignments,official_word_unmatched_or_ambiguous_in_asr,,,False,,,,,False,False,,sample_0034.json
-iRBcNs9oI8$_$3,text_mismatch,5,secret,,,,,,,,,,,,mandatory_unique_exact_token_pair_in_all_optimal_LCS_alignments,official_word_unmatched_or_ambiguous_in_asr,,,False,,,,,False,False,,sample_0034.json
-iRBcNs9oI8$_$3,text_mismatch,6,of,,,,,,,,,,,,mandatory_unique_exact_token_pair_in_all_optimal_LCS_alignments,official_word_unmatched_or_ambiguous_in_asr,,,False,,,,,False,False,,sample_0034.json
-iRBcNs9oI8$_$3,text_mismatch,7,power,,,,,,,,,,,,mandatory_unique_exact_token_pair_in_all_optimal_LCS_alignments,official_word_unmatched_or_ambiguous_in_asr,,,False,,,,,False,False,,sample_0034.json
-iRBcNs9oI8$_$3,text_mismatch,8,pose,,,,,,,,,,,,mandatory_unique_exact_token_pair_in_all_optimal_LCS_alignments,official_word_unmatched_or_ambiguous_in_asr,,,False,,,,,False,False,,sample_0034.json
-iRBcNs9oI8$_$7,text_mismatch,1,Well,,,,,,,,,,,,mandatory_unique_exact_token_pair_in_all_optimal_LCS_alignments,official_word_unmatched_or_ambiguous_in_asr,,,False,,,,,False,False,,sample_0035.json
-iRBcNs9oI8$_$7,text_mismatch,2,for,,,,,,,,,,,,mandatory_unique_exact_token_pair_in_all_optimal_LCS_alignments,official_word_unmatched_or_ambiguous_in_asr,,,False,,,,,False,False,,sample_0035.json
-iRBcNs9oI8$_$7,text_mismatch,3,starters,,,,,,,,,,,,mandatory_unique_exact_token_pair_in_all_optimal_LCS_alignments,official_word_unmatched_or_ambiguous_in_asr,,,False,,,,,False,False,,sample_0035.json
-iRBcNs9oI8$_$7,text_mismatch,4,let's,,,,,,,,,,,,mandatory_unique_exact_token_pair_in_all_optimal_LCS_alignments,official_word_unmatched_or_ambiguous_in_asr,,,False,,,,,False,False,,sample_0035.json
-iRBcNs9oI8$_$7,text_mismatch,5,look,,,,,,,,,,,,mandatory_unique_exact_token_pair_in_all_optimal_LCS_alignments,official_word_unmatched_or_ambiguous_in_asr,,,False,,,,,False,False,,sample_0035.json
-iRBcNs9oI8$_$7,text_mismatch,6,at,,,,,,,,,,,,mandatory_unique_exact_token_pair_in_all_optimal_LCS_alignments,official_word_unmatched_or_ambiguous_in_asr,,,False,,,,,False,False,,sample_0035.json
-iRBcNs9oI8$_$7,text_mismatch,7,the,,,,,,,,,,,,mandatory_unique_exact_token_pair_in_all_optimal_LCS_alignments,official_word_unmatched_or_ambiguous_in_asr,,,False,,,,,False,False,,sample_0035.json
-iRBcNs9oI8$_$7,text_mismatch,8,word,,,,,,,,,,,,mandatory_unique_exact_token_pair_in_all_optimal_LCS_alignments,official_word_unmatched_or_ambiguous_in_asr,,,False,,,,,False,False,,sample_0035.json
-iRBcNs9oI8$_$7,text_mismatch,9,power,,,,,,,,,,,,mandatory_unique_exact_token_pair_in_all_optimal_LCS_alignments,official_word_unmatched_or_ambiguous_in_asr,,,False,,,,,False,False,,sample_0035.json
-iRBcNs9oI8$_$6,text_mismatch,1,What,,,,,,,,,,,,mandatory_unique_exact_token_pair_in_all_optimal_LCS_alignments,official_word_unmatched_or_ambiguous_in_asr,,,False,,,,,False,False,,sample_0036.json
-iRBcNs9oI8$_$6,text_mismatch,2,is,,,,,,,,,,,,mandatory_unique_exact_token_pair_in_all_optimal_LCS_alignments,official_word_unmatched_or_ambiguous_in_asr,,,False,,,,,False,False,,sample_0036.json
-iRBcNs9oI8$_$6,text_mismatch,3,a,,,,,,,,,,,,mandatory_unique_exact_token_pair_in_all_optimal_LCS_alignments,official_word_unmatched_or_ambiguous_in_asr,,,False,,,,,False,False,,sample_0036.json
-iRBcNs9oI8$_$6,text_mismatch,4,power,,,,,,,,,,,,mandatory_unique_exact_token_pair_in_all_optimal_LCS_alignments,official_word_unmatched_or_ambiguous_in_asr,,,False,,,,,False,False,,sample_0036.json
-iRBcNs9oI8$_$6,text_mismatch,5,pose,,,,,,,,,,,,mandatory_unique_exact_token_pair_in_all_optimal_LCS_alignments,official_word_unmatched_or_ambiguous_in_asr,,,False,,,,,False,False,,sample_0036.json
-iRBcNs9oI8$_$9,text_mismatch,1,Power,2,2,power,2,1.2799999713897705,1.9600000381469727,1.2799999713897705,1.9600000381469727,0.36,1.66,0.9199999713897705,mandatory_unique_exact_token_pair_in_all_optimal_LCS_alignments,mfa_whisper_discrepancy_over_0_5s_null_primary,B_unique_word_overlap_in_mismatched_transcript,MFA 3.4.2 forced alignment of Whisper transcript,True,,,,,False,True,mfa_whisper_edge_difference_over_0_5s,sample_0037.json
-iRBcNs9oI8$_$9,text_mismatch,2,is,,,,,,,,,,,,mandatory_unique_exact_token_pair_in_all_optimal_LCS_alignments,official_word_unmatched_or_ambiguous_in_asr,,,False,,,,,False,False,,sample_0037.json
-iRBcNs9oI8$_$9,text_mismatch,3,similar,,,,,,,,,,,,mandatory_unique_exact_token_pair_in_all_optimal_LCS_alignments,official_word_unmatched_or_ambiguous_in_asr,,,False,,,,,False,False,,sample_0037.json
-iRBcNs9oI8$_$9,text_mismatch,4,to,,,,,,,,,,,,mandatory_unique_exact_token_pair_in_all_optimal_LCS_alignments,official_word_unmatched_or_ambiguous_in_asr,,,False,,,,,False,False,,sample_0037.json
-iRBcNs9oI8$_$9,text_mismatch,5,strength,,,,,,,,,,,,mandatory_unique_exact_token_pair_in_all_optimal_LCS_alignments,official_word_unmatched_or_ambiguous_in_asr,,,False,,,,,False,False,,sample_0037.json
-iRBcNs9oI8$_$8,text_mismatch,1,I've,,,,,,,,,,,,mandatory_unique_exact_token_pair_in_all_optimal_LCS_alignments,official_word_unmatched_or_ambiguous_in_asr,,,False,,,,,False,False,,sample_0038.json
-iRBcNs9oI8$_$8,text_mismatch,2,drawn,,,,,,,,,,,,mandatory_unique_exact_token_pair_in_all_optimal_LCS_alignments,official_word_unmatched_or_ambiguous_in_asr,,,False,,,,,False,False,,sample_0038.json
-iRBcNs9oI8$_$8,text_mismatch,3,this,,,,,,,,,,,,mandatory_unique_exact_token_pair_in_all_optimal_LCS_alignments,official_word_unmatched_or_ambiguous_in_asr,,,False,,,,,False,False,,sample_0038.json
-iRBcNs9oI8$_$8,text_mismatch,4,man,,,,,,,,,,,,mandatory_unique_exact_token_pair_in_all_optimal_LCS_alignments,official_word_unmatched_or_ambiguous_in_asr,,,False,,,,,False,False,,sample_0038.json
-iRBcNs9oI8$_$8,text_mismatch,5,here,,,,,,,,,,,,mandatory_unique_exact_token_pair_in_all_optimal_LCS_alignments,official_word_unmatched_or_ambiguous_in_asr,,,False,,,,,False,False,,sample_0038.json
-iRBcNs9oI8$_$8,text_mismatch,6,and,,,,,,,,,,,,mandatory_unique_exact_token_pair_in_all_optimal_LCS_alignments,official_word_unmatched_or_ambiguous_in_asr,,,False,,,,,False,False,,sample_0038.json
-iRBcNs9oI8$_$8,text_mismatch,7,if,,,,,,,,,,,,mandatory_unique_exact_token_pair_in_all_optimal_LCS_alignments,official_word_unmatched_or_ambiguous_in_asr,,,False,,,,,False,False,,sample_0038.json
-iRBcNs9oI8$_$8,text_mismatch,8,you,16,16,you,16,5.380000114440918,5.559999942779541,5.380000114440918,5.559999942779541,5.24,5.5,0.14000011444091776,mandatory_unique_exact_token_pair_in_all_optimal_LCS_alignments,mfa_primary_unique_word_overlap_auto_qc_pass,B_unique_word_overlap_in_mismatched_transcript,MFA 3.4.2 forced alignment of Whisper transcript,False,5.380000114440918,5.559999942779541,5.380000114440918,5.559999942779541,True,True,,sample_0038.json
-iRBcNs9oI8$_$8,text_mismatch,9,can,,,,,,,,,,,,mandatory_unique_exact_token_pair_in_all_optimal_LCS_alignments,official_word_unmatched_or_ambiguous_in_asr,,,False,,,,,False,False,,sample_0038.json
-iRBcNs9oI8$_$8,text_mismatch,10,tell,,,,,,,,,,,,mandatory_unique_exact_token_pair_in_all_optimal_LCS_alignments,official_word_unmatched_or_ambiguous_in_asr,,,False,,,,,False,False,,sample_0038.json
-iRBcNs9oI8$_$8,text_mismatch,11,he,,,,,,,,,,,,mandatory_unique_exact_token_pair_in_all_optimal_LCS_alignments,official_word_unmatched_or_ambiguous_in_asr,,,False,,,,,False,False,,sample_0038.json
-iRBcNs9oI8$_$8,text_mismatch,12,has,,,,,,,,,,,,mandatory_unique_exact_token_pair_in_all_optimal_LCS_alignments,official_word_unmatched_or_ambiguous_in_asr,,,False,,,,,False,False,,sample_0038.json
-iRBcNs9oI8$_$8,text_mismatch,13,a,,,,,,,,,,,,mandatory_unique_exact_token_pair_in_all_optimal_LCS_alignments,official_word_unmatched_or_ambiguous_in_asr,,,False,,,,,False,False,,sample_0038.json
-iRBcNs9oI8$_$8,text_mismatch,14,lot,,,,,,,,,,,,mandatory_unique_exact_token_pair_in_all_optimal_LCS_alignments,official_word_unmatched_or_ambiguous_in_asr,,,False,,,,,False,False,,sample_0038.json
-iRBcNs9oI8$_$8,text_mismatch,15,of,,,,,,,,,,,,mandatory_unique_exact_token_pair_in_all_optimal_LCS_alignments,official_word_unmatched_or_ambiguous_in_asr,,,False,,,,,False,False,,sample_0038.json
-iRBcNs9oI8$_$8,text_mismatch,16,big,,,,,,,,,,,,mandatory_unique_exact_token_pair_in_all_optimal_LCS_alignments,official_word_unmatched_or_ambiguous_in_asr,,,False,,,,,False,False,,sample_0038.json
-iRBcNs9oI8$_$8,text_mismatch,17,muscles,,,,,,,,,,,,mandatory_unique_exact_token_pair_in_all_optimal_LCS_alignments,official_word_unmatched_or_ambiguous_in_asr,,,False,,,,,False,False,,sample_0038.json
-iRBcNs9oI8$_$8,text_mismatch,18,he,,,,,,,,,,,,mandatory_unique_exact_token_pair_in_all_optimal_LCS_alignments,official_word_unmatched_or_ambiguous_in_asr,,,False,,,,,False,False,,sample_0038.json
-iRBcNs9oI8$_$8,text_mismatch,19,looks,,,,,,,,,,,,mandatory_unique_exact_token_pair_in_all_optimal_LCS_alignments,official_word_unmatched_or_ambiguous_in_asr,,,False,,,,,False,False,,sample_0038.json
-iRBcNs9oI8$_$8,text_mismatch,20,very,,,,,,,,,,,,mandatory_unique_exact_token_pair_in_all_optimal_LCS_alignments,official_word_unmatched_or_ambiguous_in_asr,,,False,,,,,False,False,,sample_0038.json
-iRBcNs9oI8$_$8,text_mismatch,21,strong,,,,,,,,,,,,mandatory_unique_exact_token_pair_in_all_optimal_LCS_alignments,official_word_unmatched_or_ambiguous_in_asr,,,False,,,,,False,False,,sample_0038.json
-lzEya4AM_4$_$5,text_mismatch,1,If,1,1,if,1,0.47999998927116394,0.6299999952316284,0.47999998927116394,0.6299999952316284,0.0,0.6,0.47999998927116394,mandatory_unique_exact_token_pair_in_all_optimal_LCS_alignments,mfa_primary_unique_word_overlap_auto_qc_pass,B_unique_word_overlap_in_mismatched_transcript,MFA 3.4.2 forced alignment of Whisper transcript,False,0.47999998927116394,0.6299999952316284,0.47999998927116394,0.6299999952316284,True,True,,sample_0039.json
-lzEya4AM_4$_$5,text_mismatch,2,it,2,2,it,2,0.6299999952316284,0.699999988079071,0.6299999952316284,0.699999988079071,0.6,0.72,0.02999999523162844,mandatory_unique_exact_token_pair_in_all_optimal_LCS_alignments,mfa_primary_unique_word_overlap_auto_qc_pass,B_unique_word_overlap_in_mismatched_transcript,MFA 3.4.2 forced alignment of Whisper transcript,False,0.6299999952316284,0.699999988079071,0.6299999952316284,0.699999988079071,True,True,,sample_0039.json
-lzEya4AM_4$_$5,text_mismatch,3,falls,3,3,falls,3,0.699999988079071,1.0199999809265137,0.699999988079071,1.0199999809265137,0.72,0.94,0.07999998092651373,mandatory_unique_exact_token_pair_in_all_optimal_LCS_alignments,mfa_primary_unique_word_overlap_auto_qc_pass,B_unique_word_overlap_in_mismatched_transcript,MFA 3.4.2 forced alignment of Whisper transcript,False,0.699999988079071,1.0199999809265137,0.699999988079071,1.0199999809265137,True,True,,sample_0039.json
-lzEya4AM_4$_$5,text_mismatch,4,into,4,4,into,4,1.0199999809265137,1.5199999809265137,1.0199999809265137,1.5199999809265137,0.94,1.24,0.2799999809265137,mandatory_unique_exact_token_pair_in_all_optimal_LCS_alignments,mfa_primary_unique_word_overlap_auto_qc_pass,B_unique_word_overlap_in_mismatched_transcript,MFA 3.4.2 forced alignment of Whisper transcript,False,1.0199999809265137,1.5199999809265137,1.0199999809265137,1.5199999809265137,True,True,,sample_0039.json
-lzEya4AM_4$_$5,text_mismatch,5,oh,,,,,,,,,,,,mandatory_unique_exact_token_pair_in_all_optimal_LCS_alignments,official_word_unmatched_or_ambiguous_in_asr,,,False,,,,,False,False,,sample_0039.json
-lzEya4AM_4$_$5,text_mismatch,6,any,5,5,any,5,1.5700000524520874,1.7699999809265137,1.5700000524520874,1.7699999809265137,1.24,1.7,0.3300000524520874,mandatory_unique_exact_token_pair_in_all_optimal_LCS_alignments,mfa_primary_unique_word_overlap_auto_qc_pass,B_unique_word_overlap_in_mismatched_transcript,MFA 3.4.2 forced alignment of Whisper transcript,False,1.5700000524520874,1.7699999809265137,1.5700000524520874,1.7699999809265137,True,True,,sample_0039.json
-lzEya4AM_4$_$5,text_mismatch,7,of,6,6,of,6,1.7699999809265137,1.8799999952316284,1.7699999809265137,1.8799999952316284,1.7,1.9,0.06999998092651372,mandatory_unique_exact_token_pair_in_all_optimal_LCS_alignments,mfa_primary_unique_word_overlap_auto_qc_pass,B_unique_word_overlap_in_mismatched_transcript,MFA 3.4.2 forced alignment of Whisper transcript,False,1.7699999809265137,1.8799999952316284,1.7699999809265137,1.8799999952316284,True,True,,sample_0039.json
-lzEya4AM_4$_$5,text_mismatch,8,those,7,7,those,7,1.8799999952316284,2.109999895095825,1.8799999952316284,2.109999895095825,1.9,2.06,0.04999989509582514,mandatory_unique_exact_token_pair_in_all_optimal_LCS_alignments,mfa_primary_unique_word_overlap_auto_qc_pass,B_unique_word_overlap_in_mismatched_transcript,MFA 3.4.2 forced alignment of Whisper transcript,False,1.8799999952316284,2.109999895095825,1.8799999952316284,2.109999895095825,True,True,,sample_0039.json
-lzEya4AM_4$_$5,text_mismatch,9,three,8,8,three,8,2.109999895095825,2.2699999809265137,2.109999895095825,2.2699999809265137,2.06,2.28,0.04999989509582514,mandatory_unique_exact_token_pair_in_all_optimal_LCS_alignments,mfa_primary_unique_word_overlap_auto_qc_pass,B_unique_word_overlap_in_mismatched_transcript,MFA 3.4.2 forced alignment of Whisper transcript,False,2.109999895095825,2.2699999809265137,2.109999895095825,2.2699999809265137,True,True,,sample_0039.json
-lzEya4AM_4$_$5,text_mismatch,10,categories,9,9,categories,9,2.2699999809265137,2.990000009536743,2.2699999809265137,2.990000009536743,2.28,2.88,0.11000000953674327,mandatory_unique_exact_token_pair_in_all_optimal_LCS_alignments,mfa_primary_unique_word_overlap_auto_qc_pass,B_unique_word_overlap_in_mismatched_transcript,MFA 3.4.2 forced alignment of Whisper transcript,False,2.2699999809265137,2.990000009536743,2.2699999809265137,2.990000009536743,True,True,,sample_0039.json
-lzEya4AM_4$_$5,text_mismatch,11,inducing,10,10,inducing,10,3.5799999237060547,4.309999942779541,3.5799999237060547,4.309999942779541,4.16,4.76,0.5800000762939455,mandatory_unique_exact_token_pair_in_all_optimal_LCS_alignments,mfa_whisper_discrepancy_over_0_5s_null_primary,B_unique_word_overlap_in_mismatched_transcript,MFA 3.4.2 forced alignment of Whisper transcript,True,,,,,False,True,mfa_whisper_edge_difference_over_0_5s,sample_0039.json
-lzEya4AM_4$_$5,text_mismatch,12,nausea,11,11,nausea,11,4.989999771118164,5.46999979019165,4.989999771118164,5.46999979019165,4.76,5.36,0.22999977111816428,mandatory_unique_exact_token_pair_in_all_optimal_LCS_alignments,mfa_primary_unique_word_overlap_auto_qc_pass,B_unique_word_overlap_in_mismatched_transcript,MFA 3.4.2 forced alignment of Whisper transcript,False,4.989999771118164,5.46999979019165,4.989999771118164,5.46999979019165,True,True,,sample_0039.json
-lzEya4AM_4$_$5,text_mismatch,13,and,12,12,and,12,5.46999979019165,5.570000171661377,5.46999979019165,5.570000171661377,5.36,5.56,0.10999979019165007,mandatory_unique_exact_token_pair_in_all_optimal_LCS_alignments,mfa_primary_unique_word_overlap_auto_qc_pass,B_unique_word_overlap_in_mismatched_transcript,MFA 3.4.2 forced alignment of Whisper transcript,False,5.46999979019165,5.570000171661377,5.46999979019165,5.570000171661377,True,True,,sample_0039.json
-lzEya4AM_4$_$5,text_mismatch,14,vomiting,13,13,vomiting,13,5.570000171661377,6.019999980926514,5.570000171661377,6.019999980926514,5.56,5.9,0.11999998092651332,mandatory_unique_exact_token_pair_in_all_optimal_LCS_alignments,mfa_primary_unique_word_overlap_auto_qc_pass,B_unique_word_overlap_in_mismatched_transcript,MFA 3.4.2 forced alignment of Whisper transcript,False,5.570000171661377,6.019999980926514,5.570000171661377,6.019999980926514,True,True,,sample_0039.json
-lzEya4AM_4$_$5,text_mismatch,15,would,14,14,would,14,6.239999771118164,6.360000133514404,6.239999771118164,6.360000133514404,5.9,6.34,0.3399997711181637,mandatory_unique_exact_token_pair_in_all_optimal_LCS_alignments,mfa_primary_unique_word_overlap_auto_qc_pass,B_unique_word_overlap_in_mismatched_transcript,MFA 3.4.2 forced alignment of Whisper transcript,False,6.239999771118164,6.360000133514404,6.239999771118164,6.360000133514404,True,True,,sample_0039.json
-lzEya4AM_4$_$5,text_mismatch,16,be,15,15,be,15,6.360000133514404,6.440000057220459,6.360000133514404,6.440000057220459,6.34,6.48,0.03999994277954144,mandatory_unique_exact_token_pair_in_all_optimal_LCS_alignments,mfa_primary_unique_word_overlap_auto_qc_pass,B_unique_word_overlap_in_mismatched_transcript,MFA 3.4.2 forced alignment of Whisper transcript,False,6.360000133514404,6.440000057220459,6.360000133514404,6.440000057220459,True,True,,sample_0039.json
-lzEya4AM_4$_$5,text_mismatch,17,your,16,16,your,16,6.440000057220459,6.570000171661377,6.440000057220459,6.570000171661377,6.48,6.58,0.03999994277954144,mandatory_unique_exact_token_pair_in_all_optimal_LCS_alignments,mfa_primary_unique_word_overlap_auto_qc_pass,B_unique_word_overlap_in_mismatched_transcript,MFA 3.4.2 forced alignment of Whisper transcript,False,6.440000057220459,6.570000171661377,6.440000057220459,6.570000171661377,True,True,,sample_0039.json
-lzEya4AM_4$_$5,text_mismatch,18,next,17,17,next,17,6.570000171661377,6.809999942779541,6.570000171661377,6.809999942779541,6.58,6.78,0.029999942779540767,mandatory_unique_exact_token_pair_in_all_optimal_LCS_alignments,mfa_primary_unique_word_overlap_auto_qc_pass,B_unique_word_overlap_in_mismatched_transcript,MFA 3.4.2 forced alignment of Whisper transcript,False,6.570000171661377,6.809999942779541,6.570000171661377,6.809999942779541,True,True,,sample_0039.json
-lzEya4AM_4$_$5,text_mismatch,19,step,18,18,step,18,6.809999942779541,7.170000076293945,6.809999942779541,7.170000076293945,6.78,7.04,0.13000007629394528,mandatory_unique_exact_token_pair_in_all_optimal_LCS_alignments,mfa_primary_unique_word_overlap_auto_qc_pass,B_unique_word_overlap_in_mismatched_transcript,MFA 3.4.2 forced alignment of Whisper transcript,False,6.809999942779541,7.170000076293945,6.809999942779541,7.170000076293945,True,True,,sample_0039.json
-lzEya4AM_4$_$6,text_mismatch,1,If,1,1,if,1,0.5199999809265137,0.699999988079071,0.5199999809265137,0.699999988079071,0.0,0.66,0.5199999809265137,mandatory_unique_exact_token_pair_in_all_optimal_LCS_alignments,mfa_whisper_discrepancy_over_0_5s_null_primary,B_unique_word_overlap_in_mismatched_transcript,MFA 3.4.2 forced alignment of Whisper transcript,True,,,,,False,True,mfa_whisper_edge_difference_over_0_5s,sample_0040.json
-lzEya4AM_4$_$6,text_mismatch,2,the,2,2,the,2,0.699999988079071,0.7799999713897705,0.699999988079071,0.7799999713897705,0.66,0.84,0.06000002861022946,mandatory_unique_exact_token_pair_in_all_optimal_LCS_alignments,mfa_primary_unique_word_overlap_auto_qc_pass,B_unique_word_overlap_in_mismatched_transcript,MFA 3.4.2 forced alignment of Whisper transcript,False,0.699999988079071,0.7799999713897705,0.699999988079071,0.7799999713897705,True,True,,sample_0040.json
-lzEya4AM_4$_$6,text_mismatch,3,product,3,3,product,3,0.7799999713897705,1.350000023841858,0.7799999713897705,1.350000023841858,0.84,1.2,0.15000002384185795,mandatory_unique_exact_token_pair_in_all_optimal_LCS_alignments,mfa_primary_unique_word_overlap_auto_qc_pass,B_unique_word_overlap_in_mismatched_transcript,MFA 3.4.2 forced alignment of Whisper transcript,False,0.7799999713897705,1.350000023841858,0.7799999713897705,1.350000023841858,True,True,,sample_0040.json
-lzEya4AM_4$_$6,text_mismatch,4,or,4,4,or,4,1.5199999809265137,1.6299999952316284,1.5199999809265137,1.6299999952316284,1.2,1.66,0.3199999809265137,mandatory_unique_exact_token_pair_in_all_optimal_LCS_alignments,mfa_primary_unique_word_overlap_auto_qc_pass,B_unique_word_overlap_in_mismatched_transcript,MFA 3.4.2 forced alignment of Whisper transcript,False,1.5199999809265137,1.6299999952316284,1.5199999809265137,1.6299999952316284,True,True,,sample_0040.json
-lzEya4AM_4$_$6,text_mismatch,5,poison,5,5,poison,5,1.6299999952316284,2.1500000953674316,1.6299999952316284,2.1500000953674316,1.66,2.0,0.15000009536743164,mandatory_unique_exact_token_pair_in_all_optimal_LCS_alignments,mfa_primary_unique_word_overlap_auto_qc_pass,B_unique_word_overlap_in_mismatched_transcript,MFA 3.4.2 forced alignment of Whisper transcript,False,1.6299999952316284,2.1500000953674316,1.6299999952316284,2.1500000953674316,True,True,,sample_0040.json
-lzEya4AM_4$_$6,text_mismatch,6,is,6,6,is,6,2.1500000953674316,2.240000009536743,2.1500000953674316,2.240000009536743,2.0,2.26,0.15000009536743164,mandatory_unique_exact_token_pair_in_all_optimal_LCS_alignments,mfa_primary_unique_word_overlap_auto_qc_pass,B_unique_word_overlap_in_mismatched_transcript,MFA 3.4.2 forced alignment of Whisper transcript,False,2.1500000953674316,2.240000009536743,2.1500000953674316,2.240000009536743,True,True,,sample_0040.json
-lzEya4AM_4$_$6,text_mismatch,7,some,7,7,some,7,2.240000009536743,2.440000057220459,2.240000009536743,2.440000057220459,2.26,2.42,0.020000057220459055,mandatory_unique_exact_token_pair_in_all_optimal_LCS_alignments,mfa_primary_unique_word_overlap_auto_qc_pass,B_unique_word_overlap_in_mismatched_transcript,MFA 3.4.2 forced alignment of Whisper transcript,False,2.240000009536743,2.440000057220459,2.240000009536743,2.440000057220459,True,True,,sample_0040.json
-lzEya4AM_4$_$6,text_mismatch,8,type,8,8,type,8,2.440000057220459,2.690000057220459,2.440000057220459,2.690000057220459,2.42,2.6,0.0900000572204589,mandatory_unique_exact_token_pair_in_all_optimal_LCS_alignments,mfa_primary_unique_word_overlap_auto_qc_pass,B_unique_word_overlap_in_mismatched_transcript,MFA 3.4.2 forced alignment of Whisper transcript,False,2.440000057220459,2.690000057220459,2.440000057220459,2.690000057220459,True,True,,sample_0040.json
-lzEya4AM_4$_$6,text_mismatch,9,of,9,9,of,9,2.690000057220459,2.869999885559082,2.690000057220459,2.869999885559082,2.6,2.82,0.0900000572204589,mandatory_unique_exact_token_pair_in_all_optimal_LCS_alignments,mfa_primary_unique_word_overlap_auto_qc_pass,B_unique_word_overlap_in_mismatched_transcript,MFA 3.4.2 forced alignment of Whisper transcript,False,2.690000057220459,2.869999885559082,2.690000057220459,2.869999885559082,True,True,,sample_0040.json
-lzEya4AM_4$_$6,text_mismatch,10,petroleum,10,10,petroleum,10,2.869999885559082,3.390000104904175,2.869999885559082,3.390000104904175,2.82,3.26,0.13000010490417502,mandatory_unique_exact_token_pair_in_all_optimal_LCS_alignments,mfa_primary_unique_word_overlap_auto_qc_pass,B_unique_word_overlap_in_mismatched_transcript,MFA 3.4.2 forced alignment of Whisper transcript,False,2.869999885559082,3.390000104904175,2.869999885559082,3.390000104904175,True,True,,sample_0040.json
-lzEya4AM_4$_$6,text_mismatch,11,product,11,11,product,11,3.390000104904175,3.8499999046325684,3.390000104904175,3.8499999046325684,3.26,3.74,0.13000010490417502,mandatory_unique_exact_token_pair_in_all_optimal_LCS_alignments,mfa_primary_unique_word_overlap_auto_qc_pass,B_unique_word_overlap_in_mismatched_transcript,MFA 3.4.2 forced alignment of Whisper transcript,False,3.390000104904175,3.8499999046325684,3.390000104904175,3.8499999046325684,True,True,,sample_0040.json
-lzEya4AM_4$_$6,text_mismatch,12,or,12,12,or,12,4.170000076293945,4.28000020980835,4.170000076293945,4.28000020980835,3.74,4.28,0.4300000762939451,mandatory_unique_exact_token_pair_in_all_optimal_LCS_alignments,mfa_primary_unique_word_overlap_auto_qc_pass,B_unique_word_overlap_in_mismatched_transcript,MFA 3.4.2 forced alignment of Whisper transcript,False,4.170000076293945,4.28000020980835,4.170000076293945,4.28000020980835,True,True,,sample_0040.json
-lzEya4AM_4$_$6,text_mismatch,13,corrosive,13,13,corrosive,13,4.28000020980835,4.840000152587891,4.28000020980835,4.840000152587891,4.28,4.82,0.02000015258789034,mandatory_unique_exact_token_pair_in_all_optimal_LCS_alignments,mfa_primary_unique_word_overlap_auto_qc_pass,B_unique_word_overlap_in_mismatched_transcript,MFA 3.4.2 forced alignment of Whisper transcript,False,4.28000020980835,4.840000152587891,4.28000020980835,4.840000152587891,True,True,,sample_0040.json
-lzEya4AM_4$_$6,text_mismatch,14,product,14,14,product,14,4.840000152587891,5.289999961853027,4.840000152587891,5.289999961853027,4.82,5.2,0.08999996185302717,mandatory_unique_exact_token_pair_in_all_optimal_LCS_alignments,mfa_primary_unique_word_overlap_auto_qc_pass,B_unique_word_overlap_in_mismatched_transcript,MFA 3.4.2 forced alignment of Whisper transcript,False,4.840000152587891,5.289999961853027,4.840000152587891,5.289999961853027,True,True,,sample_0040.json
-lzEya4AM_4$_$6,text_mismatch,15,you,15,15,you,15,5.78000020980835,5.909999847412109,5.78000020980835,5.909999847412109,5.56,5.9,0.22000020980835,mandatory_unique_exact_token_pair_in_all_optimal_LCS_alignments,mfa_primary_unique_word_overlap_auto_qc_pass,B_unique_word_overlap_in_mismatched_transcript,MFA 3.4.2 forced alignment of Whisper transcript,False,5.78000020980835,5.909999847412109,5.78000020980835,5.909999847412109,True,True,,sample_0040.json
-lzEya4AM_4$_$6,text_mismatch,16,would,16,16,would,16,5.909999847412109,6.070000171661377,5.909999847412109,6.070000171661377,5.9,6.06,0.010000171661377344,mandatory_unique_exact_token_pair_in_all_optimal_LCS_alignments,mfa_primary_unique_word_overlap_auto_qc_pass,B_unique_word_overlap_in_mismatched_transcript,MFA 3.4.2 forced alignment of Whisper transcript,False,5.909999847412109,6.070000171661377,5.909999847412109,6.070000171661377,True,True,,sample_0040.json
-lzEya4AM_4$_$6,text_mismatch,17,not,17,17,not,17,6.070000171661377,6.289999961853027,6.070000171661377,6.289999961853027,6.06,6.26,0.029999961853027557,mandatory_unique_exact_token_pair_in_all_optimal_LCS_alignments,mfa_primary_unique_word_overlap_auto_qc_pass,B_unique_word_overlap_in_mismatched_transcript,MFA 3.4.2 forced alignment of Whisper transcript,False,6.070000171661377,6.289999961853027,6.070000171661377,6.289999961853027,True,True,,sample_0040.json
-lzEya4AM_4$_$6,text_mismatch,18,attempt,18,18,attempt,18,6.400000095367432,6.889999866485596,6.400000095367432,6.889999866485596,6.26,6.78,0.14000009536743185,mandatory_unique_exact_token_pair_in_all_optimal_LCS_alignments,mfa_primary_unique_word_overlap_auto_qc_pass,B_unique_word_overlap_in_mismatched_transcript,MFA 3.4.2 forced alignment of Whisper transcript,False,6.400000095367432,6.889999866485596,6.400000095367432,6.889999866485596,True,True,,sample_0040.json
-lzEya4AM_4$_$6,text_mismatch,19,to,19,19,to,19,7.159999847412109,7.570000171661377,7.159999847412109,7.570000171661377,6.78,7.34,0.3799998474121091,mandatory_unique_exact_token_pair_in_all_optimal_LCS_alignments,mfa_primary_unique_word_overlap_auto_qc_pass,B_unique_word_overlap_in_mismatched_transcript,MFA 3.4.2 forced alignment of Whisper transcript,False,7.159999847412109,7.570000171661377,7.159999847412109,7.570000171661377,True,True,,sample_0040.json
-lzEya4AM_4$_$6,text_mismatch,20,induce,20,20,induce,20,7.570000171661377,7.929999828338623,7.570000171661377,7.929999828338623,7.34,7.86,0.2300001716613771,mandatory_unique_exact_token_pair_in_all_optimal_LCS_alignments,mfa_primary_unique_word_overlap_auto_qc_pass,B_unique_word_overlap_in_mismatched_transcript,MFA 3.4.2 forced alignment of Whisper transcript,False,7.570000171661377,7.929999828338623,7.570000171661377,7.929999828338623,True,True,,sample_0040.json
-lzEya4AM_4$_$6,text_mismatch,21,vomiting,21,21,vomiting,21,7.929999828338623,8.470000267028809,7.929999828338623,8.470000267028809,7.86,8.28,0.19000026702880923,mandatory_unique_exact_token_pair_in_all_optimal_LCS_alignments,mfa_primary_unique_word_overlap_auto_qc_pass,B_unique_word_overlap_in_mismatched_transcript,MFA 3.4.2 forced alignment of Whisper transcript,False,7.929999828338623,8.470000267028809,7.929999828338623,8.470000267028809,True,True,,sample_0040.json
-lzEya4AM_4$_$6,text_mismatch,22,and,22,22,and,22,8.539999961853027,8.699999809265137,8.539999961853027,8.699999809265137,8.28,8.68,0.259999961853028,mandatory_unique_exact_token_pair_in_all_optimal_LCS_alignments,mfa_primary_unique_word_overlap_auto_qc_pass,B_unique_word_overlap_in_mismatched_transcript,MFA 3.4.2 forced alignment of Whisper transcript,False,8.539999961853027,8.699999809265137,8.539999961853027,8.699999809265137,True,True,,sample_0040.json
-lzEya4AM_4$_$6,text_mismatch,23,nausea,23,23,nausea,23,8.699999809265137,9.100000381469727,8.699999809265137,9.100000381469727,8.68,9.02,0.08000038146972699,mandatory_unique_exact_token_pair_in_all_optimal_LCS_alignments,mfa_primary_unique_word_overlap_auto_qc_pass,B_unique_word_overlap_in_mismatched_transcript,MFA 3.4.2 forced alignment of Whisper transcript,False,8.699999809265137,9.100000381469727,8.699999809265137,9.100000381469727,True,True,,sample_0040.json
-lzEya4AM_4$_$6,text_mismatch,24,as,,,,,,,,,,,,mandatory_unique_exact_token_pair_in_all_optimal_LCS_alignments,official_word_unmatched_or_ambiguous_in_asr,,,False,,,,,False,False,,sample_0040.json
-lzEya4AM_4$_$6,text_mismatch,25,as,,,,,,,,,,,,mandatory_unique_exact_token_pair_in_all_optimal_LCS_alignments,official_word_unmatched_or_ambiguous_in_asr,,,False,,,,,False,False,,sample_0040.json
-lzEya4AM_4$_$6,text_mismatch,26,the,25,25,the,25,9.819999694824219,9.90999984741211,9.819999694824219,9.90999984741211,9.74,9.94,0.07999969482421854,mandatory_unique_exact_token_pair_in_all_optimal_LCS_alignments,mfa_primary_unique_word_overlap_auto_qc_pass,B_unique_word_overlap_in_mismatched_transcript,MFA 3.4.2 forced alignment of Whisper transcript,False,9.819999694824219,9.90999984741211,9.819999694824219,9.90999984741211,True,True,,sample_0040.json
-lzEya4AM_4$_$6,text_mismatch,27,product,26,26,product,26,9.90999984741211,10.34000015258789,9.90999984741211,10.34000015258789,9.94,10.26,0.08000015258789084,mandatory_unique_exact_token_pair_in_all_optimal_LCS_alignments,mfa_primary_unique_word_overlap_auto_qc_pass,B_unique_word_overlap_in_mismatched_transcript,MFA 3.4.2 forced alignment of Whisper transcript,False,9.90999984741211,10.34000015258789,9.90999984741211,10.34000015258789,True,True,,sample_0040.json
-lzEya4AM_4$_$6,text_mismatch,28,burned,27,27,burned,27,10.34000015258789,10.710000038146973,10.34000015258789,10.710000038146973,10.26,10.6,0.11000003814697301,mandatory_unique_exact_token_pair_in_all_optimal_LCS_alignments,mfa_primary_unique_word_overlap_auto_qc_pass,B_unique_word_overlap_in_mismatched_transcript,MFA 3.4.2 forced alignment of Whisper transcript,False,10.34000015258789,10.710000038146973,10.34000015258789,10.710000038146973,True,True,,sample_0040.json
-lzEya4AM_4$_$6,text_mismatch,29,on,28,28,on,28,10.710000038146973,10.829999923706055,10.710000038146973,10.829999923706055,10.6,10.82,0.11000003814697301,mandatory_unique_exact_token_pair_in_all_optimal_LCS_alignments,mfa_primary_unique_word_overlap_auto_qc_pass,B_unique_word_overlap_in_mismatched_transcript,MFA 3.4.2 forced alignment of Whisper transcript,False,10.710000038146973,10.829999923706055,10.710000038146973,10.829999923706055,True,True,,sample_0040.json
-lzEya4AM_4$_$6,text_mismatch,30,the,29,29,the,29,10.829999923706055,10.899999618530273,10.829999923706055,10.899999618530273,10.82,10.92,0.02000038146972649,mandatory_unique_exact_token_pair_in_all_optimal_LCS_alignments,mfa_primary_unique_word_overlap_auto_qc_pass,B_unique_word_overlap_in_mismatched_transcript,MFA 3.4.2 forced alignment of Whisper transcript,False,10.829999923706055,10.899999618530273,10.829999923706055,10.899999618530273,True,True,,sample_0040.json
-lzEya4AM_4$_$6,text_mismatch,31,way,30,30,way,30,10.899999618530273,11.079999923706055,10.899999618530273,11.079999923706055,10.92,11.06,0.02000038146972649,mandatory_unique_exact_token_pair_in_all_optimal_LCS_alignments,mfa_primary_unique_word_overlap_auto_qc_pass,B_unique_word_overlap_in_mismatched_transcript,MFA 3.4.2 forced alignment of Whisper transcript,False,10.899999618530273,11.079999923706055,10.899999618530273,11.079999923706055,True,True,,sample_0040.json
-lzEya4AM_4$_$6,text_mismatch,32,down,31,31,down,31,11.079999923706055,11.520000457763672,11.079999923706055,11.520000457763672,11.06,11.4,0.12000045776367152,mandatory_unique_exact_token_pair_in_all_optimal_LCS_alignments,mfa_primary_unique_word_overlap_auto_qc_pass,B_unique_word_overlap_in_mismatched_transcript,MFA 3.4.2 forced alignment of Whisper transcript,False,11.079999923706055,11.520000457763672,11.079999923706055,11.520000457763672,True,True,,sample_0040.json
-lzEya4AM_4$_$6,text_mismatch,33,it,32,32,it,32,11.770000457763672,11.869999885559082,11.770000457763672,11.869999885559082,11.7,11.88,0.07000045776367259,mandatory_unique_exact_token_pair_in_all_optimal_LCS_alignments,mfa_primary_unique_word_overlap_auto_qc_pass,B_unique_word_overlap_in_mismatched_transcript,MFA 3.4.2 forced alignment of Whisper transcript,False,11.770000457763672,11.869999885559082,11.770000457763672,11.869999885559082,True,True,,sample_0040.json
-lzEya4AM_4$_$6,text_mismatch,34,could,33,33,could,33,11.869999885559082,12.010000228881836,11.869999885559082,12.010000228881836,11.88,12.0,0.010000228881835938,mandatory_unique_exact_token_pair_in_all_optimal_LCS_alignments,mfa_primary_unique_word_overlap_auto_qc_pass,B_unique_word_overlap_in_mismatched_transcript,MFA 3.4.2 forced alignment of Whisper transcript,False,11.869999885559082,12.010000228881836,11.869999885559082,12.010000228881836,True,True,,sample_0040.json
-lzEya4AM_4$_$6,text_mismatch,35,cause,34,34,cause,34,12.010000228881836,12.300000190734863,12.010000228881836,12.300000190734863,12.0,12.26,0.040000190734863494,mandatory_unique_exact_token_pair_in_all_optimal_LCS_alignments,mfa_primary_unique_word_overlap_auto_qc_pass,B_unique_word_overlap_in_mismatched_transcript,MFA 3.4.2 forced alignment of Whisper transcript,False,12.010000228881836,12.300000190734863,12.010000228881836,12.300000190734863,True,True,,sample_0040.json
-lzEya4AM_4$_$6,text_mismatch,36,damage,35,35,damage,35,12.300000190734863,12.729999542236328,12.300000190734863,12.729999542236328,12.26,12.58,0.14999954223632805,mandatory_unique_exact_token_pair_in_all_optimal_LCS_alignments,mfa_primary_unique_word_overlap_auto_qc_pass,B_unique_word_overlap_in_mismatched_transcript,MFA 3.4.2 forced alignment of Whisper transcript,False,12.300000190734863,12.729999542236328,12.300000190734863,12.729999542236328,True,True,,sample_0040.json
-lzEya4AM_4$_$6,text_mismatch,37,and,,,,,,,,,,,,mandatory_unique_exact_token_pair_in_all_optimal_LCS_alignments,official_word_unmatched_or_ambiguous_in_asr,,,False,,,,,False,False,,sample_0040.json
-lzEya4AM_4$_$6,text_mismatch,38,burning,37,37,burning,37,12.850000381469727,13.300000190734863,12.850000381469727,13.300000190734863,12.84,13.1,0.20000019073486364,mandatory_unique_exact_token_pair_in_all_optimal_LCS_alignments,mfa_primary_unique_word_overlap_auto_qc_pass,B_unique_word_overlap_in_mismatched_transcript,MFA 3.4.2 forced alignment of Whisper transcript,False,12.850000381469727,13.300000190734863,12.850000381469727,13.300000190734863,True,True,,sample_0040.json
-lzEya4AM_4$_$6,text_mismatch,39,on,38,38,on,38,13.40999984741211,13.539999961853027,13.40999984741211,13.539999961853027,13.1,13.54,0.30999984741210973,mandatory_unique_exact_token_pair_in_all_optimal_LCS_alignments,mfa_primary_unique_word_overlap_auto_qc_pass,B_unique_word_overlap_in_mismatched_transcript,MFA 3.4.2 forced alignment of Whisper transcript,False,13.40999984741211,13.539999961853027,13.40999984741211,13.539999961853027,True,True,,sample_0040.json
-lzEya4AM_4$_$6,text_mismatch,40,the,39,39,the,39,13.539999961853027,13.600000381469727,13.539999961853027,13.600000381469727,13.54,13.64,0.039999618530274006,mandatory_unique_exact_token_pair_in_all_optimal_LCS_alignments,mfa_primary_unique_word_overlap_auto_qc_pass,B_unique_word_overlap_in_mismatched_transcript,MFA 3.4.2 forced alignment of Whisper transcript,False,13.539999961853027,13.600000381469727,13.539999961853027,13.600000381469727,True,True,,sample_0040.json
-lzEya4AM_4$_$6,text_mismatch,41,way,40,40,way,40,13.600000381469727,13.75,13.600000381469727,13.75,13.64,13.76,0.039999618530274006,mandatory_unique_exact_token_pair_in_all_optimal_LCS_alignments,mfa_primary_unique_word_overlap_auto_qc_pass,B_unique_word_overlap_in_mismatched_transcript,MFA 3.4.2 forced alignment of Whisper transcript,False,13.600000381469727,13.75,13.600000381469727,13.75,True,True,,sample_0040.json
-lzEya4AM_4$_$6,text_mismatch,42,back,41,41,back,41,13.75,14.020000457763672,13.75,14.020000457763672,13.76,13.98,0.04000045776367145,mandatory_unique_exact_token_pair_in_all_optimal_LCS_alignments,mfa_primary_unique_word_overlap_auto_qc_pass,B_unique_word_overlap_in_mismatched_transcript,MFA 3.4.2 forced alignment of Whisper transcript,False,13.75,14.020000457763672,13.75,14.020000457763672,True,True,,sample_0040.json
-lzEya4AM_4$_$6,text_mismatch,43,up,42,42,up,42,14.020000457763672,14.3100004196167,14.020000457763672,14.3100004196167,13.98,14.2,0.11000041961669993,mandatory_unique_exact_token_pair_in_all_optimal_LCS_alignments,mfa_primary_unique_word_overlap_auto_qc_pass,B_unique_word_overlap_in_mismatched_transcript,MFA 3.4.2 forced alignment of Whisper transcript,False,14.020000457763672,14.3100004196167,14.020000457763672,14.3100004196167,True,True,,sample_0040.json
-mJ2ud6oKI8$_$1,text_mismatch,1,There,,,,,,,,,,,,mandatory_unique_exact_token_pair_in_all_optimal_LCS_alignments,official_word_unmatched_or_ambiguous_in_asr,,,False,,,,,False,False,,sample_0041.json
-mJ2ud6oKI8$_$1,text_mismatch,2,are,,,,,,,,,,,,mandatory_unique_exact_token_pair_in_all_optimal_LCS_alignments,official_word_unmatched_or_ambiguous_in_asr,,,False,,,,,False,False,,sample_0041.json
-mJ2ud6oKI8$_$1,text_mismatch,3,a,,,,,,,,,,,,mandatory_unique_exact_token_pair_in_all_optimal_LCS_alignments,official_word_unmatched_or_ambiguous_in_asr,,,False,,,,,False,False,,sample_0041.json
-mJ2ud6oKI8$_$1,text_mismatch,4,dozen,,,,,,,,,,,,mandatory_unique_exact_token_pair_in_all_optimal_LCS_alignments,official_word_unmatched_or_ambiguous_in_asr,,,False,,,,,False,False,,sample_0041.json
-mJ2ud6oKI8$_$1,text_mismatch,5,or,,,,,,,,,,,,mandatory_unique_exact_token_pair_in_all_optimal_LCS_alignments,official_word_unmatched_or_ambiguous_in_asr,,,False,,,,,False,False,,sample_0041.json
-mJ2ud6oKI8$_$1,text_mismatch,6,more,,,,,,,,,,,,mandatory_unique_exact_token_pair_in_all_optimal_LCS_alignments,official_word_unmatched_or_ambiguous_in_asr,,,False,,,,,False,False,,sample_0041.json
-mJ2ud6oKI8$_$1,text_mismatch,7,hands,,,,,,,,,,,,mandatory_unique_exact_token_pair_in_all_optimal_LCS_alignments,official_word_unmatched_or_ambiguous_in_asr,,,False,,,,,False,False,,sample_0041.json
-mJ2ud6oKI8$_$1,text_mismatch,8,on,,,,,,,,,,,,mandatory_unique_exact_token_pair_in_all_optimal_LCS_alignments,official_word_unmatched_or_ambiguous_in_asr,,,False,,,,,False,False,,sample_0041.json
-mJ2ud6oKI8$_$1,text_mismatch,9,techniques,,,,,,,,,,,,mandatory_unique_exact_token_pair_in_all_optimal_LCS_alignments,official_word_unmatched_or_ambiguous_in_asr,,,False,,,,,False,False,,sample_0041.json
-mJ2ud6oKI8$_$1,text_mismatch,10,that,,,,,,,,,,,,mandatory_unique_exact_token_pair_in_all_optimal_LCS_alignments,official_word_unmatched_or_ambiguous_in_asr,,,False,,,,,False,False,,sample_0041.json
-mJ2ud6oKI8$_$1,text_mismatch,11,we,,,,,,,,,,,,mandatory_unique_exact_token_pair_in_all_optimal_LCS_alignments,official_word_unmatched_or_ambiguous_in_asr,,,False,,,,,False,False,,sample_0041.json
-mJ2ud6oKI8$_$1,text_mismatch,12,can,,,,,,,,,,,,mandatory_unique_exact_token_pair_in_all_optimal_LCS_alignments,official_word_unmatched_or_ambiguous_in_asr,,,False,,,,,False,False,,sample_0041.json
-mJ2ud6oKI8$_$1,text_mismatch,13,do,,,,,,,,,,,,mandatory_unique_exact_token_pair_in_all_optimal_LCS_alignments,official_word_unmatched_or_ambiguous_in_asr,,,False,,,,,False,False,,sample_0041.json
-mJ2ud6oKI8$_$2,text_mismatch,1,So,,,,,,,,,,,,mandatory_unique_exact_token_pair_in_all_optimal_LCS_alignments,official_word_unmatched_or_ambiguous_in_asr,,,False,,,,,False,False,,sample_0042.json
-mJ2ud6oKI8$_$2,text_mismatch,2,physical,,,,,,,,,,,,mandatory_unique_exact_token_pair_in_all_optimal_LCS_alignments,official_word_unmatched_or_ambiguous_in_asr,,,False,,,,,False,False,,sample_0042.json
-mJ2ud6oKI8$_$2,text_mismatch,3,therapists,,,,,,,,,,,,mandatory_unique_exact_token_pair_in_all_optimal_LCS_alignments,official_word_unmatched_or_ambiguous_in_asr,,,False,,,,,False,False,,sample_0042.json
-mJ2ud6oKI8$_$2,text_mismatch,4,and,,,,,,,,,,,,mandatory_unique_exact_token_pair_in_all_optimal_LCS_alignments,official_word_unmatched_or_ambiguous_in_asr,,,False,,,,,False,False,,sample_0042.json
-mJ2ud6oKI8$_$2,text_mismatch,5,chiropractors,,,,,,,,,,,,mandatory_unique_exact_token_pair_in_all_optimal_LCS_alignments,official_word_unmatched_or_ambiguous_in_asr,,,False,,,,,False,False,,sample_0042.json
-mJ2ud6oKI8$_$2,text_mismatch,6,will,,,,,,,,,,,,mandatory_unique_exact_token_pair_in_all_optimal_LCS_alignments,official_word_unmatched_or_ambiguous_in_asr,,,False,,,,,False,False,,sample_0042.json
-mJ2ud6oKI8$_$2,text_mismatch,7,do,,,,,,,,,,,,mandatory_unique_exact_token_pair_in_all_optimal_LCS_alignments,official_word_unmatched_or_ambiguous_in_asr,,,False,,,,,False,False,,sample_0042.json
-mJ2ud6oKI8$_$2,text_mismatch,8,joint,,,,,,,,,,,,mandatory_unique_exact_token_pair_in_all_optimal_LCS_alignments,official_word_unmatched_or_ambiguous_in_asr,,,False,,,,,False,False,,sample_0042.json
-mJ2ud6oKI8$_$2,text_mismatch,9,manipulations,,,,,,,,,,,,mandatory_unique_exact_token_pair_in_all_optimal_LCS_alignments,official_word_unmatched_or_ambiguous_in_asr,,,False,,,,,False,False,,sample_0042.json
-mJ2ud6oKI8$_$2,text_mismatch,10,and,,,,,,,,,,,,mandatory_unique_exact_token_pair_in_all_optimal_LCS_alignments,official_word_unmatched_or_ambiguous_in_asr,,,False,,,,,False,False,,sample_0042.json
-mJ2ud6oKI8$_$2,text_mismatch,11,mobilizations,,,,,,,,,,,,mandatory_unique_exact_token_pair_in_all_optimal_LCS_alignments,official_word_unmatched_or_ambiguous_in_asr,,,False,,,,,False,False,,sample_0042.json
-mJ2ud6oKI8$_$6,text_mismatch,1,They,,,,,,,,,,,,mandatory_unique_exact_token_pair_in_all_optimal_LCS_alignments,official_word_unmatched_or_ambiguous_in_asr,,,False,,,,,False,False,,sample_0043.json
-mJ2ud6oKI8$_$6,text_mismatch,2,are,,,,,,,,,,,,mandatory_unique_exact_token_pair_in_all_optimal_LCS_alignments,official_word_unmatched_or_ambiguous_in_asr,,,False,,,,,False,False,,sample_0043.json
-mJ2ud6oKI8$_$6,text_mismatch,3,all,3,3,all,3,0.4300000071525574,0.7400000095367432,0.4300000071525574,0.7400000095367432,0.4,0.68,0.060000009536743115,mandatory_unique_exact_token_pair_in_all_optimal_LCS_alignments,mfa_primary_unique_word_overlap_auto_qc_pass,B_unique_word_overlap_in_mismatched_transcript,MFA 3.4.2 forced alignment of Whisper transcript,False,0.4300000071525574,0.7400000095367432,0.4300000071525574,0.7400000095367432,True,True,,sample_0043.json
-mJ2ud6oKI8$_$6,text_mismatch,4,very,,,,,,,,,,,,mandatory_unique_exact_token_pair_in_all_optimal_LCS_alignments,official_word_unmatched_or_ambiguous_in_asr,,,False,,,,,False,False,,sample_0043.json
-mJ2ud6oKI8$_$6,text_mismatch,5,safe,,,,,,,,,,,,mandatory_unique_exact_token_pair_in_all_optimal_LCS_alignments,official_word_unmatched_or_ambiguous_in_asr,,,False,,,,,False,False,,sample_0043.json
-mJ2ud6oKI8$_$9,text_mismatch,1,It's,,,,,,,,,,,,mandatory_unique_exact_token_pair_in_all_optimal_LCS_alignments,official_word_unmatched_or_ambiguous_in_asr,,,False,,,,,False,False,,sample_0044.json
-mJ2ud6oKI8$_$9,text_mismatch,2,safe,,,,,,,,,,,,mandatory_unique_exact_token_pair_in_all_optimal_LCS_alignments,official_word_unmatched_or_ambiguous_in_asr,,,False,,,,,False,False,,sample_0044.json
-mJ2ud6oKI8$_$9,text_mismatch,3,and,,,,,,,,,,,,mandatory_unique_exact_token_pair_in_all_optimal_LCS_alignments,official_word_unmatched_or_ambiguous_in_asr,,,False,,,,,False,False,,sample_0044.json
-mJ2ud6oKI8$_$9,text_mismatch,4,the,,,,,,,,,,,,mandatory_unique_exact_token_pair_in_all_optimal_LCS_alignments,official_word_unmatched_or_ambiguous_in_asr,,,False,,,,,False,False,,sample_0044.json
-mJ2ud6oKI8$_$9,text_mismatch,5,person,,,,,,,,,,,,mandatory_unique_exact_token_pair_in_all_optimal_LCS_alignments,official_word_unmatched_or_ambiguous_in_asr,,,False,,,,,False,False,,sample_0044.json
-mJ2ud6oKI8$_$9,text_mismatch,6,will,,,,,,,,,,,,mandatory_unique_exact_token_pair_in_all_optimal_LCS_alignments,official_word_unmatched_or_ambiguous_in_asr,,,False,,,,,False,False,,sample_0044.json
-mJ2ud6oKI8$_$9,text_mismatch,7,feel,,,,,,,,,,,,mandatory_unique_exact_token_pair_in_all_optimal_LCS_alignments,official_word_unmatched_or_ambiguous_in_asr,,,False,,,,,False,False,,sample_0044.json
-mJ2ud6oKI8$_$9,text_mismatch,8,better,,,,,,,,,,,,mandatory_unique_exact_token_pair_in_all_optimal_LCS_alignments,official_word_unmatched_or_ambiguous_in_asr,,,False,,,,,False,False,,sample_0044.json
-mJ2ud6oKI8$_$9,text_mismatch,9,later,,,,,,,,,,,,mandatory_unique_exact_token_pair_in_all_optimal_LCS_alignments,official_word_unmatched_or_ambiguous_in_asr,,,False,,,,,False,False,,sample_0044.json
-mJ2ud6oKI8$_$9,text_mismatch,10,on,,,,,,,,,,,,mandatory_unique_exact_token_pair_in_all_optimal_LCS_alignments,official_word_unmatched_or_ambiguous_in_asr,,,False,,,,,False,False,,sample_0044.json
-mJ2ud6oKI8$_$9,text_mismatch,11,but,10,10,but,10,2.940000057220459,3.0399999618530273,2.940000057220459,3.0399999618530273,2.66,3.04,0.28000005722045884,mandatory_unique_exact_token_pair_in_all_optimal_LCS_alignments,mfa_primary_unique_word_overlap_auto_qc_pass,B_unique_word_overlap_in_mismatched_transcript,MFA 3.4.2 forced alignment of Whisper transcript,False,2.940000057220459,3.0399999618530273,2.940000057220459,3.0399999618530273,True,True,,sample_0044.json
-mJ2ud6oKI8$_$9,text_mismatch,12,it's,,,,,,,,,,,,mandatory_unique_exact_token_pair_in_all_optimal_LCS_alignments,official_word_unmatched_or_ambiguous_in_asr,,,False,,,,,False,False,,sample_0044.json
-mJ2ud6oKI8$_$9,text_mismatch,13,sort,,,,,,,,,,,,mandatory_unique_exact_token_pair_in_all_optimal_LCS_alignments,official_word_unmatched_or_ambiguous_in_asr,,,False,,,,,False,False,,sample_0044.json
-mJ2ud6oKI8$_$9,text_mismatch,14,of,,,,,,,,,,,,mandatory_unique_exact_token_pair_in_all_optimal_LCS_alignments,official_word_unmatched_or_ambiguous_in_asr,,,False,,,,,False,False,,sample_0044.json
-mJ2ud6oKI8$_$9,text_mismatch,15,like,,,,,,,,,,,,mandatory_unique_exact_token_pair_in_all_optimal_LCS_alignments,official_word_unmatched_or_ambiguous_in_asr,,,False,,,,,False,False,,sample_0044.json
-mJ2ud6oKI8$_$9,text_mismatch,16,flossing,,,,,,,,,,,,mandatory_unique_exact_token_pair_in_all_optimal_LCS_alignments,official_word_unmatched_or_ambiguous_in_asr,,,False,,,,,False,False,,sample_0044.json
-mJ2ud6oKI8$_$9,text_mismatch,17,your,21,21,your,21,6.769999980926514,6.90875,6.769999980926514,6.90875,6.74,6.88,0.02999998092651346,mandatory_unique_exact_token_pair_in_all_optimal_LCS_alignments,mfa_primary_unique_word_overlap_auto_qc_pass,B_unique_word_overlap_in_mismatched_transcript,MFA 3.4.2 forced alignment of Whisper transcript,False,6.769999980926514,6.90875,6.769999980926514,6.90875,True,True,,sample_0044.json
-mJ2ud6oKI8$_$9,text_mismatch,18,teeth,,,,,,,,,,,,mandatory_unique_exact_token_pair_in_all_optimal_LCS_alignments,official_word_unmatched_or_ambiguous_in_asr,,,False,,,,,False,False,,sample_0044.json
-mJ2ud6oKI8$_$9,text_mismatch,19,for,,,,,,,,,,,,mandatory_unique_exact_token_pair_in_all_optimal_LCS_alignments,official_word_unmatched_or_ambiguous_in_asr,,,False,,,,,False,False,,sample_0044.json
-mJ2ud6oKI8$_$9,text_mismatch,20,the,,,,,,,,,,,,mandatory_unique_exact_token_pair_in_all_optimal_LCS_alignments,official_word_unmatched_or_ambiguous_in_asr,,,False,,,,,False,False,,sample_0044.json
-mJ2ud6oKI8$_$9,text_mismatch,21,first,,,,,,,,,,,,mandatory_unique_exact_token_pair_in_all_optimal_LCS_alignments,official_word_unmatched_or_ambiguous_in_asr,,,False,,,,,False,False,,sample_0044.json
-mJ2ud6oKI8$_$9,text_mismatch,22,time,,,,,,,,,,,,mandatory_unique_exact_token_pair_in_all_optimal_LCS_alignments,official_word_unmatched_or_ambiguous_in_asr,,,False,,,,,False,False,,sample_0044.json
-mJ2ud6oKI8$_$8,text_mismatch,1,Sometimes,,,,,,,,,,,,mandatory_unique_exact_token_pair_in_all_optimal_LCS_alignments,official_word_unmatched_or_ambiguous_in_asr,,,False,,,,,False,False,,sample_0045.json
-mJ2ud6oKI8$_$8,text_mismatch,2,we,1,1,we,1,0.7799999713897705,0.8700000047683716,0.7799999713897705,0.8700000047683716,0.52,0.88,0.2599999713897705,mandatory_unique_exact_token_pair_in_all_optimal_LCS_alignments,mfa_primary_unique_word_overlap_auto_qc_pass,B_unique_word_overlap_in_mismatched_transcript,MFA 3.4.2 forced alignment of Whisper transcript,False,0.7799999713897705,0.8700000047683716,0.7799999713897705,0.8700000047683716,True,True,,sample_0045.json
-mJ2ud6oKI8$_$8,text_mismatch,3,have,,,,,,,,,,,,mandatory_unique_exact_token_pair_in_all_optimal_LCS_alignments,official_word_unmatched_or_ambiguous_in_asr,,,False,,,,,False,False,,sample_0045.json
-mJ2ud6oKI8$_$8,text_mismatch,4,to,,,,,,,,,,,,mandatory_unique_exact_token_pair_in_all_optimal_LCS_alignments,official_word_unmatched_or_ambiguous_in_asr,,,False,,,,,False,False,,sample_0045.json
-mJ2ud6oKI8$_$8,text_mismatch,5,stretch,,,,,,,,,,,,mandatory_unique_exact_token_pair_in_all_optimal_LCS_alignments,official_word_unmatched_or_ambiguous_in_asr,,,False,,,,,False,False,,sample_0045.json
-mJ2ud6oKI8$_$8,text_mismatch,6,that,,,,,,,,,,,,mandatory_unique_exact_token_pair_in_all_optimal_LCS_alignments,official_word_unmatched_or_ambiguous_in_asr,,,False,,,,,False,False,,sample_0045.json
-mJ2ud6oKI8$_$8,text_mismatch,7,joint,,,,,,,,,,,,mandatory_unique_exact_token_pair_in_all_optimal_LCS_alignments,official_word_unmatched_or_ambiguous_in_asr,,,False,,,,,False,False,,sample_0045.json
-mJ2ud6oKI8$_$8,text_mismatch,8,that,,,,,,,,,,,,mandatory_unique_exact_token_pair_in_all_optimal_LCS_alignments,official_word_unmatched_or_ambiguous_in_asr,,,False,,,,,False,False,,sample_0045.json
-mJ2ud6oKI8$_$8,text_mismatch,9,is,,,,,,,,,,,,mandatory_unique_exact_token_pair_in_all_optimal_LCS_alignments,official_word_unmatched_or_ambiguous_in_asr,,,False,,,,,False,False,,sample_0045.json
-mJ2ud6oKI8$_$8,text_mismatch,10,already,,,,,,,,,,,,mandatory_unique_exact_token_pair_in_all_optimal_LCS_alignments,official_word_unmatched_or_ambiguous_in_asr,,,False,,,,,False,False,,sample_0045.json
-mJ2ud6oKI8$_$8,text_mismatch,11,irritated,,,,,,,,,,,,mandatory_unique_exact_token_pair_in_all_optimal_LCS_alignments,official_word_unmatched_or_ambiguous_in_asr,,,False,,,,,False,False,,sample_0045.json
-mqbVkbCndg$_$0,exact_text,1,How,1,1,how,1,0.05000000074505806,0.550000011920929,0.05000000074505806,0.550000011920929,0.0,0.38,0.17000001192092895,mandatory_unique_exact_token_pair_in_all_optimal_LCS_alignments,mfa_primary_exact_transcript_auto_qc_pass,A_exact_transcript,MFA 3.4.2 forced alignment of Whisper transcript,False,0.05000000074505806,0.550000011920929,0.05000000074505806,0.550000011920929,True,True,,sample_0046.json
-mqbVkbCndg$_$0,exact_text,2,at,2,2,at,2,0.8199999928474426,0.9399999976158142,0.8199999928474426,0.9399999976158142,0.38,0.94,0.4399999928474426,mandatory_unique_exact_token_pair_in_all_optimal_LCS_alignments,mfa_primary_exact_transcript_auto_qc_pass,A_exact_transcript,MFA 3.4.2 forced alignment of Whisper transcript,False,0.8199999928474426,0.9399999976158142,0.8199999928474426,0.9399999976158142,True,True,,sample_0046.json
-mqbVkbCndg$_$0,exact_text,3,a,3,3,a,3,0.9399999976158142,0.9800000190734863,0.9399999976158142,0.9800000190734863,0.94,1.06,0.07999998092651373,mandatory_unique_exact_token_pair_in_all_optimal_LCS_alignments,mfa_primary_exact_transcript_auto_qc_pass,A_exact_transcript,MFA 3.4.2 forced alignment of Whisper transcript,False,0.9399999976158142,0.9800000190734863,0.9399999976158142,0.9800000190734863,True,True,,sample_0046.json
-mqbVkbCndg$_$0,exact_text,4,particular,4,4,particular,4,0.9800000190734863,1.5499999523162842,0.9800000190734863,1.5499999523162842,1.06,1.34,0.2099999523162841,mandatory_unique_exact_token_pair_in_all_optimal_LCS_alignments,mfa_primary_exact_transcript_auto_qc_pass,A_exact_transcript,MFA 3.4.2 forced alignment of Whisper transcript,False,0.9800000190734863,1.5499999523162842,0.9800000190734863,1.5499999523162842,True,True,,sample_0046.json
-mqbVkbCndg$_$0,exact_text,5,moment,5,5,moment,5,1.5499999523162842,2.049999952316284,1.5499999523162842,2.049999952316284,1.34,1.84,0.2099999523162841,mandatory_unique_exact_token_pair_in_all_optimal_LCS_alignments,mfa_primary_exact_transcript_auto_qc_pass,A_exact_transcript,MFA 3.4.2 forced alignment of Whisper transcript,False,1.5499999523162842,2.049999952316284,1.5499999523162842,2.049999952316284,True,True,,sample_0046.json
-mqbVkbCndg$_$0,exact_text,6,in,6,6,in,6,2.049999952316284,2.180000066757202,2.049999952316284,2.180000066757202,1.84,2.18,0.2099999523162841,mandatory_unique_exact_token_pair_in_all_optimal_LCS_alignments,mfa_primary_exact_transcript_auto_qc_pass,A_exact_transcript,MFA 3.4.2 forced alignment of Whisper transcript,False,2.049999952316284,2.180000066757202,2.049999952316284,2.180000066757202,True,True,,sample_0046.json
-mqbVkbCndg$_$0,exact_text,7,time,7,7,time,7,2.180000066757202,2.5799999237060547,2.180000066757202,2.5799999237060547,2.18,2.52,0.05999992370605467,mandatory_unique_exact_token_pair_in_all_optimal_LCS_alignments,mfa_primary_exact_transcript_auto_qc_pass,A_exact_transcript,MFA 3.4.2 forced alignment of Whisper transcript,False,2.180000066757202,2.5799999237060547,2.180000066757202,2.5799999237060547,True,True,,sample_0046.json
-mqbVkbCndg$_$0,exact_text,8,our,8,8,our,8,2.5799999237060547,2.6500000953674316,2.5799999237060547,2.6500000953674316,2.7,2.92,0.2699999046325683,mandatory_unique_exact_token_pair_in_all_optimal_LCS_alignments,mfa_primary_exact_transcript_auto_qc_pass,A_exact_transcript,MFA 3.4.2 forced alignment of Whisper transcript,False,2.5799999237060547,2.6500000953674316,2.5799999237060547,2.6500000953674316,True,True,,sample_0046.json
-mqbVkbCndg$_$0,exact_text,9,moment,9,9,moment,9,2.6500000953674316,3.450000047683716,2.6500000953674316,3.450000047683716,2.92,3.24,0.2699999046325683,mandatory_unique_exact_token_pair_in_all_optimal_LCS_alignments,mfa_primary_exact_transcript_auto_qc_pass,A_exact_transcript,MFA 3.4.2 forced alignment of Whisper transcript,False,2.6500000953674316,3.450000047683716,2.6500000953674316,3.450000047683716,True,True,,sample_0046.json
-mqbVkbCndg$_$0,exact_text,10,in,10,10,in,10,3.450000047683716,3.619999885559082,3.450000047683716,3.619999885559082,3.24,3.6,0.2100000476837156,mandatory_unique_exact_token_pair_in_all_optimal_LCS_alignments,mfa_primary_exact_transcript_auto_qc_pass,A_exact_transcript,MFA 3.4.2 forced alignment of Whisper transcript,False,3.450000047683716,3.619999885559082,3.450000047683716,3.619999885559082,True,True,,sample_0046.json
-mqbVkbCndg$_$0,exact_text,11,time,11,11,time,11,3.619999885559082,4.019999980926514,3.619999885559082,4.019999980926514,3.6,4.0,0.019999980926513672,mandatory_unique_exact_token_pair_in_all_optimal_LCS_alignments,mfa_primary_exact_transcript_auto_qc_pass,A_exact_transcript,MFA 3.4.2 forced alignment of Whisper transcript,False,3.619999885559082,4.019999980926514,3.619999885559082,4.019999980926514,True,True,,sample_0046.json
-mqbVkbCndg$_$0,exact_text,12,are,12,12,are,12,4.46999979019165,4.630000114440918,4.46999979019165,4.630000114440918,4.32,4.62,0.1499997901916501,mandatory_unique_exact_token_pair_in_all_optimal_LCS_alignments,mfa_primary_exact_transcript_auto_qc_pass,A_exact_transcript,MFA 3.4.2 forced alignment of Whisper transcript,False,4.46999979019165,4.630000114440918,4.46999979019165,4.630000114440918,True,True,,sample_0046.json
-mqbVkbCndg$_$0,exact_text,13,they,13,13,they,13,4.630000114440918,4.989999771118164,4.630000114440918,4.989999771118164,4.62,4.94,0.04999977111816367,mandatory_unique_exact_token_pair_in_all_optimal_LCS_alignments,mfa_primary_exact_transcript_auto_qc_pass,A_exact_transcript,MFA 3.4.2 forced alignment of Whisper transcript,False,4.630000114440918,4.989999771118164,4.630000114440918,4.989999771118164,True,True,,sample_0046.json
-mqbVkbCndg$_$0,exact_text,14,limited,14,14,limited,14,5.329999923706055,6.0,5.329999923706055,6.0,4.94,5.64,0.3899999237060543,mandatory_unique_exact_token_pair_in_all_optimal_LCS_alignments,mfa_primary_exact_transcript_auto_qc_pass,A_exact_transcript,MFA 3.4.2 forced alignment of Whisper transcript,False,5.329999923706055,6.0,5.329999923706055,6.0,True,True,,sample_0046.json
-t217m2on-s$_$2,exact_text,1,But,1,1,but,1,0.5199999809265137,0.7099999785423279,0.5199999809265137,0.7099999785423279,0.0,0.68,0.5199999809265137,mandatory_unique_exact_token_pair_in_all_optimal_LCS_alignments,mfa_whisper_discrepancy_over_0_5s_null_primary,A_exact_transcript,MFA 3.4.2 forced alignment of Whisper transcript,True,,,,,False,True,mfa_whisper_edge_difference_over_0_5s,sample_0047.json
-t217m2on-s$_$2,exact_text,2,a,2,2,a,2,0.7099999785423279,1.0800000429153442,0.7099999785423279,1.0800000429153442,0.68,1.38,0.29999995708465566,mandatory_unique_exact_token_pair_in_all_optimal_LCS_alignments,mfa_primary_exact_transcript_auto_qc_pass,A_exact_transcript,MFA 3.4.2 forced alignment of Whisper transcript,False,0.7099999785423279,1.0800000429153442,0.7099999785423279,1.0800000429153442,True,True,,sample_0047.json
-t217m2on-s$_$2,exact_text,3,good,3,3,good,3,1.4199999570846558,1.600000023841858,1.4199999570846558,1.600000023841858,1.38,1.54,0.060000023841857875,mandatory_unique_exact_token_pair_in_all_optimal_LCS_alignments,mfa_primary_exact_transcript_auto_qc_pass,A_exact_transcript,MFA 3.4.2 forced alignment of Whisper transcript,False,1.4199999570846558,1.600000023841858,1.4199999570846558,1.600000023841858,True,True,,sample_0047.json
-t217m2on-s$_$2,exact_text,4,thing,4,4,thing,4,1.600000023841858,1.75,1.600000023841858,1.75,1.54,1.74,0.060000023841857875,mandatory_unique_exact_token_pair_in_all_optimal_LCS_alignments,mfa_primary_exact_transcript_auto_qc_pass,A_exact_transcript,MFA 3.4.2 forced alignment of Whisper transcript,False,1.600000023841858,1.75,1.600000023841858,1.75,True,True,,sample_0047.json
-t217m2on-s$_$2,exact_text,5,to,5,5,to,5,1.75,1.8200000524520874,1.75,1.8200000524520874,1.74,1.86,0.039999947547912695,mandatory_unique_exact_token_pair_in_all_optimal_LCS_alignments,mfa_primary_exact_transcript_auto_qc_pass,A_exact_transcript,MFA 3.4.2 forced alignment of Whisper transcript,False,1.75,1.8200000524520874,1.75,1.8200000524520874,True,True,,sample_0047.json
-t217m2on-s$_$2,exact_text,6,do,6,6,do,6,1.8200000524520874,1.9500000476837158,1.8200000524520874,1.9500000476837158,1.86,1.96,0.039999947547912695,mandatory_unique_exact_token_pair_in_all_optimal_LCS_alignments,mfa_primary_exact_transcript_auto_qc_pass,A_exact_transcript,MFA 3.4.2 forced alignment of Whisper transcript,False,1.8200000524520874,1.9500000476837158,1.8200000524520874,1.9500000476837158,True,True,,sample_0047.json
-t217m2on-s$_$2,exact_text,7,is,7,7,is,7,1.9500000476837158,2.0899999141693115,1.9500000476837158,2.0899999141693115,1.96,2.08,0.009999952316284144,mandatory_unique_exact_token_pair_in_all_optimal_LCS_alignments,mfa_primary_exact_transcript_auto_qc_pass,A_exact_transcript,MFA 3.4.2 forced alignment of Whisper transcript,False,1.9500000476837158,2.0899999141693115,1.9500000476837158,2.0899999141693115,True,True,,sample_0047.json
-t217m2on-s$_$2,exact_text,8,yawning,8,8,yawning,8,2.0899999141693115,2.619999885559082,2.0899999141693115,2.619999885559082,2.08,3.08,0.46000011444091804,mandatory_unique_exact_token_pair_in_all_optimal_LCS_alignments,mfa_primary_exact_transcript_auto_qc_pass,A_exact_transcript,MFA 3.4.2 forced alignment of Whisper transcript,False,2.0899999141693115,2.619999885559082,2.0899999141693115,2.619999885559082,True,True,,sample_0047.json
-t217m2on-s$_$2,exact_text,9,chewing,9,9,chewing,9,3.119999885559082,3.4700000286102295,3.119999885559082,3.4700000286102295,3.62,3.88,0.5000001144409181,mandatory_unique_exact_token_pair_in_all_optimal_LCS_alignments,mfa_whisper_discrepancy_over_0_5s_null_primary,A_exact_transcript,MFA 3.4.2 forced alignment of Whisper transcript,True,,,,,False,True,mfa_whisper_edge_difference_over_0_5s,sample_0047.json
-t217m2on-s$_$2,exact_text,10,gum,10,10,gum,10,3.6500000953674316,3.759999990463257,3.6500000953674316,3.759999990463257,3.88,4.18,0.4200000095367429,mandatory_unique_exact_token_pair_in_all_optimal_LCS_alignments,mfa_primary_exact_transcript_auto_qc_pass,A_exact_transcript,MFA 3.4.2 forced alignment of Whisper transcript,False,3.6500000953674316,3.759999990463257,3.6500000953674316,3.759999990463257,True,True,,sample_0047.json
-t217m2on-s$_$2,exact_text,11,is,11,11,is,11,3.759999990463257,4.409999847412109,3.759999990463257,4.409999847412109,4.18,4.4,0.4200000095367429,mandatory_unique_exact_token_pair_in_all_optimal_LCS_alignments,mfa_primary_exact_transcript_auto_qc_pass,A_exact_transcript,MFA 3.4.2 forced alignment of Whisper transcript,False,3.759999990463257,4.409999847412109,3.759999990463257,4.409999847412109,True,True,,sample_0047.json
-t217m2on-s$_$2,exact_text,12,effective,12,12,effective,12,4.409999847412109,5.050000190734863,4.409999847412109,5.050000190734863,4.4,4.86,0.19000019073486296,mandatory_unique_exact_token_pair_in_all_optimal_LCS_alignments,mfa_primary_exact_transcript_auto_qc_pass,A_exact_transcript,MFA 3.4.2 forced alignment of Whisper transcript,False,4.409999847412109,5.050000190734863,4.409999847412109,5.050000190734863,True,True,,sample_0047.json
-t217m2on-s$_$7,exact_text,1,If,1,1,if,1,0.5199999809265137,0.6700000166893005,0.5199999809265137,0.6700000166893005,0.0,0.62,0.5199999809265137,mandatory_unique_exact_token_pair_in_all_optimal_LCS_alignments,mfa_whisper_discrepancy_over_0_5s_null_primary,A_exact_transcript,MFA 3.4.2 forced alignment of Whisper transcript,True,,,,,False,True,mfa_whisper_edge_difference_over_0_5s,sample_0048.json
-t217m2on-s$_$7,exact_text,2,you,2,2,you,2,0.6700000166893005,0.7300000190734863,0.6700000166893005,0.7300000190734863,0.62,0.78,0.05000001668930054,mandatory_unique_exact_token_pair_in_all_optimal_LCS_alignments,mfa_primary_exact_transcript_auto_qc_pass,A_exact_transcript,MFA 3.4.2 forced alignment of Whisper transcript,False,0.6700000166893005,0.7300000190734863,0.6700000166893005,0.7300000190734863,True,True,,sample_0048.json
-t217m2on-s$_$7,exact_text,3,find,3,3,find,3,0.7300000190734863,1.149999976158142,0.7300000190734863,1.149999976158142,0.78,1.06,0.08999997615814204,mandatory_unique_exact_token_pair_in_all_optimal_LCS_alignments,mfa_primary_exact_transcript_auto_qc_pass,A_exact_transcript,MFA 3.4.2 forced alignment of Whisper transcript,False,0.7300000190734863,1.149999976158142,0.7300000190734863,1.149999976158142,True,True,,sample_0048.json
-t217m2on-s$_$7,exact_text,4,that,4,4,that,4,1.149999976158142,1.3799999952316284,1.149999976158142,1.3799999952316284,1.06,1.32,0.08999997615814204,mandatory_unique_exact_token_pair_in_all_optimal_LCS_alignments,mfa_primary_exact_transcript_auto_qc_pass,A_exact_transcript,MFA 3.4.2 forced alignment of Whisper transcript,False,1.149999976158142,1.3799999952316284,1.149999976158142,1.3799999952316284,True,True,,sample_0048.json
-t217m2on-s$_$7,exact_text,5,your,5,5,your,5,1.3799999952316284,1.5199999809265137,1.3799999952316284,1.5199999809265137,1.32,1.56,0.059999995231628356,mandatory_unique_exact_token_pair_in_all_optimal_LCS_alignments,mfa_primary_exact_transcript_auto_qc_pass,A_exact_transcript,MFA 3.4.2 forced alignment of Whisper transcript,False,1.3799999952316284,1.5199999809265137,1.3799999952316284,1.5199999809265137,True,True,,sample_0048.json
-t217m2on-s$_$7,exact_text,6,ears,6,6,ears,6,1.5199999809265137,2.2899999618530273,1.5199999809265137,2.2899999618530273,1.56,1.96,0.3299999618530274,mandatory_unique_exact_token_pair_in_all_optimal_LCS_alignments,mfa_primary_exact_transcript_auto_qc_pass,A_exact_transcript,MFA 3.4.2 forced alignment of Whisper transcript,False,1.5199999809265137,2.2899999618530273,1.5199999809265137,2.2899999618530273,True,True,,sample_0048.json
-t217m2on-s$_$7,exact_text,7,consistently,7,7,consistently,7,2.690000057220459,4.119999885559082,2.690000057220459,4.119999885559082,1.96,3.6,0.730000057220459,mandatory_unique_exact_token_pair_in_all_optimal_LCS_alignments,mfa_whisper_discrepancy_over_0_5s_null_primary,A_exact_transcript,MFA 3.4.2 forced alignment of Whisper transcript,True,,,,,False,True,mfa_whisper_edge_difference_over_0_5s,sample_0048.json
-t217m2on-s$_$7,exact_text,8,do,8,8,do,8,4.119999885559082,4.460000038146973,4.119999885559082,4.460000038146973,3.6,4.42,0.5199998855590819,mandatory_unique_exact_token_pair_in_all_optimal_LCS_alignments,mfa_whisper_discrepancy_over_0_5s_null_primary,A_exact_transcript,MFA 3.4.2 forced alignment of Whisper transcript,True,,,,,False,True,mfa_whisper_edge_difference_over_0_5s,sample_0048.json
-t217m2on-s$_$7,exact_text,9,this,9,9,this,9,4.460000038146973,4.78000020980835,4.460000038146973,4.78000020980835,4.42,4.66,0.12000020980834947,mandatory_unique_exact_token_pair_in_all_optimal_LCS_alignments,mfa_primary_exact_transcript_auto_qc_pass,A_exact_transcript,MFA 3.4.2 forced alignment of Whisper transcript,False,4.460000038146973,4.78000020980835,4.460000038146973,4.78000020980835,True,True,,sample_0048.json
-t217m2on-s$_$7,exact_text,10,and,10,10,and,10,4.78000020980835,4.880000114440918,4.78000020980835,4.880000114440918,4.66,4.86,0.12000020980834947,mandatory_unique_exact_token_pair_in_all_optimal_LCS_alignments,mfa_primary_exact_transcript_auto_qc_pass,A_exact_transcript,MFA 3.4.2 forced alignment of Whisper transcript,False,4.78000020980835,4.880000114440918,4.78000020980835,4.880000114440918,True,True,,sample_0048.json
-t217m2on-s$_$7,exact_text,11,you,11,11,you,11,4.880000114440918,4.960000038146973,4.880000114440918,4.960000038146973,4.86,5.0,0.039999961853027344,mandatory_unique_exact_token_pair_in_all_optimal_LCS_alignments,mfa_primary_exact_transcript_auto_qc_pass,A_exact_transcript,MFA 3.4.2 forced alignment of Whisper transcript,False,4.880000114440918,4.960000038146973,4.880000114440918,4.960000038146973,True,True,,sample_0048.json
-t217m2on-s$_$7,exact_text,12,can't,12,12,can't,12,4.960000038146973,5.53000020980835,4.960000038146973,5.53000020980835,5.0,5.44,0.09000020980834922,mandatory_unique_exact_token_pair_in_all_optimal_LCS_alignments,mfa_primary_exact_transcript_auto_qc_pass,A_exact_transcript,MFA 3.4.2 forced alignment of Whisper transcript,False,4.960000038146973,5.53000020980835,4.960000038146973,5.53000020980835,True,True,,sample_0048.json
-t217m2on-s$_$7,exact_text,13,pop,13,13,pop,13,5.53000020980835,5.880000114440918,5.53000020980835,5.880000114440918,5.44,5.78,0.10000011444091772,mandatory_unique_exact_token_pair_in_all_optimal_LCS_alignments,mfa_primary_exact_transcript_auto_qc_pass,A_exact_transcript,MFA 3.4.2 forced alignment of Whisper transcript,False,5.53000020980835,5.880000114440918,5.53000020980835,5.880000114440918,True,True,,sample_0048.json
-t217m2on-s$_$7,exact_text,14,them,14,14,them,14,5.880000114440918,6.050000190734863,5.880000114440918,6.050000190734863,5.78,6.02,0.10000011444091772,mandatory_unique_exact_token_pair_in_all_optimal_LCS_alignments,mfa_primary_exact_transcript_auto_qc_pass,A_exact_transcript,MFA 3.4.2 forced alignment of Whisper transcript,False,5.880000114440918,6.050000190734863,5.880000114440918,6.050000190734863,True,True,,sample_0048.json
-t217m2on-s$_$7,exact_text,15,often,15,15,often,15,6.050000190734863,6.519999980926514,6.050000190734863,6.519999980926514,6.02,6.44,0.07999998092651328,mandatory_unique_exact_token_pair_in_all_optimal_LCS_alignments,mfa_primary_exact_transcript_auto_qc_pass,A_exact_transcript,MFA 3.4.2 forced alignment of Whisper transcript,False,6.050000190734863,6.519999980926514,6.050000190734863,6.519999980926514,True,True,,sample_0048.json
-t217m2on-s$_$7,exact_text,16,you'll,16,16,you'll,16,6.940000057220459,7.039999961853027,6.940000057220459,7.039999961853027,6.9,7.1,0.0600000381469723,mandatory_unique_exact_token_pair_in_all_optimal_LCS_alignments,mfa_primary_exact_transcript_auto_qc_pass,A_exact_transcript,MFA 3.4.2 forced alignment of Whisper transcript,False,6.940000057220459,7.039999961853027,6.940000057220459,7.039999961853027,True,True,,sample_0048.json
-t217m2on-s$_$7,exact_text,17,definitely,17,17,definitely,17,7.039999961853027,7.699999809265137,7.039999961853027,7.699999809265137,7.1,7.3,0.3999998092651369,mandatory_unique_exact_token_pair_in_all_optimal_LCS_alignments,mfa_primary_exact_transcript_auto_qc_pass,A_exact_transcript,MFA 3.4.2 forced alignment of Whisper transcript,False,7.039999961853027,7.699999809265137,7.039999961853027,7.699999809265137,True,True,,sample_0048.json
-t217m2on-s$_$7,exact_text,18,need,18,18,need,18,7.730000019073486,7.929999828338623,7.730000019073486,7.929999828338623,7.3,7.86,0.4300000190734865,mandatory_unique_exact_token_pair_in_all_optimal_LCS_alignments,mfa_primary_exact_transcript_auto_qc_pass,A_exact_transcript,MFA 3.4.2 forced alignment of Whisper transcript,False,7.730000019073486,7.929999828338623,7.730000019073486,7.929999828338623,True,True,,sample_0048.json
-t217m2on-s$_$7,exact_text,19,to,19,19,to,19,7.929999828338623,7.989999771118164,7.929999828338623,7.989999771118164,7.86,8.02,0.06999982833862273,mandatory_unique_exact_token_pair_in_all_optimal_LCS_alignments,mfa_primary_exact_transcript_auto_qc_pass,A_exact_transcript,MFA 3.4.2 forced alignment of Whisper transcript,False,7.929999828338623,7.989999771118164,7.929999828338623,7.989999771118164,True,True,,sample_0048.json
-t217m2on-s$_$7,exact_text,20,see,20,20,see,20,7.989999771118164,8.199999809265137,7.989999771118164,8.199999809265137,8.02,8.2,0.03000022888183551,mandatory_unique_exact_token_pair_in_all_optimal_LCS_alignments,mfa_primary_exact_transcript_auto_qc_pass,A_exact_transcript,MFA 3.4.2 forced alignment of Whisper transcript,False,7.989999771118164,8.199999809265137,7.989999771118164,8.199999809265137,True,True,,sample_0048.json
-t217m2on-s$_$7,exact_text,21,a,21,21,a,21,8.199999809265137,8.260000228881836,8.199999809265137,8.260000228881836,8.2,8.34,0.07999977111816392,mandatory_unique_exact_token_pair_in_all_optimal_LCS_alignments,mfa_primary_exact_transcript_auto_qc_pass,A_exact_transcript,MFA 3.4.2 forced alignment of Whisper transcript,False,8.199999809265137,8.260000228881836,8.199999809265137,8.260000228881836,True,True,,sample_0048.json
-t217m2on-s$_$7,exact_text,22,physician,22,22,physician,22,8.260000228881836,8.970000267028809,8.260000228881836,8.970000267028809,8.34,8.78,0.19000026702880923,mandatory_unique_exact_token_pair_in_all_optimal_LCS_alignments,mfa_primary_exact_transcript_auto_qc_pass,A_exact_transcript,MFA 3.4.2 forced alignment of Whisper transcript,False,8.260000228881836,8.970000267028809,8.260000228881836,8.970000267028809,True,True,,sample_0048.json
-t217m2on-s$_$7,exact_text,23,regarding,23,23,regarding,23,9.460000038146973,9.949999809265137,9.460000038146973,9.949999809265137,8.78,9.76,0.6800000381469733,mandatory_unique_exact_token_pair_in_all_optimal_LCS_alignments,mfa_whisper_discrepancy_over_0_5s_null_primary,A_exact_transcript,MFA 3.4.2 forced alignment of Whisper transcript,True,,,,,False,True,mfa_whisper_edge_difference_over_0_5s,sample_0048.json
-t217m2on-s$_$7,exact_text,24,those,24,24,those,24,9.949999809265137,10.140000343322754,9.949999809265137,10.140000343322754,9.76,10.1,0.18999980926513693,mandatory_unique_exact_token_pair_in_all_optimal_LCS_alignments,mfa_primary_exact_transcript_auto_qc_pass,A_exact_transcript,MFA 3.4.2 forced alignment of Whisper transcript,False,9.949999809265137,10.140000343322754,9.949999809265137,10.140000343322754,True,True,,sample_0048.json
-t217m2on-s$_$7,exact_text,25,things,25,25,things,25,10.140000343322754,10.649999618530273,10.140000343322754,10.649999618530273,10.1,10.44,0.20999961853027393,mandatory_unique_exact_token_pair_in_all_optimal_LCS_alignments,mfa_primary_exact_transcript_auto_qc_pass,A_exact_transcript,MFA 3.4.2 forced alignment of Whisper transcript,False,10.140000343322754,10.649999618530273,10.140000343322754,10.649999618530273,True,True,,sample_0048.json
-t217m2on-s$_$7,exact_text,26,it,26,26,it,26,10.84000015258789,10.989999771118164,10.84000015258789,10.989999771118164,10.86,10.98,0.019999847412108807,mandatory_unique_exact_token_pair_in_all_optimal_LCS_alignments,mfa_primary_exact_transcript_auto_qc_pass,A_exact_transcript,MFA 3.4.2 forced alignment of Whisper transcript,False,10.84000015258789,10.989999771118164,10.84000015258789,10.989999771118164,True,True,,sample_0048.json
-t217m2on-s$_$7,exact_text,27,could,27,27,could,27,10.989999771118164,11.199999809265137,10.989999771118164,11.199999809265137,10.98,11.14,0.05999980926513615,mandatory_unique_exact_token_pair_in_all_optimal_LCS_alignments,mfa_primary_exact_transcript_auto_qc_pass,A_exact_transcript,MFA 3.4.2 forced alignment of Whisper transcript,False,10.989999771118164,11.199999809265137,10.989999771118164,11.199999809265137,True,True,,sample_0048.json
-t217m2on-s$_$7,exact_text,28,be,28,28,be,28,11.199999809265137,11.3100004196167,11.199999809265137,11.3100004196167,11.14,11.36,0.05999980926513615,mandatory_unique_exact_token_pair_in_all_optimal_LCS_alignments,mfa_primary_exact_transcript_auto_qc_pass,A_exact_transcript,MFA 3.4.2 forced alignment of Whisper transcript,False,11.199999809265137,11.3100004196167,11.199999809265137,11.3100004196167,True,True,,sample_0048.json
-t217m2on-s$_$7,exact_text,29,something,29,29,something,29,11.3100004196167,11.720000267028809,11.3100004196167,11.720000267028809,11.36,11.56,0.1600002670288081,mandatory_unique_exact_token_pair_in_all_optimal_LCS_alignments,mfa_primary_exact_transcript_auto_qc_pass,A_exact_transcript,MFA 3.4.2 forced alignment of Whisper transcript,False,11.3100004196167,11.720000267028809,11.3100004196167,11.720000267028809,True,True,,sample_0048.json
-t217m2on-s$_$7,exact_text,30,more,30,30,more,30,11.720000267028809,11.979999542236328,11.720000267028809,11.979999542236328,11.56,11.94,0.1600002670288081,mandatory_unique_exact_token_pair_in_all_optimal_LCS_alignments,mfa_primary_exact_transcript_auto_qc_pass,A_exact_transcript,MFA 3.4.2 forced alignment of Whisper transcript,False,11.720000267028809,11.979999542236328,11.720000267028809,11.979999542236328,True,True,,sample_0048.json
-t217m2on-s$_$7,exact_text,31,of,31,31,of,31,11.979999542236328,12.050000190734863,11.979999542236328,12.050000190734863,11.94,12.08,0.03999954223632862,mandatory_unique_exact_token_pair_in_all_optimal_LCS_alignments,mfa_primary_exact_transcript_auto_qc_pass,A_exact_transcript,MFA 3.4.2 forced alignment of Whisper transcript,False,11.979999542236328,12.050000190734863,11.979999542236328,12.050000190734863,True,True,,sample_0048.json
-t217m2on-s$_$7,exact_text,32,a,32,32,a,32,12.050000190734863,12.109999656677246,12.050000190734863,12.109999656677246,12.08,12.16,0.05000034332275405,mandatory_unique_exact_token_pair_in_all_optimal_LCS_alignments,mfa_primary_exact_transcript_auto_qc_pass,A_exact_transcript,MFA 3.4.2 forced alignment of Whisper transcript,False,12.050000190734863,12.109999656677246,12.050000190734863,12.109999656677246,True,True,,sample_0048.json
-t217m2on-s$_$7,exact_text,33,nasal,33,33,nasal,33,12.109999656677246,12.520000457763672,12.109999656677246,12.520000457763672,12.16,12.46,0.06000045776367102,mandatory_unique_exact_token_pair_in_all_optimal_LCS_alignments,mfa_primary_exact_transcript_auto_qc_pass,A_exact_transcript,MFA 3.4.2 forced alignment of Whisper transcript,False,12.109999656677246,12.520000457763672,12.109999656677246,12.520000457763672,True,True,,sample_0048.json
-t217m2on-s$_$7,exact_text,34,infection,34,34,infection,34,12.520000457763672,13.15999984741211,12.520000457763672,13.15999984741211,12.46,12.94,0.21999984741210987,mandatory_unique_exact_token_pair_in_all_optimal_LCS_alignments,mfa_primary_exact_transcript_auto_qc_pass,A_exact_transcript,MFA 3.4.2 forced alignment of Whisper transcript,False,12.520000457763672,13.15999984741211,12.520000457763672,13.15999984741211,True,True,,sample_0048.json
-t217m2on-s$_$7,exact_text,35,or,35,35,or,35,13.15999984741211,13.430000305175781,13.15999984741211,13.430000305175781,12.94,13.4,0.21999984741210987,mandatory_unique_exact_token_pair_in_all_optimal_LCS_alignments,mfa_primary_exact_transcript_auto_qc_pass,A_exact_transcript,MFA 3.4.2 forced alignment of Whisper transcript,False,13.15999984741211,13.430000305175781,13.15999984741211,13.430000305175781,True,True,,sample_0048.json
-t217m2on-s$_$7,exact_text,36,a,36,36,a,36,13.430000305175781,13.479999542236328,13.430000305175781,13.479999542236328,13.4,13.52,0.04000045776367145,mandatory_unique_exact_token_pair_in_all_optimal_LCS_alignments,mfa_primary_exact_transcript_auto_qc_pass,A_exact_transcript,MFA 3.4.2 forced alignment of Whisper transcript,False,13.430000305175781,13.479999542236328,13.430000305175781,13.479999542236328,True,True,,sample_0048.json
-t217m2on-s$_$7,exact_text,37,sinus,37,37,sinus,37,13.479999542236328,13.970000267028809,13.479999542236328,13.970000267028809,13.52,13.92,0.050000267028808665,mandatory_unique_exact_token_pair_in_all_optimal_LCS_alignments,mfa_primary_exact_transcript_auto_qc_pass,A_exact_transcript,MFA 3.4.2 forced alignment of Whisper transcript,False,13.479999542236328,13.970000267028809,13.479999542236328,13.970000267028809,True,True,,sample_0048.json
-t217m2on-s$_$7,exact_text,38,infection,38,38,infection,38,13.970000267028809,14.6899995803833,13.970000267028809,14.6899995803833,13.92,14.5,0.18999958038330078,mandatory_unique_exact_token_pair_in_all_optimal_LCS_alignments,mfa_primary_exact_transcript_auto_qc_pass,A_exact_transcript,MFA 3.4.2 forced alignment of Whisper transcript,False,13.970000267028809,14.6899995803833,13.970000267028809,14.6899995803833,True,True,,sample_0048.json
-t217m2on-s$_$7,exact_text,39,that,39,39,that,39,15.149999618530273,15.300000190734863,15.149999618530273,15.300000190734863,14.5,15.28,0.6499996185302734,mandatory_unique_exact_token_pair_in_all_optimal_LCS_alignments,mfa_whisper_discrepancy_over_0_5s_null_primary,A_exact_transcript,MFA 3.4.2 forced alignment of Whisper transcript,True,,,,,False,True,mfa_whisper_edge_difference_over_0_5s,sample_0048.json
-t217m2on-s$_$7,exact_text,40,he,40,40,he,40,15.300000190734863,15.5,15.300000190734863,15.5,15.28,15.5,0.02000019073486392,mandatory_unique_exact_token_pair_in_all_optimal_LCS_alignments,mfa_primary_exact_transcript_auto_qc_pass,A_exact_transcript,MFA 3.4.2 forced alignment of Whisper transcript,False,15.300000190734863,15.5,15.300000190734863,15.5,True,True,,sample_0048.json
-t217m2on-s$_$7,exact_text,41,would,41,41,would,41,15.5,15.770000457763672,15.5,15.770000457763672,15.5,15.72,0.050000457763671236,mandatory_unique_exact_token_pair_in_all_optimal_LCS_alignments,mfa_primary_exact_transcript_auto_qc_pass,A_exact_transcript,MFA 3.4.2 forced alignment of Whisper transcript,False,15.5,15.770000457763672,15.5,15.770000457763672,True,True,,sample_0048.json
-t217m2on-s$_$7,exact_text,42,need,42,42,need,42,15.770000457763672,15.960000038146973,15.770000457763672,15.960000038146973,15.72,15.92,0.050000457763671236,mandatory_unique_exact_token_pair_in_all_optimal_LCS_alignments,mfa_primary_exact_transcript_auto_qc_pass,A_exact_transcript,MFA 3.4.2 forced alignment of Whisper transcript,False,15.770000457763672,15.960000038146973,15.770000457763672,15.960000038146973,True,True,,sample_0048.json
-t217m2on-s$_$7,exact_text,43,to,43,43,to,43,15.960000038146973,16.020000457763672,15.960000038146973,16.020000457763672,15.92,16.08,0.05999954223632642,mandatory_unique_exact_token_pair_in_all_optimal_LCS_alignments,mfa_primary_exact_transcript_auto_qc_pass,A_exact_transcript,MFA 3.4.2 forced alignment of Whisper transcript,False,15.960000038146973,16.020000457763672,15.960000038146973,16.020000457763672,True,True,,sample_0048.json
-t217m2on-s$_$7,exact_text,44,deal,44,44,deal,44,16.020000457763672,16.31999969482422,16.020000457763672,16.31999969482422,16.08,16.24,0.07999969482422031,mandatory_unique_exact_token_pair_in_all_optimal_LCS_alignments,mfa_primary_exact_transcript_auto_qc_pass,A_exact_transcript,MFA 3.4.2 forced alignment of Whisper transcript,False,16.020000457763672,16.31999969482422,16.020000457763672,16.31999969482422,True,True,,sample_0048.json
-t217m2on-s$_$7,exact_text,45,with,45,45,with,45,16.31999969482422,16.469999313354492,16.31999969482422,16.469999313354492,16.24,16.48,0.07999969482422031,mandatory_unique_exact_token_pair_in_all_optimal_LCS_alignments,mfa_primary_exact_transcript_auto_qc_pass,A_exact_transcript,MFA 3.4.2 forced alignment of Whisper transcript,False,16.31999969482422,16.469999313354492,16.31999969482422,16.469999313354492,True,True,,sample_0048.json
-tANM6ETl_M$_$3,text_mismatch,1,The,1,1,the,1,0.5099999904632568,0.6100000143051147,0.5099999904632568,0.6100000143051147,0.0,0.62,0.5099999904632568,mandatory_unique_exact_token_pair_in_all_optimal_LCS_alignments,mfa_whisper_discrepancy_over_0_5s_null_primary,B_unique_word_overlap_in_mismatched_transcript,MFA 3.4.2 forced alignment of Whisper transcript,True,,,,,False,True,mfa_whisper_edge_difference_over_0_5s,sample_0049.json
-tANM6ETl_M$_$3,text_mismatch,2,first,2,2,first,2,0.6100000143051147,0.9900000095367432,0.6100000143051147,0.9900000095367432,0.62,0.88,0.11000000953674316,mandatory_unique_exact_token_pair_in_all_optimal_LCS_alignments,mfa_primary_unique_word_overlap_auto_qc_pass,B_unique_word_overlap_in_mismatched_transcript,MFA 3.4.2 forced alignment of Whisper transcript,False,0.6100000143051147,0.9900000095367432,0.6100000143051147,0.9900000095367432,True,True,,sample_0049.json
-tANM6ETl_M$_$3,text_mismatch,3,place,3,3,place,3,0.9900000095367432,1.340000033378601,0.9900000095367432,1.340000033378601,0.88,1.22,0.1200000333786011,mandatory_unique_exact_token_pair_in_all_optimal_LCS_alignments,mfa_primary_unique_word_overlap_auto_qc_pass,B_unique_word_overlap_in_mismatched_transcript,MFA 3.4.2 forced alignment of Whisper transcript,False,0.9900000095367432,1.340000033378601,0.9900000095367432,1.340000033378601,True,True,,sample_0049.json
-tANM6ETl_M$_$3,text_mismatch,4,is,4,4,is,4,1.340000033378601,1.5099999904632568,1.340000033378601,1.5099999904632568,1.22,1.46,0.1200000333786011,mandatory_unique_exact_token_pair_in_all_optimal_LCS_alignments,mfa_primary_unique_word_overlap_auto_qc_pass,B_unique_word_overlap_in_mismatched_transcript,MFA 3.4.2 forced alignment of Whisper transcript,False,1.340000033378601,1.5099999904632568,1.340000033378601,1.5099999904632568,True,True,,sample_0049.json
-tANM6ETl_M$_$3,text_mismatch,5,either,5,5,either,5,1.5099999904632568,1.7599999904632568,1.5099999904632568,1.7599999904632568,1.46,1.7,0.05999999046325688,mandatory_unique_exact_token_pair_in_all_optimal_LCS_alignments,mfa_primary_unique_word_overlap_auto_qc_pass,B_unique_word_overlap_in_mismatched_transcript,MFA 3.4.2 forced alignment of Whisper transcript,False,1.5099999904632568,1.7599999904632568,1.5099999904632568,1.7599999904632568,True,True,,sample_0049.json
-tANM6ETl_M$_$3,text_mismatch,6,you,6,6,you,6,1.7599999904632568,1.9700000286102295,1.7599999904632568,1.9700000286102295,1.7,1.96,0.05999999046325688,mandatory_unique_exact_token_pair_in_all_optimal_LCS_alignments,mfa_primary_unique_word_overlap_auto_qc_pass,B_unique_word_overlap_in_mismatched_transcript,MFA 3.4.2 forced alignment of Whisper transcript,False,1.7599999904632568,1.9700000286102295,1.7599999904632568,1.9700000286102295,True,True,,sample_0049.json
-tANM6ETl_M$_$3,text_mismatch,7,have,7,7,have,7,1.9700000286102295,2.200000047683716,1.9700000286102295,2.200000047683716,1.96,2.18,0.02000004768371566,mandatory_unique_exact_token_pair_in_all_optimal_LCS_alignments,mfa_primary_unique_word_overlap_auto_qc_pass,B_unique_word_overlap_in_mismatched_transcript,MFA 3.4.2 forced alignment of Whisper transcript,False,1.9700000286102295,2.200000047683716,1.9700000286102295,2.200000047683716,True,True,,sample_0049.json
-tANM6ETl_M$_$3,text_mismatch,8,a,8,8,a,8,2.200000047683716,2.2699999809265137,2.200000047683716,2.2699999809265137,2.18,2.36,0.0900000190734862,mandatory_unique_exact_token_pair_in_all_optimal_LCS_alignments,mfa_primary_unique_word_overlap_auto_qc_pass,B_unique_word_overlap_in_mismatched_transcript,MFA 3.4.2 forced alignment of Whisper transcript,False,2.200000047683716,2.2699999809265137,2.200000047683716,2.2699999809265137,True,True,,sample_0049.json
-tANM6ETl_M$_$3,text_mismatch,9,prospect,9,9,prospect,9,2.2699999809265137,2.930000066757202,2.2699999809265137,2.930000066757202,2.36,2.76,0.17000006675720236,mandatory_unique_exact_token_pair_in_all_optimal_LCS_alignments,mfa_primary_unique_word_overlap_auto_qc_pass,B_unique_word_overlap_in_mismatched_transcript,MFA 3.4.2 forced alignment of Whisper transcript,False,2.2699999809265137,2.930000066757202,2.2699999809265137,2.930000066757202,True,True,,sample_0049.json
-tANM6ETl_M$_$3,text_mismatch,10,or,10,10,or,10,2.930000066757202,3.0199999809265137,2.930000066757202,3.0199999809265137,2.76,3.02,0.17000006675720236,mandatory_unique_exact_token_pair_in_all_optimal_LCS_alignments,mfa_primary_unique_word_overlap_auto_qc_pass,B_unique_word_overlap_in_mismatched_transcript,MFA 3.4.2 forced alignment of Whisper transcript,False,2.930000066757202,3.0199999809265137,2.930000066757202,3.0199999809265137,True,True,,sample_0049.json
-tANM6ETl_M$_$3,text_mismatch,11,a,11,11,a,11,3.0199999809265137,3.069999933242798,3.0199999809265137,3.069999933242798,3.02,3.12,0.050000066757202255,mandatory_unique_exact_token_pair_in_all_optimal_LCS_alignments,mfa_primary_unique_word_overlap_auto_qc_pass,B_unique_word_overlap_in_mismatched_transcript,MFA 3.4.2 forced alignment of Whisper transcript,False,3.0199999809265137,3.069999933242798,3.0199999809265137,3.069999933242798,True,True,,sample_0049.json
-tANM6ETl_M$_$3,text_mismatch,12,customer,12,12,customer,12,3.069999933242798,3.509999990463257,3.069999933242798,3.509999990463257,3.12,3.44,0.06999999046325689,mandatory_unique_exact_token_pair_in_all_optimal_LCS_alignments,mfa_primary_unique_word_overlap_auto_qc_pass,B_unique_word_overlap_in_mismatched_transcript,MFA 3.4.2 forced alignment of Whisper transcript,False,3.069999933242798,3.509999990463257,3.069999933242798,3.509999990463257,True,True,,sample_0049.json
-tANM6ETl_M$_$3,text_mismatch,13,who's,13,13,who's,13,3.509999990463257,3.7100000381469727,3.509999990463257,3.7100000381469727,3.44,3.7,0.06999999046325689,mandatory_unique_exact_token_pair_in_all_optimal_LCS_alignments,mfa_primary_unique_word_overlap_auto_qc_pass,B_unique_word_overlap_in_mismatched_transcript,MFA 3.4.2 forced alignment of Whisper transcript,False,3.509999990463257,3.7100000381469727,3.509999990463257,3.7100000381469727,True,True,,sample_0049.json
-tANM6ETl_M$_$3,text_mismatch,14,never,14,14,never,14,3.7100000381469727,4.190000057220459,3.7100000381469727,4.190000057220459,3.7,4.1,0.09000005722045934,mandatory_unique_exact_token_pair_in_all_optimal_LCS_alignments,mfa_primary_unique_word_overlap_auto_qc_pass,B_unique_word_overlap_in_mismatched_transcript,MFA 3.4.2 forced alignment of Whisper transcript,False,3.7100000381469727,4.190000057220459,3.7100000381469727,4.190000057220459,True,True,,sample_0049.json
-tANM6ETl_M$_$3,text_mismatch,15,done,15,15,done,15,4.190000057220459,4.460000038146973,4.190000057220459,4.460000038146973,4.1,4.42,0.09000005722045934,mandatory_unique_exact_token_pair_in_all_optimal_LCS_alignments,mfa_primary_unique_word_overlap_auto_qc_pass,B_unique_word_overlap_in_mismatched_transcript,MFA 3.4.2 forced alignment of Whisper transcript,False,4.190000057220459,4.460000038146973,4.190000057220459,4.460000038146973,True,True,,sample_0049.json
-tANM6ETl_M$_$3,text_mismatch,16,it,16,16,it,16,4.460000038146973,4.619999885559082,4.460000038146973,4.619999885559082,4.42,4.62,0.04000003814697273,mandatory_unique_exact_token_pair_in_all_optimal_LCS_alignments,mfa_primary_unique_word_overlap_auto_qc_pass,B_unique_word_overlap_in_mismatched_transcript,MFA 3.4.2 forced alignment of Whisper transcript,False,4.460000038146973,4.619999885559082,4.460000038146973,4.619999885559082,True,True,,sample_0049.json
-tANM6ETl_M$_$3,text_mismatch,17,before,17,17,before,17,4.619999885559082,5.099999904632568,4.619999885559082,5.099999904632568,4.62,5.0,0.09999990463256836,mandatory_unique_exact_token_pair_in_all_optimal_LCS_alignments,mfa_primary_unique_word_overlap_auto_qc_pass,B_unique_word_overlap_in_mismatched_transcript,MFA 3.4.2 forced alignment of Whisper transcript,False,4.619999885559082,5.099999904632568,4.619999885559082,5.099999904632568,True,True,,sample_0049.json
-tANM6ETl_M$_$3,text_mismatch,18,or,,,,,,,,,,,,mandatory_unique_exact_token_pair_in_all_optimal_LCS_alignments,official_word_unmatched_or_ambiguous_in_asr,,,False,,,,,False,False,,sample_0049.json
-tANM6ETl_M$_$3,text_mismatch,19,they've,18,18,they've,18,5.099999904632568,5.309999942779541,5.099999904632568,5.309999942779541,5.14,5.38,0.07000005722045888,mandatory_unique_exact_token_pair_in_all_optimal_LCS_alignments,mfa_primary_unique_word_overlap_auto_qc_pass,B_unique_word_overlap_in_mismatched_transcript,MFA 3.4.2 forced alignment of Whisper transcript,False,5.099999904632568,5.309999942779541,5.099999904632568,5.309999942779541,True,True,,sample_0049.json
-tANM6ETl_M$_$3,text_mismatch,20,never,19,19,never,19,5.309999942779541,5.650000095367432,5.309999942779541,5.650000095367432,5.38,5.6,0.07000005722045888,mandatory_unique_exact_token_pair_in_all_optimal_LCS_alignments,mfa_primary_unique_word_overlap_auto_qc_pass,B_unique_word_overlap_in_mismatched_transcript,MFA 3.4.2 forced alignment of Whisper transcript,False,5.309999942779541,5.650000095367432,5.309999942779541,5.650000095367432,True,True,,sample_0049.json
-tANM6ETl_M$_$3,text_mismatch,21,tried,20,20,tried,20,5.650000095367432,5.989999771118164,5.650000095367432,5.989999771118164,5.6,5.9,0.08999977111816371,mandatory_unique_exact_token_pair_in_all_optimal_LCS_alignments,mfa_primary_unique_word_overlap_auto_qc_pass,B_unique_word_overlap_in_mismatched_transcript,MFA 3.4.2 forced alignment of Whisper transcript,False,5.650000095367432,5.989999771118164,5.650000095367432,5.989999771118164,True,True,,sample_0049.json
-tANM6ETl_M$_$3,text_mismatch,22,it,21,21,it,21,5.989999771118164,6.090000152587891,5.989999771118164,6.090000152587891,5.9,6.16,0.08999977111816371,mandatory_unique_exact_token_pair_in_all_optimal_LCS_alignments,mfa_primary_unique_word_overlap_auto_qc_pass,B_unique_word_overlap_in_mismatched_transcript,MFA 3.4.2 forced alignment of Whisper transcript,False,5.989999771118164,6.090000152587891,5.989999771118164,6.090000152587891,True,True,,sample_0049.json
-tPCytz4rww$_$11,text_mismatch,1,Make,2,2,make,2,0.5,0.6399999856948853,0.5,0.6399999856948853,0.2,0.62,0.3,mandatory_unique_exact_token_pair_in_all_optimal_LCS_alignments,mfa_primary_unique_word_overlap_auto_qc_pass,B_unique_word_overlap_in_mismatched_transcript,MFA 3.4.2 forced alignment of Whisper transcript,False,0.5,0.6399999856948853,0.5,0.6399999856948853,True,True,,sample_0050.json
-tPCytz4rww$_$11,text_mismatch,2,sure,3,3,sure,3,0.6399999856948853,0.8700000047683716,0.6399999856948853,0.8700000047683716,0.62,0.82,0.05000000476837163,mandatory_unique_exact_token_pair_in_all_optimal_LCS_alignments,mfa_primary_unique_word_overlap_auto_qc_pass,B_unique_word_overlap_in_mismatched_transcript,MFA 3.4.2 forced alignment of Whisper transcript,False,0.6399999856948853,0.8700000047683716,0.6399999856948853,0.8700000047683716,True,True,,sample_0050.json
-tPCytz4rww$_$11,text_mismatch,3,that,4,4,that,4,0.8700000047683716,1.0199999809265137,0.8700000047683716,1.0199999809265137,0.82,1.0,0.05000000476837163,mandatory_unique_exact_token_pair_in_all_optimal_LCS_alignments,mfa_primary_unique_word_overlap_auto_qc_pass,B_unique_word_overlap_in_mismatched_transcript,MFA 3.4.2 forced alignment of Whisper transcript,False,0.8700000047683716,1.0199999809265137,0.8700000047683716,1.0199999809265137,True,True,,sample_0050.json
-tPCytz4rww$_$11,text_mismatch,4,your,,,,,,,,,,,,mandatory_unique_exact_token_pair_in_all_optimal_LCS_alignments,official_word_unmatched_or_ambiguous_in_asr,,,False,,,,,False,False,,sample_0050.json
-tPCytz4rww$_$11,text_mismatch,5,using,6,6,using,6,1.149999976158142,1.5199999809265137,1.149999976158142,1.5199999809265137,1.18,1.48,0.03999998092651369,mandatory_unique_exact_token_pair_in_all_optimal_LCS_alignments,mfa_primary_unique_word_overlap_auto_qc_pass,B_unique_word_overlap_in_mismatched_transcript,MFA 3.4.2 forced alignment of Whisper transcript,False,1.149999976158142,1.5199999809265137,1.149999976158142,1.5199999809265137,True,True,,sample_0050.json
-tPCytz4rww$_$11,text_mismatch,6,comps,7,7,comps,7,1.5199999809265137,1.899999976158142,1.5199999809265137,1.899999976158142,1.48,1.94,0.04000002384185786,mandatory_unique_exact_token_pair_in_all_optimal_LCS_alignments,mfa_primary_unique_word_overlap_auto_qc_pass,B_unique_word_overlap_in_mismatched_transcript,MFA 3.4.2 forced alignment of Whisper transcript,False,1.5199999809265137,1.899999976158142,1.5199999809265137,1.899999976158142,True,True,,sample_0050.json
-tPCytz4rww$_$11,text_mismatch,7,that,8,8,that,8,1.899999976158142,2.059999942779541,1.899999976158142,2.059999942779541,1.94,2.06,0.04000002384185786,mandatory_unique_exact_token_pair_in_all_optimal_LCS_alignments,mfa_primary_unique_word_overlap_auto_qc_pass,B_unique_word_overlap_in_mismatched_transcript,MFA 3.4.2 forced alignment of Whisper transcript,False,1.899999976158142,2.059999942779541,1.899999976158142,2.059999942779541,True,True,,sample_0050.json
-tPCytz4rww$_$11,text_mismatch,8,are,9,9,are,9,2.059999942779541,2.140000104904175,2.059999942779541,2.140000104904175,2.06,2.14,1.0490417468034252e-07,mandatory_unique_exact_token_pair_in_all_optimal_LCS_alignments,mfa_primary_unique_word_overlap_auto_qc_pass,B_unique_word_overlap_in_mismatched_transcript,MFA 3.4.2 forced alignment of Whisper transcript,False,2.059999942779541,2.140000104904175,2.059999942779541,2.140000104904175,True,True,,sample_0050.json
-tPCytz4rww$_$11,text_mismatch,9,not,,,,,,,,,,,,mandatory_unique_exact_token_pair_in_all_optimal_LCS_alignments,official_word_unmatched_or_ambiguous_in_asr,,,False,,,,,False,False,,sample_0050.json
-tPCytz4rww$_$11,text_mismatch,10,larger,,,,,,,,,,,,mandatory_unique_exact_token_pair_in_all_optimal_LCS_alignments,official_word_unmatched_or_ambiguous_in_asr,,,False,,,,,False,False,,sample_0050.json
-tPCytz4rww$_$11,text_mismatch,11,no,10,10,no,10,2.140000104904175,2.3399999141693115,2.140000104904175,2.3399999141693115,2.14,2.32,0.019999914169311683,mandatory_unique_exact_token_pair_in_all_optimal_LCS_alignments,mfa_primary_unique_word_overlap_auto_qc_pass,B_unique_word_overlap_in_mismatched_transcript,MFA 3.4.2 forced alignment of Whisper transcript,False,2.140000104904175,2.3399999141693115,2.140000104904175,2.3399999141693115,True,True,,sample_0050.json
-tPCytz4rww$_$11,text_mismatch,12,larger,11,11,larger,11,2.3399999141693115,2.9100000858306885,2.3399999141693115,2.9100000858306885,2.32,2.76,0.1500000858306887,mandatory_unique_exact_token_pair_in_all_optimal_LCS_alignments,mfa_primary_unique_word_overlap_auto_qc_pass,B_unique_word_overlap_in_mismatched_transcript,MFA 3.4.2 forced alignment of Whisper transcript,False,2.3399999141693115,2.9100000858306885,2.3399999141693115,2.9100000858306885,True,True,,sample_0050.json
-tPCytz4rww$_$11,text_mismatch,13,than,12,12,than,12,3.1500000953674316,3.240000009536743,3.1500000953674316,3.240000009536743,2.76,3.84,0.5999999904632567,mandatory_unique_exact_token_pair_in_all_optimal_LCS_alignments,mfa_whisper_discrepancy_over_0_5s_null_primary,B_unique_word_overlap_in_mismatched_transcript,MFA 3.4.2 forced alignment of Whisper transcript,True,,,,,False,True,mfa_whisper_edge_difference_over_0_5s,sample_0050.json
-tPCytz4rww$_$11,text_mismatch,14,twelve,,,,,,,,,,,,mandatory_unique_exact_token_pair_in_all_optimal_LCS_alignments,official_word_unmatched_or_ambiguous_in_asr,,,False,,,,,False,False,,sample_0050.json
-tPCytz4rww$_$11,text_mismatch,15,hundred,,,,,,,,,,,,mandatory_unique_exact_token_pair_in_all_optimal_LCS_alignments,official_word_unmatched_or_ambiguous_in_asr,,,False,,,,,False,False,,sample_0050.json
-tPCytz4rww$_$11,text_mismatch,16,square,15,15,square,15,4.389999866485596,4.599999904632568,4.389999866485596,4.599999904632568,4.32,4.56,0.06999986648559542,mandatory_unique_exact_token_pair_in_all_optimal_LCS_alignments,mfa_primary_unique_word_overlap_auto_qc_pass,B_unique_word_overlap_in_mismatched_transcript,MFA 3.4.2 forced alignment of Whisper transcript,False,4.389999866485596,4.599999904632568,4.389999866485596,4.599999904632568,True,True,,sample_0050.json
-tPCytz4rww$_$11,text_mismatch,17,feet,16,16,feet,16,4.599999904632568,4.860000133514404,4.599999904632568,4.860000133514404,4.56,4.82,0.04000013351440401,mandatory_unique_exact_token_pair_in_all_optimal_LCS_alignments,mfa_primary_unique_word_overlap_auto_qc_pass,B_unique_word_overlap_in_mismatched_transcript,MFA 3.4.2 forced alignment of Whisper transcript,False,4.599999904632568,4.860000133514404,4.599999904632568,4.860000133514404,True,True,,sample_0050.json
-tPCytz4rww$_$10,text_mismatch,1,Say,2,2,say,2,0.5400000214576721,0.7400000095367432,0.5400000214576721,0.7400000095367432,0.48,0.72,0.06000002145767214,mandatory_unique_exact_token_pair_in_all_optimal_LCS_alignments,mfa_primary_unique_word_overlap_auto_qc_pass,B_unique_word_overlap_in_mismatched_transcript,MFA 3.4.2 forced alignment of Whisper transcript,False,0.5400000214576721,0.7400000095367432,0.5400000214576721,0.7400000095367432,True,True,,sample_0051.json
-tPCytz4rww$_$10,text_mismatch,2,twenty,,,,,,,,,,,,mandatory_unique_exact_token_pair_in_all_optimal_LCS_alignments,official_word_unmatched_or_ambiguous_in_asr,,,False,,,,,False,False,,sample_0051.json
-tPCytz4rww$_$10,text_mismatch,3,percent,,,,,,,,,,,,mandatory_unique_exact_token_pair_in_all_optimal_LCS_alignments,official_word_unmatched_or_ambiguous_in_asr,,,False,,,,,False,False,,sample_0051.json
-tPCytz4rww$_$10,text_mismatch,4,so,4,4,so,4,1.5199999809265137,1.8600000143051147,1.5199999809265137,1.8600000143051147,1.38,1.74,0.13999998092651378,mandatory_unique_exact_token_pair_in_all_optimal_LCS_alignments,mfa_primary_unique_word_overlap_auto_qc_pass,B_unique_word_overlap_in_mismatched_transcript,MFA 3.4.2 forced alignment of Whisper transcript,False,1.5199999809265137,1.8600000143051147,1.5199999809265137,1.8600000143051147,True,True,,sample_0051.json
-tPCytz4rww$_$10,text_mismatch,5,if,5,5,if,5,1.8600000143051147,2.069999933242798,1.8600000143051147,2.069999933242798,1.74,2.02,0.12000001430511475,mandatory_unique_exact_token_pair_in_all_optimal_LCS_alignments,mfa_primary_unique_word_overlap_auto_qc_pass,B_unique_word_overlap_in_mismatched_transcript,MFA 3.4.2 forced alignment of Whisper transcript,False,1.8600000143051147,2.069999933242798,1.8600000143051147,2.069999933242798,True,True,,sample_0051.json
-tPCytz4rww$_$10,text_mismatch,6,you've,6,6,you've,6,2.069999933242798,2.190000057220459,2.069999933242798,2.190000057220459,2.02,2.22,0.049999933242797834,mandatory_unique_exact_token_pair_in_all_optimal_LCS_alignments,mfa_primary_unique_word_overlap_auto_qc_pass,B_unique_word_overlap_in_mismatched_transcript,MFA 3.4.2 forced alignment of Whisper transcript,False,2.069999933242798,2.190000057220459,2.069999933242798,2.190000057220459,True,True,,sample_0051.json
-tPCytz4rww$_$10,text_mismatch,7,got,7,7,got,7,2.190000057220459,2.3299999237060547,2.190000057220459,2.3299999237060547,2.22,2.34,0.02999994277954121,mandatory_unique_exact_token_pair_in_all_optimal_LCS_alignments,mfa_primary_unique_word_overlap_auto_qc_pass,B_unique_word_overlap_in_mismatched_transcript,MFA 3.4.2 forced alignment of Whisper transcript,False,2.190000057220459,2.3299999237060547,2.190000057220459,2.3299999237060547,True,True,,sample_0051.json
-tPCytz4rww$_$10,text_mismatch,8,a,8,8,a,8,2.3299999237060547,2.380000114440918,2.3299999237060547,2.380000114440918,2.34,2.44,0.05999988555908198,mandatory_unique_exact_token_pair_in_all_optimal_LCS_alignments,mfa_primary_unique_word_overlap_auto_qc_pass,B_unique_word_overlap_in_mismatched_transcript,MFA 3.4.2 forced alignment of Whisper transcript,False,2.3299999237060547,2.380000114440918,2.3299999237060547,2.380000114440918,True,True,,sample_0051.json
-tPCytz4rww$_$10,text_mismatch,9,thousand,9,9,thousand,9,2.380000114440918,2.759999990463257,2.380000114440918,2.759999990463257,2.44,2.72,0.05999988555908198,mandatory_unique_exact_token_pair_in_all_optimal_LCS_alignments,mfa_primary_unique_word_overlap_auto_qc_pass,B_unique_word_overlap_in_mismatched_transcript,MFA 3.4.2 forced alignment of Whisper transcript,False,2.380000114440918,2.759999990463257,2.380000114440918,2.759999990463257,True,True,,sample_0051.json
-tPCytz4rww$_$10,text_mismatch,10,square,10,10,square,10,2.759999990463257,3.0199999809265137,2.759999990463257,3.0199999809265137,2.72,2.98,0.03999999046325664,mandatory_unique_exact_token_pair_in_all_optimal_LCS_alignments,mfa_primary_unique_word_overlap_auto_qc_pass,B_unique_word_overlap_in_mismatched_transcript,MFA 3.4.2 forced alignment of Whisper transcript,False,2.759999990463257,3.0199999809265137,2.759999990463257,3.0199999809265137,True,True,,sample_0051.json
-tPCytz4rww$_$10,text_mismatch,11,foot,11,11,foot,11,3.0199999809265137,3.359999895095825,3.0199999809265137,3.359999895095825,2.98,3.32,0.03999998092651369,mandatory_unique_exact_token_pair_in_all_optimal_LCS_alignments,mfa_primary_unique_word_overlap_auto_qc_pass,B_unique_word_overlap_in_mismatched_transcript,MFA 3.4.2 forced alignment of Whisper transcript,False,3.0199999809265137,3.359999895095825,3.0199999809265137,3.359999895095825,True,True,,sample_0051.json
-tPCytz4rww$_$10,text_mismatch,12,condo,12,12,condo,12,3.6500000953674316,4.150000095367432,3.6500000953674316,4.150000095367432,3.32,4.02,0.3300000953674318,mandatory_unique_exact_token_pair_in_all_optimal_LCS_alignments,mfa_primary_unique_word_overlap_auto_qc_pass,B_unique_word_overlap_in_mismatched_transcript,MFA 3.4.2 forced alignment of Whisper transcript,False,3.6500000953674316,4.150000095367432,3.6500000953674316,4.150000095367432,True,True,,sample_0051.json
-tPCytz4rww$_$12,text_mismatch,1,No,3,3,no,3,0.49000000953674316,0.6600000262260437,0.49000000953674316,0.6600000262260437,0.6,0.64,0.10999999046325681,mandatory_unique_exact_token_pair_in_all_optimal_LCS_alignments,mfa_primary_unique_word_overlap_auto_qc_pass,B_unique_word_overlap_in_mismatched_transcript,MFA 3.4.2 forced alignment of Whisper transcript,False,0.49000000953674316,0.6600000262260437,0.49000000953674316,0.6600000262260437,True,True,,sample_0052.json
-tPCytz4rww$_$12,text_mismatch,2,less,4,4,less,4,0.6600000262260437,0.8999999761581421,0.6600000262260437,0.8999999761581421,0.64,0.84,0.05999997615814212,mandatory_unique_exact_token_pair_in_all_optimal_LCS_alignments,mfa_primary_unique_word_overlap_auto_qc_pass,B_unique_word_overlap_in_mismatched_transcript,MFA 3.4.2 forced alignment of Whisper transcript,False,0.6600000262260437,0.8999999761581421,0.6600000262260437,0.8999999761581421,True,True,,sample_0052.json
-tPCytz4rww$_$12,text_mismatch,3,than,5,5,than,5,0.8999999761581421,1.2000000476837158,0.8999999761581421,1.2000000476837158,0.84,1.24,0.05999997615814212,mandatory_unique_exact_token_pair_in_all_optimal_LCS_alignments,mfa_primary_unique_word_overlap_auto_qc_pass,B_unique_word_overlap_in_mismatched_transcript,MFA 3.4.2 forced alignment of Whisper transcript,False,0.8999999761581421,1.2000000476837158,0.8999999761581421,1.2000000476837158,True,True,,sample_0052.json
-tPCytz4rww$_$12,text_mismatch,4,eight,,,,,,,,,,,,mandatory_unique_exact_token_pair_in_all_optimal_LCS_alignments,official_word_unmatched_or_ambiguous_in_asr,,,False,,,,,False,False,,sample_0052.json
-tPCytz4rww$_$12,text_mismatch,5,hundred,,,,,,,,,,,,mandatory_unique_exact_token_pair_in_all_optimal_LCS_alignments,official_word_unmatched_or_ambiguous_in_asr,,,False,,,,,False,False,,sample_0052.json
-tPCytz4rww$_$12,text_mismatch,6,squire,,,,,,,,,,,,mandatory_unique_exact_token_pair_in_all_optimal_LCS_alignments,official_word_unmatched_or_ambiguous_in_asr,,,False,,,,,False,False,,sample_0052.json
-tPCytz4rww$_$12,text_mismatch,7,feet,8,8,feet,8,1.9800000190734863,2.259999990463257,1.9800000190734863,2.259999990463257,1.94,2.3,0.04000001907348638,mandatory_unique_exact_token_pair_in_all_optimal_LCS_alignments,mfa_primary_unique_word_overlap_auto_qc_pass,B_unique_word_overlap_in_mismatched_transcript,MFA 3.4.2 forced alignment of Whisper transcript,False,1.9800000190734863,2.259999990463257,1.9800000190734863,2.259999990463257,True,True,,sample_0052.json
-tPCytz4rww$_$12,text_mismatch,8,and,9,9,and,9,2.5999999046325684,2.9600000381469727,2.5999999046325684,2.9600000381469727,2.64,2.68,0.2800000381469725,mandatory_unique_exact_token_pair_in_all_optimal_LCS_alignments,mfa_primary_unique_word_overlap_auto_qc_pass,B_unique_word_overlap_in_mismatched_transcript,MFA 3.4.2 forced alignment of Whisper transcript,False,2.5999999046325684,2.9600000381469727,2.5999999046325684,2.9600000381469727,True,True,,sample_0052.json
-tPCytz4rww$_$12,text_mismatch,9,going,10,10,going,10,3.009999990463257,4.289999961853027,3.009999990463257,4.289999961853027,2.68,2.74,1.5499999618530271,mandatory_unique_exact_token_pair_in_all_optimal_LCS_alignments,mfa_whisper_discrepancy_over_0_5s_null_primary,B_unique_word_overlap_in_mismatched_transcript,MFA 3.4.2 forced alignment of Whisper transcript,True,,,,,False,True,mfa_whisper_edge_difference_over_0_5s,sample_0052.json
-tPCytz4rww$_$12,text_mismatch,10,to,11,11,to,11,4.869999885559082,5.03000020980835,4.869999885559082,5.03000020980835,2.74,2.82,2.2100002098083498,mandatory_unique_exact_token_pair_in_all_optimal_LCS_alignments,mfa_whisper_discrepancy_over_0_5s_null_primary,B_unique_word_overlap_in_mismatched_transcript,MFA 3.4.2 forced alignment of Whisper transcript,True,,,,,False,True,mfa_whisper_edge_difference_over_0_5s,sample_0052.json
-tPCytz4rww$_$12,text_mismatch,11,similar,,,,,,,,,,,,mandatory_unique_exact_token_pair_in_all_optimal_LCS_alignments,official_word_unmatched_or_ambiguous_in_asr,,,False,,,,,False,False,,sample_0052.json
-tPCytz4rww$_$12,text_mismatch,12,in,,,,,,,,,,,,mandatory_unique_exact_token_pair_in_all_optimal_LCS_alignments,official_word_unmatched_or_ambiguous_in_asr,,,False,,,,,False,False,,sample_0052.json
-tPCytz4rww$_$12,text_mismatch,13,similar,,,,,,,,,,,,mandatory_unique_exact_token_pair_in_all_optimal_LCS_alignments,official_word_unmatched_or_ambiguous_in_asr,,,False,,,,,False,False,,sample_0052.json
-tPCytz4rww$_$12,text_mismatch,14,with,14,14,with,14,5.539999961853027,5.889999866485596,5.539999961853027,5.889999866485596,3.38,5.68,2.1599999618530275,mandatory_unique_exact_token_pair_in_all_optimal_LCS_alignments,mfa_whisper_discrepancy_over_0_5s_null_primary,B_unique_word_overlap_in_mismatched_transcript,MFA 3.4.2 forced alignment of Whisper transcript,True,,,,,False,True,mfa_whisper_edge_difference_over_0_5s,sample_0052.json
-tPCytz4rww$_$12,text_mismatch,15,bedrooms,15,15,bedrooms,15,5.889999866485596,6.28000020980835,5.889999866485596,6.28000020980835,5.68,6.14,0.209999866485596,mandatory_unique_exact_token_pair_in_all_optimal_LCS_alignments,mfa_primary_unique_word_overlap_auto_qc_pass,B_unique_word_overlap_in_mismatched_transcript,MFA 3.4.2 forced alignment of Whisper transcript,False,5.889999866485596,6.28000020980835,5.889999866485596,6.28000020980835,True,True,,sample_0052.json
-tPCytz4rww$_$12,text_mismatch,16,and,16,16,and,16,6.28000020980835,6.380000114440918,6.28000020980835,6.380000114440918,6.14,6.38,0.14000020980834993,mandatory_unique_exact_token_pair_in_all_optimal_LCS_alignments,mfa_primary_unique_word_overlap_auto_qc_pass,B_unique_word_overlap_in_mismatched_transcript,MFA 3.4.2 forced alignment of Whisper transcript,False,6.28000020980835,6.380000114440918,6.28000020980835,6.380000114440918,True,True,,sample_0052.json
-tPCytz4rww$_$12,text_mismatch,17,bathrooms,17,17,bathrooms,17,6.380000114440918,6.909999847412109,6.380000114440918,6.909999847412109,6.38,6.74,0.16999984741210916,mandatory_unique_exact_token_pair_in_all_optimal_LCS_alignments,mfa_primary_unique_word_overlap_auto_qc_pass,B_unique_word_overlap_in_mismatched_transcript,MFA 3.4.2 forced alignment of Whisper transcript,False,6.380000114440918,6.909999847412109,6.380000114440918,6.909999847412109,True,True,,sample_0052.json
-tPCytz4rww$_$12,text_mismatch,18,as,18,18,as,18,6.909999847412109,7.03000020980835,6.909999847412109,7.03000020980835,6.74,7.0,0.16999984741210916,mandatory_unique_exact_token_pair_in_all_optimal_LCS_alignments,mfa_primary_unique_word_overlap_auto_qc_pass,B_unique_word_overlap_in_mismatched_transcript,MFA 3.4.2 forced alignment of Whisper transcript,False,6.909999847412109,7.03000020980835,6.909999847412109,7.03000020980835,True,True,,sample_0052.json
-tPCytz4rww$_$12,text_mismatch,19,well,19,19,well,19,7.03000020980835,7.380000114440918,7.03000020980835,7.380000114440918,7.0,7.28,0.10000011444091772,mandatory_unique_exact_token_pair_in_all_optimal_LCS_alignments,mfa_primary_unique_word_overlap_auto_qc_pass,B_unique_word_overlap_in_mismatched_transcript,MFA 3.4.2 forced alignment of Whisper transcript,False,7.03000020980835,7.380000114440918,7.03000020980835,7.380000114440918,True,True,,sample_0052.json
-tPCytz4rww$_$12,text_mismatch,20,and,20,20,and,20,7.690000057220459,8.09000015258789,7.690000057220459,8.09000015258789,7.92,8.1,0.22999994277954094,mandatory_unique_exact_token_pair_in_all_optimal_LCS_alignments,mfa_primary_unique_word_overlap_auto_qc_pass,B_unique_word_overlap_in_mismatched_transcript,MFA 3.4.2 forced alignment of Whisper transcript,False,7.690000057220459,8.09000015258789,7.690000057220459,8.09000015258789,True,True,,sample_0052.json
-tPCytz4rww$_$12,text_mismatch,21,hopefully,21,21,hopefully,21,8.09000015258789,8.760000228881836,8.09000015258789,8.760000228881836,8.1,8.68,0.08000022888183622,mandatory_unique_exact_token_pair_in_all_optimal_LCS_alignments,mfa_primary_unique_word_overlap_auto_qc_pass,B_unique_word_overlap_in_mismatched_transcript,MFA 3.4.2 forced alignment of Whisper transcript,False,8.09000015258789,8.760000228881836,8.09000015258789,8.760000228881836,True,True,,sample_0052.json
-tPCytz4rww$_$12,text_mismatch,22,the,22,22,the,22,8.760000228881836,9.270000457763672,8.760000228881836,9.270000457763672,8.68,9.24,0.08000022888183622,mandatory_unique_exact_token_pair_in_all_optimal_LCS_alignments,mfa_primary_unique_word_overlap_auto_qc_pass,B_unique_word_overlap_in_mismatched_transcript,MFA 3.4.2 forced alignment of Whisper transcript,False,8.760000228881836,9.270000457763672,8.760000228881836,9.270000457763672,True,True,,sample_0052.json
-tPCytz4rww$_$12,text_mismatch,23,complexes,23,23,complexes,23,9.270000457763672,9.869999885559082,9.270000457763672,9.869999885559082,9.24,9.74,0.12999988555908182,mandatory_unique_exact_token_pair_in_all_optimal_LCS_alignments,mfa_primary_unique_word_overlap_auto_qc_pass,B_unique_word_overlap_in_mismatched_transcript,MFA 3.4.2 forced alignment of Whisper transcript,False,9.270000457763672,9.869999885559082,9.270000457763672,9.869999885559082,True,True,,sample_0052.json
-tPCytz4rww$_$12,text_mismatch,24,have,24,24,have,24,9.869999885559082,10.079999923706055,9.869999885559082,10.079999923706055,9.74,10.04,0.12999988555908182,mandatory_unique_exact_token_pair_in_all_optimal_LCS_alignments,mfa_primary_unique_word_overlap_auto_qc_pass,B_unique_word_overlap_in_mismatched_transcript,MFA 3.4.2 forced alignment of Whisper transcript,False,9.869999885559082,10.079999923706055,9.869999885559082,10.079999923706055,True,True,,sample_0052.json
-tPCytz4rww$_$12,text_mismatch,25,similar,25,25,similar,25,10.079999923706055,10.529999732971191,10.079999923706055,10.529999732971191,10.04,10.5,0.03999992370605554,mandatory_unique_exact_token_pair_in_all_optimal_LCS_alignments,mfa_primary_unique_word_overlap_auto_qc_pass,B_unique_word_overlap_in_mismatched_transcript,MFA 3.4.2 forced alignment of Whisper transcript,False,10.079999923706055,10.529999732971191,10.079999923706055,10.529999732971191,True,True,,sample_0052.json
-tPCytz4rww$_$12,text_mismatch,26,amenities,26,26,amenities,26,10.529999732971191,11.199999809265137,10.529999732971191,11.199999809265137,10.5,11.02,0.17999980926513715,mandatory_unique_exact_token_pair_in_all_optimal_LCS_alignments,mfa_primary_unique_word_overlap_auto_qc_pass,B_unique_word_overlap_in_mismatched_transcript,MFA 3.4.2 forced alignment of Whisper transcript,False,10.529999732971191,11.199999809265137,10.529999732971191,11.199999809265137,True,True,,sample_0052.json
-tPCytz4rww$_$16,text_mismatch,1,So,1,1,so,1,0.5,0.8500000238418579,0.5,0.8500000238418579,0.0,0.72,0.5,mandatory_unique_exact_token_pair_in_all_optimal_LCS_alignments,mfa_primary_unique_word_overlap_auto_qc_pass,B_unique_word_overlap_in_mismatched_transcript,MFA 3.4.2 forced alignment of Whisper transcript,False,0.5,0.8500000238418579,0.5,0.8500000238418579,True,True,,sample_0053.json
-tPCytz4rww$_$16,text_mismatch,2,make,2,2,make,2,0.8500000238418579,1.100000023841858,0.8500000238418579,1.100000023841858,0.78,1.08,0.07000002384185788,mandatory_unique_exact_token_pair_in_all_optimal_LCS_alignments,mfa_primary_unique_word_overlap_auto_qc_pass,B_unique_word_overlap_in_mismatched_transcript,MFA 3.4.2 forced alignment of Whisper transcript,False,0.8500000238418579,1.100000023841858,0.8500000238418579,1.100000023841858,True,True,,sample_0053.json
-tPCytz4rww$_$16,text_mismatch,3,sure,3,3,sure,3,1.100000023841858,1.3799999952316284,1.100000023841858,1.3799999952316284,1.08,1.34,0.03999999523162834,mandatory_unique_exact_token_pair_in_all_optimal_LCS_alignments,mfa_primary_unique_word_overlap_auto_qc_pass,B_unique_word_overlap_in_mismatched_transcript,MFA 3.4.2 forced alignment of Whisper transcript,False,1.100000023841858,1.3799999952316284,1.100000023841858,1.3799999952316284,True,True,,sample_0053.json
-tPCytz4rww$_$16,text_mismatch,4,to,4,4,to,4,1.3799999952316284,1.8300000429153442,1.3799999952316284,1.8300000429153442,1.34,1.74,0.09000004291534425,mandatory_unique_exact_token_pair_in_all_optimal_LCS_alignments,mfa_primary_unique_word_overlap_auto_qc_pass,B_unique_word_overlap_in_mismatched_transcript,MFA 3.4.2 forced alignment of Whisper transcript,False,1.3799999952316284,1.8300000429153442,1.3799999952316284,1.8300000429153442,True,True,,sample_0053.json
-tPCytz4rww$_$16,text_mismatch,5,get,5,5,get,5,1.8300000429153442,2.0399999618530273,1.8300000429153442,2.0399999618530273,1.74,2.02,0.09000004291534425,mandatory_unique_exact_token_pair_in_all_optimal_LCS_alignments,mfa_primary_unique_word_overlap_auto_qc_pass,B_unique_word_overlap_in_mismatched_transcript,MFA 3.4.2 forced alignment of Whisper transcript,False,1.8300000429153442,2.0399999618530273,1.8300000429153442,2.0399999618530273,True,True,,sample_0053.json
-tPCytz4rww$_$16,text_mismatch,6,a,6,6,a,6,2.0399999618530273,2.0799999237060547,2.0399999618530273,2.0799999237060547,2.02,2.16,0.08000007629394545,mandatory_unique_exact_token_pair_in_all_optimal_LCS_alignments,mfa_primary_unique_word_overlap_auto_qc_pass,B_unique_word_overlap_in_mismatched_transcript,MFA 3.4.2 forced alignment of Whisper transcript,False,2.0399999618530273,2.0799999237060547,2.0399999618530273,2.0799999237060547,True,True,,sample_0053.json
-tPCytz4rww$_$16,text_mismatch,7,through,,,,,,,,,,,,mandatory_unique_exact_token_pair_in_all_optimal_LCS_alignments,official_word_unmatched_or_ambiguous_in_asr,,,False,,,,,False,False,,sample_0053.json
-tPCytz4rww$_$16,text_mismatch,8,or,8,8,or,8,2.9600000381469727,3.2799999713897705,2.9600000381469727,3.2799999713897705,3.72,3.96,0.7599999618530275,mandatory_unique_exact_token_pair_in_all_optimal_LCS_alignments,mfa_whisper_discrepancy_over_0_5s_null_primary,B_unique_word_overlap_in_mismatched_transcript,MFA 3.4.2 forced alignment of Whisper transcript,True,,,,,False,True,mfa_whisper_edge_difference_over_0_5s,sample_0053.json
-tPCytz4rww$_$16,text_mismatch,9,to,9,9,to,9,3.819999933242798,4.03000020980835,3.819999933242798,4.03000020980835,3.96,4.34,0.30999979019165025,mandatory_unique_exact_token_pair_in_all_optimal_LCS_alignments,mfa_primary_unique_word_overlap_auto_qc_pass,B_unique_word_overlap_in_mismatched_transcript,MFA 3.4.2 forced alignment of Whisper transcript,False,3.819999933242798,4.03000020980835,3.819999933242798,4.03000020980835,True,True,,sample_0053.json
-tPCytz4rww$_$16,text_mismatch,10,do,10,10,do,10,4.03000020980835,4.579999923706055,4.03000020980835,4.579999923706055,4.34,4.54,0.30999979019165025,mandatory_unique_exact_token_pair_in_all_optimal_LCS_alignments,mfa_primary_unique_word_overlap_auto_qc_pass,B_unique_word_overlap_in_mismatched_transcript,MFA 3.4.2 forced alignment of Whisper transcript,False,4.03000020980835,4.579999923706055,4.03000020980835,4.579999923706055,True,True,,sample_0053.json
-tPCytz4rww$_$16,text_mismatch,11,a,11,11,a,11,4.579999923706055,4.659999847412109,4.579999923706055,4.659999847412109,4.54,4.7,0.0400001525878908,mandatory_unique_exact_token_pair_in_all_optimal_LCS_alignments,mfa_primary_unique_word_overlap_auto_qc_pass,B_unique_word_overlap_in_mismatched_transcript,MFA 3.4.2 forced alignment of Whisper transcript,False,4.579999923706055,4.659999847412109,4.579999923706055,4.659999847412109,True,True,,sample_0053.json
-tPCytz4rww$_$16,text_mismatch,12,through,,,,,,,,,,,,mandatory_unique_exact_token_pair_in_all_optimal_LCS_alignments,official_word_unmatched_or_ambiguous_in_asr,,,False,,,,,False,False,,sample_0053.json
-tPCytz4rww$_$16,text_mismatch,13,cleaning,13,13,cleaning,13,5.090000152587891,5.659999847412109,5.090000152587891,5.659999847412109,5.02,5.44,0.21999984741210898,mandatory_unique_exact_token_pair_in_all_optimal_LCS_alignments,mfa_primary_unique_word_overlap_auto_qc_pass,B_unique_word_overlap_in_mismatched_transcript,MFA 3.4.2 forced alignment of Whisper transcript,False,5.090000152587891,5.659999847412109,5.090000152587891,5.659999847412109,True,True,,sample_0053.json
-tPCytz4rww$_$16,text_mismatch,14,of,14,14,of,14,5.730000019073486,5.940000057220459,5.730000019073486,5.940000057220459,5.44,5.92,0.29000001907348594,mandatory_unique_exact_token_pair_in_all_optimal_LCS_alignments,mfa_primary_unique_word_overlap_auto_qc_pass,B_unique_word_overlap_in_mismatched_transcript,MFA 3.4.2 forced alignment of Whisper transcript,False,5.730000019073486,5.940000057220459,5.730000019073486,5.940000057220459,True,True,,sample_0053.json
-tPCytz4rww$_$16,text_mismatch,15,the,15,15,the,15,5.940000057220459,6.059999942779541,5.940000057220459,6.059999942779541,5.92,6.08,0.020000057220459055,mandatory_unique_exact_token_pair_in_all_optimal_LCS_alignments,mfa_primary_unique_word_overlap_auto_qc_pass,B_unique_word_overlap_in_mismatched_transcript,MFA 3.4.2 forced alignment of Whisper transcript,False,5.940000057220459,6.059999942779541,5.940000057220459,6.059999942779541,True,True,,sample_0053.json
-tPCytz4rww$_$16,text_mismatch,16,property,16,16,property,16,6.059999942779541,6.579999923706055,6.059999942779541,6.579999923706055,6.08,6.48,0.09999992370605426,mandatory_unique_exact_token_pair_in_all_optimal_LCS_alignments,mfa_primary_unique_word_overlap_auto_qc_pass,B_unique_word_overlap_in_mismatched_transcript,MFA 3.4.2 forced alignment of Whisper transcript,False,6.059999942779541,6.579999923706055,6.059999942779541,6.579999923706055,True,True,,sample_0053.json
-tPCytz4rww$_$18,text_mismatch,1,Do,2,,,,,,,,,,,mandatory_unique_exact_token_pair_in_all_optimal_LCS_alignments,mfa_alignment_output_missing,,,False,,,,,False,False,,
-tPCytz4rww$_$18,text_mismatch,2,so,3,,,,,,,,,,,mandatory_unique_exact_token_pair_in_all_optimal_LCS_alignments,mfa_alignment_output_missing,,,False,,,,,False,False,,
-tPCytz4rww$_$18,text_mismatch,3,and,4,,,,,,,,,,,mandatory_unique_exact_token_pair_in_all_optimal_LCS_alignments,mfa_alignment_output_missing,,,False,,,,,False,False,,
-tPCytz4rww$_$18,text_mismatch,4,as,5,,,,,,,,,,,mandatory_unique_exact_token_pair_in_all_optimal_LCS_alignments,mfa_alignment_output_missing,,,False,,,,,False,False,,
-tPCytz4rww$_$18,text_mismatch,5,well,6,,,,,,,,,,,mandatory_unique_exact_token_pair_in_all_optimal_LCS_alignments,mfa_alignment_output_missing,,,False,,,,,False,False,,
-tPCytz4rww$_$18,text_mismatch,6,you'll,7,,,,,,,,,,,mandatory_unique_exact_token_pair_in_all_optimal_LCS_alignments,mfa_alignment_output_missing,,,False,,,,,False,False,,
-tPCytz4rww$_$18,text_mismatch,7,also,8,,,,,,,,,,,mandatory_unique_exact_token_pair_in_all_optimal_LCS_alignments,mfa_alignment_output_missing,,,False,,,,,False,False,,
-tPCytz4rww$_$18,text_mismatch,8,want,9,,,,,,,,,,,mandatory_unique_exact_token_pair_in_all_optimal_LCS_alignments,mfa_alignment_output_missing,,,False,,,,,False,False,,
-tPCytz4rww$_$18,text_mismatch,9,to,10,,,,,,,,,,,mandatory_unique_exact_token_pair_in_all_optimal_LCS_alignments,mfa_alignment_output_missing,,,False,,,,,False,False,,
-tPCytz4rww$_$18,text_mismatch,10,remove,11,,,,,,,,,,,mandatory_unique_exact_token_pair_in_all_optimal_LCS_alignments,mfa_alignment_output_missing,,,False,,,,,False,False,,
-tPCytz4rww$_$18,text_mismatch,11,any,12,,,,,,,,,,,mandatory_unique_exact_token_pair_in_all_optimal_LCS_alignments,mfa_alignment_output_missing,,,False,,,,,False,False,,
-tPCytz4rww$_$18,text_mismatch,12,clutter,13,,,,,,,,,,,mandatory_unique_exact_token_pair_in_all_optimal_LCS_alignments,mfa_alignment_output_missing,,,False,,,,,False,False,,
-tPCytz4rww$_$18,text_mismatch,13,from,14,,,,,,,,,,,mandatory_unique_exact_token_pair_in_all_optimal_LCS_alignments,mfa_alignment_output_missing,,,False,,,,,False,False,,
-tPCytz4rww$_$18,text_mismatch,14,that,17,,,,,,,,,,,mandatory_unique_exact_token_pair_in_all_optimal_LCS_alignments,mfa_alignment_output_missing,,,False,,,,,False,False,,
-tPCytz4rww$_$18,text_mismatch,15,you've,18,,,,,,,,,,,mandatory_unique_exact_token_pair_in_all_optimal_LCS_alignments,mfa_alignment_output_missing,,,False,,,,,False,False,,
-tPCytz4rww$_$18,text_mismatch,16,accumulated,19,,,,,,,,,,,mandatory_unique_exact_token_pair_in_all_optimal_LCS_alignments,mfa_alignment_output_missing,,,False,,,,,False,False,,
-vxjVxOeScU$_$4,exact_text,1,You're,1,1,you're,1,0.0,0.23999999463558197,0.0,0.23999999463558197,0.0,0.68,0.4400000053644181,mandatory_unique_exact_token_pair_in_all_optimal_LCS_alignments,mfa_primary_exact_transcript_auto_qc_pass,A_exact_transcript,MFA 3.4.2 forced alignment of Whisper transcript,False,0.0,0.23999999463558197,0.0,0.23999999463558197,True,True,,sample_0055.json
-vxjVxOeScU$_$4,exact_text,2,going,2,2,going,2,0.5199999809265137,0.6800000071525574,0.5199999809265137,0.6800000071525574,0.68,0.7,0.16000001907348638,mandatory_unique_exact_token_pair_in_all_optimal_LCS_alignments,mfa_primary_exact_transcript_auto_qc_pass,A_exact_transcript,MFA 3.4.2 forced alignment of Whisper transcript,False,0.5199999809265137,0.6800000071525574,0.5199999809265137,0.6800000071525574,True,True,,sample_0055.json
-vxjVxOeScU$_$4,exact_text,3,to,3,3,to,3,0.6800000071525574,0.75,0.6800000071525574,0.75,0.7,0.82,0.06999999999999995,mandatory_unique_exact_token_pair_in_all_optimal_LCS_alignments,mfa_primary_exact_transcript_auto_qc_pass,A_exact_transcript,MFA 3.4.2 forced alignment of Whisper transcript,False,0.6800000071525574,0.75,0.6800000071525574,0.75,True,True,,sample_0055.json
-vxjVxOeScU$_$4,exact_text,4,talk,4,4,talk,4,0.75,1.100000023841858,0.75,1.100000023841858,0.82,1.04,0.06999999999999995,mandatory_unique_exact_token_pair_in_all_optimal_LCS_alignments,mfa_primary_exact_transcript_auto_qc_pass,A_exact_transcript,MFA 3.4.2 forced alignment of Whisper transcript,False,0.75,1.100000023841858,0.75,1.100000023841858,True,True,,sample_0055.json
-vxjVxOeScU$_$4,exact_text,5,about,5,5,about,5,1.100000023841858,1.6799999475479126,1.100000023841858,1.6799999475479126,1.04,1.5,0.1799999475479126,mandatory_unique_exact_token_pair_in_all_optimal_LCS_alignments,mfa_primary_exact_transcript_auto_qc_pass,A_exact_transcript,MFA 3.4.2 forced alignment of Whisper transcript,False,1.100000023841858,1.6799999475479126,1.100000023841858,1.6799999475479126,True,True,,sample_0055.json
-vxjVxOeScU$_$4,exact_text,6,their,6,6,their,6,1.6799999475479126,2.119999885559082,1.6799999475479126,2.119999885559082,1.5,2.02,0.1799999475479126,mandatory_unique_exact_token_pair_in_all_optimal_LCS_alignments,mfa_primary_exact_transcript_auto_qc_pass,A_exact_transcript,MFA 3.4.2 forced alignment of Whisper transcript,False,1.6799999475479126,2.119999885559082,1.6799999475479126,2.119999885559082,True,True,,sample_0055.json
-vxjVxOeScU$_$4,exact_text,7,life,7,7,life,7,2.119999885559082,2.809999942779541,2.119999885559082,2.809999942779541,2.02,2.56,0.24999994277954096,mandatory_unique_exact_token_pair_in_all_optimal_LCS_alignments,mfa_primary_exact_transcript_auto_qc_pass,A_exact_transcript,MFA 3.4.2 forced alignment of Whisper transcript,False,2.119999885559082,2.809999942779541,2.119999885559082,2.809999942779541,True,True,,sample_0055.json
-vxjVxOeScU$_$4,exact_text,8,their,8,8,their,8,2.869999885559082,3.200000047683716,2.869999885559082,3.200000047683716,3.0,3.1,0.13000011444091797,mandatory_unique_exact_token_pair_in_all_optimal_LCS_alignments,mfa_primary_exact_transcript_auto_qc_pass,A_exact_transcript,MFA 3.4.2 forced alignment of Whisper transcript,False,2.869999885559082,3.200000047683716,2.869999885559082,3.200000047683716,True,True,,sample_0055.json
-vxjVxOeScU$_$4,exact_text,9,marriage,9,9,marriage,9,3.200000047683716,3.950000047683716,3.200000047683716,3.950000047683716,3.1,3.78,0.17000004768371602,mandatory_unique_exact_token_pair_in_all_optimal_LCS_alignments,mfa_primary_exact_transcript_auto_qc_pass,A_exact_transcript,MFA 3.4.2 forced alignment of Whisper transcript,False,3.200000047683716,3.950000047683716,3.200000047683716,3.950000047683716,True,True,,sample_0055.json
-vxjVxOeScU$_$4,exact_text,10,and,10,10,and,10,4.349999904632568,4.860000133514404,4.349999904632568,4.860000133514404,4.52,4.82,0.17000009536743121,mandatory_unique_exact_token_pair_in_all_optimal_LCS_alignments,mfa_primary_exact_transcript_auto_qc_pass,A_exact_transcript,MFA 3.4.2 forced alignment of Whisper transcript,False,4.349999904632568,4.860000133514404,4.349999904632568,4.860000133514404,True,True,,sample_0055.json
-vxjVxOeScU$_$4,exact_text,11,usually,11,11,usually,11,4.860000133514404,5.510000228881836,4.860000133514404,5.510000228881836,4.82,5.28,0.2300002288818357,mandatory_unique_exact_token_pair_in_all_optimal_LCS_alignments,mfa_primary_exact_transcript_auto_qc_pass,A_exact_transcript,MFA 3.4.2 forced alignment of Whisper transcript,False,4.860000133514404,5.510000228881836,4.860000133514404,5.510000228881836,True,True,,sample_0055.json
-vxjVxOeScU$_$4,exact_text,12,how,12,12,how,12,5.510000228881836,5.909999847412109,5.510000228881836,5.909999847412109,5.28,5.78,0.2300002288818357,mandatory_unique_exact_token_pair_in_all_optimal_LCS_alignments,mfa_primary_exact_transcript_auto_qc_pass,A_exact_transcript,MFA 3.4.2 forced alignment of Whisper transcript,False,5.510000228881836,5.909999847412109,5.510000228881836,5.909999847412109,True,True,,sample_0055.json
-vxjVxOeScU$_$4,exact_text,13,amazing,13,13,amazing,13,5.909999847412109,6.409999847412109,5.909999847412109,6.409999847412109,5.78,6.2,0.2099998474121092,mandatory_unique_exact_token_pair_in_all_optimal_LCS_alignments,mfa_primary_exact_transcript_auto_qc_pass,A_exact_transcript,MFA 3.4.2 forced alignment of Whisper transcript,False,5.909999847412109,6.409999847412109,5.909999847412109,6.409999847412109,True,True,,sample_0055.json
-vxjVxOeScU$_$4,exact_text,14,it,14,14,it,14,6.409999847412109,6.53000020980835,6.409999847412109,6.53000020980835,6.2,6.52,0.2099998474121092,mandatory_unique_exact_token_pair_in_all_optimal_LCS_alignments,mfa_primary_exact_transcript_auto_qc_pass,A_exact_transcript,MFA 3.4.2 forced alignment of Whisper transcript,False,6.409999847412109,6.53000020980835,6.409999847412109,6.53000020980835,True,True,,sample_0055.json
-vxjVxOeScU$_$4,exact_text,15,is,15,15,is,15,6.53000020980835,6.800000190734863,6.53000020980835,6.800000190734863,6.52,6.74,0.06000019073486307,mandatory_unique_exact_token_pair_in_all_optimal_LCS_alignments,mfa_primary_exact_transcript_auto_qc_pass,A_exact_transcript,MFA 3.4.2 forced alignment of Whisper transcript,False,6.53000020980835,6.800000190734863,6.53000020980835,6.800000190734863,True,True,,sample_0055.json
-vxjVxOeScU$_$4,exact_text,16,that,16,16,that,16,6.800000190734863,6.960000038146973,6.800000190734863,6.960000038146973,6.74,6.94,0.06000019073486307,mandatory_unique_exact_token_pair_in_all_optimal_LCS_alignments,mfa_primary_exact_transcript_auto_qc_pass,A_exact_transcript,MFA 3.4.2 forced alignment of Whisper transcript,False,6.800000190734863,6.960000038146973,6.800000190734863,6.960000038146973,True,True,,sample_0055.json
-vxjVxOeScU$_$4,exact_text,17,they've,17,17,they've,17,6.960000038146973,7.139999866485596,6.960000038146973,7.139999866485596,6.94,7.18,0.04000013351440401,mandatory_unique_exact_token_pair_in_all_optimal_LCS_alignments,mfa_primary_exact_transcript_auto_qc_pass,A_exact_transcript,MFA 3.4.2 forced alignment of Whisper transcript,False,6.960000038146973,7.139999866485596,6.960000038146973,7.139999866485596,True,True,,sample_0055.json
-vxjVxOeScU$_$4,exact_text,18,stayed,18,18,stayed,18,7.139999866485596,7.480000019073486,7.139999866485596,7.480000019073486,7.18,7.4,0.08000001907348597,mandatory_unique_exact_token_pair_in_all_optimal_LCS_alignments,mfa_primary_exact_transcript_auto_qc_pass,A_exact_transcript,MFA 3.4.2 forced alignment of Whisper transcript,False,7.139999866485596,7.480000019073486,7.139999866485596,7.480000019073486,True,True,,sample_0055.json
-vxjVxOeScU$_$4,exact_text,19,together,19,19,together,19,7.480000019073486,7.889999866485596,7.480000019073486,7.889999866485596,7.4,7.84,0.08000001907348597,mandatory_unique_exact_token_pair_in_all_optimal_LCS_alignments,mfa_primary_exact_transcript_auto_qc_pass,A_exact_transcript,MFA 3.4.2 forced alignment of Whisper transcript,False,7.480000019073486,7.889999866485596,7.480000019073486,7.889999866485596,True,True,,sample_0055.json
-vxjVxOeScU$_$4,exact_text,20,this,20,20,this,20,7.889999866485596,8.1899995803833,7.889999866485596,8.1899995803833,7.84,8.1,0.08999958038330114,mandatory_unique_exact_token_pair_in_all_optimal_LCS_alignments,mfa_primary_exact_transcript_auto_qc_pass,A_exact_transcript,MFA 3.4.2 forced alignment of Whisper transcript,False,7.889999866485596,8.1899995803833,7.889999866485596,8.1899995803833,True,True,,sample_0055.json
-vxjVxOeScU$_$4,exact_text,21,long,21,21,long,21,8.1899995803833,8.930000305175781,8.1899995803833,8.930000305175781,8.1,8.46,0.4700003051757804,mandatory_unique_exact_token_pair_in_all_optimal_LCS_alignments,mfa_primary_exact_transcript_auto_qc_pass,A_exact_transcript,MFA 3.4.2 forced alignment of Whisper transcript,False,8.1899995803833,8.930000305175781,8.1899995803833,8.930000305175781,True,True,,sample_0055.json
-wMB_hJL-3o$_$7,exact_text,1,So,1,1,so,1,0.5,1.0,0.5,1.0,0.4600000000000011,0.8200000000000005,0.1799999999999995,mandatory_unique_exact_token_pair_in_all_optimal_LCS_alignments,mfa_primary_exact_transcript_auto_qc_pass,A_exact_transcript,MFA 3.4.2 forced alignment of Whisper transcript,False,0.5,1.0,0.5,1.0,True,True,,sample_0056.json
-wMB_hJL-3o$_$7,exact_text,2,if,2,2,if,2,1.0,1.2200000286102295,1.0,1.2200000286102295,0.8200000000000005,1.18,0.1799999999999995,mandatory_unique_exact_token_pair_in_all_optimal_LCS_alignments,mfa_primary_exact_transcript_auto_qc_pass,A_exact_transcript,MFA 3.4.2 forced alignment of Whisper transcript,False,1.0,1.2200000286102295,1.0,1.2200000286102295,True,True,,sample_0056.json
-wMB_hJL-3o$_$7,exact_text,3,you,3,3,you,3,1.2200000286102295,1.2899999618530273,1.2200000286102295,1.2899999618530273,1.18,1.3,0.040000028610229554,mandatory_unique_exact_token_pair_in_all_optimal_LCS_alignments,mfa_primary_exact_transcript_auto_qc_pass,A_exact_transcript,MFA 3.4.2 forced alignment of Whisper transcript,False,1.2200000286102295,1.2899999618530273,1.2200000286102295,1.2899999618530273,True,True,,sample_0056.json
-wMB_hJL-3o$_$7,exact_text,4,have,4,4,have,4,1.2899999618530273,1.4700000286102295,1.2899999618530273,1.4700000286102295,1.3,1.46,0.0100000381469727,mandatory_unique_exact_token_pair_in_all_optimal_LCS_alignments,mfa_primary_exact_transcript_auto_qc_pass,A_exact_transcript,MFA 3.4.2 forced alignment of Whisper transcript,False,1.2899999618530273,1.4700000286102295,1.2899999618530273,1.4700000286102295,True,True,,sample_0056.json
-wMB_hJL-3o$_$7,exact_text,5,a,5,5,a,5,1.4700000286102295,1.5199999809265137,1.4700000286102295,1.5199999809265137,1.46,1.58,0.0600000190734864,mandatory_unique_exact_token_pair_in_all_optimal_LCS_alignments,mfa_primary_exact_transcript_auto_qc_pass,A_exact_transcript,MFA 3.4.2 forced alignment of Whisper transcript,False,1.4700000286102295,1.5199999809265137,1.4700000286102295,1.5199999809265137,True,True,,sample_0056.json
-wMB_hJL-3o$_$7,exact_text,6,loved,6,6,loved,6,1.5199999809265137,1.809999942779541,1.5199999809265137,1.809999942779541,1.58,1.72,0.08999994277954104,mandatory_unique_exact_token_pair_in_all_optimal_LCS_alignments,mfa_primary_exact_transcript_auto_qc_pass,A_exact_transcript,MFA 3.4.2 forced alignment of Whisper transcript,False,1.5199999809265137,1.809999942779541,1.5199999809265137,1.809999942779541,True,True,,sample_0056.json
-wMB_hJL-3o$_$7,exact_text,7,one,7,7,one,7,1.809999942779541,1.9700000286102295,1.809999942779541,1.9700000286102295,1.72,1.96,0.08999994277954104,mandatory_unique_exact_token_pair_in_all_optimal_LCS_alignments,mfa_primary_exact_transcript_auto_qc_pass,A_exact_transcript,MFA 3.4.2 forced alignment of Whisper transcript,False,1.809999942779541,1.9700000286102295,1.809999942779541,1.9700000286102295,True,True,,sample_0056.json
-wMB_hJL-3o$_$7,exact_text,8,who,8,8,who,8,1.9700000286102295,2.140000104904175,1.9700000286102295,2.140000104904175,1.96,2.16,0.019999895095825337,mandatory_unique_exact_token_pair_in_all_optimal_LCS_alignments,mfa_primary_exact_transcript_auto_qc_pass,A_exact_transcript,MFA 3.4.2 forced alignment of Whisper transcript,False,1.9700000286102295,2.140000104904175,1.9700000286102295,2.140000104904175,True,True,,sample_0056.json
-wMB_hJL-3o$_$7,exact_text,9,is,9,9,is,9,2.140000104904175,2.259999990463257,2.140000104904175,2.259999990463257,2.16,2.26,0.019999895095825337,mandatory_unique_exact_token_pair_in_all_optimal_LCS_alignments,mfa_primary_exact_transcript_auto_qc_pass,A_exact_transcript,MFA 3.4.2 forced alignment of Whisper transcript,False,2.140000104904175,2.259999990463257,2.140000104904175,2.259999990463257,True,True,,sample_0056.json
-wMB_hJL-3o$_$7,exact_text,10,depressed,10,10,depressed,10,2.259999990463257,2.9700000286102295,2.259999990463257,2.9700000286102295,2.26,2.74,0.23000002861022928,mandatory_unique_exact_token_pair_in_all_optimal_LCS_alignments,mfa_primary_exact_transcript_auto_qc_pass,A_exact_transcript,MFA 3.4.2 forced alignment of Whisper transcript,False,2.259999990463257,2.9700000286102295,2.259999990463257,2.9700000286102295,True,True,,sample_0056.json
-wMB_hJL-3o$_$7,exact_text,11,those,11,11,those,11,3.259999990463257,3.4700000286102295,3.259999990463257,3.4700000286102295,3.2,3.42,0.05999999046325666,mandatory_unique_exact_token_pair_in_all_optimal_LCS_alignments,mfa_primary_exact_transcript_auto_qc_pass,A_exact_transcript,MFA 3.4.2 forced alignment of Whisper transcript,False,3.259999990463257,3.4700000286102295,3.259999990463257,3.4700000286102295,True,True,,sample_0056.json
-wMB_hJL-3o$_$7,exact_text,12,are,12,12,are,12,3.4700000286102295,3.5199999809265137,3.4700000286102295,3.5199999809265137,3.42,3.56,0.05000002861022956,mandatory_unique_exact_token_pair_in_all_optimal_LCS_alignments,mfa_primary_exact_transcript_auto_qc_pass,A_exact_transcript,MFA 3.4.2 forced alignment of Whisper transcript,False,3.4700000286102295,3.5199999809265137,3.4700000286102295,3.5199999809265137,True,True,,sample_0056.json
-wMB_hJL-3o$_$7,exact_text,13,some,13,13,some,13,3.5199999809265137,3.759999990463257,3.5199999809265137,3.759999990463257,3.56,3.72,0.04000001907348638,mandatory_unique_exact_token_pair_in_all_optimal_LCS_alignments,mfa_primary_exact_transcript_auto_qc_pass,A_exact_transcript,MFA 3.4.2 forced alignment of Whisper transcript,False,3.5199999809265137,3.759999990463257,3.5199999809265137,3.759999990463257,True,True,,sample_0056.json
-wMB_hJL-3o$_$7,exact_text,14,of,14,14,of,14,3.759999990463257,3.819999933242798,3.759999990463257,3.819999933242798,3.72,3.84,0.03999999046325664,mandatory_unique_exact_token_pair_in_all_optimal_LCS_alignments,mfa_primary_exact_transcript_auto_qc_pass,A_exact_transcript,MFA 3.4.2 forced alignment of Whisper transcript,False,3.759999990463257,3.819999933242798,3.759999990463257,3.819999933242798,True,True,,sample_0056.json
-wMB_hJL-3o$_$7,exact_text,15,the,15,15,the,15,3.819999933242798,3.9100000858306885,3.819999933242798,3.9100000858306885,3.84,3.96,0.04999991416931149,mandatory_unique_exact_token_pair_in_all_optimal_LCS_alignments,mfa_primary_exact_transcript_auto_qc_pass,A_exact_transcript,MFA 3.4.2 forced alignment of Whisper transcript,False,3.819999933242798,3.9100000858306885,3.819999933242798,3.9100000858306885,True,True,,sample_0056.json
-wMB_hJL-3o$_$7,exact_text,16,things,16,16,things,16,3.9100000858306885,4.230000019073486,3.9100000858306885,4.230000019073486,3.96,4.16,0.07000001907348619,mandatory_unique_exact_token_pair_in_all_optimal_LCS_alignments,mfa_primary_exact_transcript_auto_qc_pass,A_exact_transcript,MFA 3.4.2 forced alignment of Whisper transcript,False,3.9100000858306885,4.230000019073486,3.9100000858306885,4.230000019073486,True,True,,sample_0056.json
-wMB_hJL-3o$_$7,exact_text,17,that,17,17,that,17,4.230000019073486,4.340000152587891,4.230000019073486,4.340000152587891,4.16,4.34,0.07000001907348619,mandatory_unique_exact_token_pair_in_all_optimal_LCS_alignments,mfa_primary_exact_transcript_auto_qc_pass,A_exact_transcript,MFA 3.4.2 forced alignment of Whisper transcript,False,4.230000019073486,4.340000152587891,4.230000019073486,4.340000152587891,True,True,,sample_0056.json
-wMB_hJL-3o$_$7,exact_text,18,you,18,18,you,18,4.340000152587891,4.480000019073486,4.340000152587891,4.480000019073486,4.34,4.5,0.019999980926513672,mandatory_unique_exact_token_pair_in_all_optimal_LCS_alignments,mfa_primary_exact_transcript_auto_qc_pass,A_exact_transcript,MFA 3.4.2 forced alignment of Whisper transcript,False,4.340000152587891,4.480000019073486,4.340000152587891,4.480000019073486,True,True,,sample_0056.json
-wMB_hJL-3o$_$7,exact_text,19,should,19,19,should,19,4.480000019073486,4.710000038146973,4.480000019073486,4.710000038146973,4.5,4.66,0.050000038146972514,mandatory_unique_exact_token_pair_in_all_optimal_LCS_alignments,mfa_primary_exact_transcript_auto_qc_pass,A_exact_transcript,MFA 3.4.2 forced alignment of Whisper transcript,False,4.480000019073486,4.710000038146973,4.480000019073486,4.710000038146973,True,True,,sample_0056.json
-wMB_hJL-3o$_$7,exact_text,20,think,20,20,think,20,4.710000038146973,4.889999866485596,4.710000038146973,4.889999866485596,4.66,4.84,0.050000038146972514,mandatory_unique_exact_token_pair_in_all_optimal_LCS_alignments,mfa_primary_exact_transcript_auto_qc_pass,A_exact_transcript,MFA 3.4.2 forced alignment of Whisper transcript,False,4.710000038146973,4.889999866485596,4.710000038146973,4.889999866485596,True,True,,sample_0056.json
-wMB_hJL-3o$_$7,exact_text,21,about,21,21,about,21,4.889999866485596,5.159999847412109,4.889999866485596,5.159999847412109,4.84,5.08,0.0799998474121093,mandatory_unique_exact_token_pair_in_all_optimal_LCS_alignments,mfa_primary_exact_transcript_auto_qc_pass,A_exact_transcript,MFA 3.4.2 forced alignment of Whisper transcript,False,4.889999866485596,5.159999847412109,4.889999866485596,5.159999847412109,True,True,,sample_0056.json
-wMB_hJL-3o$_$7,exact_text,22,doing,22,22,doing,22,5.159999847412109,5.440000057220459,5.159999847412109,5.440000057220459,5.08,5.42,0.0799998474121093,mandatory_unique_exact_token_pair_in_all_optimal_LCS_alignments,mfa_primary_exact_transcript_auto_qc_pass,A_exact_transcript,MFA 3.4.2 forced alignment of Whisper transcript,False,5.159999847412109,5.440000057220459,5.159999847412109,5.440000057220459,True,True,,sample_0056.json
-wny0OAz3g8$_$1,text_mismatch,1,And,3,3,and,3,0.5199999809265137,0.6399999856948853,0.5199999809265137,0.6399999856948853,0.54,0.64,0.020000019073486364,mandatory_unique_exact_token_pair_in_all_optimal_LCS_alignments,mfa_primary_unique_word_overlap_auto_qc_pass,B_unique_word_overlap_in_mismatched_transcript,MFA 3.4.2 forced alignment of Whisper transcript,False,0.5199999809265137,0.6399999856948853,0.5199999809265137,0.6399999856948853,True,True,,sample_0057.json
-wny0OAz3g8$_$1,text_mismatch,2,because,4,4,because,4,0.6399999856948853,0.949999988079071,0.6399999856948853,0.949999988079071,0.64,0.92,0.029999988079071005,mandatory_unique_exact_token_pair_in_all_optimal_LCS_alignments,mfa_primary_unique_word_overlap_auto_qc_pass,B_unique_word_overlap_in_mismatched_transcript,MFA 3.4.2 forced alignment of Whisper transcript,False,0.6399999856948853,0.949999988079071,0.6399999856948853,0.949999988079071,True,True,,sample_0057.json
-wny0OAz3g8$_$1,text_mismatch,3,they,5,5,they,5,0.949999988079071,1.059999942779541,0.949999988079071,1.059999942779541,0.92,1.08,0.029999988079071005,mandatory_unique_exact_token_pair_in_all_optimal_LCS_alignments,mfa_primary_unique_word_overlap_auto_qc_pass,B_unique_word_overlap_in_mismatched_transcript,MFA 3.4.2 forced alignment of Whisper transcript,False,0.949999988079071,1.059999942779541,0.949999988079071,1.059999942779541,True,True,,sample_0057.json
-wny0OAz3g8$_$1,text_mismatch,4,couldn't,6,6,couldn't,6,1.059999942779541,1.3300000429153442,1.059999942779541,1.3300000429153442,1.08,1.34,0.020000057220459055,mandatory_unique_exact_token_pair_in_all_optimal_LCS_alignments,mfa_primary_unique_word_overlap_auto_qc_pass,B_unique_word_overlap_in_mismatched_transcript,MFA 3.4.2 forced alignment of Whisper transcript,False,1.059999942779541,1.3300000429153442,1.059999942779541,1.3300000429153442,True,True,,sample_0057.json
-wny0OAz3g8$_$1,text_mismatch,5,join,7,7,join,7,1.3300000429153442,1.6200000047683716,1.3300000429153442,1.6200000047683716,1.34,1.54,0.08000000476837155,mandatory_unique_exact_token_pair_in_all_optimal_LCS_alignments,mfa_primary_unique_word_overlap_auto_qc_pass,B_unique_word_overlap_in_mismatched_transcript,MFA 3.4.2 forced alignment of Whisper transcript,False,1.3300000429153442,1.6200000047683716,1.3300000429153442,1.6200000047683716,True,True,,sample_0057.json
-wny0OAz3g8$_$1,text_mismatch,6,unions,8,8,unions,8,1.6200000047683716,2.069999933242798,1.6200000047683716,2.069999933242798,1.54,1.9,0.16999993324279794,mandatory_unique_exact_token_pair_in_all_optimal_LCS_alignments,mfa_primary_unique_word_overlap_auto_qc_pass,B_unique_word_overlap_in_mismatched_transcript,MFA 3.4.2 forced alignment of Whisper transcript,False,1.6200000047683716,2.069999933242798,1.6200000047683716,2.069999933242798,True,True,,sample_0057.json
-wny0OAz3g8$_$1,text_mismatch,7,many,9,9,many,9,2.109999895095825,2.309999942779541,2.109999895095825,2.309999942779541,2.18,2.32,0.07000010490417496,mandatory_unique_exact_token_pair_in_all_optimal_LCS_alignments,mfa_primary_unique_word_overlap_auto_qc_pass,B_unique_word_overlap_in_mismatched_transcript,MFA 3.4.2 forced alignment of Whisper transcript,False,2.109999895095825,2.309999942779541,2.109999895095825,2.309999942779541,True,True,,sample_0057.json
-wny0OAz3g8$_$1,text_mismatch,8,Black,10,10,black,10,2.309999942779541,2.5999999046325684,2.309999942779541,2.5999999046325684,2.32,2.54,0.059999904632568324,mandatory_unique_exact_token_pair_in_all_optimal_LCS_alignments,mfa_primary_unique_word_overlap_auto_qc_pass,B_unique_word_overlap_in_mismatched_transcript,MFA 3.4.2 forced alignment of Whisper transcript,False,2.309999942779541,2.5999999046325684,2.309999942779541,2.5999999046325684,True,True,,sample_0057.json
-wny0OAz3g8$_$1,text_mismatch,9,workers,11,11,workers,11,2.5999999046325684,2.9100000858306885,2.5999999046325684,2.9100000858306885,2.54,2.82,0.09000008583068864,mandatory_unique_exact_token_pair_in_all_optimal_LCS_alignments,mfa_primary_unique_word_overlap_auto_qc_pass,B_unique_word_overlap_in_mismatched_transcript,MFA 3.4.2 forced alignment of Whisper transcript,False,2.5999999046325684,2.9100000858306885,2.5999999046325684,2.9100000858306885,True,True,,sample_0057.json
-wny0OAz3g8$_$1,text_mismatch,10,couldn't,12,12,couldn't,12,2.9100000858306885,3.200000047683716,2.9100000858306885,3.200000047683716,2.82,3.2,0.09000008583068864,mandatory_unique_exact_token_pair_in_all_optimal_LCS_alignments,mfa_primary_unique_word_overlap_auto_qc_pass,B_unique_word_overlap_in_mismatched_transcript,MFA 3.4.2 forced alignment of Whisper transcript,False,2.9100000858306885,3.200000047683716,2.9100000858306885,3.200000047683716,True,True,,sample_0057.json
-wny0OAz3g8$_$1,text_mismatch,11,get,13,13,get,13,3.200000047683716,3.369999885559082,3.200000047683716,3.369999885559082,3.2,3.34,0.029999885559082173,mandatory_unique_exact_token_pair_in_all_optimal_LCS_alignments,mfa_primary_unique_word_overlap_auto_qc_pass,B_unique_word_overlap_in_mismatched_transcript,MFA 3.4.2 forced alignment of Whisper transcript,False,3.200000047683716,3.369999885559082,3.200000047683716,3.369999885559082,True,True,,sample_0057.json
-wny0OAz3g8$_$1,text_mismatch,12,manufacturing,14,14,manufacturing,14,3.369999885559082,4.010000228881836,3.369999885559082,4.010000228881836,3.34,3.88,0.13000022888183604,mandatory_unique_exact_token_pair_in_all_optimal_LCS_alignments,mfa_primary_unique_word_overlap_auto_qc_pass,B_unique_word_overlap_in_mismatched_transcript,MFA 3.4.2 forced alignment of Whisper transcript,False,3.369999885559082,4.010000228881836,3.369999885559082,4.010000228881836,True,True,,sample_0057.json
-wny0OAz3g8$_$1,text_mismatch,13,or,15,15,or,15,4.010000228881836,4.079999923706055,4.010000228881836,4.079999923706055,3.88,4.12,0.13000022888183604,mandatory_unique_exact_token_pair_in_all_optimal_LCS_alignments,mfa_primary_unique_word_overlap_auto_qc_pass,B_unique_word_overlap_in_mismatched_transcript,MFA 3.4.2 forced alignment of Whisper transcript,False,4.010000228881836,4.079999923706055,4.010000228881836,4.079999923706055,True,True,,sample_0057.json
-wny0OAz3g8$_$1,text_mismatch,14,trade,16,16,trade,16,4.079999923706055,4.369999885559082,4.079999923706055,4.369999885559082,4.12,4.32,0.04999988555908175,mandatory_unique_exact_token_pair_in_all_optimal_LCS_alignments,mfa_primary_unique_word_overlap_auto_qc_pass,B_unique_word_overlap_in_mismatched_transcript,MFA 3.4.2 forced alignment of Whisper transcript,False,4.079999923706055,4.369999885559082,4.079999923706055,4.369999885559082,True,True,,sample_0057.json
-wny0OAz3g8$_$1,text_mismatch,15,work,17,17,work,17,4.369999885559082,4.619999885559082,4.369999885559082,4.619999885559082,4.32,4.56,0.05999988555908242,mandatory_unique_exact_token_pair_in_all_optimal_LCS_alignments,mfa_primary_unique_word_overlap_auto_qc_pass,B_unique_word_overlap_in_mismatched_transcript,MFA 3.4.2 forced alignment of Whisper transcript,False,4.369999885559082,4.619999885559082,4.369999885559082,4.619999885559082,True,True,,sample_0057.json
-wny0OAz3g8$_$1,text_mismatch,16,which,18,18,which,18,4.619999885559082,4.849999904632568,4.619999885559082,4.849999904632568,4.68,4.8,0.060000114440917685,mandatory_unique_exact_token_pair_in_all_optimal_LCS_alignments,mfa_primary_unique_word_overlap_auto_qc_pass,B_unique_word_overlap_in_mismatched_transcript,MFA 3.4.2 forced alignment of Whisper transcript,False,4.619999885559082,4.849999904632568,4.619999885559082,4.849999904632568,True,True,,sample_0057.json
-wny0OAz3g8$_$1,text_mismatch,17,paid,19,19,paid,19,4.849999904632568,5.079999923706055,4.849999904632568,5.079999923706055,4.8,5.02,0.059999923706055114,mandatory_unique_exact_token_pair_in_all_optimal_LCS_alignments,mfa_primary_unique_word_overlap_auto_qc_pass,B_unique_word_overlap_in_mismatched_transcript,MFA 3.4.2 forced alignment of Whisper transcript,False,4.849999904632568,5.079999923706055,4.849999904632568,5.079999923706055,True,True,,sample_0057.json
-wny0OAz3g8$_$1,text_mismatch,18,much,20,20,much,20,5.079999923706055,5.380000114440918,5.079999923706055,5.380000114440918,5.02,5.26,0.12000011444091818,mandatory_unique_exact_token_pair_in_all_optimal_LCS_alignments,mfa_primary_unique_word_overlap_auto_qc_pass,B_unique_word_overlap_in_mismatched_transcript,MFA 3.4.2 forced alignment of Whisper transcript,False,5.079999923706055,5.380000114440918,5.079999923706055,5.380000114440918,True,True,,sample_0057.json
-wny0OAz3g8$_$1,text_mismatch,19,better,21,21,better,21,5.380000114440918,5.599999904632568,5.380000114440918,5.599999904632568,5.26,5.52,0.12000011444091818,mandatory_unique_exact_token_pair_in_all_optimal_LCS_alignments,mfa_primary_unique_word_overlap_auto_qc_pass,B_unique_word_overlap_in_mismatched_transcript,MFA 3.4.2 forced alignment of Whisper transcript,False,5.380000114440918,5.599999904632568,5.380000114440918,5.599999904632568,True,True,,sample_0057.json
-wny0OAz3g8$_$1,text_mismatch,20,than,22,22,than,22,5.599999904632568,5.739999771118164,5.599999904632568,5.739999771118164,5.52,5.74,0.07999990463256879,mandatory_unique_exact_token_pair_in_all_optimal_LCS_alignments,mfa_primary_unique_word_overlap_auto_qc_pass,B_unique_word_overlap_in_mismatched_transcript,MFA 3.4.2 forced alignment of Whisper transcript,False,5.599999904632568,5.739999771118164,5.599999904632568,5.739999771118164,True,True,,sample_0057.json
-wny0OAz3g8$_$1,text_mismatch,21,service,23,23,service,23,5.739999771118164,6.099999904632568,5.739999771118164,6.099999904632568,5.74,6.0,0.09999990463256836,mandatory_unique_exact_token_pair_in_all_optimal_LCS_alignments,mfa_primary_unique_word_overlap_auto_qc_pass,B_unique_word_overlap_in_mismatched_transcript,MFA 3.4.2 forced alignment of Whisper transcript,False,5.739999771118164,6.099999904632568,5.739999771118164,6.099999904632568,True,True,,sample_0057.json
-wny0OAz3g8$_$1,text_mismatch,22,work,24,24,work,24,6.099999904632568,6.28000020980835,6.099999904632568,6.28000020980835,6.0,6.22,0.09999990463256836,mandatory_unique_exact_token_pair_in_all_optimal_LCS_alignments,mfa_primary_unique_word_overlap_auto_qc_pass,B_unique_word_overlap_in_mismatched_transcript,MFA 3.4.2 forced alignment of Whisper transcript,False,6.099999904632568,6.28000020980835,6.099999904632568,6.28000020980835,True,True,,sample_0057.json
-wny0OAz3g8$_$0,text_mismatch,1,trade,,,,,,,,,,,,mandatory_unique_exact_token_pair_in_all_optimal_LCS_alignments,official_word_unmatched_or_ambiguous_in_asr,,,False,,,,,False,False,,sample_0058.json
-wny0OAz3g8$_$0,text_mismatch,2,labor,,,,,,,,,,,,mandatory_unique_exact_token_pair_in_all_optimal_LCS_alignments,official_word_unmatched_or_ambiguous_in_asr,,,False,,,,,False,False,,sample_0058.json
-wny0OAz3g8$_$0,text_mismatch,3,unions,,,,,,,,,,,,mandatory_unique_exact_token_pair_in_all_optimal_LCS_alignments,official_word_unmatched_or_ambiguous_in_asr,,,False,,,,,False,False,,sample_0058.json
-wny0OAz3g8$_$0,text_mismatch,4,didn't,,,,,,,,,,,,mandatory_unique_exact_token_pair_in_all_optimal_LCS_alignments,official_word_unmatched_or_ambiguous_in_asr,,,False,,,,,False,False,,sample_0058.json
-wny0OAz3g8$_$0,text_mismatch,5,allow,1,1,allow,1,0.3700000047683716,0.49000000953674316,0.3700000047683716,0.49000000953674316,1.08,1.62,1.129999990463257,mandatory_unique_exact_token_pair_in_all_optimal_LCS_alignments,mfa_whisper_discrepancy_over_0_5s_null_primary,B_unique_word_overlap_in_mismatched_transcript,MFA 3.4.2 forced alignment of Whisper transcript,True,,,,,False,True,mfa_whisper_edge_difference_over_0_5s,sample_0058.json
-wny0OAz3g8$_$0,text_mismatch,6,Black,2,2,black,2,0.49000000953674316,0.6499999761581421,0.49000000953674316,0.6499999761581421,1.62,1.92,1.2700000238418578,mandatory_unique_exact_token_pair_in_all_optimal_LCS_alignments,mfa_whisper_discrepancy_over_0_5s_null_primary,B_unique_word_overlap_in_mismatched_transcript,MFA 3.4.2 forced alignment of Whisper transcript,True,,,,,False,True,mfa_whisper_edge_difference_over_0_5s,sample_0058.json
-wny0OAz3g8$_$0,text_mismatch,7,workers,3,3,workers,3,0.6499999761581421,1.090000033378601,0.6499999761581421,1.090000033378601,1.92,2.22,1.2700000238418578,mandatory_unique_exact_token_pair_in_all_optimal_LCS_alignments,mfa_whisper_discrepancy_over_0_5s_null_primary,B_unique_word_overlap_in_mismatched_transcript,MFA 3.4.2 forced alignment of Whisper transcript,True,,,,,False,True,mfa_whisper_edge_difference_over_0_5s,sample_0058.json
-wny0OAz3g8$_$0,text_mismatch,8,to,4,4,to,4,1.090000033378601,2.3399999141693115,1.090000033378601,2.3399999141693115,2.22,2.44,1.1299999666213991,mandatory_unique_exact_token_pair_in_all_optimal_LCS_alignments,mfa_whisper_discrepancy_over_0_5s_null_primary,B_unique_word_overlap_in_mismatched_transcript,MFA 3.4.2 forced alignment of Whisper transcript,True,,,,,False,True,mfa_whisper_edge_difference_over_0_5s,sample_0058.json
-wny0OAz3g8$_$0,text_mismatch,9,join,5,5,join,5,2.4200000762939453,2.990000009536743,2.4200000762939453,2.990000009536743,2.44,2.68,0.310000009536743,mandatory_unique_exact_token_pair_in_all_optimal_LCS_alignments,mfa_primary_unique_word_overlap_auto_qc_pass,B_unique_word_overlap_in_mismatched_transcript,MFA 3.4.2 forced alignment of Whisper transcript,False,2.4200000762939453,2.990000009536743,2.4200000762939453,2.990000009536743,True,True,,sample_0058.json
-wny0OAz3g8$_$3,text_mismatch,1,Which,1,1,which,1,0.0,0.4099999964237213,0.0,0.4099999964237213,0.0,0.58,0.17000000357627865,mandatory_unique_exact_token_pair_in_all_optimal_LCS_alignments,mfa_primary_unique_word_overlap_auto_qc_pass,B_unique_word_overlap_in_mismatched_transcript,MFA 3.4.2 forced alignment of Whisper transcript,False,0.0,0.4099999964237213,0.0,0.4099999964237213,True,True,,sample_0059.json
-wny0OAz3g8$_$3,text_mismatch,2,then,2,2,then,2,0.4099999964237213,0.8999999761581421,0.4099999964237213,0.8999999761581421,0.58,0.88,0.17000000357627865,mandatory_unique_exact_token_pair_in_all_optimal_LCS_alignments,mfa_primary_unique_word_overlap_auto_qc_pass,B_unique_word_overlap_in_mismatched_transcript,MFA 3.4.2 forced alignment of Whisper transcript,False,0.4099999964237213,0.8999999761581421,0.4099999964237213,0.8999999761581421,True,True,,sample_0059.json
-wny0OAz3g8$_$3,text_mismatch,3,allowed,3,3,allowed,3,0.8999999761581421,1.159999966621399,0.8999999761581421,1.159999966621399,0.88,1.1,0.05999996662139884,mandatory_unique_exact_token_pair_in_all_optimal_LCS_alignments,mfa_primary_unique_word_overlap_auto_qc_pass,B_unique_word_overlap_in_mismatched_transcript,MFA 3.4.2 forced alignment of Whisper transcript,False,0.8999999761581421,1.159999966621399,0.8999999761581421,1.159999966621399,True,True,,sample_0059.json
-wny0OAz3g8$_$3,text_mismatch,4,the,4,4,the,4,1.159999966621399,1.2400000095367432,1.159999966621399,1.2400000095367432,1.1,1.26,0.05999996662139884,mandatory_unique_exact_token_pair_in_all_optimal_LCS_alignments,mfa_primary_unique_word_overlap_auto_qc_pass,B_unique_word_overlap_in_mismatched_transcript,MFA 3.4.2 forced alignment of Whisper transcript,False,1.159999966621399,1.2400000095367432,1.159999966621399,1.2400000095367432,True,True,,sample_0059.json
-wny0OAz3g8$_$3,text_mismatch,5,white,5,5,white,5,1.2400000095367432,1.4700000286102295,1.2400000095367432,1.4700000286102295,1.26,1.4,0.07000002861022958,mandatory_unique_exact_token_pair_in_all_optimal_LCS_alignments,mfa_primary_unique_word_overlap_auto_qc_pass,B_unique_word_overlap_in_mismatched_transcript,MFA 3.4.2 forced alignment of Whisper transcript,False,1.2400000095367432,1.4700000286102295,1.2400000095367432,1.4700000286102295,True,True,,sample_0059.json
-wny0OAz3g8$_$3,text_mismatch,6,workers,6,6,workers,6,1.4700000286102295,1.7699999809265137,1.4700000286102295,1.7699999809265137,1.4,1.7,0.07000002861022958,mandatory_unique_exact_token_pair_in_all_optimal_LCS_alignments,mfa_primary_unique_word_overlap_auto_qc_pass,B_unique_word_overlap_in_mismatched_transcript,MFA 3.4.2 forced alignment of Whisper transcript,False,1.4700000286102295,1.7699999809265137,1.4700000286102295,1.7699999809265137,True,True,,sample_0059.json
-wny0OAz3g8$_$3,text_mismatch,7,and,7,7,and,7,1.7699999809265137,1.909999966621399,1.7699999809265137,1.909999966621399,1.7,1.86,0.06999998092651372,mandatory_unique_exact_token_pair_in_all_optimal_LCS_alignments,mfa_primary_unique_word_overlap_auto_qc_pass,B_unique_word_overlap_in_mismatched_transcript,MFA 3.4.2 forced alignment of Whisper transcript,False,1.7699999809265137,1.909999966621399,1.7699999809265137,1.909999966621399,True,True,,sample_0059.json
-wny0OAz3g8$_$3,text_mismatch,8,unions,8,8,unions,8,1.909999966621399,2.2100000381469727,1.909999966621399,2.2100000381469727,1.86,2.1,0.11000003814697257,mandatory_unique_exact_token_pair_in_all_optimal_LCS_alignments,mfa_primary_unique_word_overlap_auto_qc_pass,B_unique_word_overlap_in_mismatched_transcript,MFA 3.4.2 forced alignment of Whisper transcript,False,1.909999966621399,2.2100000381469727,1.909999966621399,2.2100000381469727,True,True,,sample_0059.json
-wny0OAz3g8$_$3,text_mismatch,9,to,9,9,to,9,2.2100000381469727,2.319999933242798,2.2100000381469727,2.319999933242798,2.1,2.36,0.11000003814697257,mandatory_unique_exact_token_pair_in_all_optimal_LCS_alignments,mfa_primary_unique_word_overlap_auto_qc_pass,B_unique_word_overlap_in_mismatched_transcript,MFA 3.4.2 forced alignment of Whisper transcript,False,2.2100000381469727,2.319999933242798,2.2100000381469727,2.319999933242798,True,True,,sample_0059.json
-wny0OAz3g8$_$3,text_mismatch,10,justify,10,10,justify,10,2.319999933242798,2.8499999046325684,2.319999933242798,2.8499999046325684,2.36,2.76,0.08999990463256857,mandatory_unique_exact_token_pair_in_all_optimal_LCS_alignments,mfa_primary_unique_word_overlap_auto_qc_pass,B_unique_word_overlap_in_mismatched_transcript,MFA 3.4.2 forced alignment of Whisper transcript,False,2.319999933242798,2.8499999046325684,2.319999933242798,2.8499999046325684,True,True,,sample_0059.json
-wny0OAz3g8$_$3,text_mismatch,11,their,11,11,their,11,2.8499999046325684,2.9700000286102295,2.8499999046325684,2.9700000286102295,2.76,2.98,0.08999990463256857,mandatory_unique_exact_token_pair_in_all_optimal_LCS_alignments,mfa_primary_unique_word_overlap_auto_qc_pass,B_unique_word_overlap_in_mismatched_transcript,MFA 3.4.2 forced alignment of Whisper transcript,False,2.8499999046325684,2.9700000286102295,2.8499999046325684,2.9700000286102295,True,True,,sample_0059.json
-wny0OAz3g8$_$3,text_mismatch,12,decision,12,12,decision,12,2.9700000286102295,3.3299999237060547,2.9700000286102295,3.3299999237060547,2.98,3.22,0.10999992370605449,mandatory_unique_exact_token_pair_in_all_optimal_LCS_alignments,mfa_primary_unique_word_overlap_auto_qc_pass,B_unique_word_overlap_in_mismatched_transcript,MFA 3.4.2 forced alignment of Whisper transcript,False,2.9700000286102295,3.3299999237060547,2.9700000286102295,3.3299999237060547,True,True,,sample_0059.json
-wny0OAz3g8$_$3,text_mismatch,13,to,13,13,to,13,3.3299999237060547,3.430000066757202,3.3299999237060547,3.430000066757202,3.22,3.46,0.10999992370605449,mandatory_unique_exact_token_pair_in_all_optimal_LCS_alignments,mfa_primary_unique_word_overlap_auto_qc_pass,B_unique_word_overlap_in_mismatched_transcript,MFA 3.4.2 forced alignment of Whisper transcript,False,3.3299999237060547,3.430000066757202,3.3299999237060547,3.430000066757202,True,True,,sample_0059.json
-wny0OAz3g8$_$3,text_mismatch,14,not,14,14,not,14,3.430000066757202,3.7300000190734863,3.430000066757202,3.7300000190734863,3.46,3.66,0.07000001907348619,mandatory_unique_exact_token_pair_in_all_optimal_LCS_alignments,mfa_primary_unique_word_overlap_auto_qc_pass,B_unique_word_overlap_in_mismatched_transcript,MFA 3.4.2 forced alignment of Whisper transcript,False,3.430000066757202,3.7300000190734863,3.430000066757202,3.7300000190734863,True,True,,sample_0059.json
-wny0OAz3g8$_$3,text_mismatch,15,allow,15,15,allow,15,3.7300000190734863,3.9700000286102295,3.7300000190734863,3.9700000286102295,3.66,3.98,0.07000001907348619,mandatory_unique_exact_token_pair_in_all_optimal_LCS_alignments,mfa_primary_unique_word_overlap_auto_qc_pass,B_unique_word_overlap_in_mismatched_transcript,MFA 3.4.2 forced alignment of Whisper transcript,False,3.7300000190734863,3.9700000286102295,3.7300000190734863,3.9700000286102295,True,True,,sample_0059.json
-wny0OAz3g8$_$3,text_mismatch,16,black,16,16,black,16,3.9700000286102295,4.289999961853027,3.9700000286102295,4.289999961853027,3.98,4.2,0.08999996185302717,mandatory_unique_exact_token_pair_in_all_optimal_LCS_alignments,mfa_primary_unique_word_overlap_auto_qc_pass,B_unique_word_overlap_in_mismatched_transcript,MFA 3.4.2 forced alignment of Whisper transcript,False,3.9700000286102295,4.289999961853027,3.9700000286102295,4.289999961853027,True,True,,sample_0059.json
-wny0OAz3g8$_$3,text_mismatch,17,workers,17,17,workers,17,4.289999961853027,4.670000076293945,4.289999961853027,4.670000076293945,4.2,4.6,0.08999996185302717,mandatory_unique_exact_token_pair_in_all_optimal_LCS_alignments,mfa_primary_unique_word_overlap_auto_qc_pass,B_unique_word_overlap_in_mismatched_transcript,MFA 3.4.2 forced alignment of Whisper transcript,False,4.289999961853027,4.670000076293945,4.289999961853027,4.670000076293945,True,True,,sample_0059.json
-wny0OAz3g8$_$3,text_mismatch,18,into,18,18,into,18,4.670000076293945,5.019999980926514,4.670000076293945,5.019999980926514,4.6,4.96,0.07000007629394567,mandatory_unique_exact_token_pair_in_all_optimal_LCS_alignments,mfa_primary_unique_word_overlap_auto_qc_pass,B_unique_word_overlap_in_mismatched_transcript,MFA 3.4.2 forced alignment of Whisper transcript,False,4.670000076293945,5.019999980926514,4.670000076293945,5.019999980926514,True,True,,sample_0059.json
-wny0OAz3g8$_$3,text_mismatch,19,their,19,19,their,19,5.019999980926514,5.159999847412109,5.019999980926514,5.159999847412109,4.96,5.16,0.05999998092651371,mandatory_unique_exact_token_pair_in_all_optimal_LCS_alignments,mfa_primary_unique_word_overlap_auto_qc_pass,B_unique_word_overlap_in_mismatched_transcript,MFA 3.4.2 forced alignment of Whisper transcript,False,5.019999980926514,5.159999847412109,5.019999980926514,5.159999847412109,True,True,,sample_0059.json
-wny0OAz3g8$_$3,text_mismatch,20,union,20,20,union,20,5.159999847412109,5.639999866485596,5.159999847412109,5.639999866485596,5.16,5.52,0.11999986648559613,mandatory_unique_exact_token_pair_in_all_optimal_LCS_alignments,mfa_primary_unique_word_overlap_auto_qc_pass,B_unique_word_overlap_in_mismatched_transcript,MFA 3.4.2 forced alignment of Whisper transcript,False,5.159999847412109,5.639999866485596,5.159999847412109,5.639999866485596,True,True,,sample_0059.json
-wny0OAz3g8$_$2,text_mismatch,1,And,3,3,and,3,0.5199999809265137,0.6399999856948853,0.5199999809265137,0.6399999856948853,0.56,0.64,0.04000001907348638,mandatory_unique_exact_token_pair_in_all_optimal_LCS_alignments,mfa_primary_unique_word_overlap_auto_qc_pass,B_unique_word_overlap_in_mismatched_transcript,MFA 3.4.2 forced alignment of Whisper transcript,False,0.5199999809265137,0.6399999856948853,0.5199999809265137,0.6399999856948853,True,True,,sample_0060.json
-wny0OAz3g8$_$2,text_mismatch,2,because,4,4,because,4,0.6399999856948853,0.9900000095367432,0.6399999856948853,0.9900000095367432,0.64,0.94,0.05000000953674322,mandatory_unique_exact_token_pair_in_all_optimal_LCS_alignments,mfa_primary_unique_word_overlap_auto_qc_pass,B_unique_word_overlap_in_mismatched_transcript,MFA 3.4.2 forced alignment of Whisper transcript,False,0.6399999856948853,0.9900000095367432,0.6399999856948853,0.9900000095367432,True,True,,sample_0060.json
-wny0OAz3g8$_$2,text_mismatch,3,they,5,5,they,5,0.9900000095367432,1.090000033378601,0.9900000095367432,1.090000033378601,0.94,1.12,0.05000000953674322,mandatory_unique_exact_token_pair_in_all_optimal_LCS_alignments,mfa_primary_unique_word_overlap_auto_qc_pass,B_unique_word_overlap_in_mismatched_transcript,MFA 3.4.2 forced alignment of Whisper transcript,False,0.9900000095367432,1.090000033378601,0.9900000095367432,1.090000033378601,True,True,,sample_0060.json
-wny0OAz3g8$_$2,text_mismatch,4,couldn't,6,6,couldn't,6,1.090000033378601,1.3300000429153442,1.090000033378601,1.3300000429153442,1.12,1.32,0.029999966621399032,mandatory_unique_exact_token_pair_in_all_optimal_LCS_alignments,mfa_primary_unique_word_overlap_auto_qc_pass,B_unique_word_overlap_in_mismatched_transcript,MFA 3.4.2 forced alignment of Whisper transcript,False,1.090000033378601,1.3300000429153442,1.090000033378601,1.3300000429153442,True,True,,sample_0060.json
-wny0OAz3g8$_$2,text_mismatch,5,get,7,7,get,7,1.3300000429153442,1.4600000381469727,1.3300000429153442,1.4600000381469727,1.32,1.44,0.02000003814697271,mandatory_unique_exact_token_pair_in_all_optimal_LCS_alignments,mfa_primary_unique_word_overlap_auto_qc_pass,B_unique_word_overlap_in_mismatched_transcript,MFA 3.4.2 forced alignment of Whisper transcript,False,1.3300000429153442,1.4600000381469727,1.3300000429153442,1.4600000381469727,True,True,,sample_0060.json
-wny0OAz3g8$_$2,text_mismatch,6,these,8,8,these,8,1.4600000381469727,1.6399999856948853,1.4600000381469727,1.6399999856948853,1.44,1.62,0.02000003814697271,mandatory_unique_exact_token_pair_in_all_optimal_LCS_alignments,mfa_primary_unique_word_overlap_auto_qc_pass,B_unique_word_overlap_in_mismatched_transcript,MFA 3.4.2 forced alignment of Whisper transcript,False,1.4600000381469727,1.6399999856948853,1.4600000381469727,1.6399999856948853,True,True,,sample_0060.json
-wny0OAz3g8$_$2,text_mismatch,7,jobs,9,9,jobs,9,1.6399999856948853,2.0799999237060547,1.6399999856948853,2.0799999237060547,1.62,1.96,0.11999992370605472,mandatory_unique_exact_token_pair_in_all_optimal_LCS_alignments,mfa_primary_unique_word_overlap_auto_qc_pass,B_unique_word_overlap_in_mismatched_transcript,MFA 3.4.2 forced alignment of Whisper transcript,False,1.6399999856948853,2.0799999237060547,1.6399999856948853,2.0799999237060547,True,True,,sample_0060.json
-wny0OAz3g8$_$2,text_mismatch,8,Black,10,10,black,10,2.0799999237060547,2.4000000953674316,2.0799999237060547,2.4000000953674316,2.34,2.36,0.26000007629394517,mandatory_unique_exact_token_pair_in_all_optimal_LCS_alignments,mfa_primary_unique_word_overlap_auto_qc_pass,B_unique_word_overlap_in_mismatched_transcript,MFA 3.4.2 forced alignment of Whisper transcript,False,2.0799999237060547,2.4000000953674316,2.0799999237060547,2.4000000953674316,True,True,,sample_0060.json
-wny0OAz3g8$_$2,text_mismatch,9,communities,11,11,communities,11,2.4000000953674316,2.7899999618530273,2.4000000953674316,2.7899999618530273,2.36,2.64,0.14999996185302722,mandatory_unique_exact_token_pair_in_all_optimal_LCS_alignments,mfa_primary_unique_word_overlap_auto_qc_pass,B_unique_word_overlap_in_mismatched_transcript,MFA 3.4.2 forced alignment of Whisper transcript,False,2.4000000953674316,2.7899999618530273,2.4000000953674316,2.7899999618530273,True,True,,sample_0060.json
-wny0OAz3g8$_$2,text_mismatch,10,had,12,12,had,12,2.7899999618530273,2.9200000762939453,2.7899999618530273,2.9200000762939453,2.64,2.9,0.14999996185302722,mandatory_unique_exact_token_pair_in_all_optimal_LCS_alignments,mfa_primary_unique_word_overlap_auto_qc_pass,B_unique_word_overlap_in_mismatched_transcript,MFA 3.4.2 forced alignment of Whisper transcript,False,2.7899999618530273,2.9200000762939453,2.7899999618530273,2.9200000762939453,True,True,,sample_0060.json
-wny0OAz3g8$_$2,text_mismatch,11,more,13,13,more,13,2.9200000762939453,3.119999885559082,2.9200000762939453,3.119999885559082,2.9,3.08,0.03999988555908196,mandatory_unique_exact_token_pair_in_all_optimal_LCS_alignments,mfa_primary_unique_word_overlap_auto_qc_pass,B_unique_word_overlap_in_mismatched_transcript,MFA 3.4.2 forced alignment of Whisper transcript,False,2.9200000762939453,3.119999885559082,2.9200000762939453,3.119999885559082,True,True,,sample_0060.json
-wny0OAz3g8$_$2,text_mismatch,12,men,14,14,men,14,3.119999885559082,3.2799999713897705,3.119999885559082,3.2799999713897705,3.08,3.24,0.039999971389770295,mandatory_unique_exact_token_pair_in_all_optimal_LCS_alignments,mfa_primary_unique_word_overlap_auto_qc_pass,B_unique_word_overlap_in_mismatched_transcript,MFA 3.4.2 forced alignment of Whisper transcript,False,3.119999885559082,3.2799999713897705,3.119999885559082,3.2799999713897705,True,True,,sample_0060.json
-wny0OAz3g8$_$2,text_mismatch,13,out,15,15,out,15,3.2799999713897705,3.380000114440918,3.2799999713897705,3.380000114440918,3.24,3.38,0.039999971389770295,mandatory_unique_exact_token_pair_in_all_optimal_LCS_alignments,mfa_primary_unique_word_overlap_auto_qc_pass,B_unique_word_overlap_in_mismatched_transcript,MFA 3.4.2 forced alignment of Whisper transcript,False,3.2799999713897705,3.380000114440918,3.2799999713897705,3.380000114440918,True,True,,sample_0060.json
-wny0OAz3g8$_$2,text_mismatch,14,of,16,16,of,16,3.380000114440918,3.5,3.380000114440918,3.5,3.38,3.48,0.020000000000000018,mandatory_unique_exact_token_pair_in_all_optimal_LCS_alignments,mfa_primary_unique_word_overlap_auto_qc_pass,B_unique_word_overlap_in_mismatched_transcript,MFA 3.4.2 forced alignment of Whisper transcript,False,3.380000114440918,3.5,3.380000114440918,3.5,True,True,,sample_0060.json
-wny0OAz3g8$_$2,text_mismatch,15,work,17,17,work,17,3.5,3.809999942779541,3.5,3.809999942779541,3.48,3.68,0.12999994277954086,mandatory_unique_exact_token_pair_in_all_optimal_LCS_alignments,mfa_primary_unique_word_overlap_auto_qc_pass,B_unique_word_overlap_in_mismatched_transcript,MFA 3.4.2 forced alignment of Whisper transcript,False,3.5,3.809999942779541,3.5,3.809999942779541,True,True,,sample_0060.json
-wny0OAz3g8$_$2,text_mismatch,16,higher,18,18,higher,18,3.950000047683716,4.21999979019165,3.950000047683716,4.21999979019165,4.02,4.16,0.06999995231628375,mandatory_unique_exact_token_pair_in_all_optimal_LCS_alignments,mfa_primary_unique_word_overlap_auto_qc_pass,B_unique_word_overlap_in_mismatched_transcript,MFA 3.4.2 forced alignment of Whisper transcript,False,3.950000047683716,4.21999979019165,3.950000047683716,4.21999979019165,True,True,,sample_0060.json
-wny0OAz3g8$_$2,text_mismatch,17,rates,19,19,rates,19,4.21999979019165,4.389999866485596,4.21999979019165,4.389999866485596,4.16,4.36,0.05999979019165025,mandatory_unique_exact_token_pair_in_all_optimal_LCS_alignments,mfa_primary_unique_word_overlap_auto_qc_pass,B_unique_word_overlap_in_mismatched_transcript,MFA 3.4.2 forced alignment of Whisper transcript,False,4.21999979019165,4.389999866485596,4.21999979019165,4.389999866485596,True,True,,sample_0060.json
-wny0OAz3g8$_$2,text_mismatch,18,of,20,20,of,20,4.389999866485596,4.460000038146973,4.389999866485596,4.460000038146973,4.36,4.48,0.029999866485595383,mandatory_unique_exact_token_pair_in_all_optimal_LCS_alignments,mfa_primary_unique_word_overlap_auto_qc_pass,B_unique_word_overlap_in_mismatched_transcript,MFA 3.4.2 forced alignment of Whisper transcript,False,4.389999866485596,4.460000038146973,4.389999866485596,4.460000038146973,True,True,,sample_0060.json
-wny0OAz3g8$_$2,text_mismatch,19,poverty,21,21,poverty,21,4.460000038146973,4.929999828338623,4.460000038146973,4.929999828338623,4.48,4.78,0.1499998283386228,mandatory_unique_exact_token_pair_in_all_optimal_LCS_alignments,mfa_primary_unique_word_overlap_auto_qc_pass,B_unique_word_overlap_in_mismatched_transcript,MFA 3.4.2 forced alignment of Whisper transcript,False,4.460000038146973,4.929999828338623,4.460000038146973,4.929999828338623,True,True,,sample_0060.json
-wny0OAz3g8$_$2,text_mismatch,20,and,22,22,and,22,4.929999828338623,5.059999942779541,4.929999828338623,5.059999942779541,4.96,5.06,0.030000171661376918,mandatory_unique_exact_token_pair_in_all_optimal_LCS_alignments,mfa_primary_unique_word_overlap_auto_qc_pass,B_unique_word_overlap_in_mismatched_transcript,MFA 3.4.2 forced alignment of Whisper transcript,False,4.929999828338623,5.059999942779541,4.929999828338623,5.059999942779541,True,True,,sample_0060.json
-wny0OAz3g8$_$2,text_mismatch,21,more,23,23,more,23,5.059999942779541,5.21999979019165,5.059999942779541,5.21999979019165,5.06,5.22,2.0980834936068504e-07,mandatory_unique_exact_token_pair_in_all_optimal_LCS_alignments,mfa_primary_unique_word_overlap_auto_qc_pass,B_unique_word_overlap_in_mismatched_transcript,MFA 3.4.2 forced alignment of Whisper transcript,False,5.059999942779541,5.21999979019165,5.059999942779541,5.21999979019165,True,True,,sample_0060.json
-wny0OAz3g8$_$2,text_mismatch,22,criminal,24,24,criminal,24,5.21999979019165,5.550000190734863,5.21999979019165,5.550000190734863,5.22,5.52,0.030000190734863708,mandatory_unique_exact_token_pair_in_all_optimal_LCS_alignments,mfa_primary_unique_word_overlap_auto_qc_pass,B_unique_word_overlap_in_mismatched_transcript,MFA 3.4.2 forced alignment of Whisper transcript,False,5.21999979019165,5.550000190734863,5.21999979019165,5.550000190734863,True,True,,sample_0060.json
-wny0OAz3g8$_$2,text_mismatch,23,behavior,25,25,behavior,25,5.550000190734863,6.039999961853027,5.550000190734863,6.039999961853027,5.52,5.88,0.15999996185302745,mandatory_unique_exact_token_pair_in_all_optimal_LCS_alignments,mfa_primary_unique_word_overlap_auto_qc_pass,B_unique_word_overlap_in_mismatched_transcript,MFA 3.4.2 forced alignment of Whisper transcript,False,5.550000190734863,6.039999961853027,5.550000190734863,6.039999961853027,True,True,,sample_0060.json
-wny0OAz3g8$_$5,exact_text,1,This,1,1,this,1,0.0,0.10000000149011612,0.0,0.10000000149011612,0.0,0.68,0.5799999985098839,mandatory_unique_exact_token_pair_in_all_optimal_LCS_alignments,mfa_whisper_discrepancy_over_0_5s_null_primary,A_exact_transcript,MFA 3.4.2 forced alignment of Whisper transcript,True,,,,,False,True,mfa_whisper_edge_difference_over_0_5s,sample_0061.json
-wny0OAz3g8$_$5,exact_text,2,is,2,2,is,2,0.10000000149011612,0.1599999964237213,0.10000000149011612,0.1599999964237213,0.68,0.84,0.6800000035762787,mandatory_unique_exact_token_pair_in_all_optimal_LCS_alignments,mfa_whisper_discrepancy_over_0_5s_null_primary,A_exact_transcript,MFA 3.4.2 forced alignment of Whisper transcript,True,,,,,False,True,mfa_whisper_edge_difference_over_0_5s,sample_0061.json
-wny0OAz3g8$_$5,exact_text,3,what's,3,3,what's,3,0.1599999964237213,1.0399999618530273,0.1599999964237213,1.0399999618530273,0.84,1.1,0.6800000035762787,mandatory_unique_exact_token_pair_in_all_optimal_LCS_alignments,mfa_whisper_discrepancy_over_0_5s_null_primary,A_exact_transcript,MFA 3.4.2 forced alignment of Whisper transcript,True,,,,,False,True,mfa_whisper_edge_difference_over_0_5s,sample_0061.json
-wny0OAz3g8$_$5,exact_text,4,now,4,4,now,4,1.0399999618530273,1.25,1.0399999618530273,1.25,1.1,1.24,0.060000038146972745,mandatory_unique_exact_token_pair_in_all_optimal_LCS_alignments,mfa_primary_exact_transcript_auto_qc_pass,A_exact_transcript,MFA 3.4.2 forced alignment of Whisper transcript,False,1.0399999618530273,1.25,1.0399999618530273,1.25,True,True,,sample_0061.json
-wny0OAz3g8$_$5,exact_text,5,known,5,5,known,5,1.25,1.5199999809265137,1.25,1.5199999809265137,1.24,1.44,0.07999998092651373,mandatory_unique_exact_token_pair_in_all_optimal_LCS_alignments,mfa_primary_exact_transcript_auto_qc_pass,A_exact_transcript,MFA 3.4.2 forced alignment of Whisper transcript,False,1.25,1.5199999809265137,1.25,1.5199999809265137,True,True,,sample_0061.json
-wny0OAz3g8$_$5,exact_text,6,as,6,6,as,6,1.5199999809265137,1.7100000381469727,1.5199999809265137,1.7100000381469727,1.44,1.66,0.07999998092651373,mandatory_unique_exact_token_pair_in_all_optimal_LCS_alignments,mfa_primary_exact_transcript_auto_qc_pass,A_exact_transcript,MFA 3.4.2 forced alignment of Whisper transcript,False,1.5199999809265137,1.7100000381469727,1.5199999809265137,1.7100000381469727,True,True,,sample_0061.json
-wny0OAz3g8$_$5,exact_text,7,racial,7,7,racial,7,1.7100000381469727,1.9800000190734863,1.7100000381469727,1.9800000190734863,1.66,1.92,0.0600000190734864,mandatory_unique_exact_token_pair_in_all_optimal_LCS_alignments,mfa_primary_exact_transcript_auto_qc_pass,A_exact_transcript,MFA 3.4.2 forced alignment of Whisper transcript,False,1.7100000381469727,1.9800000190734863,1.7100000381469727,1.9800000190734863,True,True,,sample_0061.json
-wny0OAz3g8$_$5,exact_text,8,formation,8,8,formation,8,1.9800000190734863,2.5199999809265137,1.9800000190734863,2.5199999809265137,1.92,2.28,0.23999998092651387,mandatory_unique_exact_token_pair_in_all_optimal_LCS_alignments,mfa_primary_exact_transcript_auto_qc_pass,A_exact_transcript,MFA 3.4.2 forced alignment of Whisper transcript,False,1.9800000190734863,2.5199999809265137,1.9800000190734863,2.5199999809265137,True,True,,sample_0061.json
-wny0OAz3g8$_$5,exact_text,9,theory,9,9,theory,9,2.5199999809265137,2.880000114440918,2.5199999809265137,2.880000114440918,2.28,2.76,0.23999998092651387,mandatory_unique_exact_token_pair_in_all_optimal_LCS_alignments,mfa_primary_exact_transcript_auto_qc_pass,A_exact_transcript,MFA 3.4.2 forced alignment of Whisper transcript,False,2.5199999809265137,2.880000114440918,2.5199999809265137,2.880000114440918,True,True,,sample_0061.json
-wny0OAz3g8$_$5,exact_text,10,a,10,10,a,10,3.059999942779541,3.119999885559082,3.059999942779541,3.119999885559082,3.12,3.16,0.06000005722045909,mandatory_unique_exact_token_pair_in_all_optimal_LCS_alignments,mfa_primary_exact_transcript_auto_qc_pass,A_exact_transcript,MFA 3.4.2 forced alignment of Whisper transcript,False,3.059999942779541,3.119999885559082,3.059999942779541,3.119999885559082,True,True,,sample_0061.json
-wny0OAz3g8$_$5,exact_text,11,theory,11,11,theory,11,3.119999885559082,3.369999885559082,3.119999885559082,3.369999885559082,3.16,3.3,0.06999988555908221,mandatory_unique_exact_token_pair_in_all_optimal_LCS_alignments,mfa_primary_exact_transcript_auto_qc_pass,A_exact_transcript,MFA 3.4.2 forced alignment of Whisper transcript,False,3.119999885559082,3.369999885559082,3.119999885559082,3.369999885559082,True,True,,sample_0061.json
-wny0OAz3g8$_$5,exact_text,12,formalized,12,12,formalized,12,3.369999885559082,3.9200000762939453,3.369999885559082,3.9200000762939453,3.3,3.86,0.06999988555908221,mandatory_unique_exact_token_pair_in_all_optimal_LCS_alignments,mfa_primary_exact_transcript_auto_qc_pass,A_exact_transcript,MFA 3.4.2 forced alignment of Whisper transcript,False,3.369999885559082,3.9200000762939453,3.369999885559082,3.9200000762939453,True,True,,sample_0061.json
-wny0OAz3g8$_$5,exact_text,13,by,13,13,by,13,3.9200000762939453,4.019999980926514,3.9200000762939453,4.019999980926514,3.86,4.04,0.06000007629394544,mandatory_unique_exact_token_pair_in_all_optimal_LCS_alignments,mfa_primary_exact_transcript_auto_qc_pass,A_exact_transcript,MFA 3.4.2 forced alignment of Whisper transcript,False,3.9200000762939453,4.019999980926514,3.9200000762939453,4.019999980926514,True,True,,sample_0061.json
-wny0OAz3g8$_$5,exact_text,14,modern,14,14,modern,14,4.019999980926514,4.340000152587891,4.019999980926514,4.340000152587891,4.04,4.3,0.0400001525878908,mandatory_unique_exact_token_pair_in_all_optimal_LCS_alignments,mfa_primary_exact_transcript_auto_qc_pass,A_exact_transcript,MFA 3.4.2 forced alignment of Whisper transcript,False,4.019999980926514,4.340000152587891,4.019999980926514,4.340000152587891,True,True,,sample_0061.json
-wny0OAz3g8$_$5,exact_text,15,sociologists,15,15,sociologists,15,4.340000152587891,4.940000057220459,4.340000152587891,4.940000057220459,4.3,4.86,0.08000005722045866,mandatory_unique_exact_token_pair_in_all_optimal_LCS_alignments,mfa_primary_exact_transcript_auto_qc_pass,A_exact_transcript,MFA 3.4.2 forced alignment of Whisper transcript,False,4.340000152587891,4.940000057220459,4.340000152587891,4.940000057220459,True,True,,sample_0061.json
-wny0OAz3g8$_$5,exact_text,16,Michael,16,16,michael,16,4.940000057220459,5.190000057220459,4.940000057220459,5.190000057220459,4.86,5.1,0.09000005722045934,mandatory_unique_exact_token_pair_in_all_optimal_LCS_alignments,mfa_primary_exact_transcript_auto_qc_pass,A_exact_transcript,MFA 3.4.2 forced alignment of Whisper transcript,False,4.940000057220459,5.190000057220459,4.940000057220459,5.190000057220459,True,True,,sample_0061.json
-wny0OAz3g8$_$5,exact_text,17,Omi,17,17,omi,17,5.21999979019165,5.53000020980835,5.21999979019165,5.53000020980835,5.1,5.44,0.11999979019165075,mandatory_unique_exact_token_pair_in_all_optimal_LCS_alignments,mfa_primary_exact_transcript_auto_qc_pass,A_exact_transcript,MFA 3.4.2 forced alignment of Whisper transcript,False,5.21999979019165,5.53000020980835,5.21999979019165,5.53000020980835,True,True,,sample_0061.json
-wny0OAz3g8$_$5,exact_text,18,and,18,18,and,18,5.53000020980835,5.630000114440918,5.53000020980835,5.630000114440918,5.44,5.62,0.09000020980834922,mandatory_unique_exact_token_pair_in_all_optimal_LCS_alignments,mfa_primary_exact_transcript_auto_qc_pass,A_exact_transcript,MFA 3.4.2 forced alignment of Whisper transcript,False,5.53000020980835,5.630000114440918,5.53000020980835,5.630000114440918,True,True,,sample_0061.json
-wny0OAz3g8$_$5,exact_text,19,Howard,19,19,howard,19,5.630000114440918,5.889999866485596,5.630000114440918,5.889999866485596,5.62,5.88,0.010000114440917862,mandatory_unique_exact_token_pair_in_all_optimal_LCS_alignments,mfa_primary_exact_transcript_auto_qc_pass,A_exact_transcript,MFA 3.4.2 forced alignment of Whisper transcript,False,5.630000114440918,5.889999866485596,5.630000114440918,5.889999866485596,True,True,,sample_0061.json
-wny0OAz3g8$_$5,exact_text,20,Winant,20,20,winant,20,5.889999866485596,6.741,5.889999866485596,6.741,5.88,6.16,0.5809999999999995,mandatory_unique_exact_token_pair_in_all_optimal_LCS_alignments,mfa_whisper_discrepancy_over_0_5s_null_primary,A_exact_transcript,MFA 3.4.2 forced alignment of Whisper transcript,True,,,,,False,True,mfa_whisper_edge_difference_over_0_5s,sample_0061.json
-wny0OAz3g8$_$7,text_mismatch,1,Omi,2,2,omi,2,0.5199999809265137,0.7200000286102295,0.5199999809265137,0.7200000286102295,0.62,0.72,0.10000001907348632,mandatory_unique_exact_token_pair_in_all_optimal_LCS_alignments,mfa_primary_unique_word_overlap_auto_qc_pass,B_unique_word_overlap_in_mismatched_transcript,MFA 3.4.2 forced alignment of Whisper transcript,False,0.5199999809265137,0.7200000286102295,0.5199999809265137,0.7200000286102295,True,True,,sample_0062.json
-wny0OAz3g8$_$7,text_mismatch,2,and,3,3,and,3,0.7200000286102295,0.8399999737739563,0.7200000286102295,0.8399999737739563,0.72,0.84,2.8610229518832853e-08,mandatory_unique_exact_token_pair_in_all_optimal_LCS_alignments,mfa_primary_unique_word_overlap_auto_qc_pass,B_unique_word_overlap_in_mismatched_transcript,MFA 3.4.2 forced alignment of Whisper transcript,False,0.7200000286102295,0.8399999737739563,0.7200000286102295,0.8399999737739563,True,True,,sample_0062.json
-wny0OAz3g8$_$7,text_mismatch,3,Winant,4,4,winant,4,0.8399999737739563,1.0499999523162842,0.8399999737739563,1.0499999523162842,0.84,1.0,0.04999995231628418,mandatory_unique_exact_token_pair_in_all_optimal_LCS_alignments,mfa_primary_unique_word_overlap_auto_qc_pass,B_unique_word_overlap_in_mismatched_transcript,MFA 3.4.2 forced alignment of Whisper transcript,False,0.8399999737739563,1.0499999523162842,0.8399999737739563,1.0499999523162842,True,True,,sample_0062.json
-wny0OAz3g8$_$7,text_mismatch,4,argue,5,5,argue,5,1.0800000429153442,1.3300000429153442,1.0800000429153442,1.3300000429153442,1.0,1.26,0.08000004291534424,mandatory_unique_exact_token_pair_in_all_optimal_LCS_alignments,mfa_primary_unique_word_overlap_auto_qc_pass,B_unique_word_overlap_in_mismatched_transcript,MFA 3.4.2 forced alignment of Whisper transcript,False,1.0800000429153442,1.3300000429153442,1.0800000429153442,1.3300000429153442,True,True,,sample_0062.json
-wny0OAz3g8$_$7,text_mismatch,5,that,6,6,that,6,1.3300000429153442,1.440000057220459,1.3300000429153442,1.440000057220459,1.26,1.44,0.07000004291534423,mandatory_unique_exact_token_pair_in_all_optimal_LCS_alignments,mfa_primary_unique_word_overlap_auto_qc_pass,B_unique_word_overlap_in_mismatched_transcript,MFA 3.4.2 forced alignment of Whisper transcript,False,1.3300000429153442,1.440000057220459,1.3300000429153442,1.440000057220459,True,True,,sample_0062.json
-wny0OAz3g8$_$7,text_mismatch,6,the,7,7,the,7,1.440000057220459,1.5099999904632568,1.440000057220459,1.5099999904632568,1.44,1.54,0.0300000095367432,mandatory_unique_exact_token_pair_in_all_optimal_LCS_alignments,mfa_primary_unique_word_overlap_auto_qc_pass,B_unique_word_overlap_in_mismatched_transcript,MFA 3.4.2 forced alignment of Whisper transcript,False,1.440000057220459,1.5099999904632568,1.440000057220459,1.5099999904632568,True,True,,sample_0062.json
-wny0OAz3g8$_$7,text_mismatch,7,concept,8,8,concept,8,1.5099999904632568,1.9199999570846558,1.5099999904632568,1.9199999570846558,1.54,1.84,0.07999995708465568,mandatory_unique_exact_token_pair_in_all_optimal_LCS_alignments,mfa_primary_unique_word_overlap_auto_qc_pass,B_unique_word_overlap_in_mismatched_transcript,MFA 3.4.2 forced alignment of Whisper transcript,False,1.5099999904632568,1.9199999570846558,1.5099999904632568,1.9199999570846558,True,True,,sample_0062.json
-wny0OAz3g8$_$7,text_mismatch,8,of,9,9,of,9,1.9199999570846558,2.059999942779541,1.9199999570846558,2.059999942779541,1.84,2.02,0.07999995708465568,mandatory_unique_exact_token_pair_in_all_optimal_LCS_alignments,mfa_primary_unique_word_overlap_auto_qc_pass,B_unique_word_overlap_in_mismatched_transcript,MFA 3.4.2 forced alignment of Whisper transcript,False,1.9199999570846558,2.059999942779541,1.9199999570846558,2.059999942779541,True,True,,sample_0062.json
-wny0OAz3g8$_$7,text_mismatch,9,race,10,10,race,10,2.059999942779541,2.2699999809265137,2.059999942779541,2.2699999809265137,2.02,2.2,0.0699999809265135,mandatory_unique_exact_token_pair_in_all_optimal_LCS_alignments,mfa_primary_unique_word_overlap_auto_qc_pass,B_unique_word_overlap_in_mismatched_transcript,MFA 3.4.2 forced alignment of Whisper transcript,False,2.059999942779541,2.2699999809265137,2.059999942779541,2.2699999809265137,True,True,,sample_0062.json
-wny0OAz3g8$_$7,text_mismatch,10,came,11,11,came,11,2.2699999809265137,2.4700000286102295,2.2699999809265137,2.4700000286102295,2.2,2.44,0.0699999809265135,mandatory_unique_exact_token_pair_in_all_optimal_LCS_alignments,mfa_primary_unique_word_overlap_auto_qc_pass,B_unique_word_overlap_in_mismatched_transcript,MFA 3.4.2 forced alignment of Whisper transcript,False,2.2699999809265137,2.4700000286102295,2.2699999809265137,2.4700000286102295,True,True,,sample_0062.json
-wny0OAz3g8$_$7,text_mismatch,11,about,12,12,about,12,2.4700000286102295,2.690000057220459,2.4700000286102295,2.690000057220459,2.44,2.64,0.05000005722045886,mandatory_unique_exact_token_pair_in_all_optimal_LCS_alignments,mfa_primary_unique_word_overlap_auto_qc_pass,B_unique_word_overlap_in_mismatched_transcript,MFA 3.4.2 forced alignment of Whisper transcript,False,2.4700000286102295,2.690000057220459,2.4700000286102295,2.690000057220459,True,True,,sample_0062.json
-wny0OAz3g8$_$7,text_mismatch,12,as,13,13,as,13,2.690000057220459,2.799999952316284,2.690000057220459,2.799999952316284,2.64,2.84,0.05000005722045886,mandatory_unique_exact_token_pair_in_all_optimal_LCS_alignments,mfa_primary_unique_word_overlap_auto_qc_pass,B_unique_word_overlap_in_mismatched_transcript,MFA 3.4.2 forced alignment of Whisper transcript,False,2.690000057220459,2.799999952316284,2.690000057220459,2.799999952316284,True,True,,sample_0062.json
-wny0OAz3g8$_$7,text_mismatch,13,a,14,14,a,14,2.799999952316284,2.8399999141693115,2.799999952316284,2.8399999141693115,2.84,2.9,0.06000008583068839,mandatory_unique_exact_token_pair_in_all_optimal_LCS_alignments,mfa_primary_unique_word_overlap_auto_qc_pass,B_unique_word_overlap_in_mismatched_transcript,MFA 3.4.2 forced alignment of Whisper transcript,False,2.799999952316284,2.8399999141693115,2.799999952316284,2.8399999141693115,True,True,,sample_0062.json
-wny0OAz3g8$_$7,text_mismatch,14,tool,15,15,tool,15,2.8399999141693115,3.1500000953674316,2.8399999141693115,3.1500000953674316,2.9,3.1,0.06000008583068839,mandatory_unique_exact_token_pair_in_all_optimal_LCS_alignments,mfa_primary_unique_word_overlap_auto_qc_pass,B_unique_word_overlap_in_mismatched_transcript,MFA 3.4.2 forced alignment of Whisper transcript,False,2.8399999141693115,3.1500000953674316,2.8399999141693115,3.1500000953674316,True,True,,sample_0062.json
-wny0OAz3g8$_$7,text_mismatch,15,to,16,16,to,16,3.1500000953674316,3.259999990463257,3.1500000953674316,3.259999990463257,3.1,3.28,0.05000009536743155,mandatory_unique_exact_token_pair_in_all_optimal_LCS_alignments,mfa_primary_unique_word_overlap_auto_qc_pass,B_unique_word_overlap_in_mismatched_transcript,MFA 3.4.2 forced alignment of Whisper transcript,False,3.1500000953674316,3.259999990463257,3.1500000953674316,3.259999990463257,True,True,,sample_0062.json
-wny0OAz3g8$_$7,text_mismatch,16,justify,17,17,justify,17,3.259999990463257,3.7799999713897705,3.259999990463257,3.7799999713897705,3.28,3.72,0.05999997138977031,mandatory_unique_exact_token_pair_in_all_optimal_LCS_alignments,mfa_primary_unique_word_overlap_auto_qc_pass,B_unique_word_overlap_in_mismatched_transcript,MFA 3.4.2 forced alignment of Whisper transcript,False,3.259999990463257,3.7799999713897705,3.259999990463257,3.7799999713897705,True,True,,sample_0062.json
-wny0OAz3g8$_$7,text_mismatch,17,and,18,18,and,18,3.7799999713897705,3.9700000286102295,3.7799999713897705,3.9700000286102295,3.72,3.96,0.05999997138977031,mandatory_unique_exact_token_pair_in_all_optimal_LCS_alignments,mfa_primary_unique_word_overlap_auto_qc_pass,B_unique_word_overlap_in_mismatched_transcript,MFA 3.4.2 forced alignment of Whisper transcript,False,3.7799999713897705,3.9700000286102295,3.7799999713897705,3.9700000286102295,True,True,,sample_0062.json
-wny0OAz3g8$_$7,text_mismatch,18,maintain,19,19,maintain,19,3.9700000286102295,4.510000228881836,3.9700000286102295,4.510000228881836,3.96,4.36,0.15000022888183562,mandatory_unique_exact_token_pair_in_all_optimal_LCS_alignments,mfa_primary_unique_word_overlap_auto_qc_pass,B_unique_word_overlap_in_mismatched_transcript,MFA 3.4.2 forced alignment of Whisper transcript,False,3.9700000286102295,4.510000228881836,3.9700000286102295,4.510000228881836,True,True,,sample_0062.json
-wny0OAz3g8$_$7,text_mismatch,19,the,20,20,the,20,4.510000228881836,4.659999847412109,4.510000228881836,4.659999847412109,4.36,4.6,0.15000022888183562,mandatory_unique_exact_token_pair_in_all_optimal_LCS_alignments,mfa_primary_unique_word_overlap_auto_qc_pass,B_unique_word_overlap_in_mismatched_transcript,MFA 3.4.2 forced alignment of Whisper transcript,False,4.510000228881836,4.659999847412109,4.510000228881836,4.659999847412109,True,True,,sample_0062.json
-wny0OAz3g8$_$7,text_mismatch,20,economic,21,21,economic,21,4.659999847412109,5.110000133514404,4.659999847412109,5.110000133514404,4.6,4.98,0.13000013351440387,mandatory_unique_exact_token_pair_in_all_optimal_LCS_alignments,mfa_primary_unique_word_overlap_auto_qc_pass,B_unique_word_overlap_in_mismatched_transcript,MFA 3.4.2 forced alignment of Whisper transcript,False,4.659999847412109,5.110000133514404,4.659999847412109,5.110000133514404,True,True,,sample_0062.json
-wny0OAz3g8$_$7,text_mismatch,21,and,22,22,and,22,5.110000133514404,5.239999771118164,5.110000133514404,5.239999771118164,4.98,5.2,0.13000013351440387,mandatory_unique_exact_token_pair_in_all_optimal_LCS_alignments,mfa_primary_unique_word_overlap_auto_qc_pass,B_unique_word_overlap_in_mismatched_transcript,MFA 3.4.2 forced alignment of Whisper transcript,False,5.110000133514404,5.239999771118164,5.110000133514404,5.239999771118164,True,True,,sample_0062.json
-wny0OAz3g8$_$7,text_mismatch,22,political,23,23,political,23,5.239999771118164,5.590000152587891,5.239999771118164,5.590000152587891,5.2,5.5,0.09000015258789062,mandatory_unique_exact_token_pair_in_all_optimal_LCS_alignments,mfa_primary_unique_word_overlap_auto_qc_pass,B_unique_word_overlap_in_mismatched_transcript,MFA 3.4.2 forced alignment of Whisper transcript,False,5.239999771118164,5.590000152587891,5.239999771118164,5.590000152587891,True,True,,sample_0062.json
-wny0OAz3g8$_$7,text_mismatch,23,power,24,24,power,24,5.590000152587891,5.960000038146973,5.590000152587891,5.960000038146973,5.5,5.9,0.09000015258789062,mandatory_unique_exact_token_pair_in_all_optimal_LCS_alignments,mfa_primary_unique_word_overlap_auto_qc_pass,B_unique_word_overlap_in_mismatched_transcript,MFA 3.4.2 forced alignment of Whisper transcript,False,5.590000152587891,5.960000038146973,5.590000152587891,5.960000038146973,True,True,,sample_0062.json
-wny0OAz3g8$_$7,text_mismatch,24,held,25,25,held,25,5.960000038146973,6.260000228881836,5.960000038146973,6.260000228881836,5.9,6.18,0.08000022888183622,mandatory_unique_exact_token_pair_in_all_optimal_LCS_alignments,mfa_primary_unique_word_overlap_auto_qc_pass,B_unique_word_overlap_in_mismatched_transcript,MFA 3.4.2 forced alignment of Whisper transcript,False,5.960000038146973,6.260000228881836,5.960000038146973,6.260000228881836,True,True,,sample_0062.json
-wny0OAz3g8$_$7,text_mismatch,25,by,26,26,by,26,6.260000228881836,6.360000133514404,6.260000228881836,6.360000133514404,6.18,6.38,0.08000022888183622,mandatory_unique_exact_token_pair_in_all_optimal_LCS_alignments,mfa_primary_unique_word_overlap_auto_qc_pass,B_unique_word_overlap_in_mismatched_transcript,MFA 3.4.2 forced alignment of Whisper transcript,False,6.260000228881836,6.360000133514404,6.260000228881836,6.360000133514404,True,True,,sample_0062.json
-wny0OAz3g8$_$7,text_mismatch,26,those,27,27,those,27,6.360000133514404,6.570000171661377,6.360000133514404,6.570000171661377,6.38,6.5,0.07000017166137695,mandatory_unique_exact_token_pair_in_all_optimal_LCS_alignments,mfa_primary_unique_word_overlap_auto_qc_pass,B_unique_word_overlap_in_mismatched_transcript,MFA 3.4.2 forced alignment of Whisper transcript,False,6.360000133514404,6.570000171661377,6.360000133514404,6.570000171661377,True,True,,sample_0062.json
-wny0OAz3g8$_$7,text_mismatch,27,of,28,28,of,28,6.570000171661377,6.699999809265137,6.570000171661377,6.699999809265137,6.5,6.66,0.07000017166137695,mandatory_unique_exact_token_pair_in_all_optimal_LCS_alignments,mfa_primary_unique_word_overlap_auto_qc_pass,B_unique_word_overlap_in_mismatched_transcript,MFA 3.4.2 forced alignment of Whisper transcript,False,6.570000171661377,6.699999809265137,6.570000171661377,6.699999809265137,True,True,,sample_0062.json
-wny0OAz3g8$_$7,text_mismatch,28,European,29,29,european,29,6.699999809265137,7.079999923706055,6.699999809265137,7.079999923706055,6.66,7.0,0.07999992370605469,mandatory_unique_exact_token_pair_in_all_optimal_LCS_alignments,mfa_primary_unique_word_overlap_auto_qc_pass,B_unique_word_overlap_in_mismatched_transcript,MFA 3.4.2 forced alignment of Whisper transcript,False,6.699999809265137,7.079999923706055,6.699999809265137,7.079999923706055,True,True,,sample_0062.json
-wny0OAz3g8$_$7,text_mismatch,29,descent,30,30,descent,30,7.079999923706055,7.519999980926514,7.079999923706055,7.519999980926514,7.0,7.4,0.11999998092651332,mandatory_unique_exact_token_pair_in_all_optimal_LCS_alignments,mfa_primary_unique_word_overlap_auto_qc_pass,B_unique_word_overlap_in_mismatched_transcript,MFA 3.4.2 forced alignment of Whisper transcript,False,7.079999923706055,7.519999980926514,7.079999923706055,7.519999980926514,True,True,,sample_0062.json
-wny0OAz3g8$_$9,text_mismatch,1,He,2,2,he,2,0.5,0.6100000143051147,0.5,0.6100000143051147,0.54,0.62,0.040000000000000036,mandatory_unique_exact_token_pair_in_all_optimal_LCS_alignments,mfa_primary_unique_word_overlap_auto_qc_pass,B_unique_word_overlap_in_mismatched_transcript,MFA 3.4.2 forced alignment of Whisper transcript,False,0.5,0.6100000143051147,0.5,0.6100000143051147,True,True,,sample_0063.json
-wny0OAz3g8$_$9,text_mismatch,2,explores,3,3,explores,3,0.6100000143051147,1.0199999809265137,0.6100000143051147,1.0199999809265137,0.62,0.92,0.09999998092651363,mandatory_unique_exact_token_pair_in_all_optimal_LCS_alignments,mfa_primary_unique_word_overlap_auto_qc_pass,B_unique_word_overlap_in_mismatched_transcript,MFA 3.4.2 forced alignment of Whisper transcript,False,0.6100000143051147,1.0199999809265137,0.6100000143051147,1.0199999809265137,True,True,,sample_0063.json
-wny0OAz3g8$_$9,text_mismatch,3,why,4,4,why,4,1.0199999809265137,1.1200000047683716,1.0199999809265137,1.1200000047683716,0.92,1.16,0.09999998092651363,mandatory_unique_exact_token_pair_in_all_optimal_LCS_alignments,mfa_primary_unique_word_overlap_auto_qc_pass,B_unique_word_overlap_in_mismatched_transcript,MFA 3.4.2 forced alignment of Whisper transcript,False,1.0199999809265137,1.1200000047683716,1.0199999809265137,1.1200000047683716,True,True,,sample_0063.json
-wny0OAz3g8$_$9,text_mismatch,4,Black,5,5,black,5,1.1200000047683716,1.3799999952316284,1.1200000047683716,1.3799999952316284,1.16,1.32,0.059999995231628356,mandatory_unique_exact_token_pair_in_all_optimal_LCS_alignments,mfa_primary_unique_word_overlap_auto_qc_pass,B_unique_word_overlap_in_mismatched_transcript,MFA 3.4.2 forced alignment of Whisper transcript,False,1.1200000047683716,1.3799999952316284,1.1200000047683716,1.3799999952316284,True,True,,sample_0063.json
-wny0OAz3g8$_$9,text_mismatch,5,and,6,6,and,6,1.3799999952316284,1.4700000286102295,1.3799999952316284,1.4700000286102295,1.32,1.46,0.059999995231628356,mandatory_unique_exact_token_pair_in_all_optimal_LCS_alignments,mfa_primary_unique_word_overlap_auto_qc_pass,B_unique_word_overlap_in_mismatched_transcript,MFA 3.4.2 forced alignment of Whisper transcript,False,1.3799999952316284,1.4700000286102295,1.3799999952316284,1.4700000286102295,True,True,,sample_0063.json
-wny0OAz3g8$_$9,text_mismatch,6,White,7,7,white,7,1.4700000286102295,1.6100000143051147,1.4700000286102295,1.6100000143051147,1.46,1.6,0.010000028610229528,mandatory_unique_exact_token_pair_in_all_optimal_LCS_alignments,mfa_primary_unique_word_overlap_auto_qc_pass,B_unique_word_overlap_in_mismatched_transcript,MFA 3.4.2 forced alignment of Whisper transcript,False,1.4700000286102295,1.6100000143051147,1.4700000286102295,1.6100000143051147,True,True,,sample_0063.json
-wny0OAz3g8$_$9,text_mismatch,7,Americans,8,8,americans,8,1.6100000143051147,2.069999933242798,1.6100000143051147,2.069999933242798,1.6,1.96,0.10999993324279789,mandatory_unique_exact_token_pair_in_all_optimal_LCS_alignments,mfa_primary_unique_word_overlap_auto_qc_pass,B_unique_word_overlap_in_mismatched_transcript,MFA 3.4.2 forced alignment of Whisper transcript,False,1.6100000143051147,2.069999933242798,1.6100000143051147,2.069999933242798,True,True,,sample_0063.json
-wny0OAz3g8$_$9,text_mismatch,8,tend,9,9,tend,9,2.069999933242798,2.2699999809265137,2.069999933242798,2.2699999809265137,1.96,2.22,0.10999993324279789,mandatory_unique_exact_token_pair_in_all_optimal_LCS_alignments,mfa_primary_unique_word_overlap_auto_qc_pass,B_unique_word_overlap_in_mismatched_transcript,MFA 3.4.2 forced alignment of Whisper transcript,False,2.069999933242798,2.2699999809265137,2.069999933242798,2.2699999809265137,True,True,,sample_0063.json
-wny0OAz3g8$_$9,text_mismatch,9,to,10,10,to,10,2.2699999809265137,2.3299999237060547,2.2699999809265137,2.3299999237060547,2.22,2.36,0.049999980926513476,mandatory_unique_exact_token_pair_in_all_optimal_LCS_alignments,mfa_primary_unique_word_overlap_auto_qc_pass,B_unique_word_overlap_in_mismatched_transcript,MFA 3.4.2 forced alignment of Whisper transcript,False,2.2699999809265137,2.3299999237060547,2.2699999809265137,2.3299999237060547,True,True,,sample_0063.json
-wny0OAz3g8$_$9,text_mismatch,10,have,11,11,have,11,2.3299999237060547,2.5399999618530273,2.3299999237060547,2.5399999618530273,2.36,2.52,0.030000076293945188,mandatory_unique_exact_token_pair_in_all_optimal_LCS_alignments,mfa_primary_unique_word_overlap_auto_qc_pass,B_unique_word_overlap_in_mismatched_transcript,MFA 3.4.2 forced alignment of Whisper transcript,False,2.3299999237060547,2.5399999618530273,2.3299999237060547,2.5399999618530273,True,True,,sample_0063.json
-wny0OAz3g8$_$9,text_mismatch,11,such,12,12,such,12,2.5399999618530273,2.8299999237060547,2.5399999618530273,2.8299999237060547,2.52,2.68,0.14999992370605453,mandatory_unique_exact_token_pair_in_all_optimal_LCS_alignments,mfa_primary_unique_word_overlap_auto_qc_pass,B_unique_word_overlap_in_mismatched_transcript,MFA 3.4.2 forced alignment of Whisper transcript,False,2.5399999618530273,2.8299999237060547,2.5399999618530273,2.8299999237060547,True,True,,sample_0063.json
-wny0OAz3g8$_$9,text_mismatch,12,different,13,13,different,13,2.8299999237060547,3.130000114440918,2.8299999237060547,3.130000114440918,2.68,3.08,0.14999992370605453,mandatory_unique_exact_token_pair_in_all_optimal_LCS_alignments,mfa_primary_unique_word_overlap_auto_qc_pass,B_unique_word_overlap_in_mismatched_transcript,MFA 3.4.2 forced alignment of Whisper transcript,False,2.8299999237060547,3.130000114440918,2.8299999237060547,3.130000114440918,True,True,,sample_0063.json
-wny0OAz3g8$_$9,text_mismatch,13,outcomes,14,14,outcomes,14,3.1600000858306885,3.700000047683716,3.1600000858306885,3.700000047683716,3.08,3.54,0.16000004768371578,mandatory_unique_exact_token_pair_in_all_optimal_LCS_alignments,mfa_primary_unique_word_overlap_auto_qc_pass,B_unique_word_overlap_in_mismatched_transcript,MFA 3.4.2 forced alignment of Whisper transcript,False,3.1600000858306885,3.700000047683716,3.1600000858306885,3.700000047683716,True,True,,sample_0063.json
-wny0OAz3g8$_$9,text_mismatch,14,in,15,15,in,15,3.700000047683716,3.759999990463257,3.700000047683716,3.759999990463257,3.54,3.8,0.16000004768371578,mandatory_unique_exact_token_pair_in_all_optimal_LCS_alignments,mfa_primary_unique_word_overlap_auto_qc_pass,B_unique_word_overlap_in_mismatched_transcript,MFA 3.4.2 forced alignment of Whisper transcript,False,3.700000047683716,3.759999990463257,3.700000047683716,3.759999990463257,True,True,,sample_0063.json
-wny0OAz3g8$_$9,text_mismatch,15,terms,16,16,terms,16,3.759999990463257,3.9800000190734863,3.759999990463257,3.9800000190734863,3.8,3.92,0.0600000190734864,mandatory_unique_exact_token_pair_in_all_optimal_LCS_alignments,mfa_primary_unique_word_overlap_auto_qc_pass,B_unique_word_overlap_in_mismatched_transcript,MFA 3.4.2 forced alignment of Whisper transcript,False,3.759999990463257,3.9800000190734863,3.759999990463257,3.9800000190734863,True,True,,sample_0063.json
-wny0OAz3g8$_$9,text_mismatch,16,of,17,17,of,17,3.9800000190734863,4.059999942779541,3.9800000190734863,4.059999942779541,3.92,4.06,0.0600000190734864,mandatory_unique_exact_token_pair_in_all_optimal_LCS_alignments,mfa_primary_unique_word_overlap_auto_qc_pass,B_unique_word_overlap_in_mismatched_transcript,MFA 3.4.2 forced alignment of Whisper transcript,False,3.9800000190734863,4.059999942779541,3.9800000190734863,4.059999942779541,True,True,,sample_0063.json
-wny0OAz3g8$_$9,text_mismatch,17,income,18,18,income,18,4.059999942779541,4.519999980926514,4.059999942779541,4.519999980926514,4.06,4.44,0.07999998092651328,mandatory_unique_exact_token_pair_in_all_optimal_LCS_alignments,mfa_primary_unique_word_overlap_auto_qc_pass,B_unique_word_overlap_in_mismatched_transcript,MFA 3.4.2 forced alignment of Whisper transcript,False,4.059999942779541,4.519999980926514,4.059999942779541,4.519999980926514,True,True,,sample_0063.json
-wny0OAz3g8$_$9,text_mismatch,18,education,19,19,education,19,4.519999980926514,5.159999847412109,4.519999980926514,5.159999847412109,4.62,4.98,0.17999984741210895,mandatory_unique_exact_token_pair_in_all_optimal_LCS_alignments,mfa_primary_unique_word_overlap_auto_qc_pass,B_unique_word_overlap_in_mismatched_transcript,MFA 3.4.2 forced alignment of Whisper transcript,False,4.519999980926514,5.159999847412109,4.519999980926514,5.159999847412109,True,True,,sample_0063.json
-wny0OAz3g8$_$9,text_mismatch,19,and,20,20,and,20,5.159999847412109,5.289999961853027,5.159999847412109,5.289999961853027,5.2,5.26,0.0400001525878908,mandatory_unique_exact_token_pair_in_all_optimal_LCS_alignments,mfa_primary_unique_word_overlap_auto_qc_pass,B_unique_word_overlap_in_mismatched_transcript,MFA 3.4.2 forced alignment of Whisper transcript,False,5.159999847412109,5.289999961853027,5.159999847412109,5.289999961853027,True,True,,sample_0063.json
-wny0OAz3g8$_$9,text_mismatch,20,more,21,21,more,21,5.289999961853027,5.550000190734863,5.289999961853027,5.550000190734863,5.26,5.48,0.07000019073486285,mandatory_unique_exact_token_pair_in_all_optimal_LCS_alignments,mfa_primary_unique_word_overlap_auto_qc_pass,B_unique_word_overlap_in_mismatched_transcript,MFA 3.4.2 forced alignment of Whisper transcript,False,5.289999961853027,5.550000190734863,5.289999961853027,5.550000190734863,True,True,,sample_0063.json
-571d8cVauQ$_$0,exact_text,1,This,1,1,this,1,1.0800000429153442,1.2100000381469727,1.0800000429153442,1.2100000381469727,0.6999999999999995,1.18,0.3800000429153447,mandatory_unique_exact_token_pair_in_all_optimal_LCS_alignments,mfa_primary_exact_transcript_auto_qc_pass,A_exact_transcript,MFA 3.4.2 forced alignment of Whisper transcript,False,1.0800000429153442,1.2100000381469727,1.0800000429153442,1.2100000381469727,True,True,,sample_0064.json
-571d8cVauQ$_$0,exact_text,2,is,2,2,is,2,1.2100000381469727,1.2699999809265137,1.2100000381469727,1.2699999809265137,1.18,1.3,0.03000003814697272,mandatory_unique_exact_token_pair_in_all_optimal_LCS_alignments,mfa_primary_exact_transcript_auto_qc_pass,A_exact_transcript,MFA 3.4.2 forced alignment of Whisper transcript,False,1.2100000381469727,1.2699999809265137,1.2100000381469727,1.2699999809265137,True,True,,sample_0064.json
-571d8cVauQ$_$0,exact_text,3,Rhett,3,3,rhett,3,1.2699999809265137,1.4800000190734863,1.2699999809265137,1.4800000190734863,1.3,1.52,0.03999998092651369,mandatory_unique_exact_token_pair_in_all_optimal_LCS_alignments,mfa_primary_exact_transcript_auto_qc_pass,A_exact_transcript,MFA 3.4.2 forced alignment of Whisper transcript,False,1.2699999809265137,1.4800000190734863,1.2699999809265137,1.4800000190734863,True,True,,sample_0064.json
-571d8cVauQ$_$0,exact_text,4,Reiger,4,4,reiger,4,1.4800000190734863,1.940000057220459,1.4800000190734863,1.940000057220459,1.52,1.84,0.1000000572204589,mandatory_unique_exact_token_pair_in_all_optimal_LCS_alignments,mfa_primary_exact_transcript_auto_qc_pass,A_exact_transcript,MFA 3.4.2 forced alignment of Whisper transcript,False,1.4800000190734863,1.940000057220459,1.4800000190734863,1.940000057220459,True,True,,sample_0064.json
-571d8cVauQ$_$0,exact_text,5,White,5,5,white,5,1.940000057220459,2.140000104904175,1.940000057220459,2.140000104904175,2.02,2.12,0.07999994277954103,mandatory_unique_exact_token_pair_in_all_optimal_LCS_alignments,mfa_primary_exact_transcript_auto_qc_pass,A_exact_transcript,MFA 3.4.2 forced alignment of Whisper transcript,False,1.940000057220459,2.140000104904175,1.940000057220459,2.140000104904175,True,True,,sample_0064.json
-571d8cVauQ$_$0,exact_text,6,Caspian,6,6,caspian,6,2.140000104904175,2.5799999237060547,2.140000104904175,2.5799999237060547,2.12,2.56,0.020000104904174698,mandatory_unique_exact_token_pair_in_all_optimal_LCS_alignments,mfa_primary_exact_transcript_auto_qc_pass,A_exact_transcript,MFA 3.4.2 forced alignment of Whisper transcript,False,2.140000104904175,2.5799999237060547,2.140000104904175,2.5799999237060547,True,True,,sample_0064.json
-571d8cVauQ$_$0,exact_text,7,Studios,7,7,studios,7,2.5799999237060547,3.109999895095825,2.5799999237060547,3.109999895095825,2.56,2.9,0.20999989509582528,mandatory_unique_exact_token_pair_in_all_optimal_LCS_alignments,mfa_primary_exact_transcript_auto_qc_pass,A_exact_transcript,MFA 3.4.2 forced alignment of Whisper transcript,False,2.5799999237060547,3.109999895095825,2.5799999237060547,3.109999895095825,True,True,,sample_0064.json
-571d8cVauQ$_$0,exact_text,8,on,8,8,on,8,3.109999895095825,3.240000009536743,3.109999895095825,3.240000009536743,3.14,3.24,0.03000010490417493,mandatory_unique_exact_token_pair_in_all_optimal_LCS_alignments,mfa_primary_exact_transcript_auto_qc_pass,A_exact_transcript,MFA 3.4.2 forced alignment of Whisper transcript,False,3.109999895095825,3.240000009536743,3.109999895095825,3.240000009536743,True,True,,sample_0064.json
-571d8cVauQ$_$0,exact_text,9,behalf,9,9,behalf,9,3.240000009536743,3.5799999237060547,3.240000009536743,3.5799999237060547,3.24,3.46,0.11999992370605472,mandatory_unique_exact_token_pair_in_all_optimal_LCS_alignments,mfa_primary_exact_transcript_auto_qc_pass,A_exact_transcript,MFA 3.4.2 forced alignment of Whisper transcript,False,3.240000009536743,3.5799999237060547,3.240000009536743,3.5799999237060547,True,True,,sample_0064.json
-571d8cVauQ$_$0,exact_text,10,of,10,10,of,10,3.5799999237060547,3.690000057220459,3.5799999237060547,3.690000057220459,3.46,3.68,0.11999992370605472,mandatory_unique_exact_token_pair_in_all_optimal_LCS_alignments,mfa_primary_exact_transcript_auto_qc_pass,A_exact_transcript,MFA 3.4.2 forced alignment of Whisper transcript,False,3.5799999237060547,3.690000057220459,3.5799999237060547,3.690000057220459,True,True,,sample_0064.json
-571d8cVauQ$_$0,exact_text,11,Expert,11,11,expert,11,3.690000057220459,4.019999980926514,3.690000057220459,4.019999980926514,3.68,3.96,0.05999998092651371,mandatory_unique_exact_token_pair_in_all_optimal_LCS_alignments,mfa_primary_exact_transcript_auto_qc_pass,A_exact_transcript,MFA 3.4.2 forced alignment of Whisper transcript,False,3.690000057220459,4.019999980926514,3.690000057220459,4.019999980926514,True,True,,sample_0064.json
-571d8cVauQ$_$0,exact_text,12,Village,12,12,village,12,4.019999980926514,4.510000228881836,4.019999980926514,4.510000228881836,3.96,4.38,0.13000022888183604,mandatory_unique_exact_token_pair_in_all_optimal_LCS_alignments,mfa_primary_exact_transcript_auto_qc_pass,A_exact_transcript,MFA 3.4.2 forced alignment of Whisper transcript,False,4.019999980926514,4.510000228881836,4.019999980926514,4.510000228881836,True,True,,sample_0064.json
-571d8cVauQ$_$5,text_mismatch,1,So,1,1,so,1,0.5,0.6700000166893005,0.5,0.6700000166893005,0.0,0.64,0.5,mandatory_unique_exact_token_pair_in_all_optimal_LCS_alignments,mfa_primary_unique_word_overlap_auto_qc_pass,B_unique_word_overlap_in_mismatched_transcript,MFA 3.4.2 forced alignment of Whisper transcript,False,0.5,0.6700000166893005,0.5,0.6700000166893005,True,True,,sample_0065.json
-571d8cVauQ$_$5,text_mismatch,2,very,2,2,very,2,0.6700000166893005,0.9900000095367432,0.6700000166893005,0.9900000095367432,0.64,0.94,0.05000000953674322,mandatory_unique_exact_token_pair_in_all_optimal_LCS_alignments,mfa_primary_unique_word_overlap_auto_qc_pass,B_unique_word_overlap_in_mismatched_transcript,MFA 3.4.2 forced alignment of Whisper transcript,False,0.6700000166893005,0.9900000095367432,0.6700000166893005,0.9900000095367432,True,True,,sample_0065.json
-571d8cVauQ$_$5,text_mismatch,3,important,3,3,important,3,0.9900000095367432,1.3700000047683716,0.9900000095367432,1.3700000047683716,0.94,1.26,0.11000000476837157,mandatory_unique_exact_token_pair_in_all_optimal_LCS_alignments,mfa_primary_unique_word_overlap_auto_qc_pass,B_unique_word_overlap_in_mismatched_transcript,MFA 3.4.2 forced alignment of Whisper transcript,False,0.9900000095367432,1.3700000047683716,0.9900000095367432,1.3700000047683716,True,True,,sample_0065.json
-571d8cVauQ$_$5,text_mismatch,4,to,4,4,to,4,1.3700000047683716,1.4500000476837158,1.3700000047683716,1.4500000476837158,1.26,1.48,0.11000000476837157,mandatory_unique_exact_token_pair_in_all_optimal_LCS_alignments,mfa_primary_unique_word_overlap_auto_qc_pass,B_unique_word_overlap_in_mismatched_transcript,MFA 3.4.2 forced alignment of Whisper transcript,False,1.3700000047683716,1.4500000476837158,1.3700000047683716,1.4500000476837158,True,True,,sample_0065.json
-571d8cVauQ$_$5,text_mismatch,5,go,5,5,go,5,1.590000033378601,1.809999942779541,1.590000033378601,1.809999942779541,1.48,1.74,0.11000003337860109,mandatory_unique_exact_token_pair_in_all_optimal_LCS_alignments,mfa_primary_unique_word_overlap_auto_qc_pass,B_unique_word_overlap_in_mismatched_transcript,MFA 3.4.2 forced alignment of Whisper transcript,False,1.590000033378601,1.809999942779541,1.590000033378601,1.809999942779541,True,True,,sample_0065.json
-571d8cVauQ$_$5,text_mismatch,6,out,6,6,out,6,1.809999942779541,2.069999933242798,1.809999942779541,2.069999933242798,1.74,2.04,0.06999994277954102,mandatory_unique_exact_token_pair_in_all_optimal_LCS_alignments,mfa_primary_unique_word_overlap_auto_qc_pass,B_unique_word_overlap_in_mismatched_transcript,MFA 3.4.2 forced alignment of Whisper transcript,False,1.809999942779541,2.069999933242798,1.809999942779541,2.069999933242798,True,True,,sample_0065.json
-571d8cVauQ$_$5,text_mismatch,7,to,7,7,to,7,2.440000057220459,2.619999885559082,2.440000057220459,2.619999885559082,2.04,2.6,0.40000005722045895,mandatory_unique_exact_token_pair_in_all_optimal_LCS_alignments,mfa_primary_unique_word_overlap_auto_qc_pass,B_unique_word_overlap_in_mismatched_transcript,MFA 3.4.2 forced alignment of Whisper transcript,False,2.440000057220459,2.619999885559082,2.440000057220459,2.619999885559082,True,True,,sample_0065.json
-571d8cVauQ$_$5,text_mismatch,8,the,8,8,the,8,2.619999885559082,2.7100000381469727,2.619999885559082,2.7100000381469727,2.6,2.74,0.029999961853027557,mandatory_unique_exact_token_pair_in_all_optimal_LCS_alignments,mfa_primary_unique_word_overlap_auto_qc_pass,B_unique_word_overlap_in_mismatched_transcript,MFA 3.4.2 forced alignment of Whisper transcript,False,2.619999885559082,2.7100000381469727,2.619999885559082,2.7100000381469727,True,True,,sample_0065.json
-571d8cVauQ$_$5,text_mismatch,9,locations,9,9,locations,9,2.7100000381469727,3.4600000381469727,2.7100000381469727,3.4600000381469727,2.74,3.3,0.16000003814697283,mandatory_unique_exact_token_pair_in_all_optimal_LCS_alignments,mfa_primary_unique_word_overlap_auto_qc_pass,B_unique_word_overlap_in_mismatched_transcript,MFA 3.4.2 forced alignment of Whisper transcript,False,2.7100000381469727,3.4600000381469727,2.7100000381469727,3.4600000381469727,True,True,,sample_0065.json
-571d8cVauQ$_$5,text_mismatch,10,walk,10,10,walk,10,3.7100000381469727,4.079999923706055,3.7100000381469727,4.079999923706055,3.3,4.0,0.41000003814697283,mandatory_unique_exact_token_pair_in_all_optimal_LCS_alignments,mfa_primary_unique_word_overlap_auto_qc_pass,B_unique_word_overlap_in_mismatched_transcript,MFA 3.4.2 forced alignment of Whisper transcript,False,3.7100000381469727,4.079999923706055,3.7100000381469727,4.079999923706055,True,True,,sample_0065.json
-571d8cVauQ$_$5,text_mismatch,11,around,11,11,around,11,4.079999923706055,4.489999771118164,4.079999923706055,4.489999771118164,4.0,4.4,0.08999977111816371,mandatory_unique_exact_token_pair_in_all_optimal_LCS_alignments,mfa_primary_unique_word_overlap_auto_qc_pass,B_unique_word_overlap_in_mismatched_transcript,MFA 3.4.2 forced alignment of Whisper transcript,False,4.079999923706055,4.489999771118164,4.079999923706055,4.489999771118164,True,True,,sample_0065.json
-571d8cVauQ$_$5,text_mismatch,12,talk,12,12,talk,12,4.699999809265137,4.980000019073486,4.699999809265137,4.980000019073486,4.66,4.9,0.08000001907348597,mandatory_unique_exact_token_pair_in_all_optimal_LCS_alignments,mfa_primary_unique_word_overlap_auto_qc_pass,B_unique_word_overlap_in_mismatched_transcript,MFA 3.4.2 forced alignment of Whisper transcript,False,4.699999809265137,4.980000019073486,4.699999809265137,4.980000019073486,True,True,,sample_0065.json
-571d8cVauQ$_$5,text_mismatch,13,with,13,13,with,13,4.980000019073486,5.110000133514404,4.980000019073486,5.110000133514404,4.9,5.1,0.08000001907348597,mandatory_unique_exact_token_pair_in_all_optimal_LCS_alignments,mfa_primary_unique_word_overlap_auto_qc_pass,B_unique_word_overlap_in_mismatched_transcript,MFA 3.4.2 forced alignment of Whisper transcript,False,4.980000019073486,5.110000133514404,4.980000019073486,5.110000133514404,True,True,,sample_0065.json
-571d8cVauQ$_$5,text_mismatch,14,the,14,14,the,14,5.110000133514404,5.260000228881836,5.110000133514404,5.260000228881836,5.1,5.24,0.020000228881835724,mandatory_unique_exact_token_pair_in_all_optimal_LCS_alignments,mfa_primary_unique_word_overlap_auto_qc_pass,B_unique_word_overlap_in_mismatched_transcript,MFA 3.4.2 forced alignment of Whisper transcript,False,5.110000133514404,5.260000228881836,5.110000133514404,5.260000228881836,True,True,,sample_0065.json
-571d8cVauQ$_$5,text_mismatch,15,owners,15,15,owners,15,5.260000228881836,5.599999904632568,5.260000228881836,5.599999904632568,5.24,5.48,0.11999990463256793,mandatory_unique_exact_token_pair_in_all_optimal_LCS_alignments,mfa_primary_unique_word_overlap_auto_qc_pass,B_unique_word_overlap_in_mismatched_transcript,MFA 3.4.2 forced alignment of Whisper transcript,False,5.260000228881836,5.599999904632568,5.260000228881836,5.599999904632568,True,True,,sample_0065.json
-571d8cVauQ$_$5,text_mismatch,16,if,16,16,if,16,5.599999904632568,5.760000228881836,5.599999904632568,5.760000228881836,5.48,5.7,0.11999990463256793,mandatory_unique_exact_token_pair_in_all_optimal_LCS_alignments,mfa_primary_unique_word_overlap_auto_qc_pass,B_unique_word_overlap_in_mismatched_transcript,MFA 3.4.2 forced alignment of Whisper transcript,False,5.599999904632568,5.760000228881836,5.599999904632568,5.760000228881836,True,True,,sample_0065.json
-571d8cVauQ$_$5,text_mismatch,17,you,17,17,you,17,5.760000228881836,5.820000171661377,5.760000228881836,5.820000171661377,5.7,5.86,0.06000022888183576,mandatory_unique_exact_token_pair_in_all_optimal_LCS_alignments,mfa_primary_unique_word_overlap_auto_qc_pass,B_unique_word_overlap_in_mismatched_transcript,MFA 3.4.2 forced alignment of Whisper transcript,False,5.760000228881836,5.820000171661377,5.760000228881836,5.820000171661377,True,True,,sample_0065.json
-571d8cVauQ$_$5,text_mismatch,18,can,18,18,can,18,5.820000171661377,6.179999828338623,5.820000171661377,6.179999828338623,5.86,6.14,0.03999982833862337,mandatory_unique_exact_token_pair_in_all_optimal_LCS_alignments,mfa_primary_unique_word_overlap_auto_qc_pass,B_unique_word_overlap_in_mismatched_transcript,MFA 3.4.2 forced alignment of Whisper transcript,False,5.820000171661377,6.179999828338623,5.820000171661377,6.179999828338623,True,True,,sample_0065.json
-571d8cVauQ$_$5,text_mismatch,19,tell,19,19,tell,19,6.5,6.670000076293945,6.5,6.670000076293945,6.4,6.62,0.09999999999999964,mandatory_unique_exact_token_pair_in_all_optimal_LCS_alignments,mfa_primary_unique_word_overlap_auto_qc_pass,B_unique_word_overlap_in_mismatched_transcript,MFA 3.4.2 forced alignment of Whisper transcript,False,6.5,6.670000076293945,6.5,6.670000076293945,True,True,,sample_0065.json
-571d8cVauQ$_$5,text_mismatch,20,them,20,20,them,20,6.670000076293945,6.829999923706055,6.670000076293945,6.829999923706055,6.62,6.8,0.050000076293945206,mandatory_unique_exact_token_pair_in_all_optimal_LCS_alignments,mfa_primary_unique_word_overlap_auto_qc_pass,B_unique_word_overlap_in_mismatched_transcript,MFA 3.4.2 forced alignment of Whisper transcript,False,6.670000076293945,6.829999923706055,6.670000076293945,6.829999923706055,True,True,,sample_0065.json
-571d8cVauQ$_$5,text_mismatch,21,what,21,21,what,21,6.829999923706055,7.039999961853027,6.829999923706055,7.039999961853027,6.8,6.94,0.09999996185302695,mandatory_unique_exact_token_pair_in_all_optimal_LCS_alignments,mfa_primary_unique_word_overlap_auto_qc_pass,B_unique_word_overlap_in_mismatched_transcript,MFA 3.4.2 forced alignment of Whisper transcript,False,6.829999923706055,7.039999961853027,6.829999923706055,7.039999961853027,True,True,,sample_0065.json
-571d8cVauQ$_$5,text_mismatch,22,you're,22,22,you're,22,7.039999961853027,7.130000114440918,7.039999961853027,7.130000114440918,6.94,7.12,0.09999996185302695,mandatory_unique_exact_token_pair_in_all_optimal_LCS_alignments,mfa_primary_unique_word_overlap_auto_qc_pass,B_unique_word_overlap_in_mismatched_transcript,MFA 3.4.2 forced alignment of Whisper transcript,False,7.039999961853027,7.130000114440918,7.039999961853027,7.130000114440918,True,True,,sample_0065.json
-571d8cVauQ$_$5,text_mismatch,23,doing,23,23,doing,23,7.130000114440918,7.409999847412109,7.130000114440918,7.409999847412109,7.12,7.4,0.010000114440917862,mandatory_unique_exact_token_pair_in_all_optimal_LCS_alignments,mfa_primary_unique_word_overlap_auto_qc_pass,B_unique_word_overlap_in_mismatched_transcript,MFA 3.4.2 forced alignment of Whisper transcript,False,7.130000114440918,7.409999847412109,7.130000114440918,7.409999847412109,True,True,,sample_0065.json
-571d8cVauQ$_$5,text_mismatch,24,build,24,24,build,24,7.699999809265137,7.909999847412109,7.699999809265137,7.909999847412109,7.52,7.86,0.17999980926513715,mandatory_unique_exact_token_pair_in_all_optimal_LCS_alignments,mfa_primary_unique_word_overlap_auto_qc_pass,B_unique_word_overlap_in_mismatched_transcript,MFA 3.4.2 forced alignment of Whisper transcript,False,7.699999809265137,7.909999847412109,7.699999809265137,7.909999847412109,True,True,,sample_0065.json
-571d8cVauQ$_$5,text_mismatch,25,a,25,25,a,25,7.909999847412109,7.940000057220459,7.909999847412109,7.940000057220459,7.86,8.02,0.07999994277954059,mandatory_unique_exact_token_pair_in_all_optimal_LCS_alignments,mfa_primary_unique_word_overlap_auto_qc_pass,B_unique_word_overlap_in_mismatched_transcript,MFA 3.4.2 forced alignment of Whisper transcript,False,7.909999847412109,7.940000057220459,7.909999847412109,7.940000057220459,True,True,,sample_0065.json
-571d8cVauQ$_$5,text_mismatch,26,little,26,26,little,26,7.940000057220459,8.25,7.940000057220459,8.25,8.02,8.2,0.07999994277954059,mandatory_unique_exact_token_pair_in_all_optimal_LCS_alignments,mfa_primary_unique_word_overlap_auto_qc_pass,B_unique_word_overlap_in_mismatched_transcript,MFA 3.4.2 forced alignment of Whisper transcript,False,7.940000057220459,8.25,7.940000057220459,8.25,True,True,,sample_0065.json
-571d8cVauQ$_$5,text_mismatch,27,excitement,27,27,excitement,27,8.25,8.869999885559082,8.25,8.869999885559082,8.2,8.7,0.16999988555908274,mandatory_unique_exact_token_pair_in_all_optimal_LCS_alignments,mfa_primary_unique_word_overlap_auto_qc_pass,B_unique_word_overlap_in_mismatched_transcript,MFA 3.4.2 forced alignment of Whisper transcript,False,8.25,8.869999885559082,8.25,8.869999885559082,True,True,,sample_0065.json
-571d8cVauQ$_$5,text_mismatch,28,put,28,28,put,28,9.40999984741211,9.529999732971191,9.40999984741211,9.529999732971191,9.12,9.52,0.28999984741211016,mandatory_unique_exact_token_pair_in_all_optimal_LCS_alignments,mfa_primary_unique_word_overlap_auto_qc_pass,B_unique_word_overlap_in_mismatched_transcript,MFA 3.4.2 forced alignment of Whisper transcript,False,9.40999984741211,9.529999732971191,9.40999984741211,9.529999732971191,True,True,,sample_0065.json
-571d8cVauQ$_$5,text_mismatch,29,a,29,29,a,29,9.529999732971191,9.5600004196167,9.529999732971191,9.5600004196167,9.52,9.62,0.0599995803833,mandatory_unique_exact_token_pair_in_all_optimal_LCS_alignments,mfa_primary_unique_word_overlap_auto_qc_pass,B_unique_word_overlap_in_mismatched_transcript,MFA 3.4.2 forced alignment of Whisper transcript,False,9.529999732971191,9.5600004196167,9.529999732971191,9.5600004196167,True,True,,sample_0065.json
-571d8cVauQ$_$5,text_mismatch,30,little,30,30,little,30,9.5600004196167,9.8100004196167,9.5600004196167,9.8100004196167,9.62,9.8,0.0599995803833,mandatory_unique_exact_token_pair_in_all_optimal_LCS_alignments,mfa_primary_unique_word_overlap_auto_qc_pass,B_unique_word_overlap_in_mismatched_transcript,MFA 3.4.2 forced alignment of Whisper transcript,False,9.5600004196167,9.8100004196167,9.5600004196167,9.8100004196167,True,True,,sample_0065.json
-571d8cVauQ$_$5,text_mismatch,31,glitz,31,31,glitz,31,9.8100004196167,10.180000305175781,9.8100004196167,10.180000305175781,9.8,10.1,0.0800003051757816,mandatory_unique_exact_token_pair_in_all_optimal_LCS_alignments,mfa_primary_unique_word_overlap_auto_qc_pass,B_unique_word_overlap_in_mismatched_transcript,MFA 3.4.2 forced alignment of Whisper transcript,False,9.8100004196167,10.180000305175781,9.8100004196167,10.180000305175781,True,True,,sample_0065.json
-571d8cVauQ$_$5,text_mismatch,32,on,32,32,on,32,10.180000305175781,10.399999618530273,10.180000305175781,10.399999618530273,10.1,10.32,0.0800003051757816,mandatory_unique_exact_token_pair_in_all_optimal_LCS_alignments,mfa_primary_unique_word_overlap_auto_qc_pass,B_unique_word_overlap_in_mismatched_transcript,MFA 3.4.2 forced alignment of Whisper transcript,False,10.180000305175781,10.399999618530273,10.180000305175781,10.399999618530273,True,True,,sample_0065.json
-571d8cVauQ$_$5,text_mismatch,33,there,33,33,there,33,10.399999618530273,10.680000305175781,10.399999618530273,10.680000305175781,10.32,10.6,0.0800003051757816,mandatory_unique_exact_token_pair_in_all_optimal_LCS_alignments,mfa_primary_unique_word_overlap_auto_qc_pass,B_unique_word_overlap_in_mismatched_transcript,MFA 3.4.2 forced alignment of Whisper transcript,False,10.399999618530273,10.680000305175781,10.399999618530273,10.680000305175781,True,True,,sample_0065.json
-571d8cVauQ$_$5,text_mismatch,34,and,34,34,and,34,11.239999771118164,11.399999618530273,11.239999771118164,11.399999618530273,10.88,11.36,0.3599997711181633,mandatory_unique_exact_token_pair_in_all_optimal_LCS_alignments,mfa_primary_unique_word_overlap_auto_qc_pass,B_unique_word_overlap_in_mismatched_transcript,MFA 3.4.2 forced alignment of Whisper transcript,False,11.239999771118164,11.399999618530273,11.239999771118164,11.399999618530273,True,True,,sample_0065.json
-571d8cVauQ$_$5,text_mismatch,35,let,35,35,let,35,11.5,11.6899995803833,11.5,11.6899995803833,11.36,11.66,0.14000000000000057,mandatory_unique_exact_token_pair_in_all_optimal_LCS_alignments,mfa_primary_unique_word_overlap_auto_qc_pass,B_unique_word_overlap_in_mismatched_transcript,MFA 3.4.2 forced alignment of Whisper transcript,False,11.5,11.6899995803833,11.5,11.6899995803833,True,True,,sample_0065.json
-571d8cVauQ$_$5,text_mismatch,36,everybody,36,36,everybody,36,11.6899995803833,12.0600004196167,11.6899995803833,12.0600004196167,11.66,11.9,0.16000041961669886,mandatory_unique_exact_token_pair_in_all_optimal_LCS_alignments,mfa_primary_unique_word_overlap_auto_qc_pass,B_unique_word_overlap_in_mismatched_transcript,MFA 3.4.2 forced alignment of Whisper transcript,False,11.6899995803833,12.0600004196167,11.6899995803833,12.0600004196167,True,True,,sample_0065.json
-571d8cVauQ$_$5,text_mismatch,37,knows,,,,,,,,,,,,mandatory_unique_exact_token_pair_in_all_optimal_LCS_alignments,official_word_unmatched_or_ambiguous_in_asr,,,False,,,,,False,False,,sample_0065.json
-571d8cVauQ$_$5,text_mismatch,38,this,38,38,this,38,12.739999771118164,12.9399995803833,12.739999771118164,12.9399995803833,12.3,12.86,0.43999977111816335,mandatory_unique_exact_token_pair_in_all_optimal_LCS_alignments,mfa_primary_unique_word_overlap_auto_qc_pass,B_unique_word_overlap_in_mismatched_transcript,MFA 3.4.2 forced alignment of Whisper transcript,False,12.739999771118164,12.9399995803833,12.739999771118164,12.9399995803833,True,True,,sample_0065.json
-571d8cVauQ$_$5,text_mismatch,39,is,39,39,is,39,12.9399995803833,13.079999923706055,12.9399995803833,13.079999923706055,12.86,13.04,0.07999958038330135,mandatory_unique_exact_token_pair_in_all_optimal_LCS_alignments,mfa_primary_unique_word_overlap_auto_qc_pass,B_unique_word_overlap_in_mismatched_transcript,MFA 3.4.2 forced alignment of Whisper transcript,False,12.9399995803833,13.079999923706055,12.9399995803833,13.079999923706055,True,True,,sample_0065.json
-571d8cVauQ$_$5,text_mismatch,40,a,40,40,a,40,13.079999923706055,13.180000305175781,13.079999923706055,13.180000305175781,13.04,13.22,0.03999992370605554,mandatory_unique_exact_token_pair_in_all_optimal_LCS_alignments,mfa_primary_unique_word_overlap_auto_qc_pass,B_unique_word_overlap_in_mismatched_transcript,MFA 3.4.2 forced alignment of Whisper transcript,False,13.079999923706055,13.180000305175781,13.079999923706055,13.180000305175781,True,True,,sample_0065.json
-571d8cVauQ$_$5,text_mismatch,41,very,41,41,very,41,13.180000305175781,13.569999694824219,13.180000305175781,13.569999694824219,13.22,13.54,0.03999969482421939,mandatory_unique_exact_token_pair_in_all_optimal_LCS_alignments,mfa_primary_unique_word_overlap_auto_qc_pass,B_unique_word_overlap_in_mismatched_transcript,MFA 3.4.2 forced alignment of Whisper transcript,False,13.180000305175781,13.569999694824219,13.180000305175781,13.569999694824219,True,True,,sample_0065.json
-571d8cVauQ$_$5,text_mismatch,42,valuable,42,42,valuable,42,13.569999694824219,14.15999984741211,13.569999694824219,14.15999984741211,13.54,14.04,0.11999984741211023,mandatory_unique_exact_token_pair_in_all_optimal_LCS_alignments,mfa_primary_unique_word_overlap_auto_qc_pass,B_unique_word_overlap_in_mismatched_transcript,MFA 3.4.2 forced alignment of Whisper transcript,False,13.569999694824219,14.15999984741211,13.569999694824219,14.15999984741211,True,True,,sample_0065.json
-571d8cVauQ$_$5,text_mismatch,43,spot,43,43,spot,43,14.15999984741211,14.640000343322754,14.15999984741211,14.640000343322754,14.04,14.48,0.16000034332275348,mandatory_unique_exact_token_pair_in_all_optimal_LCS_alignments,mfa_primary_unique_word_overlap_auto_qc_pass,B_unique_word_overlap_in_mismatched_transcript,MFA 3.4.2 forced alignment of Whisper transcript,False,14.15999984741211,14.640000343322754,14.15999984741211,14.640000343322754,True,True,,sample_0065.json
-I_e4mIh0yE$_$1,exact_text,1,In,1,1,in,1,0.7599999904632568,0.8899999856948853,0.7599999904632568,0.8899999856948853,0.0,0.86,0.7599999904632568,mandatory_unique_exact_token_pair_in_all_optimal_LCS_alignments,mfa_whisper_discrepancy_over_0_5s_null_primary,A_exact_transcript,MFA 3.4.2 forced alignment of Whisper transcript,True,,,,,False,True,mfa_whisper_edge_difference_over_0_5s,sample_0066.json
-I_e4mIh0yE$_$1,exact_text,2,the,2,2,the,2,0.8899999856948853,0.9599999785423279,0.8899999856948853,0.9599999785423279,0.86,1.0,0.04000002145767212,mandatory_unique_exact_token_pair_in_all_optimal_LCS_alignments,mfa_primary_exact_transcript_auto_qc_pass,A_exact_transcript,MFA 3.4.2 forced alignment of Whisper transcript,False,0.8899999856948853,0.9599999785423279,0.8899999856948853,0.9599999785423279,True,True,,sample_0066.json
-I_e4mIh0yE$_$1,exact_text,3,United,3,3,united,3,0.9599999785423279,1.2999999523162842,0.9599999785423279,1.2999999523162842,1.0,1.18,0.11999995231628424,mandatory_unique_exact_token_pair_in_all_optimal_LCS_alignments,mfa_primary_exact_transcript_auto_qc_pass,A_exact_transcript,MFA 3.4.2 forced alignment of Whisper transcript,False,0.9599999785423279,1.2999999523162842,0.9599999785423279,1.2999999523162842,True,True,,sample_0066.json
-I_e4mIh0yE$_$1,exact_text,4,States,4,4,states,4,1.2999999523162842,1.649999976158142,1.2999999523162842,1.649999976158142,1.18,1.54,0.11999995231628424,mandatory_unique_exact_token_pair_in_all_optimal_LCS_alignments,mfa_primary_exact_transcript_auto_qc_pass,A_exact_transcript,MFA 3.4.2 forced alignment of Whisper transcript,False,1.2999999523162842,1.649999976158142,1.2999999523162842,1.649999976158142,True,True,,sample_0066.json
-I_e4mIh0yE$_$1,exact_text,5,we,5,5,we,5,1.649999976158142,1.7599999904632568,1.649999976158142,1.7599999904632568,1.54,1.76,0.10999997615814205,mandatory_unique_exact_token_pair_in_all_optimal_LCS_alignments,mfa_primary_exact_transcript_auto_qc_pass,A_exact_transcript,MFA 3.4.2 forced alignment of Whisper transcript,False,1.649999976158142,1.7599999904632568,1.649999976158142,1.7599999904632568,True,True,,sample_0066.json
-I_e4mIh0yE$_$1,exact_text,6,don't,6,6,don't,6,1.7599999904632568,2.1600000858306885,1.7599999904632568,2.1600000858306885,1.76,2.2,0.0399999141693117,mandatory_unique_exact_token_pair_in_all_optimal_LCS_alignments,mfa_primary_exact_transcript_auto_qc_pass,A_exact_transcript,MFA 3.4.2 forced alignment of Whisper transcript,False,1.7599999904632568,2.1600000858306885,1.7599999904632568,2.1600000858306885,True,True,,sample_0066.json
-I_e4mIh0yE$_$1,exact_text,7,punish,7,7,punish,7,2.1600000858306885,2.569999933242798,2.1600000858306885,2.569999933242798,2.2,2.54,0.0399999141693117,mandatory_unique_exact_token_pair_in_all_optimal_LCS_alignments,mfa_primary_exact_transcript_auto_qc_pass,A_exact_transcript,MFA 3.4.2 forced alignment of Whisper transcript,False,2.1600000858306885,2.569999933242798,2.1600000858306885,2.569999933242798,True,True,,sample_0066.json
-I_e4mIh0yE$_$1,exact_text,8,failure,8,8,failure,8,2.569999933242798,3.1500000953674316,2.569999933242798,3.1500000953674316,2.54,3.08,0.07000009536743157,mandatory_unique_exact_token_pair_in_all_optimal_LCS_alignments,mfa_primary_exact_transcript_auto_qc_pass,A_exact_transcript,MFA 3.4.2 forced alignment of Whisper transcript,False,2.569999933242798,3.1500000953674316,2.569999933242798,3.1500000953674316,True,True,,sample_0066.json
-I_e4mIh0yE$_$1,exact_text,9,to,9,9,to,9,3.509999990463257,3.630000114440918,3.509999990463257,3.630000114440918,3.08,3.64,0.42999999046325676,mandatory_unique_exact_token_pair_in_all_optimal_LCS_alignments,mfa_primary_exact_transcript_auto_qc_pass,A_exact_transcript,MFA 3.4.2 forced alignment of Whisper transcript,False,3.509999990463257,3.630000114440918,3.509999990463257,3.630000114440918,True,True,,sample_0066.json
-I_e4mIh0yE$_$1,exact_text,10,the,10,10,the,10,3.630000114440918,3.7300000190734863,3.630000114440918,3.7300000190734863,3.64,3.76,0.02999998092651346,mandatory_unique_exact_token_pair_in_all_optimal_LCS_alignments,mfa_primary_exact_transcript_auto_qc_pass,A_exact_transcript,MFA 3.4.2 forced alignment of Whisper transcript,False,3.630000114440918,3.7300000190734863,3.630000114440918,3.7300000190734863,True,True,,sample_0066.json
-I_e4mIh0yE$_$1,exact_text,11,degree,11,11,degree,11,3.7300000190734863,4.210000038146973,3.7300000190734863,4.210000038146973,3.76,4.08,0.13000003814697259,mandatory_unique_exact_token_pair_in_all_optimal_LCS_alignments,mfa_primary_exact_transcript_auto_qc_pass,A_exact_transcript,MFA 3.4.2 forced alignment of Whisper transcript,False,3.7300000190734863,4.210000038146973,3.7300000190734863,4.210000038146973,True,True,,sample_0066.json
-I_e4mIh0yE$_$1,exact_text,12,to,12,12,to,12,4.210000038146973,4.300000190734863,4.210000038146973,4.300000190734863,4.08,4.34,0.13000003814697259,mandatory_unique_exact_token_pair_in_all_optimal_LCS_alignments,mfa_primary_exact_transcript_auto_qc_pass,A_exact_transcript,MFA 3.4.2 forced alignment of Whisper transcript,False,4.210000038146973,4.300000190734863,4.210000038146973,4.300000190734863,True,True,,sample_0066.json
-I_e4mIh0yE$_$1,exact_text,13,which,13,13,which,13,4.300000190734863,4.75,4.300000190734863,4.75,4.34,4.68,0.07000000000000028,mandatory_unique_exact_token_pair_in_all_optimal_LCS_alignments,mfa_primary_exact_transcript_auto_qc_pass,A_exact_transcript,MFA 3.4.2 forced alignment of Whisper transcript,False,4.300000190734863,4.75,4.300000190734863,4.75,True,True,,sample_0066.json
-I_e4mIh0yE$_$1,exact_text,14,failure,14,14,failure,14,4.78000020980835,5.289999961853027,4.78000020980835,5.289999961853027,4.68,5.16,0.1299999618530272,mandatory_unique_exact_token_pair_in_all_optimal_LCS_alignments,mfa_primary_exact_transcript_auto_qc_pass,A_exact_transcript,MFA 3.4.2 forced alignment of Whisper transcript,False,4.78000020980835,5.289999961853027,4.78000020980835,5.289999961853027,True,True,,sample_0066.json
-I_e4mIh0yE$_$1,exact_text,15,is,15,15,is,15,5.289999961853027,5.409999847412109,5.289999961853027,5.409999847412109,5.16,5.42,0.1299999618530272,mandatory_unique_exact_token_pair_in_all_optimal_LCS_alignments,mfa_primary_exact_transcript_auto_qc_pass,A_exact_transcript,MFA 3.4.2 forced alignment of Whisper transcript,False,5.289999961853027,5.409999847412109,5.289999961853027,5.409999847412109,True,True,,sample_0066.json
-I_e4mIh0yE$_$1,exact_text,16,punished,16,16,punished,16,5.409999847412109,5.980000019073486,5.409999847412109,5.980000019073486,5.42,5.74,0.24000001907348611,mandatory_unique_exact_token_pair_in_all_optimal_LCS_alignments,mfa_primary_exact_transcript_auto_qc_pass,A_exact_transcript,MFA 3.4.2 forced alignment of Whisper transcript,False,5.409999847412109,5.980000019073486,5.409999847412109,5.980000019073486,True,True,,sample_0066.json
-I_e4mIh0yE$_$1,exact_text,17,in,17,17,in,17,6.139999866485596,6.440000057220459,6.139999866485596,6.440000057220459,5.74,6.42,0.3999998664855955,mandatory_unique_exact_token_pair_in_all_optimal_LCS_alignments,mfa_primary_exact_transcript_auto_qc_pass,A_exact_transcript,MFA 3.4.2 forced alignment of Whisper transcript,False,6.139999866485596,6.440000057220459,6.139999866485596,6.440000057220459,True,True,,sample_0066.json
-I_e4mIh0yE$_$1,exact_text,18,Europe,18,18,europe,18,6.440000057220459,6.920000076293945,6.440000057220459,6.920000076293945,6.42,6.8,0.12000007629394549,mandatory_unique_exact_token_pair_in_all_optimal_LCS_alignments,mfa_primary_exact_transcript_auto_qc_pass,A_exact_transcript,MFA 3.4.2 forced alignment of Whisper transcript,False,6.440000057220459,6.920000076293945,6.440000057220459,6.920000076293945,True,True,,sample_0066.json
-I_e4mIh0yE$_$3,text_mismatch,1,It's,1,1,it's,1,0.5199999809265137,0.7799999713897705,0.5199999809265137,0.7799999713897705,0.0,0.84,0.5199999809265137,mandatory_unique_exact_token_pair_in_all_optimal_LCS_alignments,mfa_whisper_discrepancy_over_0_5s_null_primary,B_unique_word_overlap_in_mismatched_transcript,MFA 3.4.2 forced alignment of Whisper transcript,True,,,,,False,True,mfa_whisper_edge_difference_over_0_5s,sample_0067.json
-I_e4mIh0yE$_$3,text_mismatch,2,perceived,2,2,perceived,2,0.7799999713897705,1.4700000286102295,0.7799999713897705,1.4700000286102295,0.84,1.32,0.15000002861022943,mandatory_unique_exact_token_pair_in_all_optimal_LCS_alignments,mfa_primary_unique_word_overlap_auto_qc_pass,B_unique_word_overlap_in_mismatched_transcript,MFA 3.4.2 forced alignment of Whisper transcript,False,0.7799999713897705,1.4700000286102295,0.7799999713897705,1.4700000286102295,True,True,,sample_0067.json
-I_e4mIh0yE$_$3,text_mismatch,3,that,3,3,that,3,1.4700000286102295,1.7000000476837158,1.4700000286102295,1.7000000476837158,1.32,3.18,1.4799999523162843,mandatory_unique_exact_token_pair_in_all_optimal_LCS_alignments,mfa_whisper_discrepancy_over_0_5s_null_primary,B_unique_word_overlap_in_mismatched_transcript,MFA 3.4.2 forced alignment of Whisper transcript,True,,,,,False,True,mfa_whisper_edge_difference_over_0_5s,sample_0067.json
-I_e4mIh0yE$_$3,text_mismatch,4,you,,,,,,,,,,,,mandatory_unique_exact_token_pair_in_all_optimal_LCS_alignments,official_word_unmatched_or_ambiguous_in_asr,,,False,,,,,False,False,,sample_0067.json
-I_e4mIh0yE$_$3,text_mismatch,5,have,,,,,,,,,,,,mandatory_unique_exact_token_pair_in_all_optimal_LCS_alignments,official_word_unmatched_or_ambiguous_in_asr,,,False,,,,,False,False,,sample_0067.json
-I_e4mIh0yE$_$3,text_mismatch,6,actually,5,5,actually,5,1.8300000429153442,2.3299999237060547,1.8300000429153442,2.3299999237060547,3.36,3.64,1.5299999570846556,mandatory_unique_exact_token_pair_in_all_optimal_LCS_alignments,mfa_whisper_discrepancy_over_0_5s_null_primary,B_unique_word_overlap_in_mismatched_transcript,MFA 3.4.2 forced alignment of Whisper transcript,True,,,,,False,True,mfa_whisper_edge_difference_over_0_5s,sample_0067.json
-I_e4mIh0yE$_$3,text_mismatch,7,learned,6,6,learned,6,2.7200000286102295,2.819999933242798,2.7200000286102295,2.819999933242798,3.64,3.96,1.1400000667572021,mandatory_unique_exact_token_pair_in_all_optimal_LCS_alignments,mfa_whisper_discrepancy_over_0_5s_null_primary,B_unique_word_overlap_in_mismatched_transcript,MFA 3.4.2 forced alignment of Whisper transcript,True,,,,,False,True,mfa_whisper_edge_difference_over_0_5s,sample_0067.json
-I_e4mIh0yE$_$3,text_mismatch,8,something,7,7,something,7,2.819999933242798,3.240000009536743,2.819999933242798,3.240000009536743,3.96,4.66,1.419999990463257,mandatory_unique_exact_token_pair_in_all_optimal_LCS_alignments,mfa_whisper_discrepancy_over_0_5s_null_primary,B_unique_word_overlap_in_mismatched_transcript,MFA 3.4.2 forced alignment of Whisper transcript,True,,,,,False,True,mfa_whisper_edge_difference_over_0_5s,sample_0067.json
-I_e4mIh0yE$_$3,text_mismatch,9,over,8,8,over,8,3.240000009536743,3.4700000286102295,3.240000009536743,3.4700000286102295,4.66,5.58,2.1099999713897706,mandatory_unique_exact_token_pair_in_all_optimal_LCS_alignments,mfa_whisper_discrepancy_over_0_5s_null_primary,B_unique_word_overlap_in_mismatched_transcript,MFA 3.4.2 forced alignment of Whisper transcript,True,,,,,False,True,mfa_whisper_edge_difference_over_0_5s,sample_0067.json
-I_e4mIh0yE$_$3,text_mismatch,10,the,9,9,the,9,3.569999933242798,4.690000057220459,3.569999933242798,4.690000057220459,5.58,5.72,2.010000066757202,mandatory_unique_exact_token_pair_in_all_optimal_LCS_alignments,mfa_whisper_discrepancy_over_0_5s_null_primary,B_unique_word_overlap_in_mismatched_transcript,MFA 3.4.2 forced alignment of Whisper transcript,True,,,,,False,True,mfa_whisper_edge_difference_over_0_5s,sample_0067.json
-I_e4mIh0yE$_$3,text_mismatch,11,course,10,10,course,10,5.070000171661377,5.28000020980835,5.070000171661377,5.28000020980835,5.72,5.86,0.6499998283386228,mandatory_unique_exact_token_pair_in_all_optimal_LCS_alignments,mfa_whisper_discrepancy_over_0_5s_null_primary,B_unique_word_overlap_in_mismatched_transcript,MFA 3.4.2 forced alignment of Whisper transcript,True,,,,,False,True,mfa_whisper_edge_difference_over_0_5s,sample_0067.json
-I_e4mIh0yE$_$3,text_mismatch,12,of,11,11,of,11,5.460000038146973,5.559999942779541,5.460000038146973,5.559999942779541,5.86,6.06,0.5000000572204586,mandatory_unique_exact_token_pair_in_all_optimal_LCS_alignments,mfa_whisper_discrepancy_over_0_5s_null_primary,B_unique_word_overlap_in_mismatched_transcript,MFA 3.4.2 forced alignment of Whisper transcript,True,,,,,False,True,mfa_whisper_edge_difference_over_0_5s,sample_0067.json
-I_e4mIh0yE$_$3,text_mismatch,13,your,12,12,your,12,5.559999942779541,5.670000076293945,5.559999942779541,5.670000076293945,6.06,6.16,0.5000000572204586,mandatory_unique_exact_token_pair_in_all_optimal_LCS_alignments,mfa_whisper_discrepancy_over_0_5s_null_primary,B_unique_word_overlap_in_mismatched_transcript,MFA 3.4.2 forced alignment of Whisper transcript,True,,,,,False,True,mfa_whisper_edge_difference_over_0_5s,sample_0067.json
-I_e4mIh0yE$_$3,text_mismatch,14,carreer,,,,,,,,,,,,mandatory_unique_exact_token_pair_in_all_optimal_LCS_alignments,official_word_unmatched_or_ambiguous_in_asr,,,False,,,,,False,False,,sample_0067.json
-I_e4mIh0yE$_$3,text_mismatch,15,and,14,14,and,14,6.25,6.559999942779541,6.25,6.559999942779541,6.42,6.54,0.16999999999999993,mandatory_unique_exact_token_pair_in_all_optimal_LCS_alignments,mfa_primary_unique_word_overlap_auto_qc_pass,B_unique_word_overlap_in_mismatched_transcript,MFA 3.4.2 forced alignment of Whisper transcript,False,6.25,6.559999942779541,6.25,6.559999942779541,True,True,,sample_0067.json
-I_e4mIh0yE$_$3,text_mismatch,16,that,15,15,that,15,6.559999942779541,6.670000076293945,6.559999942779541,6.670000076293945,6.54,6.66,0.01999994277954098,mandatory_unique_exact_token_pair_in_all_optimal_LCS_alignments,mfa_primary_unique_word_overlap_auto_qc_pass,B_unique_word_overlap_in_mismatched_transcript,MFA 3.4.2 forced alignment of Whisper transcript,False,6.559999942779541,6.670000076293945,6.559999942779541,6.670000076293945,True,True,,sample_0067.json
-I_e4mIh0yE$_$3,text_mismatch,17,you,16,16,you,16,6.670000076293945,6.809999942779541,6.670000076293945,6.809999942779541,6.66,6.8,0.01000007629394517,mandatory_unique_exact_token_pair_in_all_optimal_LCS_alignments,mfa_primary_unique_word_overlap_auto_qc_pass,B_unique_word_overlap_in_mismatched_transcript,MFA 3.4.2 forced alignment of Whisper transcript,False,6.670000076293945,6.809999942779541,6.670000076293945,6.809999942779541,True,True,,sample_0067.json
-I_e4mIh0yE$_$3,text_mismatch,18,won't,17,17,won't,17,6.809999942779541,7.039999961853027,6.809999942779541,7.039999961853027,6.8,7.04,0.009999942779541193,mandatory_unique_exact_token_pair_in_all_optimal_LCS_alignments,mfa_primary_unique_word_overlap_auto_qc_pass,B_unique_word_overlap_in_mismatched_transcript,MFA 3.4.2 forced alignment of Whisper transcript,False,6.809999942779541,7.039999961853027,6.809999942779541,7.039999961853027,True,True,,sample_0067.json
-I_e4mIh0yE$_$3,text_mismatch,19,make,18,18,make,18,7.039999961853027,7.210000038146973,7.039999961853027,7.210000038146973,7.04,7.44,0.22999996185302773,mandatory_unique_exact_token_pair_in_all_optimal_LCS_alignments,mfa_primary_unique_word_overlap_auto_qc_pass,B_unique_word_overlap_in_mismatched_transcript,MFA 3.4.2 forced alignment of Whisper transcript,False,7.039999961853027,7.210000038146973,7.039999961853027,7.210000038146973,True,True,,sample_0067.json
-I_e4mIh0yE$_$3,text_mismatch,20,the,19,19,the,19,7.309999942779541,7.480000019073486,7.309999942779541,7.480000019073486,7.44,7.62,0.13999998092651378,mandatory_unique_exact_token_pair_in_all_optimal_LCS_alignments,mfa_primary_unique_word_overlap_auto_qc_pass,B_unique_word_overlap_in_mismatched_transcript,MFA 3.4.2 forced alignment of Whisper transcript,False,7.309999942779541,7.480000019073486,7.309999942779541,7.480000019073486,True,True,,sample_0067.json
-I_e4mIh0yE$_$3,text_mismatch,21,mistake,20,20,mistake,20,7.579999923706055,8.029999732971191,7.579999923706055,8.029999732971191,7.62,7.9,0.12999973297119105,mandatory_unique_exact_token_pair_in_all_optimal_LCS_alignments,mfa_primary_unique_word_overlap_auto_qc_pass,B_unique_word_overlap_in_mismatched_transcript,MFA 3.4.2 forced alignment of Whisper transcript,False,7.579999923706055,8.029999732971191,7.579999923706055,8.029999732971191,True,True,,sample_0067.json
-I_e4mIh0yE$_$3,text_mismatch,22,twice,21,21,twice,21,8.029999732971191,8.470000267028809,8.029999732971191,8.470000267028809,7.9,8.34,0.13000026702880874,mandatory_unique_exact_token_pair_in_all_optimal_LCS_alignments,mfa_primary_unique_word_overlap_auto_qc_pass,B_unique_word_overlap_in_mismatched_transcript,MFA 3.4.2 forced alignment of Whisper transcript,False,8.029999732971191,8.470000267028809,8.029999732971191,8.470000267028809,True,True,,sample_0067.json
-UacrmKiTn4$_$10,exact_text,1,Because,1,1,because,1,0.0,0.8299999833106995,0.0,0.8299999833106995,0.0,0.58,0.2499999833106995,mandatory_unique_exact_token_pair_in_all_optimal_LCS_alignments,mfa_primary_exact_transcript_auto_qc_pass,A_exact_transcript,MFA 3.4.2 forced alignment of Whisper transcript,False,0.0,0.8299999833106995,0.0,0.8299999833106995,True,True,,sample_0068.json
-UacrmKiTn4$_$10,exact_text,2,if,2,2,if,2,0.8299999833106995,0.9700000286102295,0.8299999833106995,0.9700000286102295,0.58,0.96,0.2499999833106995,mandatory_unique_exact_token_pair_in_all_optimal_LCS_alignments,mfa_primary_exact_transcript_auto_qc_pass,A_exact_transcript,MFA 3.4.2 forced alignment of Whisper transcript,False,0.8299999833106995,0.9700000286102295,0.8299999833106995,0.9700000286102295,True,True,,sample_0068.json
-UacrmKiTn4$_$10,exact_text,3,they,3,3,they,3,0.9700000286102295,1.1699999570846558,0.9700000286102295,1.1699999570846558,0.96,1.16,0.010000028610229528,mandatory_unique_exact_token_pair_in_all_optimal_LCS_alignments,mfa_primary_exact_transcript_auto_qc_pass,A_exact_transcript,MFA 3.4.2 forced alignment of Whisper transcript,False,0.9700000286102295,1.1699999570846558,0.9700000286102295,1.1699999570846558,True,True,,sample_0068.json
-UacrmKiTn4$_$10,exact_text,4,are,4,4,are,4,1.1699999570846558,1.2899999618530273,1.1699999570846558,1.2899999618530273,1.16,1.3,0.0100000381469727,mandatory_unique_exact_token_pair_in_all_optimal_LCS_alignments,mfa_primary_exact_transcript_auto_qc_pass,A_exact_transcript,MFA 3.4.2 forced alignment of Whisper transcript,False,1.1699999570846558,1.2899999618530273,1.1699999570846558,1.2899999618530273,True,True,,sample_0068.json
-UacrmKiTn4$_$10,exact_text,5,not,5,5,not,5,1.2899999618530273,1.8300000429153442,1.2899999618530273,1.8300000429153442,1.3,1.66,0.17000004291534432,mandatory_unique_exact_token_pair_in_all_optimal_LCS_alignments,mfa_primary_exact_transcript_auto_qc_pass,A_exact_transcript,MFA 3.4.2 forced alignment of Whisper transcript,False,1.2899999618530273,1.8300000429153442,1.2899999618530273,1.8300000429153442,True,True,,sample_0068.json
-UacrmKiTn4$_$10,exact_text,6,in,6,6,in,6,2.1500000953674316,2.2699999809265137,2.1500000953674316,2.2699999809265137,1.66,2.28,0.4900000953674317,mandatory_unique_exact_token_pair_in_all_optimal_LCS_alignments,mfa_primary_exact_transcript_auto_qc_pass,A_exact_transcript,MFA 3.4.2 forced alignment of Whisper transcript,False,2.1500000953674316,2.2699999809265137,2.1500000953674316,2.2699999809265137,True,True,,sample_0068.json
-UacrmKiTn4$_$10,exact_text,7,any,7,7,any,7,2.2699999809265137,2.569999933242798,2.2699999809265137,2.569999933242798,2.28,2.58,0.01000006675720222,mandatory_unique_exact_token_pair_in_all_optimal_LCS_alignments,mfa_primary_exact_transcript_auto_qc_pass,A_exact_transcript,MFA 3.4.2 forced alignment of Whisper transcript,False,2.2699999809265137,2.569999933242798,2.2699999809265137,2.569999933242798,True,True,,sample_0068.json
-UacrmKiTn4$_$10,exact_text,8,way,8,8,way,8,2.569999933242798,2.809999942779541,2.569999933242798,2.809999942779541,2.58,2.76,0.04999994277954123,mandatory_unique_exact_token_pair_in_all_optimal_LCS_alignments,mfa_primary_exact_transcript_auto_qc_pass,A_exact_transcript,MFA 3.4.2 forced alignment of Whisper transcript,False,2.569999933242798,2.809999942779541,2.569999933242798,2.809999942779541,True,True,,sample_0068.json
-UacrmKiTn4$_$10,exact_text,9,held,9,9,held,9,2.809999942779541,3.0999999046325684,2.809999942779541,3.0999999046325684,2.76,3.04,0.059999904632568324,mandatory_unique_exact_token_pair_in_all_optimal_LCS_alignments,mfa_primary_exact_transcript_auto_qc_pass,A_exact_transcript,MFA 3.4.2 forced alignment of Whisper transcript,False,2.809999942779541,3.0999999046325684,2.809999942779541,3.0999999046325684,True,True,,sample_0068.json
-UacrmKiTn4$_$10,exact_text,10,accountable,10,10,accountable,10,3.0999999046325684,3.9100000858306885,3.0999999046325684,3.9100000858306885,3.04,3.68,0.23000008583068832,mandatory_unique_exact_token_pair_in_all_optimal_LCS_alignments,mfa_primary_exact_transcript_auto_qc_pass,A_exact_transcript,MFA 3.4.2 forced alignment of Whisper transcript,False,3.0999999046325684,3.9100000858306885,3.0999999046325684,3.9100000858306885,True,True,,sample_0068.json
-UacrmKiTn4$_$10,exact_text,11,for,11,11,for,11,3.9700000286102295,4.21999979019165,3.9700000286102295,4.21999979019165,3.68,4.16,0.29000002861022933,mandatory_unique_exact_token_pair_in_all_optimal_LCS_alignments,mfa_primary_exact_transcript_auto_qc_pass,A_exact_transcript,MFA 3.4.2 forced alignment of Whisper transcript,False,3.9700000286102295,4.21999979019165,3.9700000286102295,4.21999979019165,True,True,,sample_0068.json
-UacrmKiTn4$_$10,exact_text,12,reading,12,12,reading,12,4.21999979019165,4.590000152587891,4.21999979019165,4.590000152587891,4.16,4.46,0.13000015258789066,mandatory_unique_exact_token_pair_in_all_optimal_LCS_alignments,mfa_primary_exact_transcript_auto_qc_pass,A_exact_transcript,MFA 3.4.2 forced alignment of Whisper transcript,False,4.21999979019165,4.590000152587891,4.21999979019165,4.590000152587891,True,True,,sample_0068.json
-UacrmKiTn4$_$10,exact_text,13,the,13,13,the,13,4.590000152587891,4.650000095367432,4.590000152587891,4.650000095367432,4.46,4.68,0.13000015258789066,mandatory_unique_exact_token_pair_in_all_optimal_LCS_alignments,mfa_primary_exact_transcript_auto_qc_pass,A_exact_transcript,MFA 3.4.2 forced alignment of Whisper transcript,False,4.590000152587891,4.650000095367432,4.590000152587891,4.650000095367432,True,True,,sample_0068.json
-UacrmKiTn4$_$10,exact_text,14,material,14,14,material,14,4.650000095367432,5.480000019073486,4.650000095367432,5.480000019073486,4.68,5.16,0.3200000190734862,mandatory_unique_exact_token_pair_in_all_optimal_LCS_alignments,mfa_primary_exact_transcript_auto_qc_pass,A_exact_transcript,MFA 3.4.2 forced alignment of Whisper transcript,False,4.650000095367432,5.480000019073486,4.650000095367432,5.480000019073486,True,True,,sample_0068.json
-UacrmKiTn4$_$10,exact_text,15,they,15,15,they,15,5.909999847412109,6.090000152587891,5.909999847412109,6.090000152587891,5.74,6.08,0.16999984741210916,mandatory_unique_exact_token_pair_in_all_optimal_LCS_alignments,mfa_primary_exact_transcript_auto_qc_pass,A_exact_transcript,MFA 3.4.2 forced alignment of Whisper transcript,False,5.909999847412109,6.090000152587891,5.909999847412109,6.090000152587891,True,True,,sample_0068.json
-UacrmKiTn4$_$10,exact_text,16,won't,16,16,won't,16,6.090000152587891,6.380000114440918,6.090000152587891,6.380000114440918,6.08,6.4,0.019999885559082387,mandatory_unique_exact_token_pair_in_all_optimal_LCS_alignments,mfa_primary_exact_transcript_auto_qc_pass,A_exact_transcript,MFA 3.4.2 forced alignment of Whisper transcript,False,6.090000152587891,6.380000114440918,6.090000152587891,6.380000114440918,True,True,,sample_0068.json
-UacrmKiTn4$_$10,exact_text,17,do,17,17,do,17,6.380000114440918,6.539999961853027,6.380000114440918,6.539999961853027,6.4,6.52,0.01999996185302777,mandatory_unique_exact_token_pair_in_all_optimal_LCS_alignments,mfa_primary_exact_transcript_auto_qc_pass,A_exact_transcript,MFA 3.4.2 forced alignment of Whisper transcript,False,6.380000114440918,6.539999961853027,6.380000114440918,6.539999961853027,True,True,,sample_0068.json
-UacrmKiTn4$_$10,exact_text,18,it,18,18,it,18,6.539999961853027,6.809999942779541,6.539999961853027,6.809999942779541,6.52,6.72,0.08999994277954126,mandatory_unique_exact_token_pair_in_all_optimal_LCS_alignments,mfa_primary_exact_transcript_auto_qc_pass,A_exact_transcript,MFA 3.4.2 forced alignment of Whisper transcript,False,6.539999961853027,6.809999942779541,6.539999961853027,6.809999942779541,True,True,,sample_0068.json
-UacrmKiTn4$_$4,text_mismatch,1,Just,2,2,just,2,0.5,0.75,0.5,0.75,0.44,0.68,0.06999999999999995,mandatory_unique_exact_token_pair_in_all_optimal_LCS_alignments,mfa_primary_unique_word_overlap_auto_qc_pass,B_unique_word_overlap_in_mismatched_transcript,MFA 3.4.2 forced alignment of Whisper transcript,False,0.5,0.75,0.5,0.75,True,True,,sample_0069.json
-UacrmKiTn4$_$4,text_mismatch,2,given,3,3,given,3,0.75,0.9800000190734863,0.75,0.9800000190734863,0.68,0.94,0.06999999999999995,mandatory_unique_exact_token_pair_in_all_optimal_LCS_alignments,mfa_primary_unique_word_overlap_auto_qc_pass,B_unique_word_overlap_in_mismatched_transcript,MFA 3.4.2 forced alignment of Whisper transcript,False,0.75,0.9800000190734863,0.75,0.9800000190734863,True,True,,sample_0069.json
-UacrmKiTn4$_$4,text_mismatch,3,to,4,4,to,4,0.9800000190734863,1.100000023841858,0.9800000190734863,1.100000023841858,0.94,1.12,0.04000001907348638,mandatory_unique_exact_token_pair_in_all_optimal_LCS_alignments,mfa_primary_unique_word_overlap_auto_qc_pass,B_unique_word_overlap_in_mismatched_transcript,MFA 3.4.2 forced alignment of Whisper transcript,False,0.9800000190734863,1.100000023841858,0.9800000190734863,1.100000023841858,True,True,,sample_0069.json
-UacrmKiTn4$_$4,text_mismatch,4,their,5,5,their,5,1.100000023841858,1.3200000524520874,1.100000023841858,1.3200000524520874,1.12,1.26,0.06000005245208739,mandatory_unique_exact_token_pair_in_all_optimal_LCS_alignments,mfa_primary_unique_word_overlap_auto_qc_pass,B_unique_word_overlap_in_mismatched_transcript,MFA 3.4.2 forced alignment of Whisper transcript,False,1.100000023841858,1.3200000524520874,1.100000023841858,1.3200000524520874,True,True,,sample_0069.json
-UacrmKiTn4$_$4,text_mismatch,5,own,6,6,own,6,1.3200000524520874,1.5,1.3200000524520874,1.5,1.26,1.46,0.06000005245208739,mandatory_unique_exact_token_pair_in_all_optimal_LCS_alignments,mfa_primary_unique_word_overlap_auto_qc_pass,B_unique_word_overlap_in_mismatched_transcript,MFA 3.4.2 forced alignment of Whisper transcript,False,1.3200000524520874,1.5,1.3200000524520874,1.5,True,True,,sample_0069.json
-UacrmKiTn4$_$4,text_mismatch,6,devices,7,7,devices,7,1.5,2.130000114440918,1.5,2.130000114440918,1.46,1.96,0.170000114440918,mandatory_unique_exact_token_pair_in_all_optimal_LCS_alignments,mfa_primary_unique_word_overlap_auto_qc_pass,B_unique_word_overlap_in_mismatched_transcript,MFA 3.4.2 forced alignment of Whisper transcript,False,1.5,2.130000114440918,1.5,2.130000114440918,True,True,,sample_0069.json
-UacrmKiTn4$_$4,text_mismatch,7,they,8,8,they,8,2.130000114440918,2.2899999618530273,2.130000114440918,2.2899999618530273,2.3,2.3,0.16999988555908185,mandatory_unique_exact_token_pair_in_all_optimal_LCS_alignments,mfa_primary_unique_word_overlap_auto_qc_pass,B_unique_word_overlap_in_mismatched_transcript,MFA 3.4.2 forced alignment of Whisper transcript,False,2.130000114440918,2.2899999618530273,2.130000114440918,2.2899999618530273,True,True,,sample_0069.json
-UacrmKiTn4$_$4,text_mismatch,8,are,9,9,are,9,2.2899999618530273,2.430000066757202,2.2899999618530273,2.430000066757202,2.3,2.44,0.010000038146972479,mandatory_unique_exact_token_pair_in_all_optimal_LCS_alignments,mfa_primary_unique_word_overlap_auto_qc_pass,B_unique_word_overlap_in_mismatched_transcript,MFA 3.4.2 forced alignment of Whisper transcript,False,2.2899999618530273,2.430000066757202,2.2899999618530273,2.430000066757202,True,True,,sample_0069.json
-UacrmKiTn4$_$4,text_mismatch,9,not,10,10,not,10,2.430000066757202,2.759999990463257,2.430000066757202,2.759999990463257,2.44,2.66,0.0999999904632567,mandatory_unique_exact_token_pair_in_all_optimal_LCS_alignments,mfa_primary_unique_word_overlap_auto_qc_pass,B_unique_word_overlap_in_mismatched_transcript,MFA 3.4.2 forced alignment of Whisper transcript,False,2.430000066757202,2.759999990463257,2.430000066757202,2.759999990463257,True,True,,sample_0069.json
-UacrmKiTn4$_$4,text_mismatch,10,going,11,11,going,11,2.759999990463257,3.0199999809265137,2.759999990463257,3.0199999809265137,2.66,2.94,0.0999999904632567,mandatory_unique_exact_token_pair_in_all_optimal_LCS_alignments,mfa_primary_unique_word_overlap_auto_qc_pass,B_unique_word_overlap_in_mismatched_transcript,MFA 3.4.2 forced alignment of Whisper transcript,False,2.759999990463257,3.0199999809265137,2.759999990463257,3.0199999809265137,True,True,,sample_0069.json
-UacrmKiTn4$_$4,text_mismatch,11,to,12,12,to,12,3.0199999809265137,3.1500000953674316,3.0199999809265137,3.1500000953674316,2.94,3.16,0.07999998092651373,mandatory_unique_exact_token_pair_in_all_optimal_LCS_alignments,mfa_primary_unique_word_overlap_auto_qc_pass,B_unique_word_overlap_in_mismatched_transcript,MFA 3.4.2 forced alignment of Whisper transcript,False,3.0199999809265137,3.1500000953674316,3.0199999809265137,3.1500000953674316,True,True,,sample_0069.json
-UacrmKiTn4$_$4,text_mismatch,12,read,13,13,read,13,3.1500000953674316,3.4200000762939453,3.1500000953674316,3.4200000762939453,3.16,3.36,0.06000007629394544,mandatory_unique_exact_token_pair_in_all_optimal_LCS_alignments,mfa_primary_unique_word_overlap_auto_qc_pass,B_unique_word_overlap_in_mismatched_transcript,MFA 3.4.2 forced alignment of Whisper transcript,False,3.1500000953674316,3.4200000762939453,3.1500000953674316,3.4200000762939453,True,True,,sample_0069.json
-UacrmKiTn4$_$4,text_mismatch,13,the,14,14,the,14,3.4200000762939453,3.4800000190734863,3.4200000762939453,3.4800000190734863,3.36,3.54,0.06000007629394544,mandatory_unique_exact_token_pair_in_all_optimal_LCS_alignments,mfa_primary_unique_word_overlap_auto_qc_pass,B_unique_word_overlap_in_mismatched_transcript,MFA 3.4.2 forced alignment of Whisper transcript,False,3.4200000762939453,3.4800000190734863,3.4200000762939453,3.4800000190734863,True,True,,sample_0069.json
-UacrmKiTn4$_$4,text_mismatch,14,textbook,15,15,textbook,15,3.4800000190734863,4.190000057220459,3.4800000190734863,4.190000057220459,3.54,4.02,0.1700000572204594,mandatory_unique_exact_token_pair_in_all_optimal_LCS_alignments,mfa_primary_unique_word_overlap_auto_qc_pass,B_unique_word_overlap_in_mismatched_transcript,MFA 3.4.2 forced alignment of Whisper transcript,False,3.4800000190734863,4.190000057220459,3.4800000190734863,4.190000057220459,True,True,,sample_0069.json
-hnBHBN8p5A$_$7,text_mismatch,1,Picture,,,,,,,,,,,,mandatory_unique_exact_token_pair_in_all_optimal_LCS_alignments,official_word_unmatched_or_ambiguous_in_asr,,,False,,,,,False,False,,sample_0070.json
-hnBHBN8p5A$_$7,text_mismatch,2,this,,,,,,,,,,,,mandatory_unique_exact_token_pair_in_all_optimal_LCS_alignments,official_word_unmatched_or_ambiguous_in_asr,,,False,,,,,False,False,,sample_0070.json
-hnBHBN8p5A$_$7,text_mismatch,3,before,,,,,,,,,,,,mandatory_unique_exact_token_pair_in_all_optimal_LCS_alignments,official_word_unmatched_or_ambiguous_in_asr,,,False,,,,,False,False,,sample_0070.json
-hnBHBN8p5A$_$7,text_mismatch,4,we,,,,,,,,,,,,mandatory_unique_exact_token_pair_in_all_optimal_LCS_alignments,official_word_unmatched_or_ambiguous_in_asr,,,False,,,,,False,False,,sample_0070.json
-hnBHBN8p5A$_$7,text_mismatch,5,actually,,,,,,,,,,,,mandatory_unique_exact_token_pair_in_all_optimal_LCS_alignments,official_word_unmatched_or_ambiguous_in_asr,,,False,,,,,False,False,,sample_0070.json
-hnBHBN8p5A$_$7,text_mismatch,6,start,,,,,,,,,,,,mandatory_unique_exact_token_pair_in_all_optimal_LCS_alignments,official_word_unmatched_or_ambiguous_in_asr,,,False,,,,,False,False,,sample_0070.json
-hnBHBN8p5A$_$7,text_mismatch,7,hacking,,,,,,,,,,,,mandatory_unique_exact_token_pair_in_all_optimal_LCS_alignments,official_word_unmatched_or_ambiguous_in_asr,,,False,,,,,False,False,,sample_0070.json
-hnBHBN8p5A$_$7,text_mismatch,8,we're,,,,,,,,,,,,mandatory_unique_exact_token_pair_in_all_optimal_LCS_alignments,official_word_unmatched_or_ambiguous_in_asr,,,False,,,,,False,False,,sample_0070.json
-hnBHBN8p5A$_$7,text_mismatch,9,in,,,,,,,,,,,,mandatory_unique_exact_token_pair_in_all_optimal_LCS_alignments,official_word_unmatched_or_ambiguous_in_asr,,,False,,,,,False,False,,sample_0070.json
-hnBHBN8p5A$_$7,text_mismatch,10,a,,,,,,,,,,,,mandatory_unique_exact_token_pair_in_all_optimal_LCS_alignments,official_word_unmatched_or_ambiguous_in_asr,,,False,,,,,False,False,,sample_0070.json
-hnBHBN8p5A$_$7,text_mismatch,11,room,,,,,,,,,,,,mandatory_unique_exact_token_pair_in_all_optimal_LCS_alignments,official_word_unmatched_or_ambiguous_in_asr,,,False,,,,,False,False,,sample_0070.json
-hnBHBN8p5A$_$7,text_mismatch,12,formal,,,,,,,,,,,,mandatory_unique_exact_token_pair_in_all_optimal_LCS_alignments,official_word_unmatched_or_ambiguous_in_asr,,,False,,,,,False,False,,sample_0070.json
-hnBHBN8p5A$_$7,text_mismatch,13,setting,,,,,,,,,,,,mandatory_unique_exact_token_pair_in_all_optimal_LCS_alignments,official_word_unmatched_or_ambiguous_in_asr,,,False,,,,,False,False,,sample_0070.json
-hnBHBN8p5A$_$6,text_mismatch,1,Discussion,,,,,,,,,,,,mandatory_unique_exact_token_pair_in_all_optimal_LCS_alignments,official_word_unmatched_or_ambiguous_in_asr,,,False,,,,,False,False,,sample_0071.json
-hnBHBN8p5A$_$6,text_mismatch,2,how,,,,,,,,,,,,mandatory_unique_exact_token_pair_in_all_optimal_LCS_alignments,official_word_unmatched_or_ambiguous_in_asr,,,False,,,,,False,False,,sample_0071.json
-hnBHBN8p5A$_$6,text_mismatch,3,to,,,,,,,,,,,,mandatory_unique_exact_token_pair_in_all_optimal_LCS_alignments,official_word_unmatched_or_ambiguous_in_asr,,,False,,,,,False,False,,sample_0071.json
-hnBHBN8p5A$_$6,text_mismatch,4,discuss,,,,,,,,,,,,mandatory_unique_exact_token_pair_in_all_optimal_LCS_alignments,official_word_unmatched_or_ambiguous_in_asr,,,False,,,,,False,False,,sample_0071.json
-hnBHBN8p5A$_$6,text_mismatch,5,ideas,,,,,,,,,,,,mandatory_unique_exact_token_pair_in_all_optimal_LCS_alignments,official_word_unmatched_or_ambiguous_in_asr,,,False,,,,,False,False,,sample_0071.json
-hnBHBN8p5A$_$6,text_mismatch,6,and,,,,,,,,,,,,mandatory_unique_exact_token_pair_in_all_optimal_LCS_alignments,official_word_unmatched_or_ambiguous_in_asr,,,False,,,,,False,False,,sample_0071.json
-hnBHBN8p5A$_$6,text_mismatch,7,opinions,,,,,,,,,,,,mandatory_unique_exact_token_pair_in_all_optimal_LCS_alignments,official_word_unmatched_or_ambiguous_in_asr,,,False,,,,,False,False,,sample_0071.json
-hnBHBN8p5A$_$6,text_mismatch,8,more,,,,,,,,,,,,mandatory_unique_exact_token_pair_in_all_optimal_LCS_alignments,official_word_unmatched_or_ambiguous_in_asr,,,False,,,,,False,False,,sample_0071.json
-hnBHBN8p5A$_$6,text_mismatch,9,effectively,,,,,,,,,,,,mandatory_unique_exact_token_pair_in_all_optimal_LCS_alignments,official_word_unmatched_or_ambiguous_in_asr,,,False,,,,,False,False,,sample_0071.json
-hnBHBN8p5A$_$6,text_mismatch,10,than,,,,,,,,,,,,mandatory_unique_exact_token_pair_in_all_optimal_LCS_alignments,official_word_unmatched_or_ambiguous_in_asr,,,False,,,,,False,False,,sample_0071.json
-hnBHBN8p5A$_$6,text_mismatch,11,a,11,11,a,11,5.699999809265137,5.75,5.699999809265137,5.75,4.94,5.8,0.7599998092651363,mandatory_unique_exact_token_pair_in_all_optimal_LCS_alignments,mfa_whisper_discrepancy_over_0_5s_null_primary,B_unique_word_overlap_in_mismatched_transcript,MFA 3.4.2 forced alignment of Whisper transcript,True,,,,,False,True,mfa_whisper_edge_difference_over_0_5s,sample_0071.json
-hnBHBN8p5A$_$6,text_mismatch,12,native,,,,,,,,,,,,mandatory_unique_exact_token_pair_in_all_optimal_LCS_alignments,official_word_unmatched_or_ambiguous_in_asr,,,False,,,,,False,False,,sample_0071.json
-hnBHBN8p5A$_$6,text_mismatch,13,speaker,,,,,,,,,,,,mandatory_unique_exact_token_pair_in_all_optimal_LCS_alignments,official_word_unmatched_or_ambiguous_in_asr,,,False,,,,,False,False,,sample_0071.json
-qDkUB0GgYY$_$6,text_mismatch,1,We,3,3,we,3,0.49000000953674316,0.5899999737739563,0.49000000953674316,0.5899999737739563,0.6,0.6,0.10999999046325681,mandatory_unique_exact_token_pair_in_all_optimal_LCS_alignments,mfa_primary_unique_word_overlap_auto_qc_pass,B_unique_word_overlap_in_mismatched_transcript,MFA 3.4.2 forced alignment of Whisper transcript,False,0.49000000953674316,0.5899999737739563,0.49000000953674316,0.5899999737739563,True,True,,sample_0072.json
-qDkUB0GgYY$_$6,text_mismatch,2,always,4,4,always,4,0.5899999737739563,0.9200000166893005,0.5899999737739563,0.9200000166893005,0.6,0.82,0.10000001668930059,mandatory_unique_exact_token_pair_in_all_optimal_LCS_alignments,mfa_primary_unique_word_overlap_auto_qc_pass,B_unique_word_overlap_in_mismatched_transcript,MFA 3.4.2 forced alignment of Whisper transcript,False,0.5899999737739563,0.9200000166893005,0.5899999737739563,0.9200000166893005,True,True,,sample_0072.json
-qDkUB0GgYY$_$6,text_mismatch,3,love,5,5,love,5,0.9200000166893005,1.149999976158142,0.9200000166893005,1.149999976158142,0.82,1.12,0.10000001668930059,mandatory_unique_exact_token_pair_in_all_optimal_LCS_alignments,mfa_primary_unique_word_overlap_auto_qc_pass,B_unique_word_overlap_in_mismatched_transcript,MFA 3.4.2 forced alignment of Whisper transcript,False,0.9200000166893005,1.149999976158142,0.9200000166893005,1.149999976158142,True,True,,sample_0072.json
-qDkUB0GgYY$_$6,text_mismatch,4,to,6,6,to,6,1.149999976158142,1.2599999904632568,1.149999976158142,1.2599999904632568,1.12,1.28,0.029999976158141983,mandatory_unique_exact_token_pair_in_all_optimal_LCS_alignments,mfa_primary_unique_word_overlap_auto_qc_pass,B_unique_word_overlap_in_mismatched_transcript,MFA 3.4.2 forced alignment of Whisper transcript,False,1.149999976158142,1.2599999904632568,1.149999976158142,1.2599999904632568,True,True,,sample_0072.json
-qDkUB0GgYY$_$6,text_mismatch,5,hear,7,7,hear,7,1.2599999904632568,1.4299999475479126,1.2599999904632568,1.4299999475479126,1.28,1.4,0.029999947547912686,mandatory_unique_exact_token_pair_in_all_optimal_LCS_alignments,mfa_primary_unique_word_overlap_auto_qc_pass,B_unique_word_overlap_in_mismatched_transcript,MFA 3.4.2 forced alignment of Whisper transcript,False,1.2599999904632568,1.4299999475479126,1.2599999904632568,1.4299999475479126,True,True,,sample_0072.json
-qDkUB0GgYY$_$6,text_mismatch,6,what,8,8,what,8,1.4299999475479126,1.5399999618530273,1.4299999475479126,1.5399999618530273,1.4,1.54,0.029999947547912686,mandatory_unique_exact_token_pair_in_all_optimal_LCS_alignments,mfa_primary_unique_word_overlap_auto_qc_pass,B_unique_word_overlap_in_mismatched_transcript,MFA 3.4.2 forced alignment of Whisper transcript,False,1.4299999475479126,1.5399999618530273,1.4299999475479126,1.5399999618530273,True,True,,sample_0072.json
-qDkUB0GgYY$_$6,text_mismatch,7,you,9,9,you,9,1.5399999618530273,1.6399999856948853,1.5399999618530273,1.6399999856948853,1.54,1.66,0.020000014305114666,mandatory_unique_exact_token_pair_in_all_optimal_LCS_alignments,mfa_primary_unique_word_overlap_auto_qc_pass,B_unique_word_overlap_in_mismatched_transcript,MFA 3.4.2 forced alignment of Whisper transcript,False,1.5399999618530273,1.6399999856948853,1.5399999618530273,1.6399999856948853,True,True,,sample_0072.json
-qDkUB0GgYY$_$6,text_mismatch,8,say,12,12,say,12,1.8200000524520874,2.240000009536743,1.8200000524520874,2.240000009536743,1.88,2.2,0.05999994754791249,mandatory_unique_exact_token_pair_in_all_optimal_LCS_alignments,mfa_primary_unique_word_overlap_auto_qc_pass,B_unique_word_overlap_in_mismatched_transcript,MFA 3.4.2 forced alignment of Whisper transcript,False,1.8200000524520874,2.240000009536743,1.8200000524520874,2.240000009536743,True,True,,sample_0072.json
-qDkUB0GgYY$_$6,text_mismatch,9,and,13,13,and,13,2.559999942779541,2.7200000286102295,2.559999942779541,2.7200000286102295,2.2,2.68,0.35999994277954084,mandatory_unique_exact_token_pair_in_all_optimal_LCS_alignments,mfa_primary_unique_word_overlap_auto_qc_pass,B_unique_word_overlap_in_mismatched_transcript,MFA 3.4.2 forced alignment of Whisper transcript,False,2.559999942779541,2.7200000286102295,2.559999942779541,2.7200000286102295,True,True,,sample_0072.json
-qDkUB0GgYY$_$6,text_mismatch,10,like,14,14,like,14,2.7200000286102295,2.9200000762939453,2.7200000286102295,2.9200000762939453,2.68,2.86,0.06000007629394544,mandatory_unique_exact_token_pair_in_all_optimal_LCS_alignments,mfa_primary_unique_word_overlap_auto_qc_pass,B_unique_word_overlap_in_mismatched_transcript,MFA 3.4.2 forced alignment of Whisper transcript,False,2.7200000286102295,2.9200000762939453,2.7200000286102295,2.9200000762939453,True,True,,sample_0072.json
-qDkUB0GgYY$_$6,text_mismatch,11,and,15,15,and,15,2.9200000762939453,3.0199999809265137,2.9200000762939453,3.0199999809265137,2.86,3.0,0.06000007629394544,mandatory_unique_exact_token_pair_in_all_optimal_LCS_alignments,mfa_primary_unique_word_overlap_auto_qc_pass,B_unique_word_overlap_in_mismatched_transcript,MFA 3.4.2 forced alignment of Whisper transcript,False,2.9200000762939453,3.0199999809265137,2.9200000762939453,3.0199999809265137,True,True,,sample_0072.json
-qDkUB0GgYY$_$6,text_mismatch,12,share,16,16,share,16,3.0199999809265137,3.1700000762939453,3.0199999809265137,3.1700000762939453,3.0,3.14,0.030000076293945188,mandatory_unique_exact_token_pair_in_all_optimal_LCS_alignments,mfa_primary_unique_word_overlap_auto_qc_pass,B_unique_word_overlap_in_mismatched_transcript,MFA 3.4.2 forced alignment of Whisper transcript,False,3.0199999809265137,3.1700000762939453,3.0199999809265137,3.1700000762939453,True,True,,sample_0072.json
-qDkUB0GgYY$_$6,text_mismatch,13,this,17,17,this,17,3.1700000762939453,3.319999933242798,3.1700000762939453,3.319999933242798,3.14,3.32,0.030000076293945188,mandatory_unique_exact_token_pair_in_all_optimal_LCS_alignments,mfa_primary_unique_word_overlap_auto_qc_pass,B_unique_word_overlap_in_mismatched_transcript,MFA 3.4.2 forced alignment of Whisper transcript,False,3.1700000762939453,3.319999933242798,3.1700000762939453,3.319999933242798,True,True,,sample_0072.json
-qDkUB0GgYY$_$6,text_mismatch,14,video,18,18,video,18,3.319999933242798,3.5299999713897705,3.319999933242798,3.5299999713897705,3.32,3.5,0.029999971389770508,mandatory_unique_exact_token_pair_in_all_optimal_LCS_alignments,mfa_primary_unique_word_overlap_auto_qc_pass,B_unique_word_overlap_in_mismatched_transcript,MFA 3.4.2 forced alignment of Whisper transcript,False,3.319999933242798,3.5299999713897705,3.319999933242798,3.5299999713897705,True,True,,sample_0072.json
-qDkUB0GgYY$_$6,text_mismatch,15,as,19,19,as,19,3.5299999713897705,3.759999990463257,3.5299999713897705,3.759999990463257,3.5,3.68,0.07999999046325668,mandatory_unique_exact_token_pair_in_all_optimal_LCS_alignments,mfa_primary_unique_word_overlap_auto_qc_pass,B_unique_word_overlap_in_mismatched_transcript,MFA 3.4.2 forced alignment of Whisper transcript,False,3.5299999713897705,3.759999990463257,3.5299999713897705,3.759999990463257,True,True,,sample_0072.json
-qDkUB0GgYY$_$6,text_mismatch,16,well,20,20,well,20,3.759999990463257,4.090000152587891,3.759999990463257,4.090000152587891,3.68,4.06,0.07999999046325668,mandatory_unique_exact_token_pair_in_all_optimal_LCS_alignments,mfa_primary_unique_word_overlap_auto_qc_pass,B_unique_word_overlap_in_mismatched_transcript,MFA 3.4.2 forced alignment of Whisper transcript,False,3.759999990463257,4.090000152587891,3.759999990463257,4.090000152587891,True,True,,sample_0072.json
-uywlfIYOS8$_$4,text_mismatch,1,And,1,1,and,1,0.0,0.30000001192092896,0.0,0.30000001192092896,0.5600000000000005,0.96,0.659999988079071,mandatory_unique_exact_token_pair_in_all_optimal_LCS_alignments,mfa_whisper_discrepancy_over_0_5s_null_primary,B_unique_word_overlap_in_mismatched_transcript,MFA 3.4.2 forced alignment of Whisper transcript,True,,,,,False,True,mfa_whisper_edge_difference_over_0_5s,sample_0073.json
-uywlfIYOS8$_$4,text_mismatch,2,then,2,2,then,2,0.30000001192092896,0.5899999737739563,0.30000001192092896,0.5899999737739563,0.96,1.28,0.6900000262260437,mandatory_unique_exact_token_pair_in_all_optimal_LCS_alignments,mfa_whisper_discrepancy_over_0_5s_null_primary,B_unique_word_overlap_in_mismatched_transcript,MFA 3.4.2 forced alignment of Whisper transcript,True,,,,,False,True,mfa_whisper_edge_difference_over_0_5s,sample_0073.json
-uywlfIYOS8$_$4,text_mismatch,3,from,3,3,from,3,0.5899999737739563,0.7900000214576721,0.5899999737739563,0.7900000214576721,1.28,1.46,0.6900000262260437,mandatory_unique_exact_token_pair_in_all_optimal_LCS_alignments,mfa_whisper_discrepancy_over_0_5s_null_primary,B_unique_word_overlap_in_mismatched_transcript,MFA 3.4.2 forced alignment of Whisper transcript,True,,,,,False,True,mfa_whisper_edge_difference_over_0_5s,sample_0073.json
-uywlfIYOS8$_$4,text_mismatch,4,a,4,4,a,4,0.7900000214576721,0.8199999928474426,0.7900000214576721,0.8199999928474426,1.46,1.62,0.8000000071525575,mandatory_unique_exact_token_pair_in_all_optimal_LCS_alignments,mfa_whisper_discrepancy_over_0_5s_null_primary,B_unique_word_overlap_in_mismatched_transcript,MFA 3.4.2 forced alignment of Whisper transcript,True,,,,,False,True,mfa_whisper_edge_difference_over_0_5s,sample_0073.json
-uywlfIYOS8$_$4,text_mismatch,5,brand,5,5,brand,5,0.8199999928474426,1.0299999713897705,0.8199999928474426,1.0299999713897705,1.62,2.0,0.9700000286102295,mandatory_unique_exact_token_pair_in_all_optimal_LCS_alignments,mfa_whisper_discrepancy_over_0_5s_null_primary,B_unique_word_overlap_in_mismatched_transcript,MFA 3.4.2 forced alignment of Whisper transcript,True,,,,,False,True,mfa_whisper_edge_difference_over_0_5s,sample_0073.json
-uywlfIYOS8$_$4,text_mismatch,6,point,6,6,point,6,1.0299999713897705,1.2100000381469727,1.0299999713897705,1.2100000381469727,2.0,2.24,1.0299999618530276,mandatory_unique_exact_token_pair_in_all_optimal_LCS_alignments,mfa_whisper_discrepancy_over_0_5s_null_primary,B_unique_word_overlap_in_mismatched_transcript,MFA 3.4.2 forced alignment of Whisper transcript,True,,,,,False,True,mfa_whisper_edge_difference_over_0_5s,sample_0073.json
-uywlfIYOS8$_$4,text_mismatch,7,of,7,7,of,7,1.2100000381469727,1.350000023841858,1.2100000381469727,1.350000023841858,2.24,2.44,1.089999976158142,mandatory_unique_exact_token_pair_in_all_optimal_LCS_alignments,mfa_whisper_discrepancy_over_0_5s_null_primary,B_unique_word_overlap_in_mismatched_transcript,MFA 3.4.2 forced alignment of Whisper transcript,True,,,,,False,True,mfa_whisper_edge_difference_over_0_5s,sample_0073.json
-uywlfIYOS8$_$4,text_mismatch,8,view,8,8,view,8,1.350000023841858,1.440000057220459,1.350000023841858,1.440000057220459,2.44,2.58,1.139999942779541,mandatory_unique_exact_token_pair_in_all_optimal_LCS_alignments,mfa_whisper_discrepancy_over_0_5s_null_primary,B_unique_word_overlap_in_mismatched_transcript,MFA 3.4.2 forced alignment of Whisper transcript,True,,,,,False,True,mfa_whisper_edge_difference_over_0_5s,sample_0073.json
-uywlfIYOS8$_$4,text_mismatch,9,we,9,9,we,9,1.440000057220459,1.9299999475479126,1.440000057220459,1.9299999475479126,2.72,2.74,1.2799999427795412,mandatory_unique_exact_token_pair_in_all_optimal_LCS_alignments,mfa_whisper_discrepancy_over_0_5s_null_primary,B_unique_word_overlap_in_mismatched_transcript,MFA 3.4.2 forced alignment of Whisper transcript,True,,,,,False,True,mfa_whisper_edge_difference_over_0_5s,sample_0073.json
-uywlfIYOS8$_$4,text_mismatch,10,need,10,10,need,10,2.130000114440918,2.319999933242798,2.130000114440918,2.319999933242798,2.74,3.0,0.6800000667572021,mandatory_unique_exact_token_pair_in_all_optimal_LCS_alignments,mfa_whisper_discrepancy_over_0_5s_null_primary,B_unique_word_overlap_in_mismatched_transcript,MFA 3.4.2 forced alignment of Whisper transcript,True,,,,,False,True,mfa_whisper_edge_difference_over_0_5s,sample_0073.json
-uywlfIYOS8$_$4,text_mismatch,11,to,11,11,to,11,2.319999933242798,2.4000000953674316,2.319999933242798,2.4000000953674316,3.0,3.14,0.7399999046325685,mandatory_unique_exact_token_pair_in_all_optimal_LCS_alignments,mfa_whisper_discrepancy_over_0_5s_null_primary,B_unique_word_overlap_in_mismatched_transcript,MFA 3.4.2 forced alignment of Whisper transcript,True,,,,,False,True,mfa_whisper_edge_difference_over_0_5s,sample_0073.json
-uywlfIYOS8$_$4,text_mismatch,12,make,12,12,make,12,2.4000000953674316,3.049999952316284,2.4000000953674316,3.049999952316284,3.14,3.32,0.7399999046325685,mandatory_unique_exact_token_pair_in_all_optimal_LCS_alignments,mfa_whisper_discrepancy_over_0_5s_null_primary,B_unique_word_overlap_in_mismatched_transcript,MFA 3.4.2 forced alignment of Whisper transcript,True,,,,,False,True,mfa_whisper_edge_difference_over_0_5s,sample_0073.json
-uywlfIYOS8$_$4,text_mismatch,13,sure,13,13,sure,13,3.049999952316284,3.140000104904175,3.049999952316284,3.140000104904175,3.32,3.5,0.3599998950958252,mandatory_unique_exact_token_pair_in_all_optimal_LCS_alignments,mfa_primary_unique_word_overlap_auto_qc_pass,B_unique_word_overlap_in_mismatched_transcript,MFA 3.4.2 forced alignment of Whisper transcript,False,3.049999952316284,3.140000104904175,3.049999952316284,3.140000104904175,True,True,,sample_0073.json
-uywlfIYOS8$_$4,text_mismatch,14,we're,15,15,we're,15,3.680000066757202,3.799999952316284,3.680000066757202,3.799999952316284,3.66,3.86,0.060000047683715696,mandatory_unique_exact_token_pair_in_all_optimal_LCS_alignments,mfa_primary_unique_word_overlap_auto_qc_pass,B_unique_word_overlap_in_mismatched_transcript,MFA 3.4.2 forced alignment of Whisper transcript,False,3.680000066757202,3.799999952316284,3.680000066757202,3.799999952316284,True,True,,sample_0073.json
-uywlfIYOS8$_$4,text_mismatch,15,driving,16,16,driving,16,3.799999952316284,4.210000038146973,3.799999952316284,4.210000038146973,3.86,4.16,0.060000047683715696,mandatory_unique_exact_token_pair_in_all_optimal_LCS_alignments,mfa_primary_unique_word_overlap_auto_qc_pass,B_unique_word_overlap_in_mismatched_transcript,MFA 3.4.2 forced alignment of Whisper transcript,False,3.799999952316284,4.210000038146973,3.799999952316284,4.210000038146973,True,True,,sample_0073.json
-uywlfIYOS8$_$4,text_mismatch,16,the,17,17,the,17,4.210000038146973,4.300000190734863,4.210000038146973,4.300000190734863,4.16,4.32,0.050000038146972514,mandatory_unique_exact_token_pair_in_all_optimal_LCS_alignments,mfa_primary_unique_word_overlap_auto_qc_pass,B_unique_word_overlap_in_mismatched_transcript,MFA 3.4.2 forced alignment of Whisper transcript,False,4.210000038146973,4.300000190734863,4.210000038146973,4.300000190734863,True,True,,sample_0073.json
-uywlfIYOS8$_$4,text_mismatch,17,relevant,18,18,relevant,18,4.300000190734863,4.730000019073486,4.300000190734863,4.730000019073486,4.32,4.64,0.09000001907348665,mandatory_unique_exact_token_pair_in_all_optimal_LCS_alignments,mfa_primary_unique_word_overlap_auto_qc_pass,B_unique_word_overlap_in_mismatched_transcript,MFA 3.4.2 forced alignment of Whisper transcript,False,4.300000190734863,4.730000019073486,4.300000190734863,4.730000019073486,True,True,,sample_0073.json
-uywlfIYOS8$_$4,text_mismatch,18,insight,,,,,,,,,,,,mandatory_unique_exact_token_pair_in_all_optimal_LCS_alignments,official_word_unmatched_or_ambiguous_in_asr,,,False,,,,,False,False,,sample_0073.json
-6rXp3zJ3kc$_$8,text_mismatch,1,Many,3,3,many,3,0.47999998927116394,0.7099999785423279,0.47999998927116394,0.7099999785423279,0.54,0.66,0.060000010728836095,mandatory_unique_exact_token_pair_in_all_optimal_LCS_alignments,mfa_primary_unique_word_overlap_auto_qc_pass,B_unique_word_overlap_in_mismatched_transcript,MFA 3.4.2 forced alignment of Whisper transcript,False,0.47999998927116394,0.7099999785423279,0.47999998927116394,0.7099999785423279,True,True,,sample_0074.json
-6rXp3zJ3kc$_$8,text_mismatch,2,people,4,4,people,4,0.7099999785423279,1.0099999904632568,0.7099999785423279,1.0099999904632568,0.66,0.96,0.04999999046325687,mandatory_unique_exact_token_pair_in_all_optimal_LCS_alignments,mfa_primary_unique_word_overlap_auto_qc_pass,B_unique_word_overlap_in_mismatched_transcript,MFA 3.4.2 forced alignment of Whisper transcript,False,0.7099999785423279,1.0099999904632568,0.7099999785423279,1.0099999904632568,True,True,,sample_0074.json
-6rXp3zJ3kc$_$8,text_mismatch,3,are,5,5,are,5,1.0099999904632568,1.149999976158142,1.0099999904632568,1.149999976158142,0.96,1.16,0.04999999046325687,mandatory_unique_exact_token_pair_in_all_optimal_LCS_alignments,mfa_primary_unique_word_overlap_auto_qc_pass,B_unique_word_overlap_in_mismatched_transcript,MFA 3.4.2 forced alignment of Whisper transcript,False,1.0099999904632568,1.149999976158142,1.0099999904632568,1.149999976158142,True,True,,sample_0074.json
-6rXp3zJ3kc$_$8,text_mismatch,4,not,6,6,not,6,1.149999976158142,1.5299999713897705,1.149999976158142,1.5299999713897705,1.16,1.46,0.06999997138977054,mandatory_unique_exact_token_pair_in_all_optimal_LCS_alignments,mfa_primary_unique_word_overlap_auto_qc_pass,B_unique_word_overlap_in_mismatched_transcript,MFA 3.4.2 forced alignment of Whisper transcript,False,1.149999976158142,1.5299999713897705,1.149999976158142,1.5299999713897705,True,True,,sample_0074.json
-6rXp3zJ3kc$_$8,text_mismatch,5,until,7,7,until,7,1.5299999713897705,1.840000033378601,1.5299999713897705,1.840000033378601,1.46,1.82,0.06999997138977054,mandatory_unique_exact_token_pair_in_all_optimal_LCS_alignments,mfa_primary_unique_word_overlap_auto_qc_pass,B_unique_word_overlap_in_mismatched_transcript,MFA 3.4.2 forced alignment of Whisper transcript,False,1.5299999713897705,1.840000033378601,1.5299999713897705,1.840000033378601,True,True,,sample_0074.json
-6rXp3zJ3kc$_$8,text_mismatch,6,they,8,8,they,8,1.840000033378601,1.9700000286102295,1.840000033378601,1.9700000286102295,1.82,1.98,0.020000033378601012,mandatory_unique_exact_token_pair_in_all_optimal_LCS_alignments,mfa_primary_unique_word_overlap_auto_qc_pass,B_unique_word_overlap_in_mismatched_transcript,MFA 3.4.2 forced alignment of Whisper transcript,False,1.840000033378601,1.9700000286102295,1.840000033378601,1.9700000286102295,True,True,,sample_0074.json
-6rXp3zJ3kc$_$8,text_mismatch,7,get,9,9,get,9,1.9700000286102295,2.2300000190734863,1.9700000286102295,2.2300000190734863,1.98,2.16,0.07000001907348619,mandatory_unique_exact_token_pair_in_all_optimal_LCS_alignments,mfa_primary_unique_word_overlap_auto_qc_pass,B_unique_word_overlap_in_mismatched_transcript,MFA 3.4.2 forced alignment of Whisper transcript,False,1.9700000286102295,2.2300000190734863,1.9700000286102295,2.2300000190734863,True,True,,sample_0074.json
-6rXp3zJ3kc$_$8,text_mismatch,8,to,10,10,to,10,2.2300000190734863,2.3399999141693115,2.2300000190734863,2.3399999141693115,2.16,2.36,0.07000001907348619,mandatory_unique_exact_token_pair_in_all_optimal_LCS_alignments,mfa_primary_unique_word_overlap_auto_qc_pass,B_unique_word_overlap_in_mismatched_transcript,MFA 3.4.2 forced alignment of Whisper transcript,False,2.2300000190734863,2.3399999141693115,2.2300000190734863,2.3399999141693115,True,True,,sample_0074.json
-6rXp3zJ3kc$_$8,text_mismatch,9,be,11,11,be,11,2.3399999141693115,2.549999952316284,2.3399999141693115,2.549999952316284,2.36,2.54,0.020000085830688352,mandatory_unique_exact_token_pair_in_all_optimal_LCS_alignments,mfa_primary_unique_word_overlap_auto_qc_pass,B_unique_word_overlap_in_mismatched_transcript,MFA 3.4.2 forced alignment of Whisper transcript,False,2.3399999141693115,2.549999952316284,2.3399999141693115,2.549999952316284,True,True,,sample_0074.json
-6rXp3zJ3kc$_$8,text_mismatch,10,a,,,,,,,,,,,,mandatory_unique_exact_token_pair_in_all_optimal_LCS_alignments,official_word_unmatched_or_ambiguous_in_asr,,,False,,,,,False,False,,sample_0074.json
-6rXp3zJ3kc$_$8,text_mismatch,11,older,13,13,older,13,3.200000047683716,3.5999999046325684,3.200000047683716,3.5999999046325684,2.72,3.46,0.4800000476837156,mandatory_unique_exact_token_pair_in_all_optimal_LCS_alignments,mfa_primary_unique_word_overlap_auto_qc_pass,B_unique_word_overlap_in_mismatched_transcript,MFA 3.4.2 forced alignment of Whisper transcript,False,3.200000047683716,3.5999999046325684,3.200000047683716,3.5999999046325684,True,True,,sample_0074.json
-6rXp3zJ3kc$_$8,text_mismatch,12,age,14,14,age,14,3.5999999046325684,3.990000009536743,3.5999999046325684,3.990000009536743,3.46,3.88,0.1399999046325684,mandatory_unique_exact_token_pair_in_all_optimal_LCS_alignments,mfa_primary_unique_word_overlap_auto_qc_pass,B_unique_word_overlap_in_mismatched_transcript,MFA 3.4.2 forced alignment of Whisper transcript,False,3.5999999046325684,3.990000009536743,3.5999999046325684,3.990000009536743,True,True,,sample_0074.json
-6rXp3zJ3kc$_$8,text_mismatch,13,and,15,15,and,15,3.990000009536743,4.139999866485596,3.990000009536743,4.139999866485596,3.88,4.1,0.11000000953674327,mandatory_unique_exact_token_pair_in_all_optimal_LCS_alignments,mfa_primary_unique_word_overlap_auto_qc_pass,B_unique_word_overlap_in_mismatched_transcript,MFA 3.4.2 forced alignment of Whisper transcript,False,3.990000009536743,4.139999866485596,3.990000009536743,4.139999866485596,True,True,,sample_0074.json
-6rXp3zJ3kc$_$8,text_mismatch,14,they,16,16,they,16,4.139999866485596,4.21999979019165,4.139999866485596,4.21999979019165,4.1,4.26,0.040000209808349396,mandatory_unique_exact_token_pair_in_all_optimal_LCS_alignments,mfa_primary_unique_word_overlap_auto_qc_pass,B_unique_word_overlap_in_mismatched_transcript,MFA 3.4.2 forced alignment of Whisper transcript,False,4.139999866485596,4.21999979019165,4.139999866485596,4.21999979019165,True,True,,sample_0074.json
-6rXp3zJ3kc$_$8,text_mismatch,15,realize,17,17,realize,17,4.21999979019165,4.809999942779541,4.21999979019165,4.809999942779541,4.26,4.68,0.1299999427795413,mandatory_unique_exact_token_pair_in_all_optimal_LCS_alignments,mfa_primary_unique_word_overlap_auto_qc_pass,B_unique_word_overlap_in_mismatched_transcript,MFA 3.4.2 forced alignment of Whisper transcript,False,4.21999979019165,4.809999942779541,4.21999979019165,4.809999942779541,True,True,,sample_0074.json
-6rXp3zJ3kc$_$8,text_mismatch,16,that,18,18,that,18,4.809999942779541,5.03000020980835,4.809999942779541,5.03000020980835,4.68,5.02,0.1299999427795413,mandatory_unique_exact_token_pair_in_all_optimal_LCS_alignments,mfa_primary_unique_word_overlap_auto_qc_pass,B_unique_word_overlap_in_mismatched_transcript,MFA 3.4.2 forced alignment of Whisper transcript,False,4.809999942779541,5.03000020980835,4.809999942779541,5.03000020980835,True,True,,sample_0074.json
-6rXp3zJ3kc$_$8,text_mismatch,17,gosh,19,19,gosh,19,5.03000020980835,5.400000095367432,5.03000020980835,5.400000095367432,5.02,5.32,0.08000009536743136,mandatory_unique_exact_token_pair_in_all_optimal_LCS_alignments,mfa_primary_unique_word_overlap_auto_qc_pass,B_unique_word_overlap_in_mismatched_transcript,MFA 3.4.2 forced alignment of Whisper transcript,False,5.03000020980835,5.400000095367432,5.03000020980835,5.400000095367432,True,True,,sample_0074.json
-6rXp3zJ3kc$_$8,text_mismatch,18,they,,,,,,,,,,,,mandatory_unique_exact_token_pair_in_all_optimal_LCS_alignments,official_word_unmatched_or_ambiguous_in_asr,,,False,,,,,False,False,,sample_0074.json
-6rXp3zJ3kc$_$8,text_mismatch,19,wasted,21,21,wasted,21,5.929999828338623,6.320000171661377,5.929999828338623,6.320000171661377,5.94,6.18,0.14000017166137724,mandatory_unique_exact_token_pair_in_all_optimal_LCS_alignments,mfa_primary_unique_word_overlap_auto_qc_pass,B_unique_word_overlap_in_mismatched_transcript,MFA 3.4.2 forced alignment of Whisper transcript,False,5.929999828338623,6.320000171661377,5.929999828338623,6.320000171661377,True,True,,sample_0074.json
-6rXp3zJ3kc$_$8,text_mismatch,20,a,22,22,a,22,6.320000171661377,6.360000133514404,6.320000171661377,6.360000133514404,6.18,6.38,0.14000017166137724,mandatory_unique_exact_token_pair_in_all_optimal_LCS_alignments,mfa_primary_unique_word_overlap_auto_qc_pass,B_unique_word_overlap_in_mismatched_transcript,MFA 3.4.2 forced alignment of Whisper transcript,False,6.320000171661377,6.360000133514404,6.320000171661377,6.360000133514404,True,True,,sample_0074.json
-6rXp3zJ3kc$_$8,text_mismatch,21,lot,23,23,lot,23,6.360000133514404,6.579999923706055,6.360000133514404,6.579999923706055,6.38,6.56,0.01999992370605508,mandatory_unique_exact_token_pair_in_all_optimal_LCS_alignments,mfa_primary_unique_word_overlap_auto_qc_pass,B_unique_word_overlap_in_mismatched_transcript,MFA 3.4.2 forced alignment of Whisper transcript,False,6.360000133514404,6.579999923706055,6.360000133514404,6.579999923706055,True,True,,sample_0074.json
-6rXp3zJ3kc$_$8,text_mismatch,22,of,24,24,of,24,6.579999923706055,6.679999828338623,6.579999923706055,6.679999828338623,6.56,6.68,0.01999992370605508,mandatory_unique_exact_token_pair_in_all_optimal_LCS_alignments,mfa_primary_unique_word_overlap_auto_qc_pass,B_unique_word_overlap_in_mismatched_transcript,MFA 3.4.2 forced alignment of Whisper transcript,False,6.579999923706055,6.679999828338623,6.579999923706055,6.679999828338623,True,True,,sample_0074.json
-6rXp3zJ3kc$_$8,text_mismatch,23,time,25,25,time,25,6.679999828338623,7.110000133514404,6.679999828338623,7.110000133514404,6.68,7.02,0.09000013351440472,mandatory_unique_exact_token_pair_in_all_optimal_LCS_alignments,mfa_primary_unique_word_overlap_auto_qc_pass,B_unique_word_overlap_in_mismatched_transcript,MFA 3.4.2 forced alignment of Whisper transcript,False,6.679999828338623,7.110000133514404,6.679999828338623,7.110000133514404,True,True,,sample_0074.json
-6rXp3zJ3kc$_$8,text_mismatch,24,and,26,26,and,26,7.110000133514404,7.269999980926514,7.110000133514404,7.269999980926514,7.02,7.26,0.09000013351440472,mandatory_unique_exact_token_pair_in_all_optimal_LCS_alignments,mfa_primary_unique_word_overlap_auto_qc_pass,B_unique_word_overlap_in_mismatched_transcript,MFA 3.4.2 forced alignment of Whisper transcript,False,7.110000133514404,7.269999980926514,7.110000133514404,7.269999980926514,True,True,,sample_0074.json
-6rXp3zJ3kc$_$8,text_mismatch,25,money,27,27,money,27,7.269999980926514,7.610000133514404,7.269999980926514,7.610000133514404,7.26,7.58,0.030000133514404226,mandatory_unique_exact_token_pair_in_all_optimal_LCS_alignments,mfa_primary_unique_word_overlap_auto_qc_pass,B_unique_word_overlap_in_mismatched_transcript,MFA 3.4.2 forced alignment of Whisper transcript,False,7.269999980926514,7.610000133514404,7.269999980926514,7.610000133514404,True,True,,sample_0074.json
-6rXp3zJ3kc$_$8,text_mismatch,26,in,28,28,in,28,8.199999809265137,9.140000343322754,8.199999809265137,9.140000343322754,7.58,8.74,0.6199998092651366,mandatory_unique_exact_token_pair_in_all_optimal_LCS_alignments,mfa_whisper_discrepancy_over_0_5s_null_primary,B_unique_word_overlap_in_mismatched_transcript,MFA 3.4.2 forced alignment of Whisper transcript,True,,,,,False,True,mfa_whisper_edge_difference_over_0_5s,sample_0074.json
-6rXp3zJ3kc$_$8,text_mismatch,27,placing,29,29,placing,29,9.260000228881836,9.670000076293945,9.260000228881836,9.670000076293945,8.74,9.54,0.5200002288818357,mandatory_unique_exact_token_pair_in_all_optimal_LCS_alignments,mfa_whisper_discrepancy_over_0_5s_null_primary,B_unique_word_overlap_in_mismatched_transcript,MFA 3.4.2 forced alignment of Whisper transcript,True,,,,,False,True,mfa_whisper_edge_difference_over_0_5s,sample_0074.json
-6rXp3zJ3kc$_$8,text_mismatch,28,bets,30,30,bets,30,9.670000076293945,9.970000267028809,9.670000076293945,9.970000267028809,9.54,9.86,0.13000007629394617,mandatory_unique_exact_token_pair_in_all_optimal_LCS_alignments,mfa_primary_unique_word_overlap_auto_qc_pass,B_unique_word_overlap_in_mismatched_transcript,MFA 3.4.2 forced alignment of Whisper transcript,False,9.670000076293945,9.970000267028809,9.670000076293945,9.970000267028809,True,True,,sample_0074.json
-6rXp3zJ3kc$_$8,text_mismatch,29,on,31,31,on,31,9.970000267028809,10.09000015258789,9.970000267028809,10.09000015258789,9.86,10.08,0.11000026702880916,mandatory_unique_exact_token_pair_in_all_optimal_LCS_alignments,mfa_primary_unique_word_overlap_auto_qc_pass,B_unique_word_overlap_in_mismatched_transcript,MFA 3.4.2 forced alignment of Whisper transcript,False,9.970000267028809,10.09000015258789,9.970000267028809,10.09000015258789,True,True,,sample_0074.json
-6rXp3zJ3kc$_$8,text_mismatch,30,stock,32,32,stock,32,10.09000015258789,10.479999542236328,10.09000015258789,10.479999542236328,10.08,10.4,0.07999954223632777,mandatory_unique_exact_token_pair_in_all_optimal_LCS_alignments,mfa_primary_unique_word_overlap_auto_qc_pass,B_unique_word_overlap_in_mismatched_transcript,MFA 3.4.2 forced alignment of Whisper transcript,False,10.09000015258789,10.479999542236328,10.09000015258789,10.479999542236328,True,True,,sample_0074.json
-6rXp3zJ3kc$_$8,text_mismatch,31,that's,33,33,that's,33,10.479999542236328,10.760000228881836,10.479999542236328,10.760000228881836,10.4,10.76,0.07999954223632777,mandatory_unique_exact_token_pair_in_all_optimal_LCS_alignments,mfa_primary_unique_word_overlap_auto_qc_pass,B_unique_word_overlap_in_mismatched_transcript,MFA 3.4.2 forced alignment of Whisper transcript,False,10.479999542236328,10.760000228881836,10.479999542236328,10.760000228881836,True,True,,sample_0074.json
-6rXp3zJ3kc$_$8,text_mismatch,32,ultimately,34,34,ultimately,34,10.760000228881836,11.359999656677246,10.760000228881836,11.359999656677246,10.76,11.16,0.19999965667724595,mandatory_unique_exact_token_pair_in_all_optimal_LCS_alignments,mfa_primary_unique_word_overlap_auto_qc_pass,B_unique_word_overlap_in_mismatched_transcript,MFA 3.4.2 forced alignment of Whisper transcript,False,10.760000228881836,11.359999656677246,10.760000228881836,11.359999656677246,True,True,,sample_0074.json
-6rXp3zJ3kc$_$8,text_mismatch,33,lost,35,35,lost,35,11.359999656677246,11.739999771118164,11.359999656677246,11.739999771118164,11.16,11.66,0.19999965667724595,mandatory_unique_exact_token_pair_in_all_optimal_LCS_alignments,mfa_primary_unique_word_overlap_auto_qc_pass,B_unique_word_overlap_in_mismatched_transcript,MFA 3.4.2 forced alignment of Whisper transcript,False,11.359999656677246,11.739999771118164,11.359999656677246,11.739999771118164,True,True,,sample_0074.json
-6rXp3zJ3kc$_$8,text_mismatch,34,value,36,36,value,36,11.739999771118164,12.239999771118164,11.739999771118164,12.239999771118164,11.66,12.16,0.07999977111816392,mandatory_unique_exact_token_pair_in_all_optimal_LCS_alignments,mfa_primary_unique_word_overlap_auto_qc_pass,B_unique_word_overlap_in_mismatched_transcript,MFA 3.4.2 forced alignment of Whisper transcript,False,11.739999771118164,12.239999771118164,11.739999771118164,12.239999771118164,True,True,,sample_0074.json
-9y-fZ3swSY$_$0,text_mismatch,1,is,,,,,,,,,,,,mandatory_unique_exact_token_pair_in_all_optimal_LCS_alignments,official_word_unmatched_or_ambiguous_in_asr,,,False,,,,,False,False,,sample_0075.json
-9y-fZ3swSY$_$0,text_mismatch,2,you,1,1,you,1,0.18000000715255737,0.25,0.18000000715255737,0.25,0.0,0.22,0.18000000715255737,mandatory_unique_exact_token_pair_in_all_optimal_LCS_alignments,mfa_primary_unique_word_overlap_auto_qc_pass,B_unique_word_overlap_in_mismatched_transcript,MFA 3.4.2 forced alignment of Whisper transcript,False,0.18000000715255737,0.25,0.18000000715255737,0.25,True,True,,sample_0075.json
-9y-fZ3swSY$_$0,text_mismatch,3,can,2,2,can,2,0.25,0.4099999964237213,0.25,0.4099999964237213,0.22,0.36,0.04999999642372133,mandatory_unique_exact_token_pair_in_all_optimal_LCS_alignments,mfa_primary_unique_word_overlap_auto_qc_pass,B_unique_word_overlap_in_mismatched_transcript,MFA 3.4.2 forced alignment of Whisper transcript,False,0.25,0.4099999964237213,0.25,0.4099999964237213,True,True,,sample_0075.json
-9y-fZ3swSY$_$0,text_mismatch,4,say,3,3,say,3,0.4099999964237213,0.6700000166893005,0.4099999964237213,0.6700000166893005,0.36,0.62,0.05000001668930054,mandatory_unique_exact_token_pair_in_all_optimal_LCS_alignments,mfa_primary_unique_word_overlap_auto_qc_pass,B_unique_word_overlap_in_mismatched_transcript,MFA 3.4.2 forced alignment of Whisper transcript,False,0.4099999964237213,0.6700000166893005,0.4099999964237213,0.6700000166893005,True,True,,sample_0075.json
-9y-fZ3swSY$_$0,text_mismatch,5,hey,4,4,hey,4,0.6700000166893005,1.1799999475479126,0.6700000166893005,1.1799999475479126,0.62,1.04,0.13999994754791256,mandatory_unique_exact_token_pair_in_all_optimal_LCS_alignments,mfa_primary_unique_word_overlap_auto_qc_pass,B_unique_word_overlap_in_mismatched_transcript,MFA 3.4.2 forced alignment of Whisper transcript,False,0.6700000166893005,1.1799999475479126,0.6700000166893005,1.1799999475479126,True,True,,sample_0075.json
-9y-fZ3swSY$_$0,text_mismatch,6,I,8,8,i,8,1.899999976158142,1.9700000286102295,1.899999976158142,1.9700000286102295,1.76,1.98,0.13999997615814208,mandatory_unique_exact_token_pair_in_all_optimal_LCS_alignments,mfa_primary_unique_word_overlap_auto_qc_pass,B_unique_word_overlap_in_mismatched_transcript,MFA 3.4.2 forced alignment of Whisper transcript,False,1.899999976158142,1.9700000286102295,1.899999976158142,1.9700000286102295,True,True,,sample_0075.json
-9y-fZ3swSY$_$0,text_mismatch,7,really,9,9,really,9,1.9700000286102295,2.3499999046325684,1.9700000286102295,2.3499999046325684,1.98,2.22,0.12999990463256816,mandatory_unique_exact_token_pair_in_all_optimal_LCS_alignments,mfa_primary_unique_word_overlap_auto_qc_pass,B_unique_word_overlap_in_mismatched_transcript,MFA 3.4.2 forced alignment of Whisper transcript,False,1.9700000286102295,2.3499999046325684,1.9700000286102295,2.3499999046325684,True,True,,sample_0075.json
-9y-fZ3swSY$_$0,text_mismatch,8,like,10,10,like,10,2.3499999046325684,2.7799999713897705,2.3499999046325684,2.7799999713897705,2.22,2.74,0.12999990463256816,mandatory_unique_exact_token_pair_in_all_optimal_LCS_alignments,mfa_primary_unique_word_overlap_auto_qc_pass,B_unique_word_overlap_in_mismatched_transcript,MFA 3.4.2 forced alignment of Whisper transcript,False,2.3499999046325684,2.7799999713897705,2.3499999046325684,2.7799999713897705,True,True,,sample_0075.json
-9y-fZ3swSY$_$0,text_mismatch,9,baby,,,,,,,,,,,,mandatory_unique_exact_token_pair_in_all_optimal_LCS_alignments,official_word_unmatched_or_ambiguous_in_asr,,,False,,,,,False,False,,sample_0075.json
-9y-fZ3swSY$_$0,text_mismatch,10,skin,,,,,,,,,,,,mandatory_unique_exact_token_pair_in_all_optimal_LCS_alignments,official_word_unmatched_or_ambiguous_in_asr,,,False,,,,,False,False,,sample_0075.json
-9y-fZ3swSY$_$0,text_mismatch,11,they,,,,,,,,,,,,mandatory_unique_exact_token_pair_in_all_optimal_LCS_alignments,official_word_unmatched_or_ambiguous_in_asr,,,False,,,,,False,False,,sample_0075.json
-9y-fZ3swSY$_$0,text_mismatch,12,are,,,,,,,,,,,,mandatory_unique_exact_token_pair_in_all_optimal_LCS_alignments,official_word_unmatched_or_ambiguous_in_asr,,,False,,,,,False,False,,sample_0075.json
-9y-fZ3swSY$_$0,text_mismatch,13,so,14,14,so,14,3.7699999809265137,4.039999961853027,3.7699999809265137,4.039999961853027,3.86,4.04,0.0900000190734862,mandatory_unique_exact_token_pair_in_all_optimal_LCS_alignments,mfa_primary_unique_word_overlap_auto_qc_pass,B_unique_word_overlap_in_mismatched_transcript,MFA 3.4.2 forced alignment of Whisper transcript,False,3.7699999809265137,4.039999961853027,3.7699999809265137,4.039999961853027,True,True,,sample_0075.json
-9y-fZ3swSY$_$0,text_mismatch,14,soft,15,15,soft,15,4.039999961853027,4.639999866485596,4.039999961853027,4.639999866485596,4.04,4.56,0.0799998664855961,mandatory_unique_exact_token_pair_in_all_optimal_LCS_alignments,mfa_primary_unique_word_overlap_auto_qc_pass,B_unique_word_overlap_in_mismatched_transcript,MFA 3.4.2 forced alignment of Whisper transcript,False,4.039999961853027,4.639999866485596,4.039999961853027,4.639999866485596,True,True,,sample_0075.json
-9y-fZ3swSY$_$0,text_mismatch,15,they,16,16,they,16,4.639999866485596,4.710000038146973,4.639999866485596,4.710000038146973,4.56,4.74,0.0799998664855961,mandatory_unique_exact_token_pair_in_all_optimal_LCS_alignments,mfa_primary_unique_word_overlap_auto_qc_pass,B_unique_word_overlap_in_mismatched_transcript,MFA 3.4.2 forced alignment of Whisper transcript,False,4.639999866485596,4.710000038146973,4.639999866485596,4.710000038146973,True,True,,sample_0075.json
-9y-fZ3swSY$_$0,text_mismatch,16,don't,17,17,don't,17,4.710000038146973,4.940000057220459,4.710000038146973,4.940000057220459,4.74,4.94,0.029999961853027557,mandatory_unique_exact_token_pair_in_all_optimal_LCS_alignments,mfa_primary_unique_word_overlap_auto_qc_pass,B_unique_word_overlap_in_mismatched_transcript,MFA 3.4.2 forced alignment of Whisper transcript,False,4.710000038146973,4.940000057220459,4.710000038146973,4.940000057220459,True,True,,sample_0075.json
-9y-fZ3swSY$_$0,text_mismatch,17,have,18,18,have,18,4.940000057220459,5.260000228881836,4.940000057220459,5.260000228881836,4.94,5.22,0.040000228881836186,mandatory_unique_exact_token_pair_in_all_optimal_LCS_alignments,mfa_primary_unique_word_overlap_auto_qc_pass,B_unique_word_overlap_in_mismatched_transcript,MFA 3.4.2 forced alignment of Whisper transcript,False,4.940000057220459,5.260000228881836,4.940000057220459,5.260000228881836,True,True,,sample_0075.json
-9y-fZ3swSY$_$0,text_mismatch,18,any,19,19,any,19,5.260000228881836,5.449999809265137,5.260000228881836,5.449999809265137,5.22,5.42,0.040000228881836186,mandatory_unique_exact_token_pair_in_all_optimal_LCS_alignments,mfa_primary_unique_word_overlap_auto_qc_pass,B_unique_word_overlap_in_mismatched_transcript,MFA 3.4.2 forced alignment of Whisper transcript,False,5.260000228881836,5.449999809265137,5.260000228881836,5.449999809265137,True,True,,sample_0075.json
-9y-fZ3swSY$_$0,text_mismatch,19,hair,20,20,hair,20,5.449999809265137,5.739999771118164,5.449999809265137,5.739999771118164,5.42,5.68,0.05999977111816435,mandatory_unique_exact_token_pair_in_all_optimal_LCS_alignments,mfa_primary_unique_word_overlap_auto_qc_pass,B_unique_word_overlap_in_mismatched_transcript,MFA 3.4.2 forced alignment of Whisper transcript,False,5.449999809265137,5.739999771118164,5.449999809265137,5.739999771118164,True,True,,sample_0075.json
-9y-fZ3swSY$_$0,text_mismatch,20,on,21,21,on,21,5.739999771118164,5.820000171661377,5.739999771118164,5.820000171661377,5.68,5.84,0.05999977111816435,mandatory_unique_exact_token_pair_in_all_optimal_LCS_alignments,mfa_primary_unique_word_overlap_auto_qc_pass,B_unique_word_overlap_in_mismatched_transcript,MFA 3.4.2 forced alignment of Whisper transcript,False,5.739999771118164,5.820000171661377,5.739999771118164,5.820000171661377,True,True,,sample_0075.json
-9y-fZ3swSY$_$0,text_mismatch,21,their,22,22,their,22,5.820000171661377,5.940000057220459,5.820000171661377,5.940000057220459,5.84,5.98,0.03999994277954144,mandatory_unique_exact_token_pair_in_all_optimal_LCS_alignments,mfa_primary_unique_word_overlap_auto_qc_pass,B_unique_word_overlap_in_mismatched_transcript,MFA 3.4.2 forced alignment of Whisper transcript,False,5.820000171661377,5.940000057220459,5.820000171661377,5.940000057220459,True,True,,sample_0075.json
-9y-fZ3swSY$_$0,text_mismatch,22,face,23,23,face,23,5.940000057220459,6.269999980926514,5.940000057220459,6.269999980926514,5.98,6.22,0.04999998092651392,mandatory_unique_exact_token_pair_in_all_optimal_LCS_alignments,mfa_primary_unique_word_overlap_auto_qc_pass,B_unique_word_overlap_in_mismatched_transcript,MFA 3.4.2 forced alignment of Whisper transcript,False,5.940000057220459,6.269999980926514,5.940000057220459,6.269999980926514,True,True,,sample_0075.json
-9y-fZ3swSY$_$4,exact_text,1,I've,1,1,i've,1,0.30000001192092896,0.5299999713897705,0.30000001192092896,0.5299999713897705,0.0,0.52,0.30000001192092896,mandatory_unique_exact_token_pair_in_all_optimal_LCS_alignments,mfa_primary_exact_transcript_auto_qc_pass,A_exact_transcript,MFA 3.4.2 forced alignment of Whisper transcript,False,0.30000001192092896,0.5299999713897705,0.30000001192092896,0.5299999713897705,True,True,,sample_0076.json
-9y-fZ3swSY$_$4,exact_text,2,seen,2,2,seen,2,0.5299999713897705,0.75,0.5299999713897705,0.75,0.52,0.68,0.06999999999999995,mandatory_unique_exact_token_pair_in_all_optimal_LCS_alignments,mfa_primary_exact_transcript_auto_qc_pass,A_exact_transcript,MFA 3.4.2 forced alignment of Whisper transcript,False,0.5299999713897705,0.75,0.5299999713897705,0.75,True,True,,sample_0076.json
-9y-fZ3swSY$_$4,exact_text,3,this,3,3,this,3,0.75,0.949999988079071,0.75,0.949999988079071,0.68,0.9,0.06999999999999995,mandatory_unique_exact_token_pair_in_all_optimal_LCS_alignments,mfa_primary_exact_transcript_auto_qc_pass,A_exact_transcript,MFA 3.4.2 forced alignment of Whisper transcript,False,0.75,0.949999988079071,0.75,0.949999988079071,True,True,,sample_0076.json
-9y-fZ3swSY$_$4,exact_text,4,in,4,4,in,4,0.949999988079071,1.1399999856948853,0.949999988079071,1.1399999856948853,0.9,1.12,0.04999998807907102,mandatory_unique_exact_token_pair_in_all_optimal_LCS_alignments,mfa_primary_exact_transcript_auto_qc_pass,A_exact_transcript,MFA 3.4.2 forced alignment of Whisper transcript,False,0.949999988079071,1.1399999856948853,0.949999988079071,1.1399999856948853,True,True,,sample_0076.json
-9y-fZ3swSY$_$4,exact_text,5,US,5,5,us,5,1.1399999856948853,1.649999976158142,1.1399999856948853,1.649999976158142,1.12,1.4,0.24999997615814218,mandatory_unique_exact_token_pair_in_all_optimal_LCS_alignments,mfa_primary_exact_transcript_auto_qc_pass,A_exact_transcript,MFA 3.4.2 forced alignment of Whisper transcript,False,1.1399999856948853,1.649999976158142,1.1399999856948853,1.649999976158142,True,True,,sample_0076.json
-9y-fZ3swSY$_$4,exact_text,6,or,6,6,or,6,1.7599999904632568,1.899999976158142,1.7599999904632568,1.899999976158142,1.4,1.88,0.3599999904632569,mandatory_unique_exact_token_pair_in_all_optimal_LCS_alignments,mfa_primary_exact_transcript_auto_qc_pass,A_exact_transcript,MFA 3.4.2 forced alignment of Whisper transcript,False,1.7599999904632568,1.899999976158142,1.7599999904632568,1.899999976158142,True,True,,sample_0076.json
-9y-fZ3swSY$_$4,exact_text,7,in,7,7,in,7,1.899999976158142,2.0299999713897705,1.899999976158142,2.0299999713897705,1.88,2.02,0.019999976158142196,mandatory_unique_exact_token_pair_in_all_optimal_LCS_alignments,mfa_primary_exact_transcript_auto_qc_pass,A_exact_transcript,MFA 3.4.2 forced alignment of Whisper transcript,False,1.899999976158142,2.0299999713897705,1.899999976158142,2.0299999713897705,True,True,,sample_0076.json
-9y-fZ3swSY$_$4,exact_text,8,the,8,8,the,8,2.0299999713897705,2.109999895095825,2.0299999713897705,2.109999895095825,2.02,2.16,0.05000010490417495,mandatory_unique_exact_token_pair_in_all_optimal_LCS_alignments,mfa_primary_exact_transcript_auto_qc_pass,A_exact_transcript,MFA 3.4.2 forced alignment of Whisper transcript,False,2.0299999713897705,2.109999895095825,2.0299999713897705,2.109999895095825,True,True,,sample_0076.json
-9y-fZ3swSY$_$4,exact_text,9,US,9,9,us,9,2.109999895095825,2.630000114440918,2.109999895095825,2.630000114440918,2.16,2.42,0.21000011444091804,mandatory_unique_exact_token_pair_in_all_optimal_LCS_alignments,mfa_primary_exact_transcript_auto_qc_pass,A_exact_transcript,MFA 3.4.2 forced alignment of Whisper transcript,False,2.109999895095825,2.630000114440918,2.109999895095825,2.630000114440918,True,True,,sample_0076.json
-9y-fZ3swSY$_$8,text_mismatch,1,That's,2,2,that's,2,0.27000001072883606,0.4699999988079071,0.27000001072883606,0.4699999988079071,0.34,0.52,0.06999998927116396,mandatory_unique_exact_token_pair_in_all_optimal_LCS_alignments,mfa_primary_unique_word_overlap_auto_qc_pass,B_unique_word_overlap_in_mismatched_transcript,MFA 3.4.2 forced alignment of Whisper transcript,False,0.27000001072883606,0.4699999988079071,0.27000001072883606,0.4699999988079071,True,True,,sample_0077.json
-9y-fZ3swSY$_$8,text_mismatch,2,a,3,3,a,3,0.5299999713897705,0.6200000047683716,0.5299999713897705,0.6200000047683716,0.52,0.62,0.00999997138977049,mandatory_unique_exact_token_pair_in_all_optimal_LCS_alignments,mfa_primary_unique_word_overlap_auto_qc_pass,B_unique_word_overlap_in_mismatched_transcript,MFA 3.4.2 forced alignment of Whisper transcript,False,0.5299999713897705,0.6200000047683716,0.5299999713897705,0.6200000047683716,True,True,,sample_0077.json
-9y-fZ3swSY$_$8,text_mismatch,3,more,4,4,more,4,0.8899999856948853,1.2000000476837158,0.8899999856948853,1.2000000476837158,0.62,1.12,0.26999998569488526,mandatory_unique_exact_token_pair_in_all_optimal_LCS_alignments,mfa_primary_unique_word_overlap_auto_qc_pass,B_unique_word_overlap_in_mismatched_transcript,MFA 3.4.2 forced alignment of Whisper transcript,False,0.8899999856948853,1.2000000476837158,0.8899999856948853,1.2000000476837158,True,True,,sample_0077.json
-9y-fZ3swSY$_$8,text_mismatch,4,decent,5,5,decent,5,1.3300000429153442,1.8300000429153442,1.3300000429153442,1.8300000429153442,1.12,1.74,0.21000004291534413,mandatory_unique_exact_token_pair_in_all_optimal_LCS_alignments,mfa_primary_unique_word_overlap_auto_qc_pass,B_unique_word_overlap_in_mismatched_transcript,MFA 3.4.2 forced alignment of Whisper transcript,False,1.3300000429153442,1.8300000429153442,1.3300000429153442,1.8300000429153442,True,True,,sample_0077.json
-9y-fZ3swSY$_$8,text_mismatch,5,and,6,6,and,6,2.0899999141693115,2.180000066757202,2.0899999141693115,2.180000066757202,1.74,2.2,0.34999991416931153,mandatory_unique_exact_token_pair_in_all_optimal_LCS_alignments,mfa_primary_unique_word_overlap_auto_qc_pass,B_unique_word_overlap_in_mismatched_transcript,MFA 3.4.2 forced alignment of Whisper transcript,False,2.0899999141693115,2.180000066757202,2.0899999141693115,2.180000066757202,True,True,,sample_0077.json
-9y-fZ3swSY$_$8,text_mismatch,6,more,7,7,more,7,2.180000066757202,2.3299999237060547,2.180000066757202,2.3299999237060547,2.2,2.34,0.01999993324279803,mandatory_unique_exact_token_pair_in_all_optimal_LCS_alignments,mfa_primary_unique_word_overlap_auto_qc_pass,B_unique_word_overlap_in_mismatched_transcript,MFA 3.4.2 forced alignment of Whisper transcript,False,2.180000066757202,2.3299999237060547,2.180000066757202,2.3299999237060547,True,True,,sample_0077.json
-9y-fZ3swSY$_$8,text_mismatch,7,polite,8,8,polite,8,2.3299999237060547,2.859999895095825,2.3299999237060547,2.859999895095825,2.34,2.72,0.139999895095825,mandatory_unique_exact_token_pair_in_all_optimal_LCS_alignments,mfa_primary_unique_word_overlap_auto_qc_pass,B_unique_word_overlap_in_mismatched_transcript,MFA 3.4.2 forced alignment of Whisper transcript,False,2.3299999237060547,2.859999895095825,2.3299999237060547,2.859999895095825,True,True,,sample_0077.json
-9y-fZ3swSY$_$8,text_mismatch,8,way,9,9,way,9,2.859999895095825,3.130000114440918,2.859999895095825,3.130000114440918,2.72,3.04,0.139999895095825,mandatory_unique_exact_token_pair_in_all_optimal_LCS_alignments,mfa_primary_unique_word_overlap_auto_qc_pass,B_unique_word_overlap_in_mismatched_transcript,MFA 3.4.2 forced alignment of Whisper transcript,False,2.859999895095825,3.130000114440918,2.859999895095825,3.130000114440918,True,True,,sample_0077.json
-9y-fZ3swSY$_$8,text_mismatch,9,to,10,10,to,10,3.1700000762939453,3.259999990463257,3.1700000762939453,3.259999990463257,3.04,3.28,0.13000007629394528,mandatory_unique_exact_token_pair_in_all_optimal_LCS_alignments,mfa_primary_unique_word_overlap_auto_qc_pass,B_unique_word_overlap_in_mismatched_transcript,MFA 3.4.2 forced alignment of Whisper transcript,False,3.1700000762939453,3.259999990463257,3.1700000762939453,3.259999990463257,True,True,,sample_0077.json
-9y-fZ3swSY$_$8,text_mismatch,10,call,11,11,call,11,3.259999990463257,3.7100000381469727,3.259999990463257,3.7100000381469727,3.28,3.62,0.09000003814697255,mandatory_unique_exact_token_pair_in_all_optimal_LCS_alignments,mfa_primary_unique_word_overlap_auto_qc_pass,B_unique_word_overlap_in_mismatched_transcript,MFA 3.4.2 forced alignment of Whisper transcript,False,3.259999990463257,3.7100000381469727,3.259999990463257,3.7100000381469727,True,True,,sample_0077.json
-9y-fZ3swSY$_$8,text_mismatch,11,a,12,12,a,12,3.990000009536743,4.050000190734863,3.990000009536743,4.050000190734863,3.62,4.06,0.37000000953674306,mandatory_unique_exact_token_pair_in_all_optimal_LCS_alignments,mfa_primary_unique_word_overlap_auto_qc_pass,B_unique_word_overlap_in_mismatched_transcript,MFA 3.4.2 forced alignment of Whisper transcript,False,3.990000009536743,4.050000190734863,3.990000009536743,4.050000190734863,True,True,,sample_0077.json
-9y-fZ3swSY$_$8,text_mismatch,12,lady,13,13,lady,13,4.050000190734863,4.460000038146973,4.050000190734863,4.460000038146973,4.06,4.3,0.16000003814697283,mandatory_unique_exact_token_pair_in_all_optimal_LCS_alignments,mfa_primary_unique_word_overlap_auto_qc_pass,B_unique_word_overlap_in_mismatched_transcript,MFA 3.4.2 forced alignment of Whisper transcript,False,4.050000190734863,4.460000038146973,4.050000190734863,4.460000038146973,True,True,,sample_0077.json
-AUZQgSxyPQ$_$2,text_mismatch,1,The,1,1,the,1,0.49000000953674316,0.5699999928474426,0.49000000953674316,0.5699999928474426,0.0,0.58,0.49000000953674316,mandatory_unique_exact_token_pair_in_all_optimal_LCS_alignments,mfa_primary_unique_word_overlap_auto_qc_pass,B_unique_word_overlap_in_mismatched_transcript,MFA 3.4.2 forced alignment of Whisper transcript,False,0.49000000953674316,0.5699999928474426,0.49000000953674316,0.5699999928474426,True,True,,sample_0078.json
-AUZQgSxyPQ$_$2,text_mismatch,2,perfect,2,2,perfect,2,0.5699999928474426,0.949999988079071,0.5699999928474426,0.949999988079071,0.58,0.92,0.029999988079071005,mandatory_unique_exact_token_pair_in_all_optimal_LCS_alignments,mfa_primary_unique_word_overlap_auto_qc_pass,B_unique_word_overlap_in_mismatched_transcript,MFA 3.4.2 forced alignment of Whisper transcript,False,0.5699999928474426,0.949999988079071,0.5699999928474426,0.949999988079071,True,True,,sample_0078.json
-AUZQgSxyPQ$_$2,text_mismatch,3,soul,,,,,,,,,,,,mandatory_unique_exact_token_pair_in_all_optimal_LCS_alignments,official_word_unmatched_or_ambiguous_in_asr,,,False,,,,,False,False,,sample_0078.json
-AUZQgSxyPQ$_$2,text_mismatch,4,mate,,,,,,,,,,,,mandatory_unique_exact_token_pair_in_all_optimal_LCS_alignments,official_word_unmatched_or_ambiguous_in_asr,,,False,,,,,False,False,,sample_0078.json
-AUZQgSxyPQ$_$2,text_mismatch,5,to,4,4,to,4,1.590000033378601,1.659999966621399,1.590000033378601,1.659999966621399,1.5,1.72,0.09000003337860107,mandatory_unique_exact_token_pair_in_all_optimal_LCS_alignments,mfa_primary_unique_word_overlap_auto_qc_pass,B_unique_word_overlap_in_mismatched_transcript,MFA 3.4.2 forced alignment of Whisper transcript,False,1.590000033378601,1.659999966621399,1.590000033378601,1.659999966621399,True,True,,sample_0078.json
-AUZQgSxyPQ$_$2,text_mismatch,6,the,,,,,,,,,,,,mandatory_unique_exact_token_pair_in_all_optimal_LCS_alignments,official_word_unmatched_or_ambiguous_in_asr,,,False,,,,,False,False,,sample_0078.json
-AUZQgSxyPQ$_$2,text_mismatch,7,Clarisonic,,,,,,,,,,,,mandatory_unique_exact_token_pair_in_all_optimal_LCS_alignments,official_word_unmatched_or_ambiguous_in_asr,,,False,,,,,False,False,,sample_0078.json
-AUZQgSxyPQ$_$2,text_mismatch,8,Spot,8,8,spot,8,3.009999990463257,3.450000047683716,3.009999990463257,3.450000047683716,2.7,3.36,0.30999999046325666,mandatory_unique_exact_token_pair_in_all_optimal_LCS_alignments,mfa_primary_unique_word_overlap_auto_qc_pass,B_unique_word_overlap_in_mismatched_transcript,MFA 3.4.2 forced alignment of Whisper transcript,False,3.009999990463257,3.450000047683716,3.009999990463257,3.450000047683716,True,True,,sample_0078.json
-AUZQgSxyPQ$_$2,text_mismatch,9,Therapy,9,9,therapy,9,3.450000047683716,4.0,3.450000047683716,4.0,3.36,3.9,0.10000000000000009,mandatory_unique_exact_token_pair_in_all_optimal_LCS_alignments,mfa_primary_unique_word_overlap_auto_qc_pass,B_unique_word_overlap_in_mismatched_transcript,MFA 3.4.2 forced alignment of Whisper transcript,False,3.450000047683716,4.0,3.450000047683716,4.0,True,True,,sample_0078.json
-AUZQgSxyPQ$_$2,text_mismatch,10,Brush,10,10,brush,10,4.0,4.440000057220459,4.0,4.440000057220459,3.9,4.3,0.14000005722045916,mandatory_unique_exact_token_pair_in_all_optimal_LCS_alignments,mfa_primary_unique_word_overlap_auto_qc_pass,B_unique_word_overlap_in_mismatched_transcript,MFA 3.4.2 forced alignment of Whisper transcript,False,4.0,4.440000057220459,4.0,4.440000057220459,True,True,,sample_0078.json
-AUZQgSxyPQ$_$2,text_mismatch,11,this,11,11,this,11,4.949999809265137,5.119999885559082,4.949999809265137,5.119999885559082,4.98,5.12,0.030000190734863708,mandatory_unique_exact_token_pair_in_all_optimal_LCS_alignments,mfa_primary_unique_word_overlap_auto_qc_pass,B_unique_word_overlap_in_mismatched_transcript,MFA 3.4.2 forced alignment of Whisper transcript,False,4.949999809265137,5.119999885559082,4.949999809265137,5.119999885559082,True,True,,sample_0078.json
-AUZQgSxyPQ$_$2,text_mismatch,12,gentle,12,12,gentle,12,5.119999885559082,5.699999809265137,5.119999885559082,5.699999809265137,5.12,5.56,0.1399998092651371,mandatory_unique_exact_token_pair_in_all_optimal_LCS_alignments,mfa_primary_unique_word_overlap_auto_qc_pass,B_unique_word_overlap_in_mismatched_transcript,MFA 3.4.2 forced alignment of Whisper transcript,False,5.119999885559082,5.699999809265137,5.119999885559082,5.699999809265137,True,True,,sample_0078.json
-AUZQgSxyPQ$_$2,text_mismatch,13,Ph,13,13,ph,13,5.760000228881836,6.170000076293945,5.760000228881836,6.170000076293945,5.56,6.02,0.20000022888183633,mandatory_unique_exact_token_pair_in_all_optimal_LCS_alignments,mfa_primary_unique_word_overlap_auto_qc_pass,B_unique_word_overlap_in_mismatched_transcript,MFA 3.4.2 forced alignment of Whisper transcript,False,5.760000228881836,6.170000076293945,5.760000228881836,6.170000076293945,True,True,,sample_0078.json
-AUZQgSxyPQ$_$2,text_mismatch,14,balanced,14,14,balanced,14,6.170000076293945,6.619999885559082,6.170000076293945,6.619999885559082,6.02,6.52,0.15000007629394574,mandatory_unique_exact_token_pair_in_all_optimal_LCS_alignments,mfa_primary_unique_word_overlap_auto_qc_pass,B_unique_word_overlap_in_mismatched_transcript,MFA 3.4.2 forced alignment of Whisper transcript,False,6.170000076293945,6.619999885559082,6.170000076293945,6.619999885559082,True,True,,sample_0078.json
-AUZQgSxyPQ$_$2,text_mismatch,15,and,15,15,and,15,6.619999885559082,6.820000171661377,6.619999885559082,6.820000171661377,6.52,6.82,0.09999988555908246,mandatory_unique_exact_token_pair_in_all_optimal_LCS_alignments,mfa_primary_unique_word_overlap_auto_qc_pass,B_unique_word_overlap_in_mismatched_transcript,MFA 3.4.2 forced alignment of Whisper transcript,False,6.619999885559082,6.820000171661377,6.619999885559082,6.820000171661377,True,True,,sample_0078.json
-AUZQgSxyPQ$_$2,text_mismatch,16,hydrating,16,16,hydrating,16,6.820000171661377,7.659999847412109,6.820000171661377,7.659999847412109,6.82,7.48,0.17999984741210895,mandatory_unique_exact_token_pair_in_all_optimal_LCS_alignments,mfa_primary_unique_word_overlap_auto_qc_pass,B_unique_word_overlap_in_mismatched_transcript,MFA 3.4.2 forced alignment of Whisper transcript,False,6.820000171661377,7.659999847412109,6.820000171661377,7.659999847412109,True,True,,sample_0078.json
-AUZQgSxyPQ$_$2,text_mismatch,17,exfoliant,17,17,exfoliant,17,7.659999847412109,8.260000228881836,7.659999847412109,8.260000228881836,7.48,8.34,0.17999984741210895,mandatory_unique_exact_token_pair_in_all_optimal_LCS_alignments,mfa_primary_unique_word_overlap_auto_qc_pass,B_unique_word_overlap_in_mismatched_transcript,MFA 3.4.2 forced alignment of Whisper transcript,False,7.659999847412109,8.260000228881836,7.659999847412109,8.260000228881836,True,True,,sample_0078.json
-AUZQgSxyPQ$_$2,text_mismatch,18,containing,,,,,,,,,,,,mandatory_unique_exact_token_pair_in_all_optimal_LCS_alignments,official_word_unmatched_or_ambiguous_in_asr,,,False,,,,,False,False,,sample_0078.json
-AUZQgSxyPQ$_$2,text_mismatch,19,jojoba,19,19,jojoba,19,9.1899995803833,10.289999961853027,9.1899995803833,10.289999961853027,9.18,9.86,0.4299999618530279,mandatory_unique_exact_token_pair_in_all_optimal_LCS_alignments,mfa_primary_unique_word_overlap_auto_qc_pass,B_unique_word_overlap_in_mismatched_transcript,MFA 3.4.2 forced alignment of Whisper transcript,False,9.1899995803833,10.289999961853027,9.1899995803833,10.289999961853027,True,True,,sample_0078.json
-AUZQgSxyPQ$_$2,text_mismatch,20,and,20,20,and,20,10.289999961853027,10.390000343322754,10.289999961853027,10.390000343322754,9.86,10.4,0.4299999618530279,mandatory_unique_exact_token_pair_in_all_optimal_LCS_alignments,mfa_primary_unique_word_overlap_auto_qc_pass,B_unique_word_overlap_in_mismatched_transcript,MFA 3.4.2 forced alignment of Whisper transcript,False,10.289999961853027,10.390000343322754,10.289999961853027,10.390000343322754,True,True,,sample_0078.json
-AUZQgSxyPQ$_$2,text_mismatch,21,acai,21,21,acai,21,10.390000343322754,10.930000305175781,10.390000343322754,10.930000305175781,10.4,10.84,0.09000030517578139,mandatory_unique_exact_token_pair_in_all_optimal_LCS_alignments,mfa_primary_unique_word_overlap_auto_qc_pass,B_unique_word_overlap_in_mismatched_transcript,MFA 3.4.2 forced alignment of Whisper transcript,False,10.390000343322754,10.930000305175781,10.390000343322754,10.930000305175781,True,True,,sample_0078.json
-AUZQgSxyPQ$_$2,text_mismatch,22,fruit,22,22,fruit,22,10.930000305175781,11.399999618530273,10.930000305175781,11.399999618530273,10.84,11.3,0.09999961853027273,mandatory_unique_exact_token_pair_in_all_optimal_LCS_alignments,mfa_primary_unique_word_overlap_auto_qc_pass,B_unique_word_overlap_in_mismatched_transcript,MFA 3.4.2 forced alignment of Whisper transcript,False,10.930000305175781,11.399999618530273,10.930000305175781,11.399999618530273,True,True,,sample_0078.json
-AUZQgSxyPQ$_$2,text_mismatch,23,oils,23,23,oils,23,11.399999618530273,11.8100004196167,11.399999618530273,11.8100004196167,11.3,11.74,0.09999961853027273,mandatory_unique_exact_token_pair_in_all_optimal_LCS_alignments,mfa_primary_unique_word_overlap_auto_qc_pass,B_unique_word_overlap_in_mismatched_transcript,MFA 3.4.2 forced alignment of Whisper transcript,False,11.399999618530273,11.8100004196167,11.399999618530273,11.8100004196167,True,True,,sample_0078.json
-AUZQgSxyPQ$_$2,text_mismatch,24,and,,,,,,,,,,,,mandatory_unique_exact_token_pair_in_all_optimal_LCS_alignments,official_word_unmatched_or_ambiguous_in_asr,,,False,,,,,False,False,,sample_0078.json
-AUZQgSxyPQ$_$2,text_mismatch,25,bamboo,25,25,bamboo,25,12.680000305175781,13.239999771118164,12.680000305175781,13.239999771118164,12.54,13.1,0.1400003051757821,mandatory_unique_exact_token_pair_in_all_optimal_LCS_alignments,mfa_primary_unique_word_overlap_auto_qc_pass,B_unique_word_overlap_in_mismatched_transcript,MFA 3.4.2 forced alignment of Whisper transcript,False,12.680000305175781,13.239999771118164,12.680000305175781,13.239999771118164,True,True,,sample_0078.json
-AUZQgSxyPQ$_$2,text_mismatch,26,and,26,26,and,26,13.5,13.739999771118164,13.5,13.739999771118164,13.1,13.68,0.40000000000000036,mandatory_unique_exact_token_pair_in_all_optimal_LCS_alignments,mfa_primary_unique_word_overlap_auto_qc_pass,B_unique_word_overlap_in_mismatched_transcript,MFA 3.4.2 forced alignment of Whisper transcript,False,13.5,13.739999771118164,13.5,13.739999771118164,True,True,,sample_0078.json
-AUZQgSxyPQ$_$2,text_mismatch,27,prickly,27,27,prickly,27,13.739999771118164,14.069999694824219,13.739999771118164,14.069999694824219,13.68,14.1,0.05999977111816435,mandatory_unique_exact_token_pair_in_all_optimal_LCS_alignments,mfa_primary_unique_word_overlap_auto_qc_pass,B_unique_word_overlap_in_mismatched_transcript,MFA 3.4.2 forced alignment of Whisper transcript,False,13.739999771118164,14.069999694824219,13.739999771118164,14.069999694824219,True,True,,sample_0078.json
-AUZQgSxyPQ$_$2,text_mismatch,28,bear,28,28,bear,28,14.069999694824219,14.470000267028809,14.069999694824219,14.470000267028809,14.1,14.36,0.11000026702880916,mandatory_unique_exact_token_pair_in_all_optimal_LCS_alignments,mfa_primary_unique_word_overlap_auto_qc_pass,B_unique_word_overlap_in_mismatched_transcript,MFA 3.4.2 forced alignment of Whisper transcript,False,14.069999694824219,14.470000267028809,14.069999694824219,14.470000267028809,True,True,,sample_0078.json
-AUZQgSxyPQ$_$2,text_mismatch,29,extracts,29,29,extracts,29,14.5600004196167,15.220000267028809,14.5600004196167,15.220000267028809,14.36,15.02,0.2000004196166998,mandatory_unique_exact_token_pair_in_all_optimal_LCS_alignments,mfa_primary_unique_word_overlap_auto_qc_pass,B_unique_word_overlap_in_mismatched_transcript,MFA 3.4.2 forced alignment of Whisper transcript,False,14.5600004196167,15.220000267028809,14.5600004196167,15.220000267028809,True,True,,sample_0078.json
-AUZQgSxyPQ$_$2,text_mismatch,30,deliver,31,31,deliver,31,15.890000343322754,16.329999923706055,15.890000343322754,16.329999923706055,15.86,16.28,0.04999992370605355,mandatory_unique_exact_token_pair_in_all_optimal_LCS_alignments,mfa_primary_unique_word_overlap_auto_qc_pass,B_unique_word_overlap_in_mismatched_transcript,MFA 3.4.2 forced alignment of Whisper transcript,False,15.890000343322754,16.329999923706055,15.890000343322754,16.329999923706055,True,True,,sample_0078.json
-AUZQgSxyPQ$_$2,text_mismatch,31,intense,32,32,intense,32,16.329999923706055,16.8700008392334,16.329999923706055,16.8700008392334,16.28,16.78,0.0900008392333973,mandatory_unique_exact_token_pair_in_all_optimal_LCS_alignments,mfa_primary_unique_word_overlap_auto_qc_pass,B_unique_word_overlap_in_mismatched_transcript,MFA 3.4.2 forced alignment of Whisper transcript,False,16.329999923706055,16.8700008392334,16.329999923706055,16.8700008392334,True,True,,sample_0078.json
-AUZQgSxyPQ$_$2,text_mismatch,32,healing,33,33,healing,33,16.8700008392334,17.350000381469727,16.8700008392334,17.350000381469727,16.78,17.3,0.0900008392333973,mandatory_unique_exact_token_pair_in_all_optimal_LCS_alignments,mfa_primary_unique_word_overlap_auto_qc_pass,B_unique_word_overlap_in_mismatched_transcript,MFA 3.4.2 forced alignment of Whisper transcript,False,16.8700008392334,17.350000381469727,16.8700008392334,17.350000381469727,True,True,,sample_0078.json
-AUZQgSxyPQ$_$2,text_mismatch,33,while,34,34,while,34,17.809999465942383,18.0,17.809999465942383,18.0,17.3,17.98,0.5099994659423821,mandatory_unique_exact_token_pair_in_all_optimal_LCS_alignments,mfa_whisper_discrepancy_over_0_5s_null_primary,B_unique_word_overlap_in_mismatched_transcript,MFA 3.4.2 forced alignment of Whisper transcript,True,,,,,False,True,mfa_whisper_edge_difference_over_0_5s,sample_0078.json
-AUZQgSxyPQ$_$2,text_mismatch,34,smooth,35,35,smooth,35,18.0,18.440000534057617,18.0,18.440000534057617,17.98,18.34,0.10000053405761733,mandatory_unique_exact_token_pair_in_all_optimal_LCS_alignments,mfa_primary_unique_word_overlap_auto_qc_pass,B_unique_word_overlap_in_mismatched_transcript,MFA 3.4.2 forced alignment of Whisper transcript,False,18.0,18.440000534057617,18.0,18.440000534057617,True,True,,sample_0078.json
-AUZQgSxyPQ$_$2,text_mismatch,35,granules,36,36,granules,36,18.440000534057617,18.940000534057617,18.440000534057617,18.940000534057617,18.34,18.9,0.10000053405761733,mandatory_unique_exact_token_pair_in_all_optimal_LCS_alignments,mfa_primary_unique_word_overlap_auto_qc_pass,B_unique_word_overlap_in_mismatched_transcript,MFA 3.4.2 forced alignment of Whisper transcript,False,18.440000534057617,18.940000534057617,18.440000534057617,18.940000534057617,True,True,,sample_0078.json
-AUZQgSxyPQ$_$2,text_mismatch,36,buff,37,37,buff,37,18.940000534057617,19.290000915527344,18.940000534057617,19.290000915527344,18.9,19.22,0.07000091552734489,mandatory_unique_exact_token_pair_in_all_optimal_LCS_alignments,mfa_primary_unique_word_overlap_auto_qc_pass,B_unique_word_overlap_in_mismatched_transcript,MFA 3.4.2 forced alignment of Whisper transcript,False,18.940000534057617,19.290000915527344,18.940000534057617,19.290000915527344,True,True,,sample_0078.json
-AUZQgSxyPQ$_$2,text_mismatch,37,away,38,38,away,38,19.290000915527344,19.739999771118164,19.290000915527344,19.739999771118164,19.22,19.64,0.0999997711181635,mandatory_unique_exact_token_pair_in_all_optimal_LCS_alignments,mfa_primary_unique_word_overlap_auto_qc_pass,B_unique_word_overlap_in_mismatched_transcript,MFA 3.4.2 forced alignment of Whisper transcript,False,19.290000915527344,19.739999771118164,19.290000915527344,19.739999771118164,True,True,,sample_0078.json
-AUZQgSxyPQ$_$2,text_mismatch,38,dead,39,39,dead,39,20.110000610351562,20.40999984741211,20.110000610351562,20.40999984741211,19.64,20.36,0.47000061035156193,mandatory_unique_exact_token_pair_in_all_optimal_LCS_alignments,mfa_primary_unique_word_overlap_auto_qc_pass,B_unique_word_overlap_in_mismatched_transcript,MFA 3.4.2 forced alignment of Whisper transcript,False,20.110000610351562,20.40999984741211,20.110000610351562,20.40999984741211,True,True,,sample_0078.json
-AUZQgSxyPQ$_$2,text_mismatch,39,dry,40,40,dry,40,20.690000534057617,21.059999465942383,20.690000534057617,21.059999465942383,20.36,20.96,0.33000053405761776,mandatory_unique_exact_token_pair_in_all_optimal_LCS_alignments,mfa_primary_unique_word_overlap_auto_qc_pass,B_unique_word_overlap_in_mismatched_transcript,MFA 3.4.2 forced alignment of Whisper transcript,False,20.690000534057617,21.059999465942383,20.690000534057617,21.059999465942383,True,True,,sample_0078.json
-AUZQgSxyPQ$_$2,text_mismatch,40,skin,41,41,skin,41,21.15999984741211,21.459999084472656,21.15999984741211,21.459999084472656,20.96,21.42,0.19999984741210852,mandatory_unique_exact_token_pair_in_all_optimal_LCS_alignments,mfa_primary_unique_word_overlap_auto_qc_pass,B_unique_word_overlap_in_mismatched_transcript,MFA 3.4.2 forced alignment of Whisper transcript,False,21.15999984741211,21.459999084472656,21.15999984741211,21.459999084472656,True,True,,sample_0078.json
-AUZQgSxyPQ$_$2,text_mismatch,41,cells,42,42,cells,42,21.459999084472656,21.8799991607666,21.459999084472656,21.8799991607666,21.42,21.72,0.1599991607666027,mandatory_unique_exact_token_pair_in_all_optimal_LCS_alignments,mfa_primary_unique_word_overlap_auto_qc_pass,B_unique_word_overlap_in_mismatched_transcript,MFA 3.4.2 forced alignment of Whisper transcript,False,21.459999084472656,21.8799991607666,21.459999084472656,21.8799991607666,True,True,,sample_0078.json
-HeZS2-Prhc$_$2,text_mismatch,1,The,2,2,the,2,0.49000000953674316,0.5699999928474426,0.49000000953674316,0.5699999928474426,1.54,1.84,1.2700000071525575,mandatory_unique_exact_token_pair_in_all_optimal_LCS_alignments,mfa_whisper_discrepancy_over_0_5s_null_primary,B_unique_word_overlap_in_mismatched_transcript,MFA 3.4.2 forced alignment of Whisper transcript,True,,,,,False,True,mfa_whisper_edge_difference_over_0_5s,sample_0079.json
-HeZS2-Prhc$_$2,text_mismatch,2,August,3,3,august,3,1.2599999904632568,2.299999952316284,1.2599999904632568,2.299999952316284,1.84,2.14,0.5800000095367432,mandatory_unique_exact_token_pair_in_all_optimal_LCS_alignments,mfa_whisper_discrepancy_over_0_5s_null_primary,B_unique_word_overlap_in_mismatched_transcript,MFA 3.4.2 forced alignment of Whisper transcript,True,,,,,False,True,mfa_whisper_edge_difference_over_0_5s,sample_0079.json
-HeZS2-Prhc$_$2,text_mismatch,3,jobs,4,4,jobs,4,2.299999952316284,2.680000066757202,2.299999952316284,2.680000066757202,2.14,2.54,0.15999995231628406,mandatory_unique_exact_token_pair_in_all_optimal_LCS_alignments,mfa_primary_unique_word_overlap_auto_qc_pass,B_unique_word_overlap_in_mismatched_transcript,MFA 3.4.2 forced alignment of Whisper transcript,False,2.299999952316284,2.680000066757202,2.299999952316284,2.680000066757202,True,True,,sample_0079.json
-HeZS2-Prhc$_$2,text_mismatch,4,report,5,5,report,5,2.680000066757202,3.0299999713897705,2.680000066757202,3.0299999713897705,2.54,2.92,0.1400000667572021,mandatory_unique_exact_token_pair_in_all_optimal_LCS_alignments,mfa_primary_unique_word_overlap_auto_qc_pass,B_unique_word_overlap_in_mismatched_transcript,MFA 3.4.2 forced alignment of Whisper transcript,False,2.680000066757202,3.0299999713897705,2.680000066757202,3.0299999713897705,True,True,,sample_0079.json
-HeZS2-Prhc$_$2,text_mismatch,5,is,6,6,is,6,3.0299999713897705,3.1700000762939453,3.0299999713897705,3.1700000762939453,2.92,3.12,0.10999997138977058,mandatory_unique_exact_token_pair_in_all_optimal_LCS_alignments,mfa_primary_unique_word_overlap_auto_qc_pass,B_unique_word_overlap_in_mismatched_transcript,MFA 3.4.2 forced alignment of Whisper transcript,False,3.0299999713897705,3.1700000762939453,3.0299999713897705,3.1700000762939453,True,True,,sample_0079.json
-HeZS2-Prhc$_$2,text_mismatch,6,out,7,7,out,7,3.1700000762939453,3.490000009536743,3.1700000762939453,3.490000009536743,3.12,3.42,0.07000000953674324,mandatory_unique_exact_token_pair_in_all_optimal_LCS_alignments,mfa_primary_unique_word_overlap_auto_qc_pass,B_unique_word_overlap_in_mismatched_transcript,MFA 3.4.2 forced alignment of Whisper transcript,False,3.1700000762939453,3.490000009536743,3.1700000762939453,3.490000009536743,True,True,,sample_0079.json
-HeZS2-Prhc$_$2,text_mismatch,7,and,8,8,and,8,3.630000114440918,4.090000152587891,3.630000114440918,4.090000152587891,3.42,4.02,0.21000011444091804,mandatory_unique_exact_token_pair_in_all_optimal_LCS_alignments,mfa_primary_unique_word_overlap_auto_qc_pass,B_unique_word_overlap_in_mismatched_transcript,MFA 3.4.2 forced alignment of Whisper transcript,False,3.630000114440918,4.090000152587891,3.630000114440918,4.090000152587891,True,True,,sample_0079.json
-HeZS2-Prhc$_$2,text_mismatch,8,it,9,9,it,9,4.139999866485596,4.28000020980835,4.139999866485596,4.28000020980835,4.02,4.26,0.11999986648559613,mandatory_unique_exact_token_pair_in_all_optimal_LCS_alignments,mfa_primary_unique_word_overlap_auto_qc_pass,B_unique_word_overlap_in_mismatched_transcript,MFA 3.4.2 forced alignment of Whisper transcript,False,4.139999866485596,4.28000020980835,4.139999866485596,4.28000020980835,True,True,,sample_0079.json
-HeZS2-Prhc$_$2,text_mismatch,9,was,10,10,was,10,4.28000020980835,4.420000076293945,4.28000020980835,4.420000076293945,4.26,4.42,0.020000209808349823,mandatory_unique_exact_token_pair_in_all_optimal_LCS_alignments,mfa_primary_unique_word_overlap_auto_qc_pass,B_unique_word_overlap_in_mismatched_transcript,MFA 3.4.2 forced alignment of Whisper transcript,False,4.28000020980835,4.420000076293945,4.28000020980835,4.420000076293945,True,True,,sample_0079.json
-HeZS2-Prhc$_$2,text_mismatch,10,seen,11,11,seen,11,4.420000076293945,4.880000114440918,4.420000076293945,4.880000114440918,4.42,4.8,0.08000011444091815,mandatory_unique_exact_token_pair_in_all_optimal_LCS_alignments,mfa_primary_unique_word_overlap_auto_qc_pass,B_unique_word_overlap_in_mismatched_transcript,MFA 3.4.2 forced alignment of Whisper transcript,False,4.420000076293945,4.880000114440918,4.420000076293945,4.880000114440918,True,True,,sample_0079.json
-HeZS2-Prhc$_$2,text_mismatch,11,overall,12,12,overall,12,5.119999885559082,5.809999942779541,5.119999885559082,5.809999942779541,4.8,5.64,0.3199998855590822,mandatory_unique_exact_token_pair_in_all_optimal_LCS_alignments,mfa_primary_unique_word_overlap_auto_qc_pass,B_unique_word_overlap_in_mismatched_transcript,MFA 3.4.2 forced alignment of Whisper transcript,False,5.119999885559082,5.809999942779541,5.119999885559082,5.809999942779541,True,True,,sample_0079.json
-HeZS2-Prhc$_$2,text_mismatch,12,as,,,,,,,,,,,,mandatory_unique_exact_token_pair_in_all_optimal_LCS_alignments,official_word_unmatched_or_ambiguous_in_asr,,,False,,,,,False,False,,sample_0079.json
-HeZS2-Prhc$_$2,text_mismatch,13,solid,14,14,solid,14,6.230000019073486,6.789999961853027,6.230000019073486,6.789999961853027,6.26,6.66,0.1299999618530272,mandatory_unique_exact_token_pair_in_all_optimal_LCS_alignments,mfa_primary_unique_word_overlap_auto_qc_pass,B_unique_word_overlap_in_mismatched_transcript,MFA 3.4.2 forced alignment of Whisper transcript,False,6.230000019073486,6.789999961853027,6.230000019073486,6.789999961853027,True,True,,sample_0079.json
-HeZS2-Prhc$_$2,text_mismatch,14,but,15,15,but,15,6.789999961853027,7.010000228881836,6.789999961853027,7.010000228881836,6.66,6.92,0.1299999618530272,mandatory_unique_exact_token_pair_in_all_optimal_LCS_alignments,mfa_primary_unique_word_overlap_auto_qc_pass,B_unique_word_overlap_in_mismatched_transcript,MFA 3.4.2 forced alignment of Whisper transcript,False,6.789999961853027,7.010000228881836,6.789999961853027,7.010000228881836,True,True,,sample_0079.json
-HeZS2-Prhc$_$2,text_mismatch,15,not,16,16,not,16,7.010000228881836,7.289999961853027,7.010000228881836,7.289999961853027,6.92,7.18,0.10999996185302763,mandatory_unique_exact_token_pair_in_all_optimal_LCS_alignments,mfa_primary_unique_word_overlap_auto_qc_pass,B_unique_word_overlap_in_mismatched_transcript,MFA 3.4.2 forced alignment of Whisper transcript,False,7.010000228881836,7.289999961853027,7.010000228881836,7.289999961853027,True,True,,sample_0079.json
-HeZS2-Prhc$_$2,text_mismatch,16,great,17,17,great,17,7.289999961853027,7.730000019073486,7.289999961853027,7.730000019073486,7.18,7.56,0.17000001907348672,mandatory_unique_exact_token_pair_in_all_optimal_LCS_alignments,mfa_primary_unique_word_overlap_auto_qc_pass,B_unique_word_overlap_in_mismatched_transcript,MFA 3.4.2 forced alignment of Whisper transcript,False,7.289999961853027,7.730000019073486,7.289999961853027,7.730000019073486,True,True,,sample_0079.json
-MeTTeMJBNc$_$0,exact_text,1,Okay,1,1,okay,1,0.949999988079071,1.350000023841858,0.949999988079071,1.350000023841858,0.0,1.2,0.949999988079071,mandatory_unique_exact_token_pair_in_all_optimal_LCS_alignments,mfa_whisper_discrepancy_over_0_5s_null_primary,A_exact_transcript,MFA 3.4.2 forced alignment of Whisper transcript,True,,,,,False,True,mfa_whisper_edge_difference_over_0_5s,sample_0080.json
-MeTTeMJBNc$_$0,exact_text,2,what,2,2,what,2,1.350000023841858,1.5399999618530273,1.350000023841858,1.5399999618530273,1.36,1.52,0.019999961853027326,mandatory_unique_exact_token_pair_in_all_optimal_LCS_alignments,mfa_primary_exact_transcript_auto_qc_pass,A_exact_transcript,MFA 3.4.2 forced alignment of Whisper transcript,False,1.350000023841858,1.5399999618530273,1.350000023841858,1.5399999618530273,True,True,,sample_0080.json
-MeTTeMJBNc$_$0,exact_text,3,happens,3,3,happens,3,1.5399999618530273,2.130000114440918,1.5399999618530273,2.130000114440918,1.52,2.0,0.13000011444091797,mandatory_unique_exact_token_pair_in_all_optimal_LCS_alignments,mfa_primary_exact_transcript_auto_qc_pass,A_exact_transcript,MFA 3.4.2 forced alignment of Whisper transcript,False,1.5399999618530273,2.130000114440918,1.5399999618530273,2.130000114440918,True,True,,sample_0080.json
-MeTTeMJBNc$_$0,exact_text,4,at,4,4,at,4,2.130000114440918,2.319999933242798,2.130000114440918,2.319999933242798,2.0,2.26,0.13000011444091797,mandatory_unique_exact_token_pair_in_all_optimal_LCS_alignments,mfa_primary_exact_transcript_auto_qc_pass,A_exact_transcript,MFA 3.4.2 forced alignment of Whisper transcript,False,2.130000114440918,2.319999933242798,2.130000114440918,2.319999933242798,True,True,,sample_0080.json
-MeTTeMJBNc$_$0,exact_text,5,this,5,5,this,5,2.319999933242798,2.609999895095825,2.319999933242798,2.609999895095825,2.26,2.52,0.08999989509582518,mandatory_unique_exact_token_pair_in_all_optimal_LCS_alignments,mfa_primary_exact_transcript_auto_qc_pass,A_exact_transcript,MFA 3.4.2 forced alignment of Whisper transcript,False,2.319999933242798,2.609999895095825,2.319999933242798,2.609999895095825,True,True,,sample_0080.json
-MeTTeMJBNc$_$0,exact_text,6,point,6,6,point,6,2.609999895095825,2.9800000190734863,2.609999895095825,2.9800000190734863,2.52,2.88,0.10000001907348643,mandatory_unique_exact_token_pair_in_all_optimal_LCS_alignments,mfa_primary_exact_transcript_auto_qc_pass,A_exact_transcript,MFA 3.4.2 forced alignment of Whisper transcript,False,2.609999895095825,2.9800000190734863,2.609999895095825,2.9800000190734863,True,True,,sample_0080.json
-MeTTeMJBNc$_$0,exact_text,7,after,7,7,after,7,3.049999952316284,3.4100000858306885,3.049999952316284,3.4100000858306885,2.88,3.36,0.1699999523162843,mandatory_unique_exact_token_pair_in_all_optimal_LCS_alignments,mfa_primary_exact_transcript_auto_qc_pass,A_exact_transcript,MFA 3.4.2 forced alignment of Whisper transcript,False,3.049999952316284,3.4100000858306885,3.049999952316284,3.4100000858306885,True,True,,sample_0080.json
-MeTTeMJBNc$_$0,exact_text,8,we've,8,8,we've,8,3.4100000858306885,3.6600000858306885,3.4100000858306885,3.6600000858306885,3.36,3.68,0.0500000858306886,mandatory_unique_exact_token_pair_in_all_optimal_LCS_alignments,mfa_primary_exact_transcript_auto_qc_pass,A_exact_transcript,MFA 3.4.2 forced alignment of Whisper transcript,False,3.4100000858306885,3.6600000858306885,3.4100000858306885,3.6600000858306885,True,True,,sample_0080.json
-MeTTeMJBNc$_$0,exact_text,9,taken,9,9,taken,9,3.6600000858306885,4.050000190734863,3.6600000858306885,4.050000190734863,3.68,3.92,0.13000019073486335,mandatory_unique_exact_token_pair_in_all_optimal_LCS_alignments,mfa_primary_exact_transcript_auto_qc_pass,A_exact_transcript,MFA 3.4.2 forced alignment of Whisper transcript,False,3.6600000858306885,4.050000190734863,3.6600000858306885,4.050000190734863,True,True,,sample_0080.json
-MeTTeMJBNc$_$0,exact_text,10,this,10,10,this,10,4.050000190734863,4.369999885559082,4.050000190734863,4.369999885559082,3.92,4.26,0.13000019073486335,mandatory_unique_exact_token_pair_in_all_optimal_LCS_alignments,mfa_primary_exact_transcript_auto_qc_pass,A_exact_transcript,MFA 3.4.2 forced alignment of Whisper transcript,False,4.050000190734863,4.369999885559082,4.050000190734863,4.369999885559082,True,True,,sample_0080.json
-MeTTeMJBNc$_$0,exact_text,11,brief,11,11,brief,11,4.369999885559082,4.789999961853027,4.369999885559082,4.789999961853027,4.26,4.66,0.1299999618530272,mandatory_unique_exact_token_pair_in_all_optimal_LCS_alignments,mfa_primary_exact_transcript_auto_qc_pass,A_exact_transcript,MFA 3.4.2 forced alignment of Whisper transcript,False,4.369999885559082,4.789999961853027,4.369999885559082,4.789999961853027,True,True,,sample_0080.json
-MeTTeMJBNc$_$0,exact_text,12,walk,12,12,walk,12,4.789999961853027,5.239999771118164,4.789999961853027,5.239999771118164,4.66,5.1,0.13999977111816442,mandatory_unique_exact_token_pair_in_all_optimal_LCS_alignments,mfa_primary_exact_transcript_auto_qc_pass,A_exact_transcript,MFA 3.4.2 forced alignment of Whisper transcript,False,4.789999961853027,5.239999771118164,4.789999961853027,5.239999771118164,True,True,,sample_0080.json
-MeTTeMJBNc$_$0,exact_text,13,down,13,13,down,13,5.239999771118164,5.550000190734863,5.239999771118164,5.550000190734863,5.1,5.46,0.13999977111816442,mandatory_unique_exact_token_pair_in_all_optimal_LCS_alignments,mfa_primary_exact_transcript_auto_qc_pass,A_exact_transcript,MFA 3.4.2 forced alignment of Whisper transcript,False,5.239999771118164,5.550000190734863,5.239999771118164,5.550000190734863,True,True,,sample_0080.json
-MeTTeMJBNc$_$0,exact_text,14,memory,14,14,memory,14,5.550000190734863,5.900000095367432,5.550000190734863,5.900000095367432,5.46,5.84,0.09000019073486332,mandatory_unique_exact_token_pair_in_all_optimal_LCS_alignments,mfa_primary_exact_transcript_auto_qc_pass,A_exact_transcript,MFA 3.4.2 forced alignment of Whisper transcript,False,5.550000190734863,5.900000095367432,5.550000190734863,5.900000095367432,True,True,,sample_0080.json
-MeTTeMJBNc$_$0,exact_text,15,lane,15,15,lane,15,5.900000095367432,6.400000095367432,5.900000095367432,6.400000095367432,5.84,6.32,0.08000009536743136,mandatory_unique_exact_token_pair_in_all_optimal_LCS_alignments,mfa_primary_exact_transcript_auto_qc_pass,A_exact_transcript,MFA 3.4.2 forced alignment of Whisper transcript,False,5.900000095367432,6.400000095367432,5.900000095367432,6.400000095367432,True,True,,sample_0080.json
-MeTTeMJBNc$_$0,exact_text,16,is,16,16,is,16,6.769999980926514,6.949999809265137,6.769999980926514,6.949999809265137,6.32,6.9,0.4499999809265134,mandatory_unique_exact_token_pair_in_all_optimal_LCS_alignments,mfa_primary_exact_transcript_auto_qc_pass,A_exact_transcript,MFA 3.4.2 forced alignment of Whisper transcript,False,6.769999980926514,6.949999809265137,6.769999980926514,6.949999809265137,True,True,,sample_0080.json
-MeTTeMJBNc$_$0,exact_text,17,the,17,17,the,17,6.949999809265137,7.03000020980835,6.949999809265137,7.03000020980835,6.9,7.1,0.06999979019165004,mandatory_unique_exact_token_pair_in_all_optimal_LCS_alignments,mfa_primary_exact_transcript_auto_qc_pass,A_exact_transcript,MFA 3.4.2 forced alignment of Whisper transcript,False,6.949999809265137,7.03000020980835,6.949999809265137,7.03000020980835,True,True,,sample_0080.json
-MeTTeMJBNc$_$0,exact_text,18,presentation,18,18,presentation,18,7.03000020980835,7.889999866485596,7.03000020980835,7.889999866485596,7.1,7.54,0.34999986648559567,mandatory_unique_exact_token_pair_in_all_optimal_LCS_alignments,mfa_primary_exact_transcript_auto_qc_pass,A_exact_transcript,MFA 3.4.2 forced alignment of Whisper transcript,False,7.03000020980835,7.889999866485596,7.03000020980835,7.889999866485596,True,True,,sample_0080.json
-MeTTeMJBNc$_$0,exact_text,19,of,19,19,of,19,7.889999866485596,8.050000190734863,7.889999866485596,8.050000190734863,7.54,8.0,0.34999986648559567,mandatory_unique_exact_token_pair_in_all_optimal_LCS_alignments,mfa_primary_exact_transcript_auto_qc_pass,A_exact_transcript,MFA 3.4.2 forced alignment of Whisper transcript,False,7.889999866485596,8.050000190734863,7.889999866485596,8.050000190734863,True,True,,sample_0080.json
-MeTTeMJBNc$_$0,exact_text,20,the,20,20,the,20,8.050000190734863,8.130000114440918,8.050000190734863,8.130000114440918,8.0,8.18,0.05000019073486328,mandatory_unique_exact_token_pair_in_all_optimal_LCS_alignments,mfa_primary_exact_transcript_auto_qc_pass,A_exact_transcript,MFA 3.4.2 forced alignment of Whisper transcript,False,8.050000190734863,8.130000114440918,8.050000190734863,8.130000114440918,True,True,,sample_0080.json
-MeTTeMJBNc$_$0,exact_text,21,gift,21,21,gift,21,8.130000114440918,8.770000457763672,8.130000114440918,8.770000457763672,8.18,8.44,0.3300004577636724,mandatory_unique_exact_token_pair_in_all_optimal_LCS_alignments,mfa_primary_exact_transcript_auto_qc_pass,A_exact_transcript,MFA 3.4.2 forced alignment of Whisper transcript,False,8.130000114440918,8.770000457763672,8.130000114440918,8.770000457763672,True,True,,sample_0080.json
-MeTTeMJBNc$_$13,text_mismatch,1,It,2,2,it,2,0.20000000298023224,0.4099999964237213,0.20000000298023224,0.4099999964237213,0.06,0.18,0.22999999642372132,mandatory_unique_exact_token_pair_in_all_optimal_LCS_alignments,mfa_primary_unique_word_overlap_auto_qc_pass,B_unique_word_overlap_in_mismatched_transcript,MFA 3.4.2 forced alignment of Whisper transcript,False,0.20000000298023224,0.4099999964237213,0.20000000298023224,0.4099999964237213,True,True,,sample_0081.json
-MeTTeMJBNc$_$13,text_mismatch,2,just,4,4,just,4,1.0199999809265137,1.440000057220459,1.0199999809265137,1.440000057220459,0.54,1.26,0.47999998092651364,mandatory_unique_exact_token_pair_in_all_optimal_LCS_alignments,mfa_primary_unique_word_overlap_auto_qc_pass,B_unique_word_overlap_in_mismatched_transcript,MFA 3.4.2 forced alignment of Whisper transcript,False,1.0199999809265137,1.440000057220459,1.0199999809265137,1.440000057220459,True,True,,sample_0081.json
-MeTTeMJBNc$_$13,text_mismatch,3,needs,5,5,needs,5,1.440000057220459,1.6799999475479126,1.440000057220459,1.6799999475479126,1.26,1.58,0.18000005722045898,mandatory_unique_exact_token_pair_in_all_optimal_LCS_alignments,mfa_primary_unique_word_overlap_auto_qc_pass,B_unique_word_overlap_in_mismatched_transcript,MFA 3.4.2 forced alignment of Whisper transcript,False,1.440000057220459,1.6799999475479126,1.440000057220459,1.6799999475479126,True,True,,sample_0081.json
-MeTTeMJBNc$_$13,text_mismatch,4,to,6,6,to,6,1.6799999475479126,1.7899999618530273,1.6799999475479126,1.7899999618530273,1.58,1.8,0.09999994754791253,mandatory_unique_exact_token_pair_in_all_optimal_LCS_alignments,mfa_primary_unique_word_overlap_auto_qc_pass,B_unique_word_overlap_in_mismatched_transcript,MFA 3.4.2 forced alignment of Whisper transcript,False,1.6799999475479126,1.7899999618530273,1.6799999475479126,1.7899999618530273,True,True,,sample_0081.json
-MeTTeMJBNc$_$13,text_mismatch,5,be,7,7,be,7,1.7899999618530273,1.940000057220459,1.7899999618530273,1.940000057220459,1.8,1.94,0.0100000381469727,mandatory_unique_exact_token_pair_in_all_optimal_LCS_alignments,mfa_primary_unique_word_overlap_auto_qc_pass,B_unique_word_overlap_in_mismatched_transcript,MFA 3.4.2 forced alignment of Whisper transcript,False,1.7899999618530273,1.940000057220459,1.7899999618530273,1.940000057220459,True,True,,sample_0081.json
-MeTTeMJBNc$_$13,text_mismatch,6,a,8,8,a,8,1.940000057220459,2.0299999713897705,1.940000057220459,2.0299999713897705,1.94,2.1,0.07000002861022958,mandatory_unique_exact_token_pair_in_all_optimal_LCS_alignments,mfa_primary_unique_word_overlap_auto_qc_pass,B_unique_word_overlap_in_mismatched_transcript,MFA 3.4.2 forced alignment of Whisper transcript,False,1.940000057220459,2.0299999713897705,1.940000057220459,2.0299999713897705,True,True,,sample_0081.json
-MeTTeMJBNc$_$13,text_mismatch,7,simple,9,9,simple,9,2.0299999713897705,2.549999952316284,2.0299999713897705,2.549999952316284,2.1,2.5,0.07000002861022958,mandatory_unique_exact_token_pair_in_all_optimal_LCS_alignments,mfa_primary_unique_word_overlap_auto_qc_pass,B_unique_word_overlap_in_mismatched_transcript,MFA 3.4.2 forced alignment of Whisper transcript,False,2.0299999713897705,2.549999952316284,2.0299999713897705,2.549999952316284,True,True,,sample_0081.json
-MeTTeMJBNc$_$13,text_mismatch,8,statement,10,10,statement,10,2.549999952316284,3.2300000190734863,2.549999952316284,3.2300000190734863,2.5,3.12,0.11000001907348622,mandatory_unique_exact_token_pair_in_all_optimal_LCS_alignments,mfa_primary_unique_word_overlap_auto_qc_pass,B_unique_word_overlap_in_mismatched_transcript,MFA 3.4.2 forced alignment of Whisper transcript,False,2.549999952316284,3.2300000190734863,2.549999952316284,3.2300000190734863,True,True,,sample_0081.json
-MeTTeMJBNc$_$13,text_mismatch,9,and,11,11,and,11,3.559999942779541,3.700000047683716,3.559999942779541,3.700000047683716,3.12,3.68,0.4399999427795409,mandatory_unique_exact_token_pair_in_all_optimal_LCS_alignments,mfa_primary_unique_word_overlap_auto_qc_pass,B_unique_word_overlap_in_mismatched_transcript,MFA 3.4.2 forced alignment of Whisper transcript,False,3.559999942779541,3.700000047683716,3.559999942779541,3.700000047683716,True,True,,sample_0081.json
-MeTTeMJBNc$_$13,text_mismatch,10,then,12,12,then,12,3.700000047683716,3.809999942779541,3.700000047683716,3.809999942779541,3.68,3.78,0.02999994277954121,mandatory_unique_exact_token_pair_in_all_optimal_LCS_alignments,mfa_primary_unique_word_overlap_auto_qc_pass,B_unique_word_overlap_in_mismatched_transcript,MFA 3.4.2 forced alignment of Whisper transcript,False,3.700000047683716,3.809999942779541,3.700000047683716,3.809999942779541,True,True,,sample_0081.json
-MeTTeMJBNc$_$13,text_mismatch,11,you,13,13,you,13,3.809999942779541,3.890000104904175,3.809999942779541,3.890000104904175,3.78,3.92,0.02999994277954121,mandatory_unique_exact_token_pair_in_all_optimal_LCS_alignments,mfa_primary_unique_word_overlap_auto_qc_pass,B_unique_word_overlap_in_mismatched_transcript,MFA 3.4.2 forced alignment of Whisper transcript,False,3.809999942779541,3.890000104904175,3.809999942779541,3.890000104904175,True,True,,sample_0081.json
-MeTTeMJBNc$_$13,text_mismatch,12,present,14,14,present,14,3.890000104904175,4.380000114440918,3.890000104904175,4.380000114440918,3.92,4.26,0.12000011444091818,mandatory_unique_exact_token_pair_in_all_optimal_LCS_alignments,mfa_primary_unique_word_overlap_auto_qc_pass,B_unique_word_overlap_in_mismatched_transcript,MFA 3.4.2 forced alignment of Whisper transcript,False,3.890000104904175,4.380000114440918,3.890000104904175,4.380000114440918,True,True,,sample_0081.json
-MeTTeMJBNc$_$13,text_mismatch,13,the,15,15,the,15,4.380000114440918,4.440000057220459,4.380000114440918,4.440000057220459,4.26,4.5,0.12000011444091818,mandatory_unique_exact_token_pair_in_all_optimal_LCS_alignments,mfa_primary_unique_word_overlap_auto_qc_pass,B_unique_word_overlap_in_mismatched_transcript,MFA 3.4.2 forced alignment of Whisper transcript,False,4.380000114440918,4.440000057220459,4.380000114440918,4.440000057220459,True,True,,sample_0081.json
-MeTTeMJBNc$_$13,text_mismatch,14,gift,16,16,gift,16,4.440000057220459,4.989999771118164,4.440000057220459,4.989999771118164,4.5,4.72,0.2699997711181643,mandatory_unique_exact_token_pair_in_all_optimal_LCS_alignments,mfa_primary_unique_word_overlap_auto_qc_pass,B_unique_word_overlap_in_mismatched_transcript,MFA 3.4.2 forced alignment of Whisper transcript,False,4.440000057220459,4.989999771118164,4.440000057220459,4.989999771118164,True,True,,sample_0081.json
-MeTTeMJBNc$_$7,text_mismatch,1,Maybe,1,1,maybe,1,0.5199999809265137,0.7300000190734863,0.5199999809265137,0.7300000190734863,0.0,0.66,0.5199999809265137,mandatory_unique_exact_token_pair_in_all_optimal_LCS_alignments,mfa_whisper_discrepancy_over_0_5s_null_primary,B_unique_word_overlap_in_mismatched_transcript,MFA 3.4.2 forced alignment of Whisper transcript,True,,,,,False,True,mfa_whisper_edge_difference_over_0_5s,sample_0082.json
-MeTTeMJBNc$_$7,text_mismatch,2,you,2,2,you,2,0.7300000190734863,0.9100000262260437,0.7300000190734863,0.9100000262260437,0.66,0.9,0.0700000190734863,mandatory_unique_exact_token_pair_in_all_optimal_LCS_alignments,mfa_primary_unique_word_overlap_auto_qc_pass,B_unique_word_overlap_in_mismatched_transcript,MFA 3.4.2 forced alignment of Whisper transcript,False,0.7300000190734863,0.9100000262260437,0.7300000190734863,0.9100000262260437,True,True,,sample_0082.json
-MeTTeMJBNc$_$7,text_mismatch,3,could,3,3,could,3,0.9100000262260437,1.1799999475479126,0.9100000262260437,1.1799999475479126,0.9,1.16,0.019999947547912678,mandatory_unique_exact_token_pair_in_all_optimal_LCS_alignments,mfa_primary_unique_word_overlap_auto_qc_pass,B_unique_word_overlap_in_mismatched_transcript,MFA 3.4.2 forced alignment of Whisper transcript,False,0.9100000262260437,1.1799999475479126,0.9100000262260437,1.1799999475479126,True,True,,sample_0082.json
-MeTTeMJBNc$_$7,text_mismatch,4,find,4,4,find,4,1.1799999475479126,1.8899999856948853,1.1799999475479126,1.8899999856948853,1.16,1.8,0.08999998569488521,mandatory_unique_exact_token_pair_in_all_optimal_LCS_alignments,mfa_primary_unique_word_overlap_auto_qc_pass,B_unique_word_overlap_in_mismatched_transcript,MFA 3.4.2 forced alignment of Whisper transcript,False,1.1799999475479126,1.8899999856948853,1.1799999475479126,1.8899999856948853,True,True,,sample_0082.json
-MeTTeMJBNc$_$7,text_mismatch,5,a,5,5,a,5,1.8899999856948853,1.940000057220459,1.8899999856948853,1.940000057220459,1.8,2.0,0.08999998569488521,mandatory_unique_exact_token_pair_in_all_optimal_LCS_alignments,mfa_primary_unique_word_overlap_auto_qc_pass,B_unique_word_overlap_in_mismatched_transcript,MFA 3.4.2 forced alignment of Whisper transcript,False,1.8899999856948853,1.940000057220459,1.8899999856948853,1.940000057220459,True,True,,sample_0082.json
-MeTTeMJBNc$_$7,text_mismatch,6,picture,6,6,picture,6,1.940000057220459,2.4000000953674316,1.940000057220459,2.4000000953674316,2.0,2.2,0.20000009536743146,mandatory_unique_exact_token_pair_in_all_optimal_LCS_alignments,mfa_primary_unique_word_overlap_auto_qc_pass,B_unique_word_overlap_in_mismatched_transcript,MFA 3.4.2 forced alignment of Whisper transcript,False,1.940000057220459,2.4000000953674316,1.940000057220459,2.4000000953674316,True,True,,sample_0082.json
-MeTTeMJBNc$_$7,text_mismatch,7,of,7,7,of,7,2.4000000953674316,2.549999952316284,2.4000000953674316,2.549999952316284,2.2,2.54,0.20000009536743146,mandatory_unique_exact_token_pair_in_all_optimal_LCS_alignments,mfa_primary_unique_word_overlap_auto_qc_pass,B_unique_word_overlap_in_mismatched_transcript,MFA 3.4.2 forced alignment of Whisper transcript,False,2.4000000953674316,2.549999952316284,2.4000000953674316,2.549999952316284,True,True,,sample_0082.json
-MeTTeMJBNc$_$7,text_mismatch,8,the,8,8,the,8,2.549999952316284,2.619999885559082,2.549999952316284,2.619999885559082,2.54,2.66,0.04000011444091811,mandatory_unique_exact_token_pair_in_all_optimal_LCS_alignments,mfa_primary_unique_word_overlap_auto_qc_pass,B_unique_word_overlap_in_mismatched_transcript,MFA 3.4.2 forced alignment of Whisper transcript,False,2.549999952316284,2.619999885559082,2.549999952316284,2.619999885559082,True,True,,sample_0082.json
-MeTTeMJBNc$_$7,text_mismatch,9,couple,9,9,couple,9,2.619999885559082,3.059999942779541,2.619999885559082,3.059999942779541,2.66,2.94,0.11999994277954107,mandatory_unique_exact_token_pair_in_all_optimal_LCS_alignments,mfa_primary_unique_word_overlap_auto_qc_pass,B_unique_word_overlap_in_mismatched_transcript,MFA 3.4.2 forced alignment of Whisper transcript,False,2.619999885559082,3.059999942779541,2.619999885559082,3.059999942779541,True,True,,sample_0082.json
-MeTTeMJBNc$_$7,text_mismatch,10,from,10,10,from,10,3.059999942779541,3.5899999141693115,3.059999942779541,3.5899999141693115,2.94,3.36,0.22999991416931165,mandatory_unique_exact_token_pair_in_all_optimal_LCS_alignments,mfa_primary_unique_word_overlap_auto_qc_pass,B_unique_word_overlap_in_mismatched_transcript,MFA 3.4.2 forced alignment of Whisper transcript,False,3.059999942779541,3.5899999141693115,3.059999942779541,3.5899999141693115,True,True,,sample_0082.json
-MeTTeMJBNc$_$7,text_mismatch,11,their,11,11,their,11,3.680000066757202,3.8399999141693115,3.680000066757202,3.8399999141693115,3.36,3.86,0.3200000667572023,mandatory_unique_exact_token_pair_in_all_optimal_LCS_alignments,mfa_primary_unique_word_overlap_auto_qc_pass,B_unique_word_overlap_in_mismatched_transcript,MFA 3.4.2 forced alignment of Whisper transcript,False,3.680000066757202,3.8399999141693115,3.680000066757202,3.8399999141693115,True,True,,sample_0082.json
-MeTTeMJBNc$_$7,text_mismatch,12,wedding,12,12,wedding,12,3.8399999141693115,4.480000019073486,3.8399999141693115,4.480000019073486,3.86,4.26,0.22000001907348654,mandatory_unique_exact_token_pair_in_all_optimal_LCS_alignments,mfa_primary_unique_word_overlap_auto_qc_pass,B_unique_word_overlap_in_mismatched_transcript,MFA 3.4.2 forced alignment of Whisper transcript,False,3.8399999141693115,4.480000019073486,3.8399999141693115,4.480000019073486,True,True,,sample_0082.json
-MeTTeMJBNc$_$7,text_mismatch,13,or,13,13,or,13,4.480000019073486,4.829999923706055,4.480000019073486,4.829999923706055,4.26,4.74,0.22000001907348654,mandatory_unique_exact_token_pair_in_all_optimal_LCS_alignments,mfa_primary_unique_word_overlap_auto_qc_pass,B_unique_word_overlap_in_mismatched_transcript,MFA 3.4.2 forced alignment of Whisper transcript,False,4.480000019073486,4.829999923706055,4.480000019073486,4.829999923706055,True,True,,sample_0082.json
-MeTTeMJBNc$_$7,text_mismatch,14,sometime,,,,,,,,,,,,mandatory_unique_exact_token_pair_in_all_optimal_LCS_alignments,official_word_unmatched_or_ambiguous_in_asr,,,False,,,,,False,False,,sample_0082.json
-MeTTeMJBNc$_$7,text_mismatch,15,in,16,16,in,16,5.360000133514404,5.460000038146973,5.360000133514404,5.460000038146973,5.3,5.48,0.060000133514404475,mandatory_unique_exact_token_pair_in_all_optimal_LCS_alignments,mfa_primary_unique_word_overlap_auto_qc_pass,B_unique_word_overlap_in_mismatched_transcript,MFA 3.4.2 forced alignment of Whisper transcript,False,5.360000133514404,5.460000038146973,5.360000133514404,5.460000038146973,True,True,,sample_0082.json
-MeTTeMJBNc$_$7,text_mismatch,16,their,17,17,their,17,5.460000038146973,5.639999866485596,5.460000038146973,5.639999866485596,5.48,5.6,0.03999986648559606,mandatory_unique_exact_token_pair_in_all_optimal_LCS_alignments,mfa_primary_unique_word_overlap_auto_qc_pass,B_unique_word_overlap_in_mismatched_transcript,MFA 3.4.2 forced alignment of Whisper transcript,False,5.460000038146973,5.639999866485596,5.460000038146973,5.639999866485596,True,True,,sample_0082.json
-MeTTeMJBNc$_$7,text_mismatch,17,life,18,18,life,18,5.639999866485596,6.130000114440918,5.639999866485596,6.130000114440918,5.6,6.02,0.1100001144409184,mandatory_unique_exact_token_pair_in_all_optimal_LCS_alignments,mfa_primary_unique_word_overlap_auto_qc_pass,B_unique_word_overlap_in_mismatched_transcript,MFA 3.4.2 forced alignment of Whisper transcript,False,5.639999866485596,6.130000114440918,5.639999866485596,6.130000114440918,True,True,,sample_0082.json
-MeTTeMJBNc$_$7,text_mismatch,18,or,19,19,or,19,6.130000114440918,6.230000019073486,6.130000114440918,6.230000019073486,6.02,6.22,0.1100001144409184,mandatory_unique_exact_token_pair_in_all_optimal_LCS_alignments,mfa_primary_unique_word_overlap_auto_qc_pass,B_unique_word_overlap_in_mismatched_transcript,MFA 3.4.2 forced alignment of Whisper transcript,False,6.130000114440918,6.230000019073486,6.130000114440918,6.230000019073486,True,True,,sample_0082.json
-MeTTeMJBNc$_$7,text_mismatch,19,maybe,20,20,maybe,20,6.230000019073486,6.570000171661377,6.230000019073486,6.570000171661377,6.22,6.4,0.1700001716613766,mandatory_unique_exact_token_pair_in_all_optimal_LCS_alignments,mfa_primary_unique_word_overlap_auto_qc_pass,B_unique_word_overlap_in_mismatched_transcript,MFA 3.4.2 forced alignment of Whisper transcript,False,6.230000019073486,6.570000171661377,6.230000019073486,6.570000171661377,True,True,,sample_0082.json
-MeTTeMJBNc$_$7,text_mismatch,20,even,21,21,even,21,6.570000171661377,6.730000019073486,6.570000171661377,6.730000019073486,6.4,6.68,0.1700001716613766,mandatory_unique_exact_token_pair_in_all_optimal_LCS_alignments,mfa_primary_unique_word_overlap_auto_qc_pass,B_unique_word_overlap_in_mismatched_transcript,MFA 3.4.2 forced alignment of Whisper transcript,False,6.570000171661377,6.730000019073486,6.570000171661377,6.730000019073486,True,True,,sample_0082.json
-MeTTeMJBNc$_$7,text_mismatch,21,a,22,22,a,22,6.730000019073486,6.789999961853027,6.730000019073486,6.789999961853027,6.68,6.88,0.09000003814697255,mandatory_unique_exact_token_pair_in_all_optimal_LCS_alignments,mfa_primary_unique_word_overlap_auto_qc_pass,B_unique_word_overlap_in_mismatched_transcript,MFA 3.4.2 forced alignment of Whisper transcript,False,6.730000019073486,6.789999961853027,6.730000019073486,6.789999961853027,True,True,,sample_0082.json
-MeTTeMJBNc$_$7,text_mismatch,22,current,23,23,current,23,6.789999961853027,7.329999923706055,6.789999961853027,7.329999923706055,6.88,7.22,0.10999992370605494,mandatory_unique_exact_token_pair_in_all_optimal_LCS_alignments,mfa_primary_unique_word_overlap_auto_qc_pass,B_unique_word_overlap_in_mismatched_transcript,MFA 3.4.2 forced alignment of Whisper transcript,False,6.789999961853027,7.329999923706055,6.789999961853027,7.329999923706055,True,True,,sample_0082.json
-MeTTeMJBNc$_$7,text_mismatch,23,picture,24,24,picture,24,7.329999923706055,7.889999866485596,7.329999923706055,7.889999866485596,7.22,7.72,0.16999986648559595,mandatory_unique_exact_token_pair_in_all_optimal_LCS_alignments,mfa_primary_unique_word_overlap_auto_qc_pass,B_unique_word_overlap_in_mismatched_transcript,MFA 3.4.2 forced alignment of Whisper transcript,False,7.329999923706055,7.889999866485596,7.329999923706055,7.889999866485596,True,True,,sample_0082.json
-MeTTeMJBNc$_$7,text_mismatch,24,and,25,25,and,25,8.170000076293945,8.279999732971191,8.170000076293945,8.279999732971191,7.72,8.26,0.45000007629394556,mandatory_unique_exact_token_pair_in_all_optimal_LCS_alignments,mfa_primary_unique_word_overlap_auto_qc_pass,B_unique_word_overlap_in_mismatched_transcript,MFA 3.4.2 forced alignment of Whisper transcript,False,8.170000076293945,8.279999732971191,8.170000076293945,8.279999732971191,True,True,,sample_0082.json
-MeTTeMJBNc$_$7,text_mismatch,25,have,26,26,have,26,8.279999732971191,8.4399995803833,8.279999732971191,8.4399995803833,8.26,8.42,0.01999973297119162,mandatory_unique_exact_token_pair_in_all_optimal_LCS_alignments,mfa_primary_unique_word_overlap_auto_qc_pass,B_unique_word_overlap_in_mismatched_transcript,MFA 3.4.2 forced alignment of Whisper transcript,False,8.279999732971191,8.4399995803833,8.279999732971191,8.4399995803833,True,True,,sample_0082.json
-MeTTeMJBNc$_$7,text_mismatch,26,it,27,27,it,27,8.4399995803833,8.539999961853027,8.4399995803833,8.539999961853027,8.42,8.56,0.020000038146973154,mandatory_unique_exact_token_pair_in_all_optimal_LCS_alignments,mfa_primary_unique_word_overlap_auto_qc_pass,B_unique_word_overlap_in_mismatched_transcript,MFA 3.4.2 forced alignment of Whisper transcript,False,8.4399995803833,8.539999961853027,8.4399995803833,8.539999961853027,True,True,,sample_0082.json
-MeTTeMJBNc$_$7,text_mismatch,27,put,28,28,put,28,8.539999961853027,8.760000228881836,8.539999961853027,8.760000228881836,8.56,8.7,0.06000022888183665,mandatory_unique_exact_token_pair_in_all_optimal_LCS_alignments,mfa_primary_unique_word_overlap_auto_qc_pass,B_unique_word_overlap_in_mismatched_transcript,MFA 3.4.2 forced alignment of Whisper transcript,False,8.539999961853027,8.760000228881836,8.539999961853027,8.760000228881836,True,True,,sample_0082.json
-MeTTeMJBNc$_$7,text_mismatch,28,in,29,29,in,29,8.760000228881836,8.819999694824219,8.760000228881836,8.819999694824219,8.7,8.82,0.06000022888183665,mandatory_unique_exact_token_pair_in_all_optimal_LCS_alignments,mfa_primary_unique_word_overlap_auto_qc_pass,B_unique_word_overlap_in_mismatched_transcript,MFA 3.4.2 forced alignment of Whisper transcript,False,8.760000228881836,8.819999694824219,8.760000228881836,8.819999694824219,True,True,,sample_0082.json
-MeTTeMJBNc$_$7,text_mismatch,29,a,30,30,a,30,8.819999694824219,8.869999885559082,8.819999694824219,8.869999885559082,8.82,8.94,0.07000011444091747,mandatory_unique_exact_token_pair_in_all_optimal_LCS_alignments,mfa_primary_unique_word_overlap_auto_qc_pass,B_unique_word_overlap_in_mismatched_transcript,MFA 3.4.2 forced alignment of Whisper transcript,False,8.819999694824219,8.869999885559082,8.819999694824219,8.869999885559082,True,True,,sample_0082.json
-MeTTeMJBNc$_$7,text_mismatch,30,beautiful,31,31,beautiful,31,8.869999885559082,9.300000190734863,8.869999885559082,9.300000190734863,8.94,9.2,0.10000019073486399,mandatory_unique_exact_token_pair_in_all_optimal_LCS_alignments,mfa_primary_unique_word_overlap_auto_qc_pass,B_unique_word_overlap_in_mismatched_transcript,MFA 3.4.2 forced alignment of Whisper transcript,False,8.869999885559082,9.300000190734863,8.869999885559082,9.300000190734863,True,True,,sample_0082.json
-MeTTeMJBNc$_$7,text_mismatch,31,frame,32,32,frame,32,9.300000190734863,9.850000381469727,9.300000190734863,9.850000381469727,9.2,9.7,0.15000038146972727,mandatory_unique_exact_token_pair_in_all_optimal_LCS_alignments,mfa_primary_unique_word_overlap_auto_qc_pass,B_unique_word_overlap_in_mismatched_transcript,MFA 3.4.2 forced alignment of Whisper transcript,False,9.300000190734863,9.850000381469727,9.300000190734863,9.850000381469727,True,True,,sample_0082.json
-RfYyzHpjk4$_$11,exact_text,1,So,1,1,so,1,0.6000000238418579,0.8700000047683716,0.6000000238418579,0.8700000047683716,0.0,0.74,0.6000000238418579,mandatory_unique_exact_token_pair_in_all_optimal_LCS_alignments,mfa_whisper_discrepancy_over_0_5s_null_primary,A_exact_transcript,MFA 3.4.2 forced alignment of Whisper transcript,True,,,,,False,True,mfa_whisper_edge_difference_over_0_5s,sample_0083.json
-RfYyzHpjk4$_$11,exact_text,2,get,2,2,get,2,1.2999999523162842,1.5199999809265137,1.2999999523162842,1.5199999809265137,0.74,1.46,0.5599999523162842,mandatory_unique_exact_token_pair_in_all_optimal_LCS_alignments,mfa_whisper_discrepancy_over_0_5s_null_primary,A_exact_transcript,MFA 3.4.2 forced alignment of Whisper transcript,True,,,,,False,True,mfa_whisper_edge_difference_over_0_5s,sample_0083.json
-RfYyzHpjk4$_$11,exact_text,3,your,3,3,your,3,1.5199999809265137,1.590000033378601,1.5199999809265137,1.590000033378601,1.46,1.62,0.05999998092651371,mandatory_unique_exact_token_pair_in_all_optimal_LCS_alignments,mfa_primary_exact_transcript_auto_qc_pass,A_exact_transcript,MFA 3.4.2 forced alignment of Whisper transcript,False,1.5199999809265137,1.590000033378601,1.5199999809265137,1.590000033378601,True,True,,sample_0083.json
-RfYyzHpjk4$_$11,exact_text,4,friends,4,4,friends,4,1.590000033378601,1.8799999952316284,1.590000033378601,1.8799999952316284,1.62,1.8,0.07999999523162837,mandatory_unique_exact_token_pair_in_all_optimal_LCS_alignments,mfa_primary_exact_transcript_auto_qc_pass,A_exact_transcript,MFA 3.4.2 forced alignment of Whisper transcript,False,1.590000033378601,1.8799999952316284,1.590000033378601,1.8799999952316284,True,True,,sample_0083.json
-RfYyzHpjk4$_$11,exact_text,5,lined,5,5,lined,5,1.8799999952316284,2.1700000762939453,1.8799999952316284,2.1700000762939453,1.8,2.08,0.09000007629394524,mandatory_unique_exact_token_pair_in_all_optimal_LCS_alignments,mfa_primary_exact_transcript_auto_qc_pass,A_exact_transcript,MFA 3.4.2 forced alignment of Whisper transcript,False,1.8799999952316284,2.1700000762939453,1.8799999952316284,2.1700000762939453,True,True,,sample_0083.json
-RfYyzHpjk4$_$11,exact_text,6,up,6,6,up,6,2.1700000762939453,2.390000104904175,2.1700000762939453,2.390000104904175,2.08,2.32,0.09000007629394524,mandatory_unique_exact_token_pair_in_all_optimal_LCS_alignments,mfa_primary_exact_transcript_auto_qc_pass,A_exact_transcript,MFA 3.4.2 forced alignment of Whisper transcript,False,2.1700000762939453,2.390000104904175,2.1700000762939453,2.390000104904175,True,True,,sample_0083.json
-RfYyzHpjk4$_$11,exact_text,7,get,7,7,get,7,2.390000104904175,2.5799999237060547,2.390000104904175,2.5799999237060547,2.48,2.52,0.08999989509582518,mandatory_unique_exact_token_pair_in_all_optimal_LCS_alignments,mfa_primary_exact_transcript_auto_qc_pass,A_exact_transcript,MFA 3.4.2 forced alignment of Whisper transcript,False,2.390000104904175,2.5799999237060547,2.390000104904175,2.5799999237060547,True,True,,sample_0083.json
-RfYyzHpjk4$_$11,exact_text,8,your,8,8,your,8,2.5799999237060547,2.6500000953674316,2.5799999237060547,2.6500000953674316,2.52,2.7,0.05999992370605467,mandatory_unique_exact_token_pair_in_all_optimal_LCS_alignments,mfa_primary_exact_transcript_auto_qc_pass,A_exact_transcript,MFA 3.4.2 forced alignment of Whisper transcript,False,2.5799999237060547,2.6500000953674316,2.5799999237060547,2.6500000953674316,True,True,,sample_0083.json
-RfYyzHpjk4$_$11,exact_text,9,business,9,9,business,9,2.6500000953674316,2.940000057220459,2.6500000953674316,2.940000057220459,2.7,2.9,0.04999990463256854,mandatory_unique_exact_token_pair_in_all_optimal_LCS_alignments,mfa_primary_exact_transcript_auto_qc_pass,A_exact_transcript,MFA 3.4.2 forced alignment of Whisper transcript,False,2.6500000953674316,2.940000057220459,2.6500000953674316,2.940000057220459,True,True,,sample_0083.json
-RfYyzHpjk4$_$11,exact_text,10,colleagues,10,10,colleagues,10,2.990000009536743,3.319999933242798,2.990000009536743,3.319999933242798,2.9,3.2,0.11999993324279767,mandatory_unique_exact_token_pair_in_all_optimal_LCS_alignments,mfa_primary_exact_transcript_auto_qc_pass,A_exact_transcript,MFA 3.4.2 forced alignment of Whisper transcript,False,2.990000009536743,3.319999933242798,2.990000009536743,3.319999933242798,True,True,,sample_0083.json
-RfYyzHpjk4$_$11,exact_text,11,lined,11,11,lined,11,3.319999933242798,3.5899999141693115,3.319999933242798,3.5899999141693115,3.2,3.5,0.11999993324279767,mandatory_unique_exact_token_pair_in_all_optimal_LCS_alignments,mfa_primary_exact_transcript_auto_qc_pass,A_exact_transcript,MFA 3.4.2 forced alignment of Whisper transcript,False,3.319999933242798,3.5899999141693115,3.319999933242798,3.5899999141693115,True,True,,sample_0083.json
-RfYyzHpjk4$_$11,exact_text,12,up,12,12,up,12,3.5899999141693115,3.7200000286102295,3.5899999141693115,3.7200000286102295,3.5,3.72,0.08999991416931152,mandatory_unique_exact_token_pair_in_all_optimal_LCS_alignments,mfa_primary_exact_transcript_auto_qc_pass,A_exact_transcript,MFA 3.4.2 forced alignment of Whisper transcript,False,3.5899999141693115,3.7200000286102295,3.5899999141693115,3.7200000286102295,True,True,,sample_0083.json
-RfYyzHpjk4$_$11,exact_text,13,and,13,13,and,13,3.7699999809265137,3.859999895095825,3.7699999809265137,3.859999895095825,3.72,3.86,0.049999980926513476,mandatory_unique_exact_token_pair_in_all_optimal_LCS_alignments,mfa_primary_exact_transcript_auto_qc_pass,A_exact_transcript,MFA 3.4.2 forced alignment of Whisper transcript,False,3.7699999809265137,3.859999895095825,3.7699999809265137,3.859999895095825,True,True,,sample_0083.json
-RfYyzHpjk4$_$11,exact_text,14,have,14,14,have,14,3.859999895095825,4.03000020980835,3.859999895095825,4.03000020980835,3.86,4.0,0.03000020980834961,mandatory_unique_exact_token_pair_in_all_optimal_LCS_alignments,mfa_primary_exact_transcript_auto_qc_pass,A_exact_transcript,MFA 3.4.2 forced alignment of Whisper transcript,False,3.859999895095825,4.03000020980835,3.859999895095825,4.03000020980835,True,True,,sample_0083.json
-RfYyzHpjk4$_$11,exact_text,15,a,15,15,a,15,4.03000020980835,4.059999942779541,4.03000020980835,4.059999942779541,4.0,4.12,0.06000005722045909,mandatory_unique_exact_token_pair_in_all_optimal_LCS_alignments,mfa_primary_exact_transcript_auto_qc_pass,A_exact_transcript,MFA 3.4.2 forced alignment of Whisper transcript,False,4.03000020980835,4.059999942779541,4.03000020980835,4.059999942779541,True,True,,sample_0083.json
-RfYyzHpjk4$_$11,exact_text,16,good,16,16,good,16,4.059999942779541,4.260000228881836,4.059999942779541,4.260000228881836,4.12,4.24,0.06000005722045909,mandatory_unique_exact_token_pair_in_all_optimal_LCS_alignments,mfa_primary_exact_transcript_auto_qc_pass,A_exact_transcript,MFA 3.4.2 forced alignment of Whisper transcript,False,4.059999942779541,4.260000228881836,4.059999942779541,4.260000228881836,True,True,,sample_0083.json
-RfYyzHpjk4$_$11,exact_text,17,time,17,17,time,17,4.260000228881836,4.539999961853027,4.260000228881836,4.539999961853027,4.24,4.5,0.039999961853027344,mandatory_unique_exact_token_pair_in_all_optimal_LCS_alignments,mfa_primary_exact_transcript_auto_qc_pass,A_exact_transcript,MFA 3.4.2 forced alignment of Whisper transcript,False,4.260000228881836,4.539999961853027,4.260000228881836,4.539999961853027,True,True,,sample_0083.json
-RfYyzHpjk4$_$8,text_mismatch,1,It's,1,1,it's,1,0.5,0.6000000238418579,0.5,0.6000000238418579,0.0,0.64,0.5,mandatory_unique_exact_token_pair_in_all_optimal_LCS_alignments,mfa_primary_unique_word_overlap_auto_qc_pass,B_unique_word_overlap_in_mismatched_transcript,MFA 3.4.2 forced alignment of Whisper transcript,False,0.5,0.6000000238418579,0.5,0.6000000238418579,True,True,,sample_0084.json
-RfYyzHpjk4$_$8,text_mismatch,2,pretty,2,2,pretty,2,0.7200000286102295,0.9700000286102295,0.7200000286102295,0.9700000286102295,0.64,0.94,0.08000002861022948,mandatory_unique_exact_token_pair_in_all_optimal_LCS_alignments,mfa_primary_unique_word_overlap_auto_qc_pass,B_unique_word_overlap_in_mismatched_transcript,MFA 3.4.2 forced alignment of Whisper transcript,False,0.7200000286102295,0.9700000286102295,0.7200000286102295,0.9700000286102295,True,True,,sample_0084.json
-RfYyzHpjk4$_$8,text_mismatch,3,pretty,3,3,pretty,3,0.9700000286102295,1.2200000286102295,0.9700000286102295,1.2200000286102295,0.94,1.16,0.06000002861022957,mandatory_unique_exact_token_pair_in_all_optimal_LCS_alignments,mfa_primary_unique_word_overlap_auto_qc_pass,B_unique_word_overlap_in_mismatched_transcript,MFA 3.4.2 forced alignment of Whisper transcript,False,0.9700000286102295,1.2200000286102295,0.9700000286102295,1.2200000286102295,True,True,,sample_0084.json
-RfYyzHpjk4$_$8,text_mismatch,4,easy,4,4,easy,4,1.2200000286102295,1.5399999618530273,1.2200000286102295,1.5399999618530273,1.16,1.48,0.06000002861022957,mandatory_unique_exact_token_pair_in_all_optimal_LCS_alignments,mfa_primary_unique_word_overlap_auto_qc_pass,B_unique_word_overlap_in_mismatched_transcript,MFA 3.4.2 forced alignment of Whisper transcript,False,1.2200000286102295,1.5399999618530273,1.2200000286102295,1.5399999618530273,True,True,,sample_0084.json
-RfYyzHpjk4$_$8,text_mismatch,5,to,5,5,to,5,1.5399999618530273,1.6399999856948853,1.5399999618530273,1.6399999856948853,1.48,1.66,0.05999996185302736,mandatory_unique_exact_token_pair_in_all_optimal_LCS_alignments,mfa_primary_unique_word_overlap_auto_qc_pass,B_unique_word_overlap_in_mismatched_transcript,MFA 3.4.2 forced alignment of Whisper transcript,False,1.5399999618530273,1.6399999856948853,1.5399999618530273,1.6399999856948853,True,True,,sample_0084.json
-RfYyzHpjk4$_$8,text_mismatch,6,do,6,6,do,6,1.6399999856948853,1.8799999952316284,1.6399999856948853,1.8799999952316284,1.66,1.86,0.020000014305114666,mandatory_unique_exact_token_pair_in_all_optimal_LCS_alignments,mfa_primary_unique_word_overlap_auto_qc_pass,B_unique_word_overlap_in_mismatched_transcript,MFA 3.4.2 forced alignment of Whisper transcript,False,1.6399999856948853,1.8799999952316284,1.6399999856948853,1.8799999952316284,True,True,,sample_0084.json
-RfYyzHpjk4$_$8,text_mismatch,7,but,7,7,but,7,1.909999966621399,2.049999952316284,1.909999966621399,2.049999952316284,1.86,2.02,0.04999996662139883,mandatory_unique_exact_token_pair_in_all_optimal_LCS_alignments,mfa_primary_unique_word_overlap_auto_qc_pass,B_unique_word_overlap_in_mismatched_transcript,MFA 3.4.2 forced alignment of Whisper transcript,False,1.909999966621399,2.049999952316284,1.909999966621399,2.049999952316284,True,True,,sample_0084.json
-RfYyzHpjk4$_$8,text_mismatch,8,you,,,,,,,,,,,,mandatory_unique_exact_token_pair_in_all_optimal_LCS_alignments,official_word_unmatched_or_ambiguous_in_asr,,,False,,,,,False,False,,sample_0084.json
-RfYyzHpjk4$_$8,text_mismatch,9,got,9,9,got,9,2.1500000953674316,2.2799999713897705,2.1500000953674316,2.2799999713897705,2.24,2.3,0.08999990463256857,mandatory_unique_exact_token_pair_in_all_optimal_LCS_alignments,mfa_primary_unique_word_overlap_auto_qc_pass,B_unique_word_overlap_in_mismatched_transcript,MFA 3.4.2 forced alignment of Whisper transcript,False,2.1500000953674316,2.2799999713897705,2.1500000953674316,2.2799999713897705,True,True,,sample_0084.json
-RfYyzHpjk4$_$8,text_mismatch,10,to,10,10,to,10,2.2799999713897705,2.369999885559082,2.2799999713897705,2.369999885559082,2.3,2.42,0.0500001144409179,mandatory_unique_exact_token_pair_in_all_optimal_LCS_alignments,mfa_primary_unique_word_overlap_auto_qc_pass,B_unique_word_overlap_in_mismatched_transcript,MFA 3.4.2 forced alignment of Whisper transcript,False,2.2799999713897705,2.369999885559082,2.2799999713897705,2.369999885559082,True,True,,sample_0084.json
-RfYyzHpjk4$_$8,text_mismatch,11,set,11,11,set,11,2.369999885559082,2.630000114440918,2.369999885559082,2.630000114440918,2.42,2.6,0.0500001144409179,mandatory_unique_exact_token_pair_in_all_optimal_LCS_alignments,mfa_primary_unique_word_overlap_auto_qc_pass,B_unique_word_overlap_in_mismatched_transcript,MFA 3.4.2 forced alignment of Whisper transcript,False,2.369999885559082,2.630000114440918,2.369999885559082,2.630000114440918,True,True,,sample_0084.json
-RfYyzHpjk4$_$8,text_mismatch,12,up,12,12,up,12,2.630000114440918,2.819999933242798,2.630000114440918,2.819999933242798,2.6,2.78,0.03999993324279805,mandatory_unique_exact_token_pair_in_all_optimal_LCS_alignments,mfa_primary_unique_word_overlap_auto_qc_pass,B_unique_word_overlap_in_mismatched_transcript,MFA 3.4.2 forced alignment of Whisper transcript,False,2.630000114440918,2.819999933242798,2.630000114440918,2.819999933242798,True,True,,sample_0084.json
-RfYyzHpjk4$_$8,text_mismatch,13,those,13,13,those,13,2.819999933242798,3.0,2.819999933242798,3.0,2.78,2.98,0.03999993324279805,mandatory_unique_exact_token_pair_in_all_optimal_LCS_alignments,mfa_primary_unique_word_overlap_auto_qc_pass,B_unique_word_overlap_in_mismatched_transcript,MFA 3.4.2 forced alignment of Whisper transcript,False,2.819999933242798,3.0,2.819999933242798,3.0,True,True,,sample_0084.json
-RfYyzHpjk4$_$8,text_mismatch,14,numbers,14,14,numbers,14,3.0,3.309999942779541,3.0,3.309999942779541,2.98,3.26,0.04999994277954123,mandatory_unique_exact_token_pair_in_all_optimal_LCS_alignments,mfa_primary_unique_word_overlap_auto_qc_pass,B_unique_word_overlap_in_mismatched_transcript,MFA 3.4.2 forced alignment of Whisper transcript,False,3.0,3.309999942779541,3.0,3.309999942779541,True,True,,sample_0084.json
-RfYyzHpjk4$_$8,text_mismatch,15,ahead,15,15,ahead,15,3.309999942779541,3.569999933242798,3.309999942779541,3.569999933242798,3.26,3.5,0.06999993324279785,mandatory_unique_exact_token_pair_in_all_optimal_LCS_alignments,mfa_primary_unique_word_overlap_auto_qc_pass,B_unique_word_overlap_in_mismatched_transcript,MFA 3.4.2 forced alignment of Whisper transcript,False,3.309999942779541,3.569999933242798,3.309999942779541,3.569999933242798,True,True,,sample_0084.json
-RfYyzHpjk4$_$8,text_mismatch,16,of,16,16,of,16,3.569999933242798,3.6700000762939453,3.569999933242798,3.6700000762939453,3.5,3.66,0.06999993324279785,mandatory_unique_exact_token_pair_in_all_optimal_LCS_alignments,mfa_primary_unique_word_overlap_auto_qc_pass,B_unique_word_overlap_in_mismatched_transcript,MFA 3.4.2 forced alignment of Whisper transcript,False,3.569999933242798,3.6700000762939453,3.569999933242798,3.6700000762939453,True,True,,sample_0084.json
-RfYyzHpjk4$_$8,text_mismatch,17,time,17,17,time,17,3.6700000762939453,3.990000009536743,3.6700000762939453,3.990000009536743,3.66,4.12,0.12999999046325694,mandatory_unique_exact_token_pair_in_all_optimal_LCS_alignments,mfa_primary_unique_word_overlap_auto_qc_pass,B_unique_word_overlap_in_mismatched_transcript,MFA 3.4.2 forced alignment of Whisper transcript,False,3.6700000762939453,3.990000009536743,3.6700000762939453,3.990000009536743,True,True,,sample_0084.json
-RfYyzHpjk4$_$2,text_mismatch,1,You,,,,,,,,,,,,mandatory_unique_exact_token_pair_in_all_optimal_LCS_alignments,official_word_unmatched_or_ambiguous_in_asr,,,False,,,,,False,False,,sample_0085.json
-RfYyzHpjk4$_$2,text_mismatch,2,can,2,2,can,2,0.6100000143051147,0.7300000190734863,0.6100000143051147,0.7300000190734863,0.58,0.72,0.030000014305114786,mandatory_unique_exact_token_pair_in_all_optimal_LCS_alignments,mfa_primary_unique_word_overlap_auto_qc_pass,B_unique_word_overlap_in_mismatched_transcript,MFA 3.4.2 forced alignment of Whisper transcript,False,0.6100000143051147,0.7300000190734863,0.6100000143051147,0.7300000190734863,True,True,,sample_0085.json
-RfYyzHpjk4$_$2,text_mismatch,3,make,3,3,make,3,0.7300000190734863,0.8999999761581421,0.7300000190734863,0.8999999761581421,0.72,0.88,0.019999976158142085,mandatory_unique_exact_token_pair_in_all_optimal_LCS_alignments,mfa_primary_unique_word_overlap_auto_qc_pass,B_unique_word_overlap_in_mismatched_transcript,MFA 3.4.2 forced alignment of Whisper transcript,False,0.7300000190734863,0.8999999761581421,0.7300000190734863,0.8999999761581421,True,True,,sample_0085.json
-RfYyzHpjk4$_$2,text_mismatch,4,a,4,4,a,4,0.8999999761581421,0.9399999976158142,0.8999999761581421,0.9399999976158142,0.88,1.0,0.06000000238418579,mandatory_unique_exact_token_pair_in_all_optimal_LCS_alignments,mfa_primary_unique_word_overlap_auto_qc_pass,B_unique_word_overlap_in_mismatched_transcript,MFA 3.4.2 forced alignment of Whisper transcript,False,0.8999999761581421,0.9399999976158142,0.8999999761581421,0.9399999976158142,True,True,,sample_0085.json
-RfYyzHpjk4$_$2,text_mismatch,5,conference,5,5,conference,5,0.9399999976158142,1.3300000429153442,0.9399999976158142,1.3300000429153442,1.0,1.28,0.06000000238418579,mandatory_unique_exact_token_pair_in_all_optimal_LCS_alignments,mfa_primary_unique_word_overlap_auto_qc_pass,B_unique_word_overlap_in_mismatched_transcript,MFA 3.4.2 forced alignment of Whisper transcript,False,0.9399999976158142,1.3300000429153442,0.9399999976158142,1.3300000429153442,True,True,,sample_0085.json
-RfYyzHpjk4$_$2,text_mismatch,6,call,6,6,call,6,1.3300000429153442,1.5499999523162842,1.3300000429153442,1.5499999523162842,1.28,1.52,0.05000004291534421,mandatory_unique_exact_token_pair_in_all_optimal_LCS_alignments,mfa_primary_unique_word_overlap_auto_qc_pass,B_unique_word_overlap_in_mismatched_transcript,MFA 3.4.2 forced alignment of Whisper transcript,False,1.3300000429153442,1.5499999523162842,1.3300000429153442,1.5499999523162842,True,True,,sample_0085.json
-RfYyzHpjk4$_$2,text_mismatch,7,but,7,7,but,7,1.5499999523162842,1.6299999952316284,1.5499999523162842,1.6299999952316284,1.64,1.64,0.09000004768371572,mandatory_unique_exact_token_pair_in_all_optimal_LCS_alignments,mfa_primary_unique_word_overlap_auto_qc_pass,B_unique_word_overlap_in_mismatched_transcript,MFA 3.4.2 forced alignment of Whisper transcript,False,1.5499999523162842,1.6299999952316284,1.5499999523162842,1.6299999952316284,True,True,,sample_0085.json
-RfYyzHpjk4$_$2,text_mismatch,8,it,8,8,it,8,1.6299999952316284,1.75,1.6299999952316284,1.75,1.64,1.74,0.010000004768371484,mandatory_unique_exact_token_pair_in_all_optimal_LCS_alignments,mfa_primary_unique_word_overlap_auto_qc_pass,B_unique_word_overlap_in_mismatched_transcript,MFA 3.4.2 forced alignment of Whisper transcript,False,1.6299999952316284,1.75,1.6299999952316284,1.75,True,True,,sample_0085.json
-RfYyzHpjk4$_$2,text_mismatch,9,takes,9,9,takes,9,1.75,1.9299999475479126,1.75,1.9299999475479126,1.74,1.88,0.049999947547912704,mandatory_unique_exact_token_pair_in_all_optimal_LCS_alignments,mfa_primary_unique_word_overlap_auto_qc_pass,B_unique_word_overlap_in_mismatched_transcript,MFA 3.4.2 forced alignment of Whisper transcript,False,1.75,1.9299999475479126,1.75,1.9299999475479126,True,True,,sample_0085.json
-RfYyzHpjk4$_$2,text_mismatch,10,quite,10,10,quite,10,2.0399999618530273,2.240000009536743,2.0399999618530273,2.240000009536743,1.88,2.18,0.15999996185302745,mandatory_unique_exact_token_pair_in_all_optimal_LCS_alignments,mfa_primary_unique_word_overlap_auto_qc_pass,B_unique_word_overlap_in_mismatched_transcript,MFA 3.4.2 forced alignment of Whisper transcript,False,2.0399999618530273,2.240000009536743,2.0399999618530273,2.240000009536743,True,True,,sample_0085.json
-RfYyzHpjk4$_$2,text_mismatch,11,a,11,11,a,11,2.240000009536743,2.2799999713897705,2.240000009536743,2.2799999713897705,2.18,2.3,0.060000009536743004,mandatory_unique_exact_token_pair_in_all_optimal_LCS_alignments,mfa_primary_unique_word_overlap_auto_qc_pass,B_unique_word_overlap_in_mismatched_transcript,MFA 3.4.2 forced alignment of Whisper transcript,False,2.240000009536743,2.2799999713897705,2.240000009536743,2.2799999713897705,True,True,,sample_0085.json
-RfYyzHpjk4$_$2,text_mismatch,12,bit,12,12,bit,12,2.2799999713897705,2.440000057220459,2.2799999713897705,2.440000057220459,2.3,2.4,0.04000005722045907,mandatory_unique_exact_token_pair_in_all_optimal_LCS_alignments,mfa_primary_unique_word_overlap_auto_qc_pass,B_unique_word_overlap_in_mismatched_transcript,MFA 3.4.2 forced alignment of Whisper transcript,False,2.2799999713897705,2.440000057220459,2.2799999713897705,2.440000057220459,True,True,,sample_0085.json
-RfYyzHpjk4$_$2,text_mismatch,13,of,13,13,of,13,2.440000057220459,2.5899999141693115,2.440000057220459,2.5899999141693115,2.4,2.54,0.04999991416931149,mandatory_unique_exact_token_pair_in_all_optimal_LCS_alignments,mfa_primary_unique_word_overlap_auto_qc_pass,B_unique_word_overlap_in_mismatched_transcript,MFA 3.4.2 forced alignment of Whisper transcript,False,2.440000057220459,2.5899999141693115,2.440000057220459,2.5899999141693115,True,True,,sample_0085.json
-RfYyzHpjk4$_$2,text_mismatch,14,planning,14,14,planning,14,2.5899999141693115,2.8499999046325684,2.5899999141693115,2.8499999046325684,2.54,2.8,0.04999991416931149,mandatory_unique_exact_token_pair_in_all_optimal_LCS_alignments,mfa_primary_unique_word_overlap_auto_qc_pass,B_unique_word_overlap_in_mismatched_transcript,MFA 3.4.2 forced alignment of Whisper transcript,False,2.5899999141693115,2.8499999046325684,2.5899999141693115,2.8499999046325684,True,True,,sample_0085.json
-RfYyzHpjk4$_$2,text_mismatch,15,well,15,15,well,15,2.8499999046325684,2.940000057220459,2.8499999046325684,2.940000057220459,2.9,2.94,0.05000009536743155,mandatory_unique_exact_token_pair_in_all_optimal_LCS_alignments,mfa_primary_unique_word_overlap_auto_qc_pass,B_unique_word_overlap_in_mismatched_transcript,MFA 3.4.2 forced alignment of Whisper transcript,False,2.8499999046325684,2.940000057220459,2.8499999046325684,2.940000057220459,True,True,,sample_0085.json
-RfYyzHpjk4$_$2,text_mismatch,16,not,16,16,not,16,2.940000057220459,3.069999933242798,2.940000057220459,3.069999933242798,2.98,3.06,0.039999942779541,mandatory_unique_exact_token_pair_in_all_optimal_LCS_alignments,mfa_primary_unique_word_overlap_auto_qc_pass,B_unique_word_overlap_in_mismatched_transcript,MFA 3.4.2 forced alignment of Whisper transcript,False,2.940000057220459,3.069999933242798,2.940000057220459,3.069999933242798,True,True,,sample_0085.json
-RfYyzHpjk4$_$2,text_mismatch,17,a,17,17,a,17,3.069999933242798,3.130000114440918,3.069999933242798,3.130000114440918,3.06,3.16,0.029999885559082173,mandatory_unique_exact_token_pair_in_all_optimal_LCS_alignments,mfa_primary_unique_word_overlap_auto_qc_pass,B_unique_word_overlap_in_mismatched_transcript,MFA 3.4.2 forced alignment of Whisper transcript,False,3.069999933242798,3.130000114440918,3.069999933242798,3.130000114440918,True,True,,sample_0085.json
-RfYyzHpjk4$_$2,text_mismatch,18,lot,18,18,lot,18,3.130000114440918,3.3399999141693115,3.130000114440918,3.3399999141693115,3.16,3.3,0.0399999141693117,mandatory_unique_exact_token_pair_in_all_optimal_LCS_alignments,mfa_primary_unique_word_overlap_auto_qc_pass,B_unique_word_overlap_in_mismatched_transcript,MFA 3.4.2 forced alignment of Whisper transcript,False,3.130000114440918,3.3399999141693115,3.130000114440918,3.3399999141693115,True,True,,sample_0085.json
-RfYyzHpjk4$_$2,text_mismatch,19,of,19,19,of,19,3.3399999141693115,3.4700000286102295,3.3399999141693115,3.4700000286102295,3.3,3.42,0.05000002861022956,mandatory_unique_exact_token_pair_in_all_optimal_LCS_alignments,mfa_primary_unique_word_overlap_auto_qc_pass,B_unique_word_overlap_in_mismatched_transcript,MFA 3.4.2 forced alignment of Whisper transcript,False,3.3399999141693115,3.4700000286102295,3.3399999141693115,3.4700000286102295,True,True,,sample_0085.json
-RfYyzHpjk4$_$2,text_mismatch,20,planning,20,20,planning,20,3.4700000286102295,3.7799999713897705,3.4700000286102295,3.7799999713897705,3.42,3.7,0.07999997138977033,mandatory_unique_exact_token_pair_in_all_optimal_LCS_alignments,mfa_primary_unique_word_overlap_auto_qc_pass,B_unique_word_overlap_in_mismatched_transcript,MFA 3.4.2 forced alignment of Whisper transcript,False,3.4700000286102295,3.7799999713897705,3.4700000286102295,3.7799999713897705,True,True,,sample_0085.json
-RfYyzHpjk4$_$2,text_mismatch,21,it's,21,21,it's,21,3.7799999713897705,3.890000104904175,3.7799999713897705,3.890000104904175,3.84,3.96,0.06999989509582516,mandatory_unique_exact_token_pair_in_all_optimal_LCS_alignments,mfa_primary_unique_word_overlap_auto_qc_pass,B_unique_word_overlap_in_mismatched_transcript,MFA 3.4.2 forced alignment of Whisper transcript,False,3.7799999713897705,3.890000104904175,3.7799999713897705,3.890000104904175,True,True,,sample_0085.json
-RfYyzHpjk4$_$2,text_mismatch,22,pretty,22,22,pretty,22,3.890000104904175,4.170000076293945,3.890000104904175,4.170000076293945,3.96,4.12,0.06999989509582516,mandatory_unique_exact_token_pair_in_all_optimal_LCS_alignments,mfa_primary_unique_word_overlap_auto_qc_pass,B_unique_word_overlap_in_mismatched_transcript,MFA 3.4.2 forced alignment of Whisper transcript,False,3.890000104904175,4.170000076293945,3.890000104904175,4.170000076293945,True,True,,sample_0085.json
-RfYyzHpjk4$_$2,text_mismatch,23,easy,23,23,easy,23,4.170000076293945,4.449999809265137,4.170000076293945,4.449999809265137,4.12,4.4,0.050000076293945206,mandatory_unique_exact_token_pair_in_all_optimal_LCS_alignments,mfa_primary_unique_word_overlap_auto_qc_pass,B_unique_word_overlap_in_mismatched_transcript,MFA 3.4.2 forced alignment of Whisper transcript,False,4.170000076293945,4.449999809265137,4.170000076293945,4.449999809265137,True,True,,sample_0085.json
-RfYyzHpjk4$_$2,text_mismatch,24,to,24,24,to,24,4.449999809265137,4.570000171661377,4.449999809265137,4.570000171661377,4.4,4.62,0.04999982833862315,mandatory_unique_exact_token_pair_in_all_optimal_LCS_alignments,mfa_primary_unique_word_overlap_auto_qc_pass,B_unique_word_overlap_in_mismatched_transcript,MFA 3.4.2 forced alignment of Whisper transcript,False,4.449999809265137,4.570000171661377,4.449999809265137,4.570000171661377,True,True,,sample_0085.json
-RfYyzHpjk4$_$2,text_mismatch,25,do,25,25,do,25,4.570000171661377,4.860000133514404,4.570000171661377,4.860000133514404,4.62,4.86,0.04999982833862315,mandatory_unique_exact_token_pair_in_all_optimal_LCS_alignments,mfa_primary_unique_word_overlap_auto_qc_pass,B_unique_word_overlap_in_mismatched_transcript,MFA 3.4.2 forced alignment of Whisper transcript,False,4.570000171661377,4.860000133514404,4.570000171661377,4.860000133514404,True,True,,sample_0085.json
-UUCSKoHeMA$_$0,text_mismatch,1,I,2,2,i,2,1.4199999570846558,1.5700000524520874,1.4199999570846558,1.5700000524520874,1.5,1.6,0.08000004291534424,mandatory_unique_exact_token_pair_in_all_optimal_LCS_alignments,mfa_primary_unique_word_overlap_auto_qc_pass,B_unique_word_overlap_in_mismatched_transcript,MFA 3.4.2 forced alignment of Whisper transcript,False,1.4199999570846558,1.5700000524520874,1.4199999570846558,1.5700000524520874,True,True,,sample_0086.json
-UUCSKoHeMA$_$0,text_mismatch,2,mentioned,3,3,mentioned,3,1.5700000524520874,2.0299999713897705,1.5700000524520874,2.0299999713897705,1.6,1.94,0.08999997138977056,mandatory_unique_exact_token_pair_in_all_optimal_LCS_alignments,mfa_primary_unique_word_overlap_auto_qc_pass,B_unique_word_overlap_in_mismatched_transcript,MFA 3.4.2 forced alignment of Whisper transcript,False,1.5700000524520874,2.0299999713897705,1.5700000524520874,2.0299999713897705,True,True,,sample_0086.json
-UUCSKoHeMA$_$0,text_mismatch,3,a,4,4,a,4,2.0299999713897705,2.069999933242798,2.0299999713897705,2.069999933242798,1.94,2.16,0.09000006675720229,mandatory_unique_exact_token_pair_in_all_optimal_LCS_alignments,mfa_primary_unique_word_overlap_auto_qc_pass,B_unique_word_overlap_in_mismatched_transcript,MFA 3.4.2 forced alignment of Whisper transcript,False,2.0299999713897705,2.069999933242798,2.0299999713897705,2.069999933242798,True,True,,sample_0086.json
-UUCSKoHeMA$_$0,text_mismatch,4,word,5,5,word,5,2.069999933242798,2.5999999046325684,2.069999933242798,2.5999999046325684,2.16,2.36,0.23999990463256848,mandatory_unique_exact_token_pair_in_all_optimal_LCS_alignments,mfa_primary_unique_word_overlap_auto_qc_pass,B_unique_word_overlap_in_mismatched_transcript,MFA 3.4.2 forced alignment of Whisper transcript,False,2.069999933242798,2.5999999046325684,2.069999933242798,2.5999999046325684,True,True,,sample_0086.json
-UUCSKoHeMA$_$0,text_mismatch,5,in,6,6,in,6,2.640000104904175,2.759999990463257,2.640000104904175,2.759999990463257,2.36,2.76,0.28000010490417493,mandatory_unique_exact_token_pair_in_all_optimal_LCS_alignments,mfa_primary_unique_word_overlap_auto_qc_pass,B_unique_word_overlap_in_mismatched_transcript,MFA 3.4.2 forced alignment of Whisper transcript,False,2.640000104904175,2.759999990463257,2.640000104904175,2.759999990463257,True,True,,sample_0086.json
-UUCSKoHeMA$_$0,text_mismatch,6,the,7,7,the,7,2.759999990463257,2.859999895095825,2.759999990463257,2.859999895095825,2.76,2.9,0.040000104904174716,mandatory_unique_exact_token_pair_in_all_optimal_LCS_alignments,mfa_primary_unique_word_overlap_auto_qc_pass,B_unique_word_overlap_in_mismatched_transcript,MFA 3.4.2 forced alignment of Whisper transcript,False,2.759999990463257,2.859999895095825,2.759999990463257,2.859999895095825,True,True,,sample_0086.json
-UUCSKoHeMA$_$0,text_mismatch,7,last,8,8,last,8,2.859999895095825,3.2699999809265137,2.859999895095825,3.2699999809265137,2.9,3.2,0.0699999809265135,mandatory_unique_exact_token_pair_in_all_optimal_LCS_alignments,mfa_primary_unique_word_overlap_auto_qc_pass,B_unique_word_overlap_in_mismatched_transcript,MFA 3.4.2 forced alignment of Whisper transcript,False,2.859999895095825,3.2699999809265137,2.859999895095825,3.2699999809265137,True,True,,sample_0086.json
-UUCSKoHeMA$_$0,text_mismatch,8,clip,9,9,clip,9,3.2699999809265137,3.7100000381469727,3.2699999809265137,3.7100000381469727,3.2,3.58,0.13000003814697259,mandatory_unique_exact_token_pair_in_all_optimal_LCS_alignments,mfa_primary_unique_word_overlap_auto_qc_pass,B_unique_word_overlap_in_mismatched_transcript,MFA 3.4.2 forced alignment of Whisper transcript,False,3.2699999809265137,3.7100000381469727,3.2699999809265137,3.7100000381469727,True,True,,sample_0086.json
-UUCSKoHeMA$_$0,text_mismatch,9,called,10,10,called,10,3.7100000381469727,4.050000190734863,3.7100000381469727,4.050000190734863,3.58,4.0,0.13000003814697259,mandatory_unique_exact_token_pair_in_all_optimal_LCS_alignments,mfa_primary_unique_word_overlap_auto_qc_pass,B_unique_word_overlap_in_mismatched_transcript,MFA 3.4.2 forced alignment of Whisper transcript,False,3.7100000381469727,4.050000190734863,3.7100000381469727,4.050000190734863,True,True,,sample_0086.json
-UUCSKoHeMA$_$0,text_mismatch,10,monotone,11,11,monotone,11,4.050000190734863,5.090000152587891,4.050000190734863,5.090000152587891,4.0,5.06,0.05000019073486328,mandatory_unique_exact_token_pair_in_all_optimal_LCS_alignments,mfa_primary_unique_word_overlap_auto_qc_pass,B_unique_word_overlap_in_mismatched_transcript,MFA 3.4.2 forced alignment of Whisper transcript,False,4.050000190734863,5.090000152587891,4.050000190734863,5.090000152587891,True,True,,sample_0086.json
-UUCSKoHeMA$_$0,text_mismatch,11,and,12,12,and,12,5.440000057220459,5.559999942779541,5.440000057220459,5.559999942779541,5.16,5.54,0.28000005722045884,mandatory_unique_exact_token_pair_in_all_optimal_LCS_alignments,mfa_primary_unique_word_overlap_auto_qc_pass,B_unique_word_overlap_in_mismatched_transcript,MFA 3.4.2 forced alignment of Whisper transcript,False,5.440000057220459,5.559999942779541,5.440000057220459,5.559999942779541,True,True,,sample_0086.json
-UUCSKoHeMA$_$0,text_mismatch,12,I,13,13,i,13,5.559999942779541,5.599999904632568,5.559999942779541,5.599999904632568,5.54,5.66,0.06000009536743178,mandatory_unique_exact_token_pair_in_all_optimal_LCS_alignments,mfa_primary_unique_word_overlap_auto_qc_pass,B_unique_word_overlap_in_mismatched_transcript,MFA 3.4.2 forced alignment of Whisper transcript,False,5.559999942779541,5.599999904632568,5.559999942779541,5.599999904632568,True,True,,sample_0086.json
-UUCSKoHeMA$_$0,text_mismatch,13,want,14,14,want,14,5.599999904632568,5.869999885559082,5.599999904632568,5.869999885559082,5.66,5.74,0.12999988555908182,mandatory_unique_exact_token_pair_in_all_optimal_LCS_alignments,mfa_primary_unique_word_overlap_auto_qc_pass,B_unique_word_overlap_in_mismatched_transcript,MFA 3.4.2 forced alignment of Whisper transcript,False,5.599999904632568,5.869999885559082,5.599999904632568,5.869999885559082,True,True,,sample_0086.json
-UUCSKoHeMA$_$0,text_mismatch,14,to,15,15,to,15,5.869999885559082,5.940000057220459,5.869999885559082,5.940000057220459,5.74,5.88,0.12999988555908182,mandatory_unique_exact_token_pair_in_all_optimal_LCS_alignments,mfa_primary_unique_word_overlap_auto_qc_pass,B_unique_word_overlap_in_mismatched_transcript,MFA 3.4.2 forced alignment of Whisper transcript,False,5.869999885559082,5.940000057220459,5.869999885559082,5.940000057220459,True,True,,sample_0086.json
-UUCSKoHeMA$_$0,text_mismatch,15,talk,16,16,talk,16,5.940000057220459,6.150000095367432,5.940000057220459,6.150000095367432,5.88,6.08,0.07000009536743157,mandatory_unique_exact_token_pair_in_all_optimal_LCS_alignments,mfa_primary_unique_word_overlap_auto_qc_pass,B_unique_word_overlap_in_mismatched_transcript,MFA 3.4.2 forced alignment of Whisper transcript,False,5.940000057220459,6.150000095367432,5.940000057220459,6.150000095367432,True,True,,sample_0086.json
-UUCSKoHeMA$_$0,text_mismatch,16,about,17,17,about,17,6.150000095367432,6.46999979019165,6.150000095367432,6.46999979019165,6.08,6.36,0.10999979019165007,mandatory_unique_exact_token_pair_in_all_optimal_LCS_alignments,mfa_primary_unique_word_overlap_auto_qc_pass,B_unique_word_overlap_in_mismatched_transcript,MFA 3.4.2 forced alignment of Whisper transcript,False,6.150000095367432,6.46999979019165,6.150000095367432,6.46999979019165,True,True,,sample_0086.json
-UUCSKoHeMA$_$0,text_mismatch,17,that,18,18,that,18,6.46999979019165,6.71999979019165,6.46999979019165,6.71999979019165,6.36,6.64,0.10999979019165007,mandatory_unique_exact_token_pair_in_all_optimal_LCS_alignments,mfa_primary_unique_word_overlap_auto_qc_pass,B_unique_word_overlap_in_mismatched_transcript,MFA 3.4.2 forced alignment of Whisper transcript,False,6.46999979019165,6.71999979019165,6.46999979019165,6.71999979019165,True,True,,sample_0086.json
-UUCSKoHeMA$_$0,text_mismatch,18,briefly,19,19,briefly,19,6.71999979019165,7.28000020980835,6.71999979019165,7.28000020980835,6.64,7.12,0.1600002098083495,mandatory_unique_exact_token_pair_in_all_optimal_LCS_alignments,mfa_primary_unique_word_overlap_auto_qc_pass,B_unique_word_overlap_in_mismatched_transcript,MFA 3.4.2 forced alignment of Whisper transcript,False,6.71999979019165,7.28000020980835,6.71999979019165,7.28000020980835,True,True,,sample_0086.json
-ri04Z7vwnc$_$0,text_mismatch,1,going,,,,,,,,,,,,mandatory_unique_exact_token_pair_in_all_optimal_LCS_alignments,official_word_unmatched_or_ambiguous_in_asr,,,False,,,,,False,False,,sample_0087.json
-ri04Z7vwnc$_$0,text_mismatch,2,to,,,,,,,,,,,,mandatory_unique_exact_token_pair_in_all_optimal_LCS_alignments,official_word_unmatched_or_ambiguous_in_asr,,,False,,,,,False,False,,sample_0087.json
-ri04Z7vwnc$_$0,text_mismatch,3,get,,,,,,,,,,,,mandatory_unique_exact_token_pair_in_all_optimal_LCS_alignments,official_word_unmatched_or_ambiguous_in_asr,,,False,,,,,False,False,,sample_0087.json
-ri04Z7vwnc$_$0,text_mismatch,4,married,,,,,,,,,,,,mandatory_unique_exact_token_pair_in_all_optimal_LCS_alignments,official_word_unmatched_or_ambiguous_in_asr,,,False,,,,,False,False,,sample_0087.json
-ri04Z7vwnc$_$0,text_mismatch,5,or,,,,,,,,,,,,mandatory_unique_exact_token_pair_in_all_optimal_LCS_alignments,official_word_unmatched_or_ambiguous_in_asr,,,False,,,,,False,False,,sample_0087.json
-ri04Z7vwnc$_$0,text_mismatch,6,are,,,,,,,,,,,,mandatory_unique_exact_token_pair_in_all_optimal_LCS_alignments,official_word_unmatched_or_ambiguous_in_asr,,,False,,,,,False,False,,sample_0087.json
-ri04Z7vwnc$_$0,text_mismatch,7,already,,,,,,,,,,,,mandatory_unique_exact_token_pair_in_all_optimal_LCS_alignments,official_word_unmatched_or_ambiguous_in_asr,,,False,,,,,False,False,,sample_0087.json
-ri04Z7vwnc$_$0,text_mismatch,8,married,,,,,,,,,,,,mandatory_unique_exact_token_pair_in_all_optimal_LCS_alignments,official_word_unmatched_or_ambiguous_in_asr,,,False,,,,,False,False,,sample_0087.json
-ri04Z7vwnc$_$2,text_mismatch,1,most,,,,,,,,,,,,mandatory_unique_exact_token_pair_in_all_optimal_LCS_alignments,official_word_unmatched_or_ambiguous_in_asr,,,False,,,,,False,False,,sample_0088.json
-ri04Z7vwnc$_$2,text_mismatch,2,people,,,,,,,,,,,,mandatory_unique_exact_token_pair_in_all_optimal_LCS_alignments,official_word_unmatched_or_ambiguous_in_asr,,,False,,,,,False,False,,sample_0088.json
-ri04Z7vwnc$_$2,text_mismatch,3,think,,,,,,,,,,,,mandatory_unique_exact_token_pair_in_all_optimal_LCS_alignments,official_word_unmatched_or_ambiguous_in_asr,,,False,,,,,False,False,,sample_0088.json
-ri04Z7vwnc$_$2,text_mismatch,4,it'll,,,,,,,,,,,,mandatory_unique_exact_token_pair_in_all_optimal_LCS_alignments,official_word_unmatched_or_ambiguous_in_asr,,,False,,,,,False,False,,sample_0088.json
-ri04Z7vwnc$_$2,text_mismatch,5,sort,,,,,,,,,,,,mandatory_unique_exact_token_pair_in_all_optimal_LCS_alignments,official_word_unmatched_or_ambiguous_in_asr,,,False,,,,,False,False,,sample_0088.json
-ri04Z7vwnc$_$2,text_mismatch,6,itself,,,,,,,,,,,,mandatory_unique_exact_token_pair_in_all_optimal_LCS_alignments,official_word_unmatched_or_ambiguous_in_asr,,,False,,,,,False,False,,sample_0088.json
-ri04Z7vwnc$_$2,text_mismatch,7,out,,,,,,,,,,,,mandatory_unique_exact_token_pair_in_all_optimal_LCS_alignments,official_word_unmatched_or_ambiguous_in_asr,,,False,,,,,False,False,,sample_0088.json
-ri04Z7vwnc$_$2,text_mismatch,8,we'll,,,,,,,,,,,,mandatory_unique_exact_token_pair_in_all_optimal_LCS_alignments,official_word_unmatched_or_ambiguous_in_asr,,,False,,,,,False,False,,sample_0088.json
-ri04Z7vwnc$_$2,text_mismatch,9,discuss,,,,,,,,,,,,mandatory_unique_exact_token_pair_in_all_optimal_LCS_alignments,official_word_unmatched_or_ambiguous_in_asr,,,False,,,,,False,False,,sample_0088.json
-ri04Z7vwnc$_$2,text_mismatch,10,it,,,,,,,,,,,,mandatory_unique_exact_token_pair_in_all_optimal_LCS_alignments,official_word_unmatched_or_ambiguous_in_asr,,,False,,,,,False,False,,sample_0088.json
-ri04Z7vwnc$_$2,text_mismatch,11,later,,,,,,,,,,,,mandatory_unique_exact_token_pair_in_all_optimal_LCS_alignments,official_word_unmatched_or_ambiguous_in_asr,,,False,,,,,False,False,,sample_0088.json
-ri04Z7vwnc$_$2,text_mismatch,12,it's,,,,,,,,,,,,mandatory_unique_exact_token_pair_in_all_optimal_LCS_alignments,official_word_unmatched_or_ambiguous_in_asr,,,False,,,,,False,False,,sample_0088.json
-ri04Z7vwnc$_$2,text_mismatch,13,not,,,,,,,,,,,,mandatory_unique_exact_token_pair_in_all_optimal_LCS_alignments,official_word_unmatched_or_ambiguous_in_asr,,,False,,,,,False,False,,sample_0088.json
-ri04Z7vwnc$_$2,text_mismatch,14,something,,,,,,,,,,,,mandatory_unique_exact_token_pair_in_all_optimal_LCS_alignments,official_word_unmatched_or_ambiguous_in_asr,,,False,,,,,False,False,,sample_0088.json
-ri04Z7vwnc$_$2,text_mismatch,15,too,,,,,,,,,,,,mandatory_unique_exact_token_pair_in_all_optimal_LCS_alignments,official_word_unmatched_or_ambiguous_in_asr,,,False,,,,,False,False,,sample_0088.json
-ri04Z7vwnc$_$2,text_mismatch,16,important,,,,,,,,,,,,mandatory_unique_exact_token_pair_in_all_optimal_LCS_alignments,official_word_unmatched_or_ambiguous_in_asr,,,False,,,,,False,False,,sample_0088.json
-ri04Z7vwnc$_$5,text_mismatch,1,So,,,,,,,,,,,,mandatory_unique_exact_token_pair_in_all_optimal_LCS_alignments,official_word_unmatched_or_ambiguous_in_asr,,,False,,,,,False,False,,sample_0089.json
-ri04Z7vwnc$_$5,text_mismatch,2,I,,,,,,,,,,,,mandatory_unique_exact_token_pair_in_all_optimal_LCS_alignments,official_word_unmatched_or_ambiguous_in_asr,,,False,,,,,False,False,,sample_0089.json
-ri04Z7vwnc$_$5,text_mismatch,3,think,,,,,,,,,,,,mandatory_unique_exact_token_pair_in_all_optimal_LCS_alignments,official_word_unmatched_or_ambiguous_in_asr,,,False,,,,,False,False,,sample_0089.json
-ri04Z7vwnc$_$5,text_mismatch,4,it's,,,,,,,,,,,,mandatory_unique_exact_token_pair_in_all_optimal_LCS_alignments,official_word_unmatched_or_ambiguous_in_asr,,,False,,,,,False,False,,sample_0089.json
-ri04Z7vwnc$_$5,text_mismatch,5,important,14,14,important,14,3.069999933242798,3.43975,3.069999933242798,3.43975,3.02,3.34,0.09975000000000023,mandatory_unique_exact_token_pair_in_all_optimal_LCS_alignments,mfa_primary_unique_word_overlap_auto_qc_pass,B_unique_word_overlap_in_mismatched_transcript,MFA 3.4.2 forced alignment of Whisper transcript,False,3.069999933242798,3.43975,3.069999933242798,3.43975,True,True,,sample_0089.json
-ri04Z7vwnc$_$5,text_mismatch,6,to,,,,,,,,,,,,mandatory_unique_exact_token_pair_in_all_optimal_LCS_alignments,official_word_unmatched_or_ambiguous_in_asr,,,False,,,,,False,False,,sample_0089.json
-ri04Z7vwnc$_$5,text_mismatch,7,discuss,,,,,,,,,,,,mandatory_unique_exact_token_pair_in_all_optimal_LCS_alignments,official_word_unmatched_or_ambiguous_in_asr,,,False,,,,,False,False,,sample_0089.json
-ri04Z7vwnc$_$5,text_mismatch,8,finances,,,,,,,,,,,,mandatory_unique_exact_token_pair_in_all_optimal_LCS_alignments,official_word_unmatched_or_ambiguous_in_asr,,,False,,,,,False,False,,sample_0089.json
-s9qJ7ATP7w$_$1,text_mismatch,1,But,,,,,,,,,,,,mandatory_unique_exact_token_pair_in_all_optimal_LCS_alignments,official_word_unmatched_or_ambiguous_in_asr,,,False,,,,,False,False,,sample_0090.json
-s9qJ7ATP7w$_$1,text_mismatch,2,the,1,1,the,1,0.5199999809265137,1.0199999809265137,0.5199999809265137,1.0199999809265137,0.0,0.64,0.5199999809265137,mandatory_unique_exact_token_pair_in_all_optimal_LCS_alignments,mfa_whisper_discrepancy_over_0_5s_null_primary,B_unique_word_overlap_in_mismatched_transcript,MFA 3.4.2 forced alignment of Whisper transcript,True,,,,,False,True,mfa_whisper_edge_difference_over_0_5s,sample_0090.json
-s9qJ7ATP7w$_$1,text_mismatch,3,hardest,2,2,hardest,2,1.3600000143051147,1.7599999904632568,1.3600000143051147,1.7599999904632568,0.64,1.66,0.7200000143051147,mandatory_unique_exact_token_pair_in_all_optimal_LCS_alignments,mfa_whisper_discrepancy_over_0_5s_null_primary,B_unique_word_overlap_in_mismatched_transcript,MFA 3.4.2 forced alignment of Whisper transcript,True,,,,,False,True,mfa_whisper_edge_difference_over_0_5s,sample_0090.json
-s9qJ7ATP7w$_$1,text_mismatch,4,thing,3,3,thing,3,1.7599999904632568,1.909999966621399,1.7599999904632568,1.909999966621399,1.66,1.88,0.09999999046325692,mandatory_unique_exact_token_pair_in_all_optimal_LCS_alignments,mfa_primary_unique_word_overlap_auto_qc_pass,B_unique_word_overlap_in_mismatched_transcript,MFA 3.4.2 forced alignment of Whisper transcript,False,1.7599999904632568,1.909999966621399,1.7599999904632568,1.909999966621399,True,True,,sample_0090.json
-s9qJ7ATP7w$_$1,text_mismatch,5,in,4,4,in,4,1.909999966621399,1.9700000286102295,1.909999966621399,1.9700000286102295,1.88,2.02,0.049999971389770526,mandatory_unique_exact_token_pair_in_all_optimal_LCS_alignments,mfa_primary_unique_word_overlap_auto_qc_pass,B_unique_word_overlap_in_mismatched_transcript,MFA 3.4.2 forced alignment of Whisper transcript,False,1.909999966621399,1.9700000286102295,1.909999966621399,1.9700000286102295,True,True,,sample_0090.json
-s9qJ7ATP7w$_$1,text_mismatch,6,life,5,5,life,5,1.9700000286102295,2.180000066757202,1.9700000286102295,2.180000066757202,2.02,2.12,0.06000006675720204,mandatory_unique_exact_token_pair_in_all_optimal_LCS_alignments,mfa_primary_unique_word_overlap_auto_qc_pass,B_unique_word_overlap_in_mismatched_transcript,MFA 3.4.2 forced alignment of Whisper transcript,False,1.9700000286102295,2.180000066757202,1.9700000286102295,2.180000066757202,True,True,,sample_0090.json
-s9qJ7ATP7w$_$1,text_mismatch,7,to,6,6,to,6,2.180000066757202,2.2699999809265137,2.180000066757202,2.2699999809265137,2.12,2.3,0.06000006675720204,mandatory_unique_exact_token_pair_in_all_optimal_LCS_alignments,mfa_primary_unique_word_overlap_auto_qc_pass,B_unique_word_overlap_in_mismatched_transcript,MFA 3.4.2 forced alignment of Whisper transcript,False,2.180000066757202,2.2699999809265137,2.180000066757202,2.2699999809265137,True,True,,sample_0090.json
-s9qJ7ATP7w$_$1,text_mismatch,8,learn,7,7,learn,7,2.2699999809265137,2.8399999141693115,2.2699999809265137,2.8399999141693115,2.3,2.54,0.2999999141693115,mandatory_unique_exact_token_pair_in_all_optimal_LCS_alignments,mfa_primary_unique_word_overlap_auto_qc_pass,B_unique_word_overlap_in_mismatched_transcript,MFA 3.4.2 forced alignment of Whisper transcript,False,2.2699999809265137,2.8399999141693115,2.2699999809265137,2.8399999141693115,True,True,,sample_0090.json
-s9qJ7ATP7w$_$1,text_mismatch,9,is,8,8,is,8,3.059999942779541,3.2100000381469727,3.059999942779541,3.2100000381469727,2.54,3.18,0.519999942779541,mandatory_unique_exact_token_pair_in_all_optimal_LCS_alignments,mfa_whisper_discrepancy_over_0_5s_null_primary,B_unique_word_overlap_in_mismatched_transcript,MFA 3.4.2 forced alignment of Whisper transcript,True,,,,,False,True,mfa_whisper_edge_difference_over_0_5s,sample_0090.json
-s9qJ7ATP7w$_$1,text_mismatch,10,to,9,9,to,9,3.2100000381469727,3.3299999237060547,3.2100000381469727,3.3299999237060547,3.18,3.38,0.050000076293945206,mandatory_unique_exact_token_pair_in_all_optimal_LCS_alignments,mfa_primary_unique_word_overlap_auto_qc_pass,B_unique_word_overlap_in_mismatched_transcript,MFA 3.4.2 forced alignment of Whisper transcript,False,3.2100000381469727,3.3299999237060547,3.2100000381469727,3.3299999237060547,True,True,,sample_0090.json
-s9qJ7ATP7w$_$1,text_mismatch,11,lose,10,10,lose,10,3.3299999237060547,3.7100000381469727,3.3299999237060547,3.7100000381469727,3.38,3.58,0.13000003814697259,mandatory_unique_exact_token_pair_in_all_optimal_LCS_alignments,mfa_primary_unique_word_overlap_auto_qc_pass,B_unique_word_overlap_in_mismatched_transcript,MFA 3.4.2 forced alignment of Whisper transcript,False,3.3299999237060547,3.7100000381469727,3.3299999237060547,3.7100000381469727,True,True,,sample_0090.json
-s9qJ7ATP7w$_$0,text_mismatch,1,they,1,1,they,1,0.0,0.09000000357627869,0.0,0.09000000357627869,0.0,0.16,0.06999999642372132,mandatory_unique_exact_token_pair_in_all_optimal_LCS_alignments,mfa_primary_unique_word_overlap_auto_qc_pass,B_unique_word_overlap_in_mismatched_transcript,MFA 3.4.2 forced alignment of Whisper transcript,False,0.0,0.09000000357627869,0.0,0.09000000357627869,True,True,,sample_0091.json
-s9qJ7ATP7w$_$0,text_mismatch,2,have,2,2,have,2,0.09000000357627869,0.3199999928474426,0.09000000357627869,0.3199999928474426,0.16,0.28,0.06999999642372132,mandatory_unique_exact_token_pair_in_all_optimal_LCS_alignments,mfa_primary_unique_word_overlap_auto_qc_pass,B_unique_word_overlap_in_mismatched_transcript,MFA 3.4.2 forced alignment of Whisper transcript,False,0.09000000357627869,0.3199999928474426,0.09000000357627869,0.3199999928474426,True,True,,sample_0091.json
-s9qJ7ATP7w$_$0,text_mismatch,3,doubt,3,3,doubt,3,0.3199999928474426,0.6600000262260437,0.3199999928474426,0.6600000262260437,0.28,0.5,0.1600000262260437,mandatory_unique_exact_token_pair_in_all_optimal_LCS_alignments,mfa_primary_unique_word_overlap_auto_qc_pass,B_unique_word_overlap_in_mismatched_transcript,MFA 3.4.2 forced alignment of Whisper transcript,False,0.3199999928474426,0.6600000262260437,0.3199999928474426,0.6600000262260437,True,True,,sample_0091.json
-s9qJ7ATP7w$_$0,text_mismatch,4,they,4,4,they,4,0.6600000262260437,0.7699999809265137,0.6600000262260437,0.7699999809265137,0.82,0.82,0.15999997377395625,mandatory_unique_exact_token_pair_in_all_optimal_LCS_alignments,mfa_primary_unique_word_overlap_auto_qc_pass,B_unique_word_overlap_in_mismatched_transcript,MFA 3.4.2 forced alignment of Whisper transcript,False,0.6600000262260437,0.7699999809265137,0.6600000262260437,0.7699999809265137,True,True,,sample_0091.json
-s9qJ7ATP7w$_$0,text_mismatch,5,have,5,5,have,5,0.7699999809265137,0.9700000286102295,0.7699999809265137,0.9700000286102295,0.82,0.96,0.05000001907348628,mandatory_unique_exact_token_pair_in_all_optimal_LCS_alignments,mfa_primary_unique_word_overlap_auto_qc_pass,B_unique_word_overlap_in_mismatched_transcript,MFA 3.4.2 forced alignment of Whisper transcript,False,0.7699999809265137,0.9700000286102295,0.7699999809265137,0.9700000286102295,True,True,,sample_0091.json
-s9qJ7ATP7w$_$0,text_mismatch,6,fear,6,6,fear,6,0.9700000286102295,1.440000057220459,0.9700000286102295,1.440000057220459,0.96,1.32,0.12000005722045892,mandatory_unique_exact_token_pair_in_all_optimal_LCS_alignments,mfa_primary_unique_word_overlap_auto_qc_pass,B_unique_word_overlap_in_mismatched_transcript,MFA 3.4.2 forced alignment of Whisper transcript,False,0.9700000286102295,1.440000057220459,0.9700000286102295,1.440000057220459,True,True,,sample_0091.json
-s9qJ7ATP7w$_$0,text_mismatch,7,they,,,,,,,,,,,,mandatory_unique_exact_token_pair_in_all_optimal_LCS_alignments,official_word_unmatched_or_ambiguous_in_asr,,,False,,,,,False,False,,sample_0091.json
-s9qJ7ATP7w$_$0,text_mismatch,8,lose,,,,,,,,,,,,mandatory_unique_exact_token_pair_in_all_optimal_LCS_alignments,official_word_unmatched_or_ambiguous_in_asr,,,False,,,,,False,False,,sample_0091.json
-s9qJ7ATP7w$_$0,text_mismatch,9,in,,,,,,,,,,,,mandatory_unique_exact_token_pair_in_all_optimal_LCS_alignments,official_word_unmatched_or_ambiguous_in_asr,,,False,,,,,False,False,,sample_0091.json
-s9qJ7ATP7w$_$0,text_mismatch,10,a,9,9,a,9,2.2300000190734863,2.2799999713897705,2.2300000190734863,2.2799999713897705,2.12,2.34,0.11000001907348622,mandatory_unique_exact_token_pair_in_all_optimal_LCS_alignments,mfa_primary_unique_word_overlap_auto_qc_pass,B_unique_word_overlap_in_mismatched_transcript,MFA 3.4.2 forced alignment of Whisper transcript,False,2.2300000190734863,2.2799999713897705,2.2300000190734863,2.2799999713897705,True,True,,sample_0091.json
-s9qJ7ATP7w$_$0,text_mismatch,11,Ferrari,10,10,ferrari,10,2.2799999713897705,2.7799999713897705,2.2799999713897705,2.7799999713897705,2.34,2.62,0.1599999713897704,mandatory_unique_exact_token_pair_in_all_optimal_LCS_alignments,mfa_primary_unique_word_overlap_auto_qc_pass,B_unique_word_overlap_in_mismatched_transcript,MFA 3.4.2 forced alignment of Whisper transcript,False,2.2799999713897705,2.7799999713897705,2.2799999713897705,2.7799999713897705,True,True,,sample_0091.json
-s9qJ7ATP7w$_$0,text_mismatch,12,race,11,11,race,11,2.7799999713897705,3.140000104904175,2.7799999713897705,3.140000104904175,2.62,3.06,0.1599999713897704,mandatory_unique_exact_token_pair_in_all_optimal_LCS_alignments,mfa_primary_unique_word_overlap_auto_qc_pass,B_unique_word_overlap_in_mismatched_transcript,MFA 3.4.2 forced alignment of Whisper transcript,False,2.7799999713897705,3.140000104904175,2.7799999713897705,3.140000104904175,True,True,,sample_0091.json
-s9qJ7ATP7w$_$0,text_mismatch,13,or,12,12,or,12,3.140000104904175,3.200000047683716,3.140000104904175,3.200000047683716,3.06,3.22,0.08000010490417475,mandatory_unique_exact_token_pair_in_all_optimal_LCS_alignments,mfa_primary_unique_word_overlap_auto_qc_pass,B_unique_word_overlap_in_mismatched_transcript,MFA 3.4.2 forced alignment of Whisper transcript,False,3.140000104904175,3.200000047683716,3.140000104904175,3.200000047683716,True,True,,sample_0091.json
-s9qJ7ATP7w$_$0,text_mismatch,14,they,,,,,,,,,,,,mandatory_unique_exact_token_pair_in_all_optimal_LCS_alignments,official_word_unmatched_or_ambiguous_in_asr,,,False,,,,,False,False,,sample_0091.json
-s9qJ7ATP7w$_$0,text_mismatch,15,lose,,,,,,,,,,,,mandatory_unique_exact_token_pair_in_all_optimal_LCS_alignments,official_word_unmatched_or_ambiguous_in_asr,,,False,,,,,False,False,,sample_0091.json
-s9qJ7ATP7w$_$0,text_mismatch,16,in,,,,,,,,,,,,mandatory_unique_exact_token_pair_in_all_optimal_LCS_alignments,official_word_unmatched_or_ambiguous_in_asr,,,False,,,,,False,False,,sample_0091.json
-s9qJ7ATP7w$_$0,text_mismatch,17,a,15,15,a,15,3.9000000953674316,4.269999980926514,3.9000000953674316,4.269999980926514,3.74,4.22,0.16000009536743143,mandatory_unique_exact_token_pair_in_all_optimal_LCS_alignments,mfa_primary_unique_word_overlap_auto_qc_pass,B_unique_word_overlap_in_mismatched_transcript,MFA 3.4.2 forced alignment of Whisper transcript,False,3.9000000953674316,4.269999980926514,3.9000000953674316,4.269999980926514,True,True,,sample_0091.json
-s9qJ7ATP7w$_$0,text_mismatch,18,race,16,16,race,16,4.420000076293945,4.880000114440918,4.420000076293945,4.880000114440918,4.22,4.74,0.20000007629394556,mandatory_unique_exact_token_pair_in_all_optimal_LCS_alignments,mfa_primary_unique_word_overlap_auto_qc_pass,B_unique_word_overlap_in_mismatched_transcript,MFA 3.4.2 forced alignment of Whisper transcript,False,4.420000076293945,4.880000114440918,4.420000076293945,4.880000114440918,True,True,,sample_0091.json
-s9qJ7ATP7w$_$0,text_mismatch,19,and,17,17,and,17,5.170000076293945,5.289999961853027,5.170000076293945,5.289999961853027,4.74,5.26,0.4300000762939451,mandatory_unique_exact_token_pair_in_all_optimal_LCS_alignments,mfa_primary_unique_word_overlap_auto_qc_pass,B_unique_word_overlap_in_mismatched_transcript,MFA 3.4.2 forced alignment of Whisper transcript,False,5.170000076293945,5.289999961853027,5.170000076293945,5.289999961853027,True,True,,sample_0091.json
-s9qJ7ATP7w$_$0,text_mismatch,20,then,18,18,then,18,5.289999961853027,5.409999847412109,5.289999961853027,5.409999847412109,5.26,5.4,0.029999961853027557,mandatory_unique_exact_token_pair_in_all_optimal_LCS_alignments,mfa_primary_unique_word_overlap_auto_qc_pass,B_unique_word_overlap_in_mismatched_transcript,MFA 3.4.2 forced alignment of Whisper transcript,False,5.289999961853027,5.409999847412109,5.289999961853027,5.409999847412109,True,True,,sample_0091.json
-s9qJ7ATP7w$_$0,text_mismatch,21,they,19,19,they,19,5.409999847412109,5.519999980926514,5.409999847412109,5.519999980926514,5.4,5.52,0.00999984741210902,mandatory_unique_exact_token_pair_in_all_optimal_LCS_alignments,mfa_primary_unique_word_overlap_auto_qc_pass,B_unique_word_overlap_in_mismatched_transcript,MFA 3.4.2 forced alignment of Whisper transcript,False,5.409999847412109,5.519999980926514,5.409999847412109,5.519999980926514,True,True,,sample_0091.json
-s9qJ7ATP7w$_$0,text_mismatch,22,just,20,20,just,20,5.519999980926514,5.760000228881836,5.519999980926514,5.760000228881836,5.52,5.72,0.040000228881836186,mandatory_unique_exact_token_pair_in_all_optimal_LCS_alignments,mfa_primary_unique_word_overlap_auto_qc_pass,B_unique_word_overlap_in_mismatched_transcript,MFA 3.4.2 forced alignment of Whisper transcript,False,5.519999980926514,5.760000228881836,5.519999980926514,5.760000228881836,True,True,,sample_0091.json
-s9qJ7ATP7w$_$0,text_mismatch,23,give,21,21,give,21,5.760000228881836,5.929999828338623,5.760000228881836,5.929999828338623,5.72,5.88,0.04999982833862315,mandatory_unique_exact_token_pair_in_all_optimal_LCS_alignments,mfa_primary_unique_word_overlap_auto_qc_pass,B_unique_word_overlap_in_mismatched_transcript,MFA 3.4.2 forced alignment of Whisper transcript,False,5.760000228881836,5.929999828338623,5.760000228881836,5.929999828338623,True,True,,sample_0091.json
-s9qJ7ATP7w$_$0,text_mismatch,24,up,22,22,up,22,5.929999828338623,6.159999847412109,5.929999828338623,6.159999847412109,5.88,6.22,0.060000152587890376,mandatory_unique_exact_token_pair_in_all_optimal_LCS_alignments,mfa_primary_unique_word_overlap_auto_qc_pass,B_unique_word_overlap_in_mismatched_transcript,MFA 3.4.2 forced alignment of Whisper transcript,False,5.929999828338623,6.159999847412109,5.929999828338623,6.159999847412109,True,True,,sample_0091.json
-s9qJ7ATP7w$_$5,text_mismatch,1,I,3,3,i,3,1.1200000047683716,1.2599999904632568,1.1200000047683716,1.2599999904632568,1.04,1.28,0.08000000476837155,mandatory_unique_exact_token_pair_in_all_optimal_LCS_alignments,mfa_primary_unique_word_overlap_auto_qc_pass,B_unique_word_overlap_in_mismatched_transcript,MFA 3.4.2 forced alignment of Whisper transcript,False,1.1200000047683716,1.2599999904632568,1.1200000047683716,1.2599999904632568,True,True,,sample_0092.json
-s9qJ7ATP7w$_$5,text_mismatch,2,have,4,4,have,4,1.2599999904632568,1.4600000381469727,1.2599999904632568,1.4600000381469727,1.28,1.42,0.04000003814697273,mandatory_unique_exact_token_pair_in_all_optimal_LCS_alignments,mfa_primary_unique_word_overlap_auto_qc_pass,B_unique_word_overlap_in_mismatched_transcript,MFA 3.4.2 forced alignment of Whisper transcript,False,1.2599999904632568,1.4600000381469727,1.2599999904632568,1.4600000381469727,True,True,,sample_0092.json
-s9qJ7ATP7w$_$5,text_mismatch,3,been,5,5,been,5,1.4600000381469727,1.7300000190734863,1.4600000381469727,1.7300000190734863,1.42,1.64,0.09000001907348643,mandatory_unique_exact_token_pair_in_all_optimal_LCS_alignments,mfa_primary_unique_word_overlap_auto_qc_pass,B_unique_word_overlap_in_mismatched_transcript,MFA 3.4.2 forced alignment of Whisper transcript,False,1.4600000381469727,1.7300000190734863,1.4600000381469727,1.7300000190734863,True,True,,sample_0092.json
-s9qJ7ATP7w$_$5,text_mismatch,4,beat,6,6,beat,6,1.7300000190734863,2.009999990463257,1.7300000190734863,2.009999990463257,1.64,1.96,0.09000001907348643,mandatory_unique_exact_token_pair_in_all_optimal_LCS_alignments,mfa_primary_unique_word_overlap_auto_qc_pass,B_unique_word_overlap_in_mismatched_transcript,MFA 3.4.2 forced alignment of Whisper transcript,False,1.7300000190734863,2.009999990463257,1.7300000190734863,2.009999990463257,True,True,,sample_0092.json
-s9qJ7ATP7w$_$5,text_mismatch,5,up,7,7,up,7,2.009999990463257,2.4800000190734863,2.009999990463257,2.4800000190734863,1.96,2.38,0.10000001907348643,mandatory_unique_exact_token_pair_in_all_optimal_LCS_alignments,mfa_primary_unique_word_overlap_auto_qc_pass,B_unique_word_overlap_in_mismatched_transcript,MFA 3.4.2 forced alignment of Whisper transcript,False,2.009999990463257,2.4800000190734863,2.009999990463257,2.4800000190734863,True,True,,sample_0092.json
-s9qJ7ATP7w$_$5,text_mismatch,6,and,8,8,and,8,2.4800000190734863,2.809999942779541,2.4800000190734863,2.809999942779541,2.38,2.7,0.10999994277954084,mandatory_unique_exact_token_pair_in_all_optimal_LCS_alignments,mfa_primary_unique_word_overlap_auto_qc_pass,B_unique_word_overlap_in_mismatched_transcript,MFA 3.4.2 forced alignment of Whisper transcript,False,2.4800000190734863,2.809999942779541,2.4800000190734863,2.809999942779541,True,True,,sample_0092.json
-s9qJ7ATP7w$_$5,text_mismatch,7,put,9,9,put,9,2.809999942779541,3.059999942779541,2.809999942779541,3.059999942779541,2.7,2.98,0.10999994277954084,mandatory_unique_exact_token_pair_in_all_optimal_LCS_alignments,mfa_primary_unique_word_overlap_auto_qc_pass,B_unique_word_overlap_in_mismatched_transcript,MFA 3.4.2 forced alignment of Whisper transcript,False,2.809999942779541,3.059999942779541,2.809999942779541,3.059999942779541,True,True,,sample_0092.json
-s9qJ7ATP7w$_$5,text_mismatch,8,down,10,10,down,10,3.059999942779541,3.690000057220459,3.059999942779541,3.690000057220459,2.98,3.48,0.210000057220459,mandatory_unique_exact_token_pair_in_all_optimal_LCS_alignments,mfa_primary_unique_word_overlap_auto_qc_pass,B_unique_word_overlap_in_mismatched_transcript,MFA 3.4.2 forced alignment of Whisper transcript,False,3.059999942779541,3.690000057220459,3.059999942779541,3.690000057220459,True,True,,sample_0092.json
-s9qJ7ATP7w$_$5,text_mismatch,9,and,11,11,and,11,3.7200000286102295,4.070000171661377,3.7200000286102295,4.070000171661377,3.48,4.06,0.2400000286102295,mandatory_unique_exact_token_pair_in_all_optimal_LCS_alignments,mfa_primary_unique_word_overlap_auto_qc_pass,B_unique_word_overlap_in_mismatched_transcript,MFA 3.4.2 forced alignment of Whisper transcript,False,3.7200000286102295,4.070000171661377,3.7200000286102295,4.070000171661377,True,True,,sample_0092.json
-s9qJ7ATP7w$_$5,text_mismatch,10,everything,12,12,everything,12,4.820000171661377,5.239999771118164,4.820000171661377,5.239999771118164,4.06,5.1,0.7600001716613773,mandatory_unique_exact_token_pair_in_all_optimal_LCS_alignments,mfa_whisper_discrepancy_over_0_5s_null_primary,B_unique_word_overlap_in_mismatched_transcript,MFA 3.4.2 forced alignment of Whisper transcript,True,,,,,False,True,mfa_whisper_edge_difference_over_0_5s,sample_0092.json
-s9qJ7ATP7w$_$5,text_mismatch,11,that,13,13,that,13,5.239999771118164,5.400000095367432,5.239999771118164,5.400000095367432,5.1,5.38,0.13999977111816442,mandatory_unique_exact_token_pair_in_all_optimal_LCS_alignments,mfa_primary_unique_word_overlap_auto_qc_pass,B_unique_word_overlap_in_mismatched_transcript,MFA 3.4.2 forced alignment of Whisper transcript,False,5.239999771118164,5.400000095367432,5.239999771118164,5.400000095367432,True,True,,sample_0092.json
-s9qJ7ATP7w$_$5,text_mismatch,12,can,14,14,can,14,5.400000095367432,5.570000171661377,5.400000095367432,5.570000171661377,5.38,5.54,0.030000171661376918,mandatory_unique_exact_token_pair_in_all_optimal_LCS_alignments,mfa_primary_unique_word_overlap_auto_qc_pass,B_unique_word_overlap_in_mismatched_transcript,MFA 3.4.2 forced alignment of Whisper transcript,False,5.400000095367432,5.570000171661377,5.400000095367432,5.570000171661377,True,True,,sample_0092.json
-s9qJ7ATP7w$_$5,text_mismatch,13,go,15,15,go,15,5.570000171661377,5.760000228881836,5.570000171661377,5.760000228881836,5.54,5.78,0.030000171661376918,mandatory_unique_exact_token_pair_in_all_optimal_LCS_alignments,mfa_primary_unique_word_overlap_auto_qc_pass,B_unique_word_overlap_in_mismatched_transcript,MFA 3.4.2 forced alignment of Whisper transcript,False,5.570000171661377,5.760000228881836,5.570000171661377,5.760000228881836,True,True,,sample_0092.json
-s9qJ7ATP7w$_$5,text_mismatch,14,wrong,16,16,wrong,16,5.760000228881836,6.429999828338623,5.760000228881836,6.429999828338623,5.78,6.24,0.18999982833862283,mandatory_unique_exact_token_pair_in_all_optimal_LCS_alignments,mfa_primary_unique_word_overlap_auto_qc_pass,B_unique_word_overlap_in_mismatched_transcript,MFA 3.4.2 forced alignment of Whisper transcript,False,5.760000228881836,6.429999828338623,5.760000228881836,6.429999828338623,True,True,,sample_0092.json
-s9qJ7ATP7w$_$5,text_mismatch,15,has,17,17,has,17,6.679999828338623,6.829999923706055,6.679999828338623,6.829999923706055,6.24,6.8,0.43999982833862283,mandatory_unique_exact_token_pair_in_all_optimal_LCS_alignments,mfa_primary_unique_word_overlap_auto_qc_pass,B_unique_word_overlap_in_mismatched_transcript,MFA 3.4.2 forced alignment of Whisper transcript,False,6.679999828338623,6.829999923706055,6.679999828338623,6.829999923706055,True,True,,sample_0092.json
-s9qJ7ATP7w$_$5,text_mismatch,16,gone,18,18,gone,18,6.829999923706055,7.090000152587891,6.829999923706055,7.090000152587891,6.8,7.06,0.030000152587891016,mandatory_unique_exact_token_pair_in_all_optimal_LCS_alignments,mfa_primary_unique_word_overlap_auto_qc_pass,B_unique_word_overlap_in_mismatched_transcript,MFA 3.4.2 forced alignment of Whisper transcript,False,6.829999923706055,7.090000152587891,6.829999923706055,7.090000152587891,True,True,,sample_0092.json
-s9qJ7ATP7w$_$5,text_mismatch,17,wrong,19,19,wrong,19,7.090000152587891,7.409999847412109,7.090000152587891,7.409999847412109,7.06,7.34,0.06999984741210952,mandatory_unique_exact_token_pair_in_all_optimal_LCS_alignments,mfa_primary_unique_word_overlap_auto_qc_pass,B_unique_word_overlap_in_mismatched_transcript,MFA 3.4.2 forced alignment of Whisper transcript,False,7.090000152587891,7.409999847412109,7.090000152587891,7.409999847412109,True,True,,sample_0092.json
-s9qJ7ATP7w$_$5,text_mismatch,18,for,20,20,for,20,7.409999847412109,7.659999847412109,7.409999847412109,7.659999847412109,7.34,7.62,0.06999984741210952,mandatory_unique_exact_token_pair_in_all_optimal_LCS_alignments,mfa_primary_unique_word_overlap_auto_qc_pass,B_unique_word_overlap_in_mismatched_transcript,MFA 3.4.2 forced alignment of Whisper transcript,False,7.409999847412109,7.659999847412109,7.409999847412109,7.659999847412109,True,True,,sample_0092.json
-s9qJ7ATP7w$_$5,text_mismatch,19,me,21,21,me,21,7.659999847412109,7.849999904632568,7.659999847412109,7.849999904632568,7.62,7.88,0.03999984741210927,mandatory_unique_exact_token_pair_in_all_optimal_LCS_alignments,mfa_primary_unique_word_overlap_auto_qc_pass,B_unique_word_overlap_in_mismatched_transcript,MFA 3.4.2 forced alignment of Whisper transcript,False,7.659999847412109,7.849999904632568,7.659999847412109,7.849999904632568,True,True,,sample_0092.json
-s9qJ7ATP7w$_$4,text_mismatch,1,I,3,3,i,3,0.5400000214576721,0.6700000166893005,0.5400000214576721,0.6700000166893005,0.42,0.7,0.12000002145767213,mandatory_unique_exact_token_pair_in_all_optimal_LCS_alignments,mfa_primary_unique_word_overlap_auto_qc_pass,B_unique_word_overlap_in_mismatched_transcript,MFA 3.4.2 forced alignment of Whisper transcript,False,0.5400000214576721,0.6700000166893005,0.5400000214576721,0.6700000166893005,True,True,,sample_0093.json
-s9qJ7ATP7w$_$4,text_mismatch,2,have,4,4,have,4,0.6700000166893005,0.8600000143051147,0.6700000166893005,0.8600000143051147,0.7,0.84,0.02999998331069942,mandatory_unique_exact_token_pair_in_all_optimal_LCS_alignments,mfa_primary_unique_word_overlap_auto_qc_pass,B_unique_word_overlap_in_mismatched_transcript,MFA 3.4.2 forced alignment of Whisper transcript,False,0.6700000166893005,0.8600000143051147,0.6700000166893005,0.8600000143051147,True,True,,sample_0093.json
-s9qJ7ATP7w$_$4,text_mismatch,3,lost,5,5,lost,5,0.8600000143051147,1.2300000190734863,0.8600000143051147,1.2300000190734863,0.84,1.14,0.09000001907348643,mandatory_unique_exact_token_pair_in_all_optimal_LCS_alignments,mfa_primary_unique_word_overlap_auto_qc_pass,B_unique_word_overlap_in_mismatched_transcript,MFA 3.4.2 forced alignment of Whisper transcript,False,0.8600000143051147,1.2300000190734863,0.8600000143051147,1.2300000190734863,True,True,,sample_0093.json
-s9qJ7ATP7w$_$4,text_mismatch,4,at,,,,,,,,,,,,mandatory_unique_exact_token_pair_in_all_optimal_LCS_alignments,official_word_unmatched_or_ambiguous_in_asr,,,False,,,,,False,False,,sample_0093.json
-s9qJ7ATP7w$_$4,text_mismatch,5,everything,7,7,everything,7,1.600000023841858,2.109999895095825,1.600000023841858,2.109999895095825,1.4,1.88,0.2299998950958253,mandatory_unique_exact_token_pair_in_all_optimal_LCS_alignments,mfa_primary_unique_word_overlap_auto_qc_pass,B_unique_word_overlap_in_mismatched_transcript,MFA 3.4.2 forced alignment of Whisper transcript,False,1.600000023841858,2.109999895095825,1.600000023841858,2.109999895095825,True,True,,sample_0093.json
-s9qJ7ATP7w$_$4,text_mismatch,6,you,8,8,you,8,2.109999895095825,2.2300000190734863,2.109999895095825,2.2300000190734863,1.88,2.24,0.2299998950958253,mandatory_unique_exact_token_pair_in_all_optimal_LCS_alignments,mfa_primary_unique_word_overlap_auto_qc_pass,B_unique_word_overlap_in_mismatched_transcript,MFA 3.4.2 forced alignment of Whisper transcript,False,2.109999895095825,2.2300000190734863,2.109999895095825,2.2300000190734863,True,True,,sample_0093.json
-s9qJ7ATP7w$_$4,text_mismatch,7,can,9,9,can,9,2.2300000190734863,2.4000000953674316,2.2300000190734863,2.4000000953674316,2.24,2.4,0.009999980926513885,mandatory_unique_exact_token_pair_in_all_optimal_LCS_alignments,mfa_primary_unique_word_overlap_auto_qc_pass,B_unique_word_overlap_in_mismatched_transcript,MFA 3.4.2 forced alignment of Whisper transcript,False,2.2300000190734863,2.4000000953674316,2.2300000190734863,2.4000000953674316,True,True,,sample_0093.json
-s9qJ7ATP7w$_$4,text_mismatch,8,imagine,10,10,imagine,10,2.4000000953674316,2.9100000858306885,2.4000000953674316,2.9100000858306885,2.4,2.8,0.11000008583068865,mandatory_unique_exact_token_pair_in_all_optimal_LCS_alignments,mfa_primary_unique_word_overlap_auto_qc_pass,B_unique_word_overlap_in_mismatched_transcript,MFA 3.4.2 forced alignment of Whisper transcript,False,2.4000000953674316,2.9100000858306885,2.4000000953674316,2.9100000858306885,True,True,,sample_0093.json
-s9qJ7ATP7w$_$4,text_mismatch,9,seriously,11,11,seriously,11,2.9100000858306885,3.430000066757202,2.9100000858306885,3.430000066757202,2.8,3.2,0.23000006675720197,mandatory_unique_exact_token_pair_in_all_optimal_LCS_alignments,mfa_primary_unique_word_overlap_auto_qc_pass,B_unique_word_overlap_in_mismatched_transcript,MFA 3.4.2 forced alignment of Whisper transcript,False,2.9100000858306885,3.430000066757202,2.9100000858306885,3.430000066757202,True,True,,sample_0093.json
-s9qJ7ATP7w$_$7,text_mismatch,1,I,1,1,i,1,0.0,0.14000000059604645,0.0,0.14000000059604645,0.0,0.6,0.45999999940395353,mandatory_unique_exact_token_pair_in_all_optimal_LCS_alignments,mfa_primary_unique_word_overlap_auto_qc_pass,B_unique_word_overlap_in_mismatched_transcript,MFA 3.4.2 forced alignment of Whisper transcript,False,0.0,0.14000000059604645,0.0,0.14000000059604645,True,True,,sample_0094.json
-s9qJ7ATP7w$_$7,text_mismatch,2,used,2,2,used,2,0.550000011920929,0.7799999713897705,0.550000011920929,0.7799999713897705,0.6,0.74,0.04999998807907102,mandatory_unique_exact_token_pair_in_all_optimal_LCS_alignments,mfa_primary_unique_word_overlap_auto_qc_pass,B_unique_word_overlap_in_mismatched_transcript,MFA 3.4.2 forced alignment of Whisper transcript,False,0.550000011920929,0.7799999713897705,0.550000011920929,0.7799999713897705,True,True,,sample_0094.json
-s9qJ7ATP7w$_$7,text_mismatch,3,to,3,3,to,3,0.7799999713897705,0.8500000238418579,0.7799999713897705,0.8500000238418579,0.74,0.88,0.03999997138977052,mandatory_unique_exact_token_pair_in_all_optimal_LCS_alignments,mfa_primary_unique_word_overlap_auto_qc_pass,B_unique_word_overlap_in_mismatched_transcript,MFA 3.4.2 forced alignment of Whisper transcript,False,0.7799999713897705,0.8500000238418579,0.7799999713897705,0.8500000238418579,True,True,,sample_0094.json
-s9qJ7ATP7w$_$7,text_mismatch,4,work,4,4,work,4,0.8500000238418579,1.0199999809265137,0.8500000238418579,1.0199999809265137,0.88,0.98,0.03999998092651369,mandatory_unique_exact_token_pair_in_all_optimal_LCS_alignments,mfa_primary_unique_word_overlap_auto_qc_pass,B_unique_word_overlap_in_mismatched_transcript,MFA 3.4.2 forced alignment of Whisper transcript,False,0.8500000238418579,1.0199999809265137,0.8500000238418579,1.0199999809265137,True,True,,sample_0094.json
-s9qJ7ATP7w$_$7,text_mismatch,5,for,5,5,for,5,1.0199999809265137,1.100000023841858,1.0199999809265137,1.100000023841858,0.98,1.16,0.05999997615814201,mandatory_unique_exact_token_pair_in_all_optimal_LCS_alignments,mfa_primary_unique_word_overlap_auto_qc_pass,B_unique_word_overlap_in_mismatched_transcript,MFA 3.4.2 forced alignment of Whisper transcript,False,1.0199999809265137,1.100000023841858,1.0199999809265137,1.100000023841858,True,True,,sample_0094.json
-s9qJ7ATP7w$_$7,text_mismatch,6,Warren,6,6,warren,6,1.100000023841858,1.3899999856948853,1.100000023841858,1.3899999856948853,1.16,1.36,0.05999997615814201,mandatory_unique_exact_token_pair_in_all_optimal_LCS_alignments,mfa_primary_unique_word_overlap_auto_qc_pass,B_unique_word_overlap_in_mismatched_transcript,MFA 3.4.2 forced alignment of Whisper transcript,False,1.100000023841858,1.3899999856948853,1.100000023841858,1.3899999856948853,True,True,,sample_0094.json
-s9qJ7ATP7w$_$7,text_mismatch,7,Avis,7,7,avis,7,1.3899999856948853,1.7799999713897705,1.3899999856948853,1.7799999713897705,1.36,1.64,0.1399999713897706,mandatory_unique_exact_token_pair_in_all_optimal_LCS_alignments,mfa_primary_unique_word_overlap_auto_qc_pass,B_unique_word_overlap_in_mismatched_transcript,MFA 3.4.2 forced alignment of Whisper transcript,False,1.3899999856948853,1.7799999713897705,1.3899999856948853,1.7799999713897705,True,True,,sample_0094.json
-s9qJ7ATP7w$_$7,text_mismatch,8,the,8,8,the,8,1.909999966621399,1.9700000286102295,1.909999966621399,1.9700000286102295,1.64,1.98,0.269999966621399,mandatory_unique_exact_token_pair_in_all_optimal_LCS_alignments,mfa_primary_unique_word_overlap_auto_qc_pass,B_unique_word_overlap_in_mismatched_transcript,MFA 3.4.2 forced alignment of Whisper transcript,False,1.909999966621399,1.9700000286102295,1.909999966621399,1.9700000286102295,True,True,,sample_0094.json
-s9qJ7ATP7w$_$7,text_mismatch,9,guy,9,9,guy,9,1.9700000286102295,2.1500000953674316,1.9700000286102295,2.1500000953674316,1.98,2.14,0.010000095367431516,mandatory_unique_exact_token_pair_in_all_optimal_LCS_alignments,mfa_primary_unique_word_overlap_auto_qc_pass,B_unique_word_overlap_in_mismatched_transcript,MFA 3.4.2 forced alignment of Whisper transcript,False,1.9700000286102295,2.1500000953674316,1.9700000286102295,2.1500000953674316,True,True,,sample_0094.json
-s9qJ7ATP7w$_$7,text_mismatch,10,who,10,10,who,10,2.1500000953674316,2.2100000381469727,2.1500000953674316,2.2100000381469727,2.14,2.24,0.029999961853027557,mandatory_unique_exact_token_pair_in_all_optimal_LCS_alignments,mfa_primary_unique_word_overlap_auto_qc_pass,B_unique_word_overlap_in_mismatched_transcript,MFA 3.4.2 forced alignment of Whisper transcript,False,2.1500000953674316,2.2100000381469727,2.1500000953674316,2.2100000381469727,True,True,,sample_0094.json
-s9qJ7ATP7w$_$7,text_mismatch,11,started,11,11,started,11,2.2100000381469727,2.5299999713897705,2.2100000381469727,2.5299999713897705,2.24,2.46,0.06999997138977054,mandatory_unique_exact_token_pair_in_all_optimal_LCS_alignments,mfa_primary_unique_word_overlap_auto_qc_pass,B_unique_word_overlap_in_mismatched_transcript,MFA 3.4.2 forced alignment of Whisper transcript,False,2.2100000381469727,2.5299999713897705,2.2100000381469727,2.5299999713897705,True,True,,sample_0094.json
-s9qJ7ATP7w$_$7,text_mismatch,12,Avis,12,12,avis,12,2.5299999713897705,2.799999952316284,2.5299999713897705,2.799999952316284,2.46,2.74,0.06999997138977054,mandatory_unique_exact_token_pair_in_all_optimal_LCS_alignments,mfa_primary_unique_word_overlap_auto_qc_pass,B_unique_word_overlap_in_mismatched_transcript,MFA 3.4.2 forced alignment of Whisper transcript,False,2.5299999713897705,2.799999952316284,2.5299999713897705,2.799999952316284,True,True,,sample_0094.json
-s9qJ7ATP7w$_$7,text_mismatch,13,Rent,13,13,rent,13,2.799999952316284,2.940000057220459,2.799999952316284,2.940000057220459,2.74,2.9,0.059999952316283967,mandatory_unique_exact_token_pair_in_all_optimal_LCS_alignments,mfa_primary_unique_word_overlap_auto_qc_pass,B_unique_word_overlap_in_mismatched_transcript,MFA 3.4.2 forced alignment of Whisper transcript,False,2.799999952316284,2.940000057220459,2.799999952316284,2.940000057220459,True,True,,sample_0094.json
-s9qJ7ATP7w$_$7,text_mismatch,14,a,14,14,a,14,2.940000057220459,2.9800000190734863,2.940000057220459,2.9800000190734863,2.9,3.04,0.05999998092651371,mandatory_unique_exact_token_pair_in_all_optimal_LCS_alignments,mfa_primary_unique_word_overlap_auto_qc_pass,B_unique_word_overlap_in_mismatched_transcript,MFA 3.4.2 forced alignment of Whisper transcript,False,2.940000057220459,2.9800000190734863,2.940000057220459,2.9800000190734863,True,True,,sample_0094.json
-s9qJ7ATP7w$_$7,text_mismatch,15,Car,15,15,car,15,2.9800000190734863,3.1600000858306885,2.9800000190734863,3.1600000858306885,3.04,3.18,0.05999998092651371,mandatory_unique_exact_token_pair_in_all_optimal_LCS_alignments,mfa_primary_unique_word_overlap_auto_qc_pass,B_unique_word_overlap_in_mismatched_transcript,MFA 3.4.2 forced alignment of Whisper transcript,False,2.9800000190734863,3.1600000858306885,2.9800000190734863,3.1600000858306885,True,True,,sample_0094.json
-s9qJ7ATP7w$_$7,text_mismatch,16,and,16,16,and,16,3.1600000858306885,3.259999990463257,3.1600000858306885,3.259999990463257,3.18,3.3,0.040000009536742986,mandatory_unique_exact_token_pair_in_all_optimal_LCS_alignments,mfa_primary_unique_word_overlap_auto_qc_pass,B_unique_word_overlap_in_mismatched_transcript,MFA 3.4.2 forced alignment of Whisper transcript,False,3.1600000858306885,3.259999990463257,3.1600000858306885,3.259999990463257,True,True,,sample_0094.json
-s9qJ7ATP7w$_$7,text_mismatch,17,he,17,17,he,17,3.259999990463257,3.369999885559082,3.259999990463257,3.369999885559082,3.3,3.4,0.040000009536742986,mandatory_unique_exact_token_pair_in_all_optimal_LCS_alignments,mfa_primary_unique_word_overlap_auto_qc_pass,B_unique_word_overlap_in_mismatched_transcript,MFA 3.4.2 forced alignment of Whisper transcript,False,3.259999990463257,3.369999885559082,3.259999990463257,3.369999885559082,True,True,,sample_0094.json
-s9qJ7ATP7w$_$7,text_mismatch,18,said,18,18,said,18,3.369999885559082,3.5799999237060547,3.369999885559082,3.5799999237060547,3.4,3.56,0.03000011444091788,mandatory_unique_exact_token_pair_in_all_optimal_LCS_alignments,mfa_primary_unique_word_overlap_auto_qc_pass,B_unique_word_overlap_in_mismatched_transcript,MFA 3.4.2 forced alignment of Whisper transcript,False,3.369999885559082,3.5799999237060547,3.369999885559082,3.5799999237060547,True,True,,sample_0094.json
-s9qJ7ATP7w$_$7,text_mismatch,19,to,19,19,to,19,3.5799999237060547,3.700000047683716,3.5799999237060547,3.700000047683716,3.56,3.68,0.02000004768371566,mandatory_unique_exact_token_pair_in_all_optimal_LCS_alignments,mfa_primary_unique_word_overlap_auto_qc_pass,B_unique_word_overlap_in_mismatched_transcript,MFA 3.4.2 forced alignment of Whisper transcript,False,3.5799999237060547,3.700000047683716,3.5799999237060547,3.700000047683716,True,True,,sample_0094.json
-s9qJ7ATP7w$_$7,text_mismatch,20,me,20,20,me,20,3.700000047683716,3.759999990463257,3.700000047683716,3.759999990463257,3.68,3.8,0.040000009536742986,mandatory_unique_exact_token_pair_in_all_optimal_LCS_alignments,mfa_primary_unique_word_overlap_auto_qc_pass,B_unique_word_overlap_in_mismatched_transcript,MFA 3.4.2 forced alignment of Whisper transcript,False,3.700000047683716,3.759999990463257,3.700000047683716,3.759999990463257,True,True,,sample_0094.json
-s9qJ7ATP7w$_$7,text_mismatch,21,one,21,21,one,21,3.759999990463257,3.9800000190734863,3.759999990463257,3.9800000190734863,3.8,3.94,0.04000001907348638,mandatory_unique_exact_token_pair_in_all_optimal_LCS_alignments,mfa_primary_unique_word_overlap_auto_qc_pass,B_unique_word_overlap_in_mismatched_transcript,MFA 3.4.2 forced alignment of Whisper transcript,False,3.759999990463257,3.9800000190734863,3.759999990463257,3.9800000190734863,True,True,,sample_0094.json
-s9qJ7ATP7w$_$7,text_mismatch,22,day,22,22,day,22,3.9800000190734863,4.340000152587891,3.9800000190734863,4.340000152587891,3.94,4.28,0.060000152587890376,mandatory_unique_exact_token_pair_in_all_optimal_LCS_alignments,mfa_primary_unique_word_overlap_auto_qc_pass,B_unique_word_overlap_in_mismatched_transcript,MFA 3.4.2 forced alignment of Whisper transcript,False,3.9800000190734863,4.340000152587891,3.9800000190734863,4.340000152587891,True,True,,sample_0094.json
-s9qJ7ATP7w$_$7,text_mismatch,23,Robert,23,23,robert,23,4.769999980926514,5.179999828338623,4.769999980926514,5.179999828338623,4.72,5.04,0.139999828338623,mandatory_unique_exact_token_pair_in_all_optimal_LCS_alignments,mfa_primary_unique_word_overlap_auto_qc_pass,B_unique_word_overlap_in_mismatched_transcript,MFA 3.4.2 forced alignment of Whisper transcript,False,4.769999980926514,5.179999828338623,4.769999980926514,5.179999828338623,True,True,,sample_0094.json
-s9qJ7ATP7w$_$7,text_mismatch,24,what's,24,24,what's,24,5.179999828338623,5.320000171661377,5.179999828338623,5.320000171661377,5.04,5.34,0.139999828338623,mandatory_unique_exact_token_pair_in_all_optimal_LCS_alignments,mfa_primary_unique_word_overlap_auto_qc_pass,B_unique_word_overlap_in_mismatched_transcript,MFA 3.4.2 forced alignment of Whisper transcript,False,5.179999828338623,5.320000171661377,5.179999828338623,5.320000171661377,True,True,,sample_0094.json
-s9qJ7ATP7w$_$7,text_mismatch,25,the,25,25,the,25,5.320000171661377,5.429999828338623,5.320000171661377,5.429999828338623,5.34,5.46,0.030000171661376918,mandatory_unique_exact_token_pair_in_all_optimal_LCS_alignments,mfa_primary_unique_word_overlap_auto_qc_pass,B_unique_word_overlap_in_mismatched_transcript,MFA 3.4.2 forced alignment of Whisper transcript,False,5.320000171661377,5.429999828338623,5.320000171661377,5.429999828338623,True,True,,sample_0094.json
-s9qJ7ATP7w$_$7,text_mismatch,26,purpose,26,26,purpose,26,5.429999828338623,5.829999923706055,5.429999828338623,5.829999923706055,5.46,5.68,0.14999992370605497,mandatory_unique_exact_token_pair_in_all_optimal_LCS_alignments,mfa_primary_unique_word_overlap_auto_qc_pass,B_unique_word_overlap_in_mismatched_transcript,MFA 3.4.2 forced alignment of Whisper transcript,False,5.429999828338623,5.829999923706055,5.429999828338623,5.829999923706055,True,True,,sample_0094.json
-s9qJ7ATP7w$_$7,text_mismatch,27,of,27,27,of,27,5.829999923706055,5.940000057220459,5.829999923706055,5.940000057220459,5.68,5.92,0.14999992370605497,mandatory_unique_exact_token_pair_in_all_optimal_LCS_alignments,mfa_primary_unique_word_overlap_auto_qc_pass,B_unique_word_overlap_in_mismatched_transcript,MFA 3.4.2 forced alignment of Whisper transcript,False,5.829999923706055,5.940000057220459,5.829999923706055,5.940000057220459,True,True,,sample_0094.json
-s9qJ7ATP7w$_$7,text_mismatch,28,business,28,28,business,28,5.940000057220459,6.340000152587891,5.940000057220459,6.340000152587891,5.92,6.24,0.10000015258789041,mandatory_unique_exact_token_pair_in_all_optimal_LCS_alignments,mfa_primary_unique_word_overlap_auto_qc_pass,B_unique_word_overlap_in_mismatched_transcript,MFA 3.4.2 forced alignment of Whisper transcript,False,5.940000057220459,6.340000152587891,5.940000057220459,6.340000152587891,True,True,,sample_0094.json
-s9qJ7ATP7w$_$6,text_mismatch,1,But,3,3,but,3,0.5400000214576721,0.7799999713897705,0.5400000214576721,0.7799999713897705,0.6,0.76,0.05999997854232786,mandatory_unique_exact_token_pair_in_all_optimal_LCS_alignments,mfa_primary_unique_word_overlap_auto_qc_pass,B_unique_word_overlap_in_mismatched_transcript,MFA 3.4.2 forced alignment of Whisper transcript,False,0.5400000214576721,0.7799999713897705,0.5400000214576721,0.7799999713897705,True,True,,sample_0095.json
-s9qJ7ATP7w$_$6,text_mismatch,2,I,4,4,i,4,0.9100000262260437,1.0299999713897705,0.9100000262260437,1.0299999713897705,0.76,1.02,0.1500000262260437,mandatory_unique_exact_token_pair_in_all_optimal_LCS_alignments,mfa_primary_unique_word_overlap_auto_qc_pass,B_unique_word_overlap_in_mismatched_transcript,MFA 3.4.2 forced alignment of Whisper transcript,False,0.9100000262260437,1.0299999713897705,0.9100000262260437,1.0299999713897705,True,True,,sample_0095.json
-s9qJ7ATP7w$_$6,text_mismatch,3,just,5,5,just,5,1.2799999713897705,1.4600000381469727,1.2799999713897705,1.4600000381469727,1.02,1.42,0.2599999713897705,mandatory_unique_exact_token_pair_in_all_optimal_LCS_alignments,mfa_primary_unique_word_overlap_auto_qc_pass,B_unique_word_overlap_in_mismatched_transcript,MFA 3.4.2 forced alignment of Whisper transcript,False,1.2799999713897705,1.4600000381469727,1.2799999713897705,1.4600000381469727,True,True,,sample_0095.json
-s9qJ7ATP7w$_$6,text_mismatch,4,kept,6,6,kept,6,1.4600000381469727,1.6200000047683716,1.4600000381469727,1.6200000047683716,1.42,1.58,0.04000003814697273,mandatory_unique_exact_token_pair_in_all_optimal_LCS_alignments,mfa_primary_unique_word_overlap_auto_qc_pass,B_unique_word_overlap_in_mismatched_transcript,MFA 3.4.2 forced alignment of Whisper transcript,False,1.4600000381469727,1.6200000047683716,1.4600000381469727,1.6200000047683716,True,True,,sample_0095.json
-s9qJ7ATP7w$_$6,text_mismatch,5,going,7,7,going,7,1.6200000047683716,1.9600000381469727,1.6200000047683716,1.9600000381469727,1.58,1.8,0.1600000381469726,mandatory_unique_exact_token_pair_in_all_optimal_LCS_alignments,mfa_primary_unique_word_overlap_auto_qc_pass,B_unique_word_overlap_in_mismatched_transcript,MFA 3.4.2 forced alignment of Whisper transcript,False,1.6200000047683716,1.9600000381469727,1.6200000047683716,1.9600000381469727,True,True,,sample_0095.json
-s9qJ7ATP7w$_$8,text_mismatch,1,And,2,2,and,2,0.5099999904632568,0.6200000047683716,0.5099999904632568,0.6200000047683716,0.26,0.6,0.24999999046325683,mandatory_unique_exact_token_pair_in_all_optimal_LCS_alignments,mfa_primary_unique_word_overlap_auto_qc_pass,B_unique_word_overlap_in_mismatched_transcript,MFA 3.4.2 forced alignment of Whisper transcript,False,0.5099999904632568,0.6200000047683716,0.5099999904632568,0.6200000047683716,True,True,,sample_0096.json
-s9qJ7ATP7w$_$8,text_mismatch,2,I,3,3,i,3,0.6200000047683716,0.6899999976158142,0.6200000047683716,0.6899999976158142,0.6,0.7,0.020000004768371604,mandatory_unique_exact_token_pair_in_all_optimal_LCS_alignments,mfa_primary_unique_word_overlap_auto_qc_pass,B_unique_word_overlap_in_mismatched_transcript,MFA 3.4.2 forced alignment of Whisper transcript,False,0.6200000047683716,0.6899999976158142,0.6200000047683716,0.6899999976158142,True,True,,sample_0096.json
-s9qJ7ATP7w$_$8,text_mismatch,3,said,4,4,said,4,0.6899999976158142,0.9100000262260437,0.6899999976158142,0.9100000262260437,0.7,0.88,0.030000026226043697,mandatory_unique_exact_token_pair_in_all_optimal_LCS_alignments,mfa_primary_unique_word_overlap_auto_qc_pass,B_unique_word_overlap_in_mismatched_transcript,MFA 3.4.2 forced alignment of Whisper transcript,False,0.6899999976158142,0.9100000262260437,0.6899999976158142,0.9100000262260437,True,True,,sample_0096.json
-s9qJ7ATP7w$_$8,text_mismatch,4,Oh,5,5,oh,5,0.9100000262260437,1.090000033378601,0.9100000262260437,1.090000033378601,0.88,1.06,0.03000003337860102,mandatory_unique_exact_token_pair_in_all_optimal_LCS_alignments,mfa_primary_unique_word_overlap_auto_qc_pass,B_unique_word_overlap_in_mismatched_transcript,MFA 3.4.2 forced alignment of Whisper transcript,False,0.9100000262260437,1.090000033378601,0.9100000262260437,1.090000033378601,True,True,,sample_0096.json
-s9qJ7ATP7w$_$8,text_mismatch,5,make,6,6,make,6,1.090000033378601,1.2999999523162842,1.090000033378601,1.2999999523162842,1.06,1.26,0.03999995231628417,mandatory_unique_exact_token_pair_in_all_optimal_LCS_alignments,mfa_primary_unique_word_overlap_auto_qc_pass,B_unique_word_overlap_in_mismatched_transcript,MFA 3.4.2 forced alignment of Whisper transcript,False,1.090000033378601,1.2999999523162842,1.090000033378601,1.2999999523162842,True,True,,sample_0096.json
-s9qJ7ATP7w$_$8,text_mismatch,6,a,7,7,a,7,1.2999999523162842,1.350000023841858,1.2999999523162842,1.350000023841858,1.26,1.4,0.049999976158142,mandatory_unique_exact_token_pair_in_all_optimal_LCS_alignments,mfa_primary_unique_word_overlap_auto_qc_pass,B_unique_word_overlap_in_mismatched_transcript,MFA 3.4.2 forced alignment of Whisper transcript,False,1.2999999523162842,1.350000023841858,1.2999999523162842,1.350000023841858,True,True,,sample_0096.json
-s9qJ7ATP7w$_$8,text_mismatch,7,profit,8,8,profit,8,1.350000023841858,1.8799999952316284,1.350000023841858,1.8799999952316284,1.4,1.8,0.07999999523162837,mandatory_unique_exact_token_pair_in_all_optimal_LCS_alignments,mfa_primary_unique_word_overlap_auto_qc_pass,B_unique_word_overlap_in_mismatched_transcript,MFA 3.4.2 forced alignment of Whisper transcript,False,1.350000023841858,1.8799999952316284,1.350000023841858,1.8799999952316284,True,True,,sample_0096.json
-s9qJ7ATP7w$_$8,text_mismatch,8,and,9,9,and,9,1.8799999952316284,1.9700000286102295,1.8799999952316284,1.9700000286102295,1.8,1.96,0.07999999523162837,mandatory_unique_exact_token_pair_in_all_optimal_LCS_alignments,mfa_primary_unique_word_overlap_auto_qc_pass,B_unique_word_overlap_in_mismatched_transcript,MFA 3.4.2 forced alignment of Whisper transcript,False,1.8799999952316284,1.9700000286102295,1.8799999952316284,1.9700000286102295,True,True,,sample_0096.json
-s9qJ7ATP7w$_$8,text_mismatch,9,all,10,10,all,10,1.9700000286102295,2.0399999618530273,1.9700000286102295,2.0399999618530273,1.96,2.04,0.010000028610229528,mandatory_unique_exact_token_pair_in_all_optimal_LCS_alignments,mfa_primary_unique_word_overlap_auto_qc_pass,B_unique_word_overlap_in_mismatched_transcript,MFA 3.4.2 forced alignment of Whisper transcript,False,1.9700000286102295,2.0399999618530273,1.9700000286102295,2.0399999618530273,True,True,,sample_0096.json
-s9qJ7ATP7w$_$8,text_mismatch,10,these,11,11,these,11,2.0399999618530273,2.190000057220459,2.0399999618530273,2.190000057220459,2.04,2.16,0.030000057220458842,mandatory_unique_exact_token_pair_in_all_optimal_LCS_alignments,mfa_primary_unique_word_overlap_auto_qc_pass,B_unique_word_overlap_in_mismatched_transcript,MFA 3.4.2 forced alignment of Whisper transcript,False,2.0399999618530273,2.190000057220459,2.0399999618530273,2.190000057220459,True,True,,sample_0096.json
-s9qJ7ATP7w$_$8,text_mismatch,11,other,12,12,other,12,2.190000057220459,2.380000114440918,2.190000057220459,2.380000114440918,2.16,2.36,0.030000057220458842,mandatory_unique_exact_token_pair_in_all_optimal_LCS_alignments,mfa_primary_unique_word_overlap_auto_qc_pass,B_unique_word_overlap_in_mismatched_transcript,MFA 3.4.2 forced alignment of Whisper transcript,False,2.190000057220459,2.380000114440918,2.190000057220459,2.380000114440918,True,True,,sample_0096.json
-s9qJ7ATP7w$_$8,text_mismatch,12,things,13,13,things,13,2.380000114440918,2.6700000762939453,2.380000114440918,2.6700000762939453,2.36,2.62,0.050000076293945206,mandatory_unique_exact_token_pair_in_all_optimal_LCS_alignments,mfa_primary_unique_word_overlap_auto_qc_pass,B_unique_word_overlap_in_mismatched_transcript,MFA 3.4.2 forced alignment of Whisper transcript,False,2.380000114440918,2.6700000762939453,2.380000114440918,2.6700000762939453,True,True,,sample_0096.json
-yRb-Jum7EQ$_$1,empty_asr,1,it,,,,,,,,,,,,mandatory_unique_exact_token_pair_in_all_optimal_LCS_alignments,asr_empty_no_timestamp,,,False,,,,,False,False,,
-yRb-Jum7EQ$_$1,empty_asr,2,comes,,,,,,,,,,,,mandatory_unique_exact_token_pair_in_all_optimal_LCS_alignments,asr_empty_no_timestamp,,,False,,,,,False,False,,
-yRb-Jum7EQ$_$1,empty_asr,3,with,,,,,,,,,,,,mandatory_unique_exact_token_pair_in_all_optimal_LCS_alignments,asr_empty_no_timestamp,,,False,,,,,False,False,,
-yRb-Jum7EQ$_$1,empty_asr,4,the,,,,,,,,,,,,mandatory_unique_exact_token_pair_in_all_optimal_LCS_alignments,asr_empty_no_timestamp,,,False,,,,,False,False,,
-yRb-Jum7EQ$_$1,empty_asr,5,assistance,,,,,,,,,,,,mandatory_unique_exact_token_pair_in_all_optimal_LCS_alignments,asr_empty_no_timestamp,,,False,,,,,False,False,,
-yRb-Jum7EQ$_$1,empty_asr,6,and,,,,,,,,,,,,mandatory_unique_exact_token_pair_in_all_optimal_LCS_alignments,asr_empty_no_timestamp,,,False,,,,,False,False,,
-yRb-Jum7EQ$_$1,empty_asr,7,agitation,,,,,,,,,,,,mandatory_unique_exact_token_pair_in_all_optimal_LCS_alignments,asr_empty_no_timestamp,,,False,,,,,False,False,,
-yRb-Jum7EQ$_$1,empty_asr,8,of,,,,,,,,,,,,mandatory_unique_exact_token_pair_in_all_optimal_LCS_alignments,asr_empty_no_timestamp,,,False,,,,,False,False,,
-yRb-Jum7EQ$_$1,empty_asr,9,states,,,,,,,,,,,,mandatory_unique_exact_token_pair_in_all_optimal_LCS_alignments,asr_empty_no_timestamp,,,False,,,,,False,False,,
-yRb-Jum7EQ$_$1,empty_asr,10,and,,,,,,,,,,,,mandatory_unique_exact_token_pair_in_all_optimal_LCS_alignments,asr_empty_no_timestamp,,,False,,,,,False,False,,
-yRb-Jum7EQ$_$1,empty_asr,11,regimes,,,,,,,,,,,,mandatory_unique_exact_token_pair_in_all_optimal_LCS_alignments,asr_empty_no_timestamp,,,False,,,,,False,False,,
-yRb-Jum7EQ$_$1,empty_asr,12,Yesterday,,,,,,,,,,,,mandatory_unique_exact_token_pair_in_all_optimal_LCS_alignments,asr_empty_no_timestamp,,,False,,,,,False,False,,
-yRb-Jum7EQ$_$1,empty_asr,13,Iran,,,,,,,,,,,,mandatory_unique_exact_token_pair_in_all_optimal_LCS_alignments,asr_empty_no_timestamp,,,False,,,,,False,False,,
-yRb-Jum7EQ$_$1,empty_asr,14,announced,,,,,,,,,,,,mandatory_unique_exact_token_pair_in_all_optimal_LCS_alignments,asr_empty_no_timestamp,,,False,,,,,False,False,,
-yRb-Jum7EQ$_$1,empty_asr,15,that,,,,,,,,,,,,mandatory_unique_exact_token_pair_in_all_optimal_LCS_alignments,asr_empty_no_timestamp,,,False,,,,,False,False,,
-yRb-Jum7EQ$_$1,empty_asr,16,it,,,,,,,,,,,,mandatory_unique_exact_token_pair_in_all_optimal_LCS_alignments,asr_empty_no_timestamp,,,False,,,,,False,False,,
-yRb-Jum7EQ$_$1,empty_asr,17,will,,,,,,,,,,,,mandatory_unique_exact_token_pair_in_all_optimal_LCS_alignments,asr_empty_no_timestamp,,,False,,,,,False,False,,
-yRb-Jum7EQ$_$1,empty_asr,18,finance,,,,,,,,,,,,mandatory_unique_exact_token_pair_in_all_optimal_LCS_alignments,asr_empty_no_timestamp,,,False,,,,,False,False,,
-yRb-Jum7EQ$_$1,empty_asr,19,the,,,,,,,,,,,,mandatory_unique_exact_token_pair_in_all_optimal_LCS_alignments,asr_empty_no_timestamp,,,False,,,,,False,False,,
-yRb-Jum7EQ$_$1,empty_asr,20,families,,,,,,,,,,,,mandatory_unique_exact_token_pair_in_all_optimal_LCS_alignments,asr_empty_no_timestamp,,,False,,,,,False,False,,
-yRb-Jum7EQ$_$1,empty_asr,21,of,,,,,,,,,,,,mandatory_unique_exact_token_pair_in_all_optimal_LCS_alignments,asr_empty_no_timestamp,,,False,,,,,False,False,,
-yRb-Jum7EQ$_$1,empty_asr,22,the,,,,,,,,,,,,mandatory_unique_exact_token_pair_in_all_optimal_LCS_alignments,asr_empty_no_timestamp,,,False,,,,,False,False,,
-yRb-Jum7EQ$_$1,empty_asr,23,terrorists,,,,,,,,,,,,mandatory_unique_exact_token_pair_in_all_optimal_LCS_alignments,asr_empty_no_timestamp,,,False,,,,,False,False,,
-yRb-Jum7EQ$_$1,empty_asr,24,and,,,,,,,,,,,,mandatory_unique_exact_token_pair_in_all_optimal_LCS_alignments,asr_empty_no_timestamp,,,False,,,,,False,False,,
-yRb-Jum7EQ$_$1,empty_asr,25,murderers,,,,,,,,,,,,mandatory_unique_exact_token_pair_in_all_optimal_LCS_alignments,asr_empty_no_timestamp,,,False,,,,,False,False,,
-yRb-Jum7EQ$_$1,empty_asr,26,this,,,,,,,,,,,,mandatory_unique_exact_token_pair_in_all_optimal_LCS_alignments,asr_empty_no_timestamp,,,False,,,,,False,False,,
-yRb-Jum7EQ$_$1,empty_asr,27,shows,,,,,,,,,,,,mandatory_unique_exact_token_pair_in_all_optimal_LCS_alignments,asr_empty_no_timestamp,,,False,,,,,False,False,,
-yRb-Jum7EQ$_$1,empty_asr,28,that,,,,,,,,,,,,mandatory_unique_exact_token_pair_in_all_optimal_LCS_alignments,asr_empty_no_timestamp,,,False,,,,,False,False,,
-yRb-Jum7EQ$_$1,empty_asr,29,Iran,,,,,,,,,,,,mandatory_unique_exact_token_pair_in_all_optimal_LCS_alignments,asr_empty_no_timestamp,,,False,,,,,False,False,,
-yRb-Jum7EQ$_$1,empty_asr,30,even,,,,,,,,,,,,mandatory_unique_exact_token_pair_in_all_optimal_LCS_alignments,asr_empty_no_timestamp,,,False,,,,,False,False,,
-yRb-Jum7EQ$_$1,empty_asr,31,after,,,,,,,,,,,,mandatory_unique_exact_token_pair_in_all_optimal_LCS_alignments,asr_empty_no_timestamp,,,False,,,,,False,False,,
-yRb-Jum7EQ$_$1,empty_asr,32,the,,,,,,,,,,,,mandatory_unique_exact_token_pair_in_all_optimal_LCS_alignments,asr_empty_no_timestamp,,,False,,,,,False,False,,
-yRb-Jum7EQ$_$1,empty_asr,33,nuclear,,,,,,,,,,,,mandatory_unique_exact_token_pair_in_all_optimal_LCS_alignments,asr_empty_no_timestamp,,,False,,,,,False,False,,
-yRb-Jum7EQ$_$1,empty_asr,34,agreement,,,,,,,,,,,,mandatory_unique_exact_token_pair_in_all_optimal_LCS_alignments,asr_empty_no_timestamp,,,False,,,,,False,False,,
-yRb-Jum7EQ$_$1,empty_asr,35,is,,,,,,,,,,,,mandatory_unique_exact_token_pair_in_all_optimal_LCS_alignments,asr_empty_no_timestamp,,,False,,,,,False,False,,
-yRb-Jum7EQ$_$1,empty_asr,36,continuing,,,,,,,,,,,,mandatory_unique_exact_token_pair_in_all_optimal_LCS_alignments,asr_empty_no_timestamp,,,False,,,,,False,False,,
-yRb-Jum7EQ$_$1,empty_asr,37,to,,,,,,,,,,,,mandatory_unique_exact_token_pair_in_all_optimal_LCS_alignments,asr_empty_no_timestamp,,,False,,,,,False,False,,
-yRb-Jum7EQ$_$1,empty_asr,38,aid,,,,,,,,,,,,mandatory_unique_exact_token_pair_in_all_optimal_LCS_alignments,asr_empty_no_timestamp,,,False,,,,,False,False,,
-yRb-Jum7EQ$_$1,empty_asr,39,terrorism,,,,,,,,,,,,mandatory_unique_exact_token_pair_in_all_optimal_LCS_alignments,asr_empty_no_timestamp,,,False,,,,,False,False,,
-yRb-Jum7EQ$_$1,empty_asr,40,including,,,,,,,,,,,,mandatory_unique_exact_token_pair_in_all_optimal_LCS_alignments,asr_empty_no_timestamp,,,False,,,,,False,False,,
-yRb-Jum7EQ$_$1,empty_asr,41,Palestinian,,,,,,,,,,,,mandatory_unique_exact_token_pair_in_all_optimal_LCS_alignments,asr_empty_no_timestamp,,,False,,,,,False,False,,
-yRb-Jum7EQ$_$1,empty_asr,42,terrorism,,,,,,,,,,,,mandatory_unique_exact_token_pair_in_all_optimal_LCS_alignments,asr_empty_no_timestamp,,,False,,,,,False,False,,
-yRb-Jum7EQ$_$1,empty_asr,43,Hezbollah,,,,,,,,,,,,mandatory_unique_exact_token_pair_in_all_optimal_LCS_alignments,asr_empty_no_timestamp,,,False,,,,,False,False,,
-yRb-Jum7EQ$_$1,empty_asr,44,terrorism,,,,,,,,,,,,mandatory_unique_exact_token_pair_in_all_optimal_LCS_alignments,asr_empty_no_timestamp,,,False,,,,,False,False,,
-yRb-Jum7EQ$_$1,empty_asr,45,and,,,,,,,,,,,,mandatory_unique_exact_token_pair_in_all_optimal_LCS_alignments,asr_empty_no_timestamp,,,False,,,,,False,False,,
-yRb-Jum7EQ$_$1,empty_asr,46,its,,,,,,,,,,,,mandatory_unique_exact_token_pair_in_all_optimal_LCS_alignments,asr_empty_no_timestamp,,,False,,,,,False,False,,
-yRb-Jum7EQ$_$1,empty_asr,47,assistance,,,,,,,,,,,,mandatory_unique_exact_token_pair_in_all_optimal_LCS_alignments,asr_empty_no_timestamp,,,False,,,,,False,False,,
-yRb-Jum7EQ$_$1,empty_asr,48,to,,,,,,,,,,,,mandatory_unique_exact_token_pair_in_all_optimal_LCS_alignments,asr_empty_no_timestamp,,,False,,,,,False,False,,
-yRb-Jum7EQ$_$1,empty_asr,49,Hamas,,,,,,,,,,,,mandatory_unique_exact_token_pair_in_all_optimal_LCS_alignments,asr_empty_no_timestamp,,,False,,,,,False,False,,
-yRb-Jum7EQ$_$5,text_mismatch,1,Yesterday,,,,,,,,,,,,mandatory_unique_exact_token_pair_in_all_optimal_LCS_alignments,official_word_unmatched_or_ambiguous_in_asr,,,False,,,,,False,False,,sample_0097.json
-yRb-Jum7EQ$_$5,text_mismatch,2,Eliav,,,,,,,,,,,,mandatory_unique_exact_token_pair_in_all_optimal_LCS_alignments,official_word_unmatched_or_ambiguous_in_asr,,,False,,,,,False,False,,sample_0097.json
-yRb-Jum7EQ$_$5,text_mismatch,3,Gelman,,,,,,,,,,,,mandatory_unique_exact_token_pair_in_all_optimal_LCS_alignments,official_word_unmatched_or_ambiguous_in_asr,,,False,,,,,False,False,,sample_0097.json
-yRb-Jum7EQ$_$5,text_mismatch,4,lost,,,,,,,,,,,,mandatory_unique_exact_token_pair_in_all_optimal_LCS_alignments,official_word_unmatched_or_ambiguous_in_asr,,,False,,,,,False,False,,sample_0097.json
-yRb-Jum7EQ$_$5,text_mismatch,5,his,,,,,,,,,,,,mandatory_unique_exact_token_pair_in_all_optimal_LCS_alignments,official_word_unmatched_or_ambiguous_in_asr,,,False,,,,,False,False,,sample_0097.json
-yRb-Jum7EQ$_$5,text_mismatch,6,life,,,,,,,,,,,,mandatory_unique_exact_token_pair_in_all_optimal_LCS_alignments,official_word_unmatched_or_ambiguous_in_asr,,,False,,,,,False,False,,sample_0097.json
-yRb-Jum7EQ$_$5,text_mismatch,7,in,11,11,in,11,1.309999942779541,1.75,1.309999942779541,1.75,1.36,3.08,1.33,mandatory_unique_exact_token_pair_in_all_optimal_LCS_alignments,mfa_whisper_discrepancy_over_0_5s_null_primary,B_unique_word_overlap_in_mismatched_transcript,MFA 3.4.2 forced alignment of Whisper transcript,True,,,,,False,True,mfa_whisper_edge_difference_over_0_5s,sample_0097.json
-yRb-Jum7EQ$_$5,text_mismatch,8,another,,,,,,,,,,,,mandatory_unique_exact_token_pair_in_all_optimal_LCS_alignments,official_word_unmatched_or_ambiguous_in_asr,,,False,,,,,False,False,,sample_0097.json
-yRb-Jum7EQ$_$5,text_mismatch,9,terrorist,,,,,,,,,,,,mandatory_unique_exact_token_pair_in_all_optimal_LCS_alignments,official_word_unmatched_or_ambiguous_in_asr,,,False,,,,,False,False,,sample_0097.json
-yRb-Jum7EQ$_$5,text_mismatch,10,attack,,,,,,,,,,,,mandatory_unique_exact_token_pair_in_all_optimal_LCS_alignments,official_word_unmatched_or_ambiguous_in_asr,,,False,,,,,False,False,,sample_0097.json
-yRb-Jum7EQ$_$5,text_mismatch,11,not,,,,,,,,,,,,mandatory_unique_exact_token_pair_in_all_optimal_LCS_alignments,official_word_unmatched_or_ambiguous_in_asr,,,False,,,,,False,False,,sample_0097.json
-yRb-Jum7EQ$_$5,text_mismatch,12,by,,,,,,,,,,,,mandatory_unique_exact_token_pair_in_all_optimal_LCS_alignments,official_word_unmatched_or_ambiguous_in_asr,,,False,,,,,False,False,,sample_0097.json
-yRb-Jum7EQ$_$5,text_mismatch,13,the,,,,,,,,,,,,mandatory_unique_exact_token_pair_in_all_optimal_LCS_alignments,official_word_unmatched_or_ambiguous_in_asr,,,False,,,,,False,False,,sample_0097.json
-yRb-Jum7EQ$_$5,text_mismatch,14,students,,,,,,,,,,,,mandatory_unique_exact_token_pair_in_all_optimal_LCS_alignments,official_word_unmatched_or_ambiguous_in_asr,,,False,,,,,False,False,,sample_0097.json
-yRb-Jum7EQ$_$5,text_mismatch,15,of,27,27,of,27,7.820000171661377,7.949999809265137,7.820000171661377,7.949999809265137,8.6,8.68,0.7799998283386227,mandatory_unique_exact_token_pair_in_all_optimal_LCS_alignments,mfa_whisper_discrepancy_over_0_5s_null_primary,B_unique_word_overlap_in_mismatched_transcript,MFA 3.4.2 forced alignment of Whisper transcript,True,,,,,False,True,mfa_whisper_edge_difference_over_0_5s,sample_0097.json
-yRb-Jum7EQ$_$5,text_mismatch,16,terrorism,,,,,,,,,,,,mandatory_unique_exact_token_pair_in_all_optimal_LCS_alignments,official_word_unmatched_or_ambiguous_in_asr,,,False,,,,,False,False,,sample_0097.json
-yRb-Jum7EQ$_$5,text_mismatch,17,but,,,,,,,,,,,,mandatory_unique_exact_token_pair_in_all_optimal_LCS_alignments,official_word_unmatched_or_ambiguous_in_asr,,,False,,,,,False,False,,sample_0097.json
-yRb-Jum7EQ$_$5,text_mismatch,18,by,,,,,,,,,,,,mandatory_unique_exact_token_pair_in_all_optimal_LCS_alignments,official_word_unmatched_or_ambiguous_in_asr,,,False,,,,,False,False,,sample_0097.json
-yRb-Jum7EQ$_$5,text_mismatch,19,those,,,,,,,,,,,,mandatory_unique_exact_token_pair_in_all_optimal_LCS_alignments,official_word_unmatched_or_ambiguous_in_asr,,,False,,,,,False,False,,sample_0097.json
-yRb-Jum7EQ$_$5,text_mismatch,20,who,,,,,,,,,,,,mandatory_unique_exact_token_pair_in_all_optimal_LCS_alignments,official_word_unmatched_or_ambiguous_in_asr,,,False,,,,,False,False,,sample_0097.json
-yRb-Jum7EQ$_$5,text_mismatch,21,teach,,,,,,,,,,,,mandatory_unique_exact_token_pair_in_all_optimal_LCS_alignments,official_word_unmatched_or_ambiguous_in_asr,,,False,,,,,False,False,,sample_0097.json
-yRb-Jum7EQ$_$5,text_mismatch,22,terrorism,,,,,,,,,,,,mandatory_unique_exact_token_pair_in_all_optimal_LCS_alignments,official_word_unmatched_or_ambiguous_in_asr,,,False,,,,,False,False,,sample_0097.json
-yRb-Jum7EQ$_$5,text_mismatch,23,a,,,,,,,,,,,,mandatory_unique_exact_token_pair_in_all_optimal_LCS_alignments,official_word_unmatched_or_ambiguous_in_asr,,,False,,,,,False,False,,sample_0097.json
-yRb-Jum7EQ$_$5,text_mismatch,24,Palestinian,,,,,,,,,,,,mandatory_unique_exact_token_pair_in_all_optimal_LCS_alignments,official_word_unmatched_or_ambiguous_in_asr,,,False,,,,,False,False,,sample_0097.json
-yRb-Jum7EQ$_$5,text_mismatch,25,teacher,,,,,,,,,,,,mandatory_unique_exact_token_pair_in_all_optimal_LCS_alignments,official_word_unmatched_or_ambiguous_in_asr,,,False,,,,,False,False,,sample_0097.json
-yRb-Jum7EQ$_$6,text_mismatch,1,Therefore,,,,,,,,,,,,mandatory_unique_exact_token_pair_in_all_optimal_LCS_alignments,mfa_alignment_output_missing,,,False,,,,,False,False,,
-yRb-Jum7EQ$_$6,text_mismatch,2,the,,,,,,,,,,,,mandatory_unique_exact_token_pair_in_all_optimal_LCS_alignments,mfa_alignment_output_missing,,,False,,,,,False,False,,
-yRb-Jum7EQ$_$6,text_mismatch,3,world,,,,,,,,,,,,mandatory_unique_exact_token_pair_in_all_optimal_LCS_alignments,mfa_alignment_output_missing,,,False,,,,,False,False,,
-yRb-Jum7EQ$_$6,text_mismatch,4,needs,,,,,,,,,,,,mandatory_unique_exact_token_pair_in_all_optimal_LCS_alignments,mfa_alignment_output_missing,,,False,,,,,False,False,,
-yRb-Jum7EQ$_$6,text_mismatch,5,to,5,,,,,,,,,,,mandatory_unique_exact_token_pair_in_all_optimal_LCS_alignments,mfa_alignment_output_missing,,,False,,,,,False,False,,
-yRb-Jum7EQ$_$6,text_mismatch,6,stand,,,,,,,,,,,,mandatory_unique_exact_token_pair_in_all_optimal_LCS_alignments,mfa_alignment_output_missing,,,False,,,,,False,False,,
-yRb-Jum7EQ$_$6,text_mismatch,7,with,,,,,,,,,,,,mandatory_unique_exact_token_pair_in_all_optimal_LCS_alignments,mfa_alignment_output_missing,,,False,,,,,False,False,,
-yRb-Jum7EQ$_$6,text_mismatch,8,Israel,14,,,,,,,,,,,mandatory_unique_exact_token_pair_in_all_optimal_LCS_alignments,mfa_alignment_output_missing,,,False,,,,,False,False,,
-yRb-Jum7EQ$_$6,text_mismatch,9,against,,,,,,,,,,,,mandatory_unique_exact_token_pair_in_all_optimal_LCS_alignments,mfa_alignment_output_missing,,,False,,,,,False,False,,
-yRb-Jum7EQ$_$6,text_mismatch,10,this,,,,,,,,,,,,mandatory_unique_exact_token_pair_in_all_optimal_LCS_alignments,mfa_alignment_output_missing,,,False,,,,,False,False,,
-yRb-Jum7EQ$_$6,text_mismatch,11,incitement,,,,,,,,,,,,mandatory_unique_exact_token_pair_in_all_optimal_LCS_alignments,mfa_alignment_output_missing,,,False,,,,,False,False,,
-yRb-Jum7EQ$_$6,text_mismatch,12,which,,,,,,,,,,,,mandatory_unique_exact_token_pair_in_all_optimal_LCS_alignments,mfa_alignment_output_missing,,,False,,,,,False,False,,
-yRb-Jum7EQ$_$6,text_mismatch,13,is,27,,,,,,,,,,,mandatory_unique_exact_token_pair_in_all_optimal_LCS_alignments,mfa_alignment_output_missing,,,False,,,,,False,False,,
-yRb-Jum7EQ$_$6,text_mismatch,14,the,,,,,,,,,,,,mandatory_unique_exact_token_pair_in_all_optimal_LCS_alignments,mfa_alignment_output_missing,,,False,,,,,False,False,,
-yRb-Jum7EQ$_$6,text_mismatch,15,number,,,,,,,,,,,,mandatory_unique_exact_token_pair_in_all_optimal_LCS_alignments,mfa_alignment_output_missing,,,False,,,,,False,False,,
-yRb-Jum7EQ$_$6,text_mismatch,16,one,,,,,,,,,,,,mandatory_unique_exact_token_pair_in_all_optimal_LCS_alignments,mfa_alignment_output_missing,,,False,,,,,False,False,,
-yRb-Jum7EQ$_$6,text_mismatch,17,cause,,,,,,,,,,,,mandatory_unique_exact_token_pair_in_all_optimal_LCS_alignments,mfa_alignment_output_missing,,,False,,,,,False,False,,
-yRb-Jum7EQ$_$6,text_mismatch,18,of,,,,,,,,,,,,mandatory_unique_exact_token_pair_in_all_optimal_LCS_alignments,mfa_alignment_output_missing,,,False,,,,,False,False,,
-yRb-Jum7EQ$_$6,text_mismatch,19,terrorism,,,,,,,,,,,,mandatory_unique_exact_token_pair_in_all_optimal_LCS_alignments,mfa_alignment_output_missing,,,False,,,,,False,False,,
