sample_id,official_word_index,official_word,whisper_token_index,whisper_word_index,whisper_word,start_time_wav_s,end_time_wav_s,start_time_source_s,end_time_source_s,word_probability,mapping_method,timestamp_source,timestamp_status,word_time_valid_mask,automatic_flags
-3g5yACwYnA$_$13,1,They've,,,,,,,,,mandatory_unique_pair_in_all_optimal_LCS,,official_word_unmatched_or_ambiguous,False,
-3g5yACwYnA$_$13,2,been,6,6,been,1.62,1.68,1.62,1.68,0.995320737361908,mandatory_unique_pair_in_all_optimal_LCS,Whisper small.en word timestamp estimate,partial_whisper_estimate_auto_qc_pass,True,
-3g5yACwYnA$_$13,3,able,7,7,able,1.68,1.88,1.68,1.88,0.999386191368103,mandatory_unique_pair_in_all_optimal_LCS,Whisper small.en word timestamp estimate,partial_whisper_estimate_auto_qc_pass,True,
-3g5yACwYnA$_$13,4,to,8,8,to,1.88,2.06,1.88,2.06,0.9981871247291565,mandatory_unique_pair_in_all_optimal_LCS,Whisper small.en word timestamp estimate,partial_whisper_estimate_auto_qc_pass,True,
-3g5yACwYnA$_$13,5,find,9,9,find,2.06,2.36,2.06,2.36,0.991510808467865,mandatory_unique_pair_in_all_optimal_LCS,Whisper small.en word timestamp estimate,partial_whisper_estimate_auto_qc_pass,True,
-3g5yACwYnA$_$13,6,solutions,10,10,solutions,2.36,2.78,2.36,2.78,0.9909831285476685,mandatory_unique_pair_in_all_optimal_LCS,Whisper small.en word timestamp estimate,partial_whisper_estimate_auto_qc_pass,True,
-3g5yACwYnA$_$13,7,or,11,11,or,2.78,3.14,2.78,3.14,0.8819648027420044,mandatory_unique_pair_in_all_optimal_LCS,Whisper small.en word timestamp estimate,partial_whisper_estimate_auto_qc_pass,True,
-3g5yACwYnA$_$13,8,at,12,12,at,3.14,3.24,3.14,3.24,0.990532636642456,mandatory_unique_pair_in_all_optimal_LCS,Whisper small.en word timestamp estimate,partial_whisper_estimate_auto_qc_pass,True,
-3g5yACwYnA$_$13,9,least,13,13,least,3.24,3.34,3.24,3.34,0.9952493906021118,mandatory_unique_pair_in_all_optimal_LCS,Whisper small.en word timestamp estimate,partial_whisper_estimate_auto_qc_pass,True,
-3g5yACwYnA$_$13,10,bring,14,14,bring,3.34,3.68,3.34,3.68,0.9788424372673035,mandatory_unique_pair_in_all_optimal_LCS,Whisper small.en word timestamp estimate,partial_whisper_estimate_auto_qc_pass,True,
-3g5yACwYnA$_$13,11,some,15,15,some,3.68,3.94,3.68,3.94,0.9827365875244141,mandatory_unique_pair_in_all_optimal_LCS,Whisper small.en word timestamp estimate,partial_whisper_estimate_auto_qc_pass,True,
-3g5yACwYnA$_$13,12,answers,16,16,answers,3.94,4.24,3.94,4.24,0.9956938028335571,mandatory_unique_pair_in_all_optimal_LCS,Whisper small.en word timestamp estimate,partial_whisper_estimate_auto_qc_pass,True,
-3g5yACwYnA$_$13,13,to,17,17,to,4.24,4.46,4.24,4.46,0.9983453750610352,mandatory_unique_pair_in_all_optimal_LCS,Whisper small.en word timestamp estimate,partial_whisper_estimate_auto_qc_pass,True,
-3g5yACwYnA$_$13,14,the,18,18,the,4.46,4.56,4.46,4.56,0.996638298034668,mandatory_unique_pair_in_all_optimal_LCS,Whisper small.en word timestamp estimate,partial_whisper_estimate_auto_qc_pass,True,
-3g5yACwYnA$_$13,15,table,19,19,table,4.56,4.82,4.56,4.82,0.99788898229599,mandatory_unique_pair_in_all_optimal_LCS,Whisper small.en word timestamp estimate,partial_whisper_estimate_auto_qc_pass,True,
-3g5yACwYnA$_$3,1,We're,1,1,We're,0.0,1.06,0.0,1.06,0.7139979004859924,mandatory_unique_pair_in_all_optimal_LCS,Whisper small.en word timestamp estimate,partial_whisper_estimate_auto_qc_pass,True,
-3g5yACwYnA$_$3,2,a,2,2,a,1.06,1.32,1.06,1.32,0.9906180500984192,mandatory_unique_pair_in_all_optimal_LCS,Whisper small.en word timestamp estimate,partial_whisper_estimate_auto_qc_pass,True,
-3g5yACwYnA$_$3,3,huge,3,3,huge,1.32,1.7,1.32,1.7,0.9983129501342773,mandatory_unique_pair_in_all_optimal_LCS,Whisper small.en word timestamp estimate,partial_whisper_estimate_auto_qc_pass,True,
-3g5yACwYnA$_$3,4,user,4,4,user,1.7,2.84,1.7,2.84,0.9808989763259888,mandatory_unique_pair_in_all_optimal_LCS,Whisper small.en word timestamp estimate,partial_whisper_estimate_auto_qc_pass,True,
-3g5yACwYnA$_$3,5,of,5,5,of,2.84,3.04,2.84,3.04,0.9947952628135681,mandatory_unique_pair_in_all_optimal_LCS,Whisper small.en word timestamp estimate,partial_whisper_estimate_auto_qc_pass,True,
-3g5yACwYnA$_$3,6,adhesives,6,6,adhesives,3.04,3.54,3.04,3.54,0.8776948054631551,mandatory_unique_pair_in_all_optimal_LCS,Whisper small.en word timestamp estimate,partial_whisper_estimate_auto_qc_pass,True,
-3g5yACwYnA$_$3,7,for,7,7,for,3.54,4.38,3.54,4.38,0.9803305268287659,mandatory_unique_pair_in_all_optimal_LCS,Whisper small.en word timestamp estimate,partial_whisper_estimate_auto_qc_pass,True,
-3g5yACwYnA$_$3,8,our,8,8,our,4.38,4.64,4.38,4.64,0.9925064444541931,mandatory_unique_pair_in_all_optimal_LCS,Whisper small.en word timestamp estimate,partial_whisper_estimate_auto_qc_pass,True,
-3g5yACwYnA$_$3,9,operation,9,9,operation,4.64,5.16,4.64,5.16,0.9917328357696533,mandatory_unique_pair_in_all_optimal_LCS,Whisper small.en word timestamp estimate,partial_whisper_estimate_auto_qc_pass,True,
-3g5yACwYnA$_$3,10,called,10,10,called,5.16,5.8,5.16,5.8,0.8860669732093811,mandatory_unique_pair_in_all_optimal_LCS,Whisper small.en word timestamp estimate,partial_whisper_estimate_auto_qc_pass,True,
-3g5yACwYnA$_$3,11,flocking,11,11,flocking,5.8,6.12,5.8,6.12,0.9220274686813354,mandatory_unique_pair_in_all_optimal_LCS,Whisper small.en word timestamp estimate,partial_whisper_estimate_auto_qc_pass,True,
-3g5yACwYnA$_$3,12,and,12,12,and,,,,,0.9867089986801147,mandatory_unique_pair_in_all_optimal_LCS,,whisper_time_flagged_null,False,nonpositive_duration
-3g5yACwYnA$_$3,13,we,13,13,we,6.76,7.12,6.76,7.12,0.9961199760437012,mandatory_unique_pair_in_all_optimal_LCS,Whisper small.en word timestamp estimate,partial_whisper_estimate_auto_qc_pass,True,
-3g5yACwYnA$_$3,14,don't,14,14,don't,7.12,7.22,7.12,7.22,0.9982568323612213,mandatory_unique_pair_in_all_optimal_LCS,Whisper small.en word timestamp estimate,partial_whisper_estimate_auto_qc_pass,True,
-3g5yACwYnA$_$3,15,have,15,15,have,7.22,7.36,7.22,7.36,0.9978431463241577,mandatory_unique_pair_in_all_optimal_LCS,Whisper small.en word timestamp estimate,partial_whisper_estimate_auto_qc_pass,True,
-3g5yACwYnA$_$3,16,the,16,16,the,7.36,7.48,7.36,7.48,0.9909272193908691,mandatory_unique_pair_in_all_optimal_LCS,Whisper small.en word timestamp estimate,partial_whisper_estimate_auto_qc_pass,True,
-3g5yACwYnA$_$3,17,technical,17,17,technical,7.48,7.86,7.48,7.86,0.9918262958526611,mandatory_unique_pair_in_all_optimal_LCS,Whisper small.en word timestamp estimate,partial_whisper_estimate_auto_qc_pass,True,
-3g5yACwYnA$_$3,18,inside,,,,,,,,,mandatory_unique_pair_in_all_optimal_LCS,,official_word_unmatched_or_ambiguous,False,
-3g5yACwYnA$_$3,19,compounding,21,21,compounding,8.92,9.92,8.92,9.92,0.9790051281452179,mandatory_unique_pair_in_all_optimal_LCS,Whisper small.en word timestamp estimate,partial_whisper_estimate_auto_qc_pass,True,
-3g5yACwYnA$_$3,20,or,22,22,or,9.92,10.26,9.92,10.26,0.7336360216140747,mandatory_unique_pair_in_all_optimal_LCS,Whisper small.en word timestamp estimate,partial_whisper_estimate_auto_qc_pass,True,
-3g5yACwYnA$_$3,21,the,23,23,the,10.26,10.4,10.26,10.4,0.9854888319969177,mandatory_unique_pair_in_all_optimal_LCS,Whisper small.en word timestamp estimate,partial_whisper_estimate_auto_qc_pass,True,
-3g5yACwYnA$_$3,22,technical,24,24,technical,10.4,10.76,10.4,10.76,0.994305431842804,mandatory_unique_pair_in_all_optimal_LCS,Whisper small.en word timestamp estimate,partial_whisper_estimate_auto_qc_pass,True,
-3g5yACwYnA$_$3,23,expertise,25,25,expertise,10.76,11.08,10.76,11.08,0.9915185570716858,mandatory_unique_pair_in_all_optimal_LCS,Whisper small.en word timestamp estimate,partial_whisper_estimate_auto_qc_pass,True,
-3g5yACwYnA$_$3,24,to,26,26,to,11.08,11.4,11.08,11.4,0.9790787696838379,mandatory_unique_pair_in_all_optimal_LCS,Whisper small.en word timestamp estimate,partial_whisper_estimate_auto_qc_pass,True,
-3g5yACwYnA$_$3,25,do,27,27,do,11.4,11.52,11.4,11.52,0.992275059223175,mandatory_unique_pair_in_all_optimal_LCS,Whisper small.en word timestamp estimate,partial_whisper_estimate_auto_qc_pass,True,
-3g5yACwYnA$_$3,26,these,28,28,these,11.52,11.72,11.52,11.72,0.9908506274223328,mandatory_unique_pair_in_all_optimal_LCS,Whisper small.en word timestamp estimate,partial_whisper_estimate_auto_qc_pass,True,
-3g5yACwYnA$_$3,27,types,29,29,types,11.72,11.9,11.72,11.9,0.9458610415458679,mandatory_unique_pair_in_all_optimal_LCS,Whisper small.en word timestamp estimate,partial_whisper_estimate_auto_qc_pass,True,
-3g5yACwYnA$_$3,28,of,30,30,of,11.9,12.06,11.9,12.06,0.9977680444717407,mandatory_unique_pair_in_all_optimal_LCS,Whisper small.en word timestamp estimate,partial_whisper_estimate_auto_qc_pass,True,
-3g5yACwYnA$_$3,29,things,31,31,things,12.06,12.36,12.06,12.36,0.9963802695274353,mandatory_unique_pair_in_all_optimal_LCS,Whisper small.en word timestamp estimate,partial_whisper_estimate_auto_qc_pass,True,
-3g5yACwYnA$_$2,1,Key,1,1,key,1.6599999999999984,2.459999999999999,1.6599999999999984,2.459999999999999,0.19106550514698029,exact_normalized_sequence,Whisper small.en word timestamp estimate,exact_text_whisper_estimate_auto_qc_pass,True,
-3g5yACwYnA$_$2,2,Polymer,2,2,polymer,2.459999999999999,3.26,2.459999999999999,3.26,0.18809305131435394,exact_normalized_sequence,Whisper small.en word timestamp estimate,exact_text_whisper_estimate_auto_qc_pass,True,
-3g5yACwYnA$_$2,3,brings,3,3,brings,3.26,3.54,3.26,3.54,0.7154129147529602,exact_normalized_sequence,Whisper small.en word timestamp estimate,exact_text_whisper_estimate_auto_qc_pass,True,
-3g5yACwYnA$_$2,4,a,4,4,a,3.54,3.72,3.54,3.72,0.8945802450180054,exact_normalized_sequence,Whisper small.en word timestamp estimate,exact_text_whisper_estimate_auto_qc_pass,True,
-3g5yACwYnA$_$2,5,technical,5,5,technical,3.72,4.02,3.72,4.02,0.9869495034217834,exact_normalized_sequence,Whisper small.en word timestamp estimate,exact_text_whisper_estimate_auto_qc_pass,True,
-3g5yACwYnA$_$2,6,aspect,6,6,aspect,4.02,4.58,4.02,4.58,0.9829707145690918,exact_normalized_sequence,Whisper small.en word timestamp estimate,exact_text_whisper_estimate_auto_qc_pass,True,
-3g5yACwYnA$_$2,7,to,7,7,to,4.58,4.98,4.58,4.98,0.9833980798721313,exact_normalized_sequence,Whisper small.en word timestamp estimate,exact_text_whisper_estimate_auto_qc_pass,True,
-3g5yACwYnA$_$2,8,our,8,8,our,4.98,5.92,4.98,5.92,0.9824422597885132,exact_normalized_sequence,Whisper small.en word timestamp estimate,exact_text_whisper_estimate_auto_qc_pass,True,
-3g5yACwYnA$_$2,9,operation,9,9,operation,5.92,6.34,5.92,6.34,0.9551601409912109,exact_normalized_sequence,Whisper small.en word timestamp estimate,exact_text_whisper_estimate_auto_qc_pass,True,
-3g5yACwYnA$_$2,10,that,10,10,that,6.34,6.62,6.34,6.62,0.9570742249488831,exact_normalized_sequence,Whisper small.en word timestamp estimate,exact_text_whisper_estimate_auto_qc_pass,True,
-3g5yACwYnA$_$2,11,we,11,11,we,6.62,6.78,6.62,6.78,0.9982439279556274,exact_normalized_sequence,Whisper small.en word timestamp estimate,exact_text_whisper_estimate_auto_qc_pass,True,
-3g5yACwYnA$_$2,12,don't,12,12,don't,6.78,6.98,6.78,6.98,0.9798181056976318,exact_normalized_sequence,Whisper small.en word timestamp estimate,exact_text_whisper_estimate_auto_qc_pass,True,
-3g5yACwYnA$_$2,13,have,13,13,have,6.98,7.18,6.98,7.18,0.9918209314346313,exact_normalized_sequence,Whisper small.en word timestamp estimate,exact_text_whisper_estimate_auto_qc_pass,True,
-3g5yACwYnA$_$2,14,internally,14,14,internally,7.18,7.64,7.18,7.64,0.9899916648864746,exact_normalized_sequence,Whisper small.en word timestamp estimate,exact_text_whisper_estimate_auto_qc_pass,True,
-3g5yACwYnA$_$9,1,We,2,2,we,0.58,0.92,0.58,0.92,0.992073655128479,mandatory_unique_pair_in_all_optimal_LCS,Whisper small.en word timestamp estimate,partial_whisper_estimate_auto_qc_pass,True,
-3g5yACwYnA$_$9,2,have,3,3,have,0.92,1.06,0.92,1.06,0.9968152642250061,mandatory_unique_pair_in_all_optimal_LCS,Whisper small.en word timestamp estimate,partial_whisper_estimate_auto_qc_pass,True,
-3g5yACwYnA$_$9,3,many,4,4,many,1.06,1.32,1.06,1.32,0.9846484661102295,mandatory_unique_pair_in_all_optimal_LCS,Whisper small.en word timestamp estimate,partial_whisper_estimate_auto_qc_pass,True,
-3g5yACwYnA$_$9,4,new,5,5,new,1.32,1.84,1.32,1.84,0.9687299132347107,mandatory_unique_pair_in_all_optimal_LCS,Whisper small.en word timestamp estimate,partial_whisper_estimate_auto_qc_pass,True,
-3g5yACwYnA$_$9,5,opportunities,6,6,opportunities,1.84,2.3,1.84,2.3,0.9929100871086121,mandatory_unique_pair_in_all_optimal_LCS,Whisper small.en word timestamp estimate,partial_whisper_estimate_auto_qc_pass,True,
-3g5yACwYnA$_$9,6,through,7,7,through,2.3,2.76,2.3,2.76,0.9045207500457764,mandatory_unique_pair_in_all_optimal_LCS,Whisper small.en word timestamp estimate,partial_whisper_estimate_auto_qc_pass,True,
-3g5yACwYnA$_$9,7,the,8,8,the,2.76,3.46,2.76,3.46,0.9763025045394897,mandatory_unique_pair_in_all_optimal_LCS,Whisper small.en word timestamp estimate,partial_whisper_estimate_auto_qc_pass,True,
-3g5yACwYnA$_$9,8,way,9,9,way,3.46,3.6,3.46,3.6,0.9750462770462036,mandatory_unique_pair_in_all_optimal_LCS,Whisper small.en word timestamp estimate,partial_whisper_estimate_auto_qc_pass,True,
-3g5yACwYnA$_$9,9,things,10,10,things,3.6,3.84,3.6,3.84,0.9923880100250244,mandatory_unique_pair_in_all_optimal_LCS,Whisper small.en word timestamp estimate,partial_whisper_estimate_auto_qc_pass,True,
-3g5yACwYnA$_$9,10,have,11,11,have,3.84,4.0,3.84,4.0,0.9900826811790466,mandatory_unique_pair_in_all_optimal_LCS,Whisper small.en word timestamp estimate,partial_whisper_estimate_auto_qc_pass,True,
-3g5yACwYnA$_$9,11,changed,12,12,changed,4.0,4.2,4.0,4.2,0.9919368028640747,mandatory_unique_pair_in_all_optimal_LCS,Whisper small.en word timestamp estimate,partial_whisper_estimate_auto_qc_pass,True,
-3g5yACwYnA$_$9,12,through,13,13,through,4.2,4.42,4.2,4.42,0.6275418400764465,mandatory_unique_pair_in_all_optimal_LCS,Whisper small.en word timestamp estimate,partial_whisper_estimate_auto_qc_pass,True,
-3g5yACwYnA$_$9,13,the,14,14,the,4.42,4.56,4.42,4.56,0.9966932535171509,mandatory_unique_pair_in_all_optimal_LCS,Whisper small.en word timestamp estimate,partial_whisper_estimate_auto_qc_pass,True,
-3g5yACwYnA$_$9,14,years,15,15,years,4.56,4.84,4.56,4.84,0.9946276545524597,mandatory_unique_pair_in_all_optimal_LCS,Whisper small.en word timestamp estimate,partial_whisper_estimate_auto_qc_pass,True,
-3g5yACwYnA$_$9,15,looking,16,16,looking,5.58,5.8,5.58,5.8,0.9197472333908081,mandatory_unique_pair_in_all_optimal_LCS,Whisper small.en word timestamp estimate,partial_whisper_estimate_auto_qc_pass,True,
-3g5yACwYnA$_$9,16,for,17,17,for,5.8,6.02,5.8,6.02,0.994914174079895,mandatory_unique_pair_in_all_optimal_LCS,Whisper small.en word timestamp estimate,partial_whisper_estimate_auto_qc_pass,True,
-3g5yACwYnA$_$9,17,new,18,18,new,6.02,6.18,6.02,6.18,0.9886981248855591,mandatory_unique_pair_in_all_optimal_LCS,Whisper small.en word timestamp estimate,partial_whisper_estimate_auto_qc_pass,True,
-3g5yACwYnA$_$9,18,niche,19,19,niche,6.18,6.46,6.18,6.46,0.9864843487739563,mandatory_unique_pair_in_all_optimal_LCS,Whisper small.en word timestamp estimate,partial_whisper_estimate_auto_qc_pass,True,
-3g5yACwYnA$_$9,19,high,20,20,high,6.74,6.82,6.74,6.82,0.9966727495193481,mandatory_unique_pair_in_all_optimal_LCS,Whisper small.en word timestamp estimate,partial_whisper_estimate_auto_qc_pass,True,
-3g5yACwYnA$_$9,20,end,21,21,end,6.82,7.0,6.82,7.0,0.9090807139873505,mandatory_unique_pair_in_all_optimal_LCS,Whisper small.en word timestamp estimate,partial_whisper_estimate_auto_qc_pass,True,
-3g5yACwYnA$_$9,21,value,22,22,value,7.0,7.34,7.0,7.34,0.9069240689277649,mandatory_unique_pair_in_all_optimal_LCS,Whisper small.en word timestamp estimate,partial_whisper_estimate_auto_qc_pass,True,
-3g5yACwYnA$_$9,22,added,23,23,added,7.34,7.52,7.34,7.52,0.9017904102802277,mandatory_unique_pair_in_all_optimal_LCS,Whisper small.en word timestamp estimate,partial_whisper_estimate_auto_qc_pass,True,
-3g5yACwYnA$_$9,23,products,24,24,products,7.52,7.98,7.52,7.98,0.996623158454895,mandatory_unique_pair_in_all_optimal_LCS,Whisper small.en word timestamp estimate,partial_whisper_estimate_auto_qc_pass,True,
-3nNcZdcdvU$_$5,1,Noncompliance,,,,,,,,,mandatory_unique_pair_in_all_optimal_LCS,,official_word_unmatched_or_ambiguous,False,
-3nNcZdcdvU$_$5,2,can,3,3,can,1.32,1.86,1.32,1.86,0.9964467883110046,mandatory_unique_pair_in_all_optimal_LCS,Whisper small.en word timestamp estimate,partial_whisper_estimate_auto_qc_pass,True,
-3nNcZdcdvU$_$5,3,result,4,4,result,1.86,2.4,1.86,2.4,0.4182482957839966,mandatory_unique_pair_in_all_optimal_LCS,Whisper small.en word timestamp estimate,partial_whisper_estimate_auto_qc_pass,True,
-3nNcZdcdvU$_$5,4,in,5,5,in,2.4,2.76,2.4,2.76,0.99603670835495,mandatory_unique_pair_in_all_optimal_LCS,Whisper small.en word timestamp estimate,partial_whisper_estimate_auto_qc_pass,True,
-3nNcZdcdvU$_$5,5,legal,6,6,legal,2.76,3.0,2.76,3.0,0.9920410513877869,mandatory_unique_pair_in_all_optimal_LCS,Whisper small.en word timestamp estimate,partial_whisper_estimate_auto_qc_pass,True,
-3nNcZdcdvU$_$5,6,liability,7,7,liability,3.0,3.58,3.0,3.58,0.998849630355835,mandatory_unique_pair_in_all_optimal_LCS,Whisper small.en word timestamp estimate,partial_whisper_estimate_auto_qc_pass,True,
-3nNcZdcdvU$_$5,7,to,8,8,to,3.58,4.16,3.58,4.16,0.9965576529502869,mandatory_unique_pair_in_all_optimal_LCS,Whisper small.en word timestamp estimate,partial_whisper_estimate_auto_qc_pass,True,
-3nNcZdcdvU$_$5,8,you,9,9,you,4.16,4.54,4.16,4.54,0.9971808195114136,mandatory_unique_pair_in_all_optimal_LCS,Whisper small.en word timestamp estimate,partial_whisper_estimate_auto_qc_pass,True,
-3nNcZdcdvU$_$5,9,and,10,10,and,4.54,5.14,4.54,5.14,0.9168689250946045,mandatory_unique_pair_in_all_optimal_LCS,Whisper small.en word timestamp estimate,partial_whisper_estimate_auto_qc_pass,True,
-3nNcZdcdvU$_$5,10,to,11,11,to,5.14,5.38,5.14,5.38,0.9649480581283569,mandatory_unique_pair_in_all_optimal_LCS,Whisper small.en word timestamp estimate,partial_whisper_estimate_auto_qc_pass,True,
-3nNcZdcdvU$_$5,11,the,12,12,the,5.38,5.52,5.38,5.52,0.9926732182502747,mandatory_unique_pair_in_all_optimal_LCS,Whisper small.en word timestamp estimate,partial_whisper_estimate_auto_qc_pass,True,
-3nNcZdcdvU$_$5,12,school,13,13,school,5.52,5.72,5.52,5.72,0.9646692872047424,mandatory_unique_pair_in_all_optimal_LCS,Whisper small.en word timestamp estimate,partial_whisper_estimate_auto_qc_pass,True,
-3nNcZdcdvU$_$5,13,district,14,14,district,5.72,6.06,5.72,6.06,0.9975152015686035,mandatory_unique_pair_in_all_optimal_LCS,Whisper small.en word timestamp estimate,partial_whisper_estimate_auto_qc_pass,True,
-3nNcZdcdvU$_$5,14,in,15,15,in,6.06,6.28,6.06,6.28,0.9882602691650391,mandatory_unique_pair_in_all_optimal_LCS,Whisper small.en word timestamp estimate,partial_whisper_estimate_auto_qc_pass,True,
-3nNcZdcdvU$_$5,15,which,16,16,which,6.28,6.4,6.28,6.4,0.997564435005188,mandatory_unique_pair_in_all_optimal_LCS,Whisper small.en word timestamp estimate,partial_whisper_estimate_auto_qc_pass,True,
-3nNcZdcdvU$_$5,16,you,17,17,you,6.4,6.62,6.4,6.62,0.9905856251716614,mandatory_unique_pair_in_all_optimal_LCS,Whisper small.en word timestamp estimate,partial_whisper_estimate_auto_qc_pass,True,
-3nNcZdcdvU$_$5,17,are,18,18,are,6.62,6.74,6.62,6.74,0.9761975407600403,mandatory_unique_pair_in_all_optimal_LCS,Whisper small.en word timestamp estimate,partial_whisper_estimate_auto_qc_pass,True,
-3nNcZdcdvU$_$5,18,employed,19,19,employed,6.74,7.12,6.74,7.12,0.9946159720420837,mandatory_unique_pair_in_all_optimal_LCS,Whisper small.en word timestamp estimate,partial_whisper_estimate_auto_qc_pass,True,
-HwX2H8Z4hY$_$2,1,President,,,,,,,,,mandatory_unique_pair_in_all_optimal_LCS,,official_word_unmatched_or_ambiguous,False,
-HwX2H8Z4hY$_$2,2,Ronald,,,,,,,,,mandatory_unique_pair_in_all_optimal_LCS,,official_word_unmatched_or_ambiguous,False,
-HwX2H8Z4hY$_$2,3,Reagan,,,,,,,,,mandatory_unique_pair_in_all_optimal_LCS,,official_word_unmatched_or_ambiguous,False,
-HwX2H8Z4hY$_$2,4,Look,2,2,Look,2.28,2.82,2.28,2.82,0.9563334584236145,mandatory_unique_pair_in_all_optimal_LCS,Whisper small.en word timestamp estimate,partial_whisper_estimate_auto_qc_pass,True,
-HwX2H8Z4hY$_$2,5,at,3,3,at,2.82,2.92,2.82,2.92,0.9965698719024658,mandatory_unique_pair_in_all_optimal_LCS,Whisper small.en word timestamp estimate,partial_whisper_estimate_auto_qc_pass,True,
-HwX2H8Z4hY$_$2,6,the,4,4,the,2.92,3.04,2.92,3.04,0.9965872764587402,mandatory_unique_pair_in_all_optimal_LCS,Whisper small.en word timestamp estimate,partial_whisper_estimate_auto_qc_pass,True,
-HwX2H8Z4hY$_$2,7,record,5,5,record,3.04,3.3,3.04,3.3,0.9943323135375977,mandatory_unique_pair_in_all_optimal_LCS,Whisper small.en word timestamp estimate,partial_whisper_estimate_auto_qc_pass,True,
-HwX2H8Z4hY$_$5,1,President,1,1,President,0.0,1.16,0.0,1.16,0.7362056374549866,exact_normalized_sequence,Whisper small.en word timestamp estimate,exact_text_whisper_estimate_auto_qc_pass,True,
-HwX2H8Z4hY$_$5,2,Ronald,2,2,Ronald,1.16,1.56,1.16,1.56,0.9956395626068115,exact_normalized_sequence,Whisper small.en word timestamp estimate,exact_text_whisper_estimate_auto_qc_pass,True,
-HwX2H8Z4hY$_$5,3,Reagan,3,3,Reagan,1.56,2.0,1.56,2.0,0.9823776483535767,exact_normalized_sequence,Whisper small.en word timestamp estimate,exact_text_whisper_estimate_auto_qc_pass,True,
-HwX2H8Z4hY$_$5,4,blamed,4,4,blamed,2.0,2.44,2.0,2.44,0.9517512321472168,exact_normalized_sequence,Whisper small.en word timestamp estimate,exact_text_whisper_estimate_auto_qc_pass,True,
-HwX2H8Z4hY$_$5,5,the,5,5,the,2.44,2.74,2.44,2.74,0.9858522415161133,exact_normalized_sequence,Whisper small.en word timestamp estimate,exact_text_whisper_estimate_auto_qc_pass,True,
-HwX2H8Z4hY$_$5,6,professional,6,6,professional,2.74,3.34,2.74,3.34,0.9157648086547852,exact_normalized_sequence,Whisper small.en word timestamp estimate,exact_text_whisper_estimate_auto_qc_pass,True,
-HwX2H8Z4hY$_$5,7,bureaucracy,7,7,bureaucracy,3.34,3.92,3.34,3.92,0.9981029033660889,exact_normalized_sequence,Whisper small.en word timestamp estimate,exact_text_whisper_estimate_auto_qc_pass,True,
-HwX2H8Z4hY$_$5,8,of,8,8,of,3.92,4.38,3.92,4.38,0.99673992395401,exact_normalized_sequence,Whisper small.en word timestamp estimate,exact_text_whisper_estimate_auto_qc_pass,True,
-HwX2H8Z4hY$_$5,9,education,9,9,education,4.38,4.94,4.38,4.94,0.9855257868766785,exact_normalized_sequence,Whisper small.en word timestamp estimate,exact_text_whisper_estimate_auto_qc_pass,True,
-HwX2H8Z4hY$_$6,1,And,1,1,And,0.0,0.64,0.0,0.64,0.5303552746772766,mandatory_unique_pair_in_all_optimal_LCS,Whisper small.en word timestamp estimate,partial_whisper_estimate_auto_qc_pass,True,
-HwX2H8Z4hY$_$6,2,in,2,2,in,0.64,0.76,0.64,0.76,0.8369653820991516,mandatory_unique_pair_in_all_optimal_LCS,Whisper small.en word timestamp estimate,partial_whisper_estimate_auto_qc_pass,True,
-HwX2H8Z4hY$_$6,3,part,3,3,part,0.76,1.12,0.76,1.12,0.9927663803100586,mandatory_unique_pair_in_all_optimal_LCS,Whisper small.en word timestamp estimate,partial_whisper_estimate_auto_qc_pass,True,
-HwX2H8Z4hY$_$6,4,Al,4,4,Al,1.58,1.62,1.58,1.62,0.988366425037384,mandatory_unique_pair_in_all_optimal_LCS,Whisper small.en word timestamp estimate,partial_whisper_estimate_auto_qc_pass,True,
-HwX2H8Z4hY$_$6,5,Shanker,,,,,,,,,mandatory_unique_pair_in_all_optimal_LCS,,official_word_unmatched_or_ambiguous,False,
-HwX2H8Z4hY$_$6,6,did,6,6,did,2.1,2.4,2.1,2.4,0.9866939783096313,mandatory_unique_pair_in_all_optimal_LCS,Whisper small.en word timestamp estimate,partial_whisper_estimate_auto_qc_pass,True,
-HwX2H8Z4hY$_$6,7,too,7,7,too,2.4,2.74,2.4,2.74,0.8183441162109375,mandatory_unique_pair_in_all_optimal_LCS,Whisper small.en word timestamp estimate,partial_whisper_estimate_auto_qc_pass,True,
-HwX2H8Z4hY$_$9,1,It,1,1,It,0.0,0.62,0.0,0.62,0.5422265529632568,mandatory_unique_pair_in_all_optimal_LCS,Whisper small.en word timestamp estimate,partial_whisper_estimate_auto_qc_pass,True,
-HwX2H8Z4hY$_$9,2,is,2,2,is,0.62,0.74,0.62,0.74,0.98908931016922,mandatory_unique_pair_in_all_optimal_LCS,Whisper small.en word timestamp estimate,partial_whisper_estimate_auto_qc_pass,True,
-HwX2H8Z4hY$_$9,3,a,3,3,a,0.74,0.88,0.74,0.88,0.8854701519012451,mandatory_unique_pair_in_all_optimal_LCS,Whisper small.en word timestamp estimate,partial_whisper_estimate_auto_qc_pass,True,
-HwX2H8Z4hY$_$9,4,word,4,4,word,0.88,1.14,0.88,1.14,0.9882196187973022,mandatory_unique_pair_in_all_optimal_LCS,Whisper small.en word timestamp estimate,partial_whisper_estimate_auto_qc_pass,True,
-HwX2H8Z4hY$_$9,5,which,6,6,which,1.38,1.58,1.38,1.58,0.9678369760513306,mandatory_unique_pair_in_all_optimal_LCS,Whisper small.en word timestamp estimate,partial_whisper_estimate_auto_qc_pass,True,
-HwX2H8Z4hY$_$9,6,the,7,7,the,1.58,1.76,1.58,1.76,0.9844915270805359,mandatory_unique_pair_in_all_optimal_LCS,Whisper small.en word timestamp estimate,partial_whisper_estimate_auto_qc_pass,True,
-HwX2H8Z4hY$_$9,7,administrator,8,8,administrator,1.76,2.3,1.76,2.3,0.9731279611587524,mandatory_unique_pair_in_all_optimal_LCS,Whisper small.en word timestamp estimate,partial_whisper_estimate_auto_qc_pass,True,
-HwX2H8Z4hY$_$9,8,uses,9,9,uses,2.3,2.78,2.3,2.78,0.6432522535324097,mandatory_unique_pair_in_all_optimal_LCS,Whisper small.en word timestamp estimate,partial_whisper_estimate_auto_qc_pass,True,
-HwX2H8Z4hY$_$9,9,when,10,10,when,,,,,0.5357121229171753,mandatory_unique_pair_in_all_optimal_LCS,,whisper_time_flagged_null,False,very_long_duration_review
-HwX2H8Z4hY$_$9,10,he,11,11,he,4.42,4.54,4.42,4.54,0.9848886728286743,mandatory_unique_pair_in_all_optimal_LCS,Whisper small.en word timestamp estimate,partial_whisper_estimate_auto_qc_pass,True,
-HwX2H8Z4hY$_$9,11,turns,12,12,turns,4.54,4.72,4.54,4.72,0.9723146557807922,mandatory_unique_pair_in_all_optimal_LCS,Whisper small.en word timestamp estimate,partial_whisper_estimate_auto_qc_pass,True,
-HwX2H8Z4hY$_$9,12,around,13,13,around,4.72,5.06,4.72,5.06,0.9288570880889893,mandatory_unique_pair_in_all_optimal_LCS,Whisper small.en word timestamp estimate,partial_whisper_estimate_auto_qc_pass,True,
-HwX2H8Z4hY$_$9,13,anything,14,14,anything,5.06,5.38,5.06,5.38,0.7024426460266113,mandatory_unique_pair_in_all_optimal_LCS,Whisper small.en word timestamp estimate,partial_whisper_estimate_auto_qc_pass,True,
-HwX2H8Z4hY$_$9,14,which,15,15,which,5.38,5.6,5.38,5.6,0.7253822088241577,mandatory_unique_pair_in_all_optimal_LCS,Whisper small.en word timestamp estimate,partial_whisper_estimate_auto_qc_pass,True,
-HwX2H8Z4hY$_$9,15,he,16,16,he,5.6,5.76,5.6,5.76,0.9816341996192932,mandatory_unique_pair_in_all_optimal_LCS,Whisper small.en word timestamp estimate,partial_whisper_estimate_auto_qc_pass,True,
-HwX2H8Z4hY$_$9,16,doesn't,17,17,doesn't,5.76,6.02,5.76,6.02,0.9932103455066681,mandatory_unique_pair_in_all_optimal_LCS,Whisper small.en word timestamp estimate,partial_whisper_estimate_auto_qc_pass,True,
-HwX2H8Z4hY$_$9,17,like,18,18,like,6.02,6.18,6.02,6.18,0.9942666888237,mandatory_unique_pair_in_all_optimal_LCS,Whisper small.en word timestamp estimate,partial_whisper_estimate_auto_qc_pass,True,
-HwX2H8Z4hY$_$9,18,that,,,,,,,,,mandatory_unique_pair_in_all_optimal_LCS,,official_word_unmatched_or_ambiguous,False,
-HwX2H8Z4hY$_$9,19,the,19,19,the,6.18,6.38,6.18,6.38,0.5216295719146729,mandatory_unique_pair_in_all_optimal_LCS,Whisper small.en word timestamp estimate,partial_whisper_estimate_auto_qc_pass,True,
-HwX2H8Z4hY$_$9,20,teacher,20,20,teacher,6.38,6.7,6.38,6.7,0.8433690071105957,mandatory_unique_pair_in_all_optimal_LCS,Whisper small.en word timestamp estimate,partial_whisper_estimate_auto_qc_pass,True,
-HwX2H8Z4hY$_$9,21,is,21,21,is,6.7,6.88,6.7,6.88,0.7576192617416382,mandatory_unique_pair_in_all_optimal_LCS,Whisper small.en word timestamp estimate,partial_whisper_estimate_auto_qc_pass,True,
-HwX2H8Z4hY$_$9,22,doing,22,22,doing,6.88,7.06,6.88,7.06,0.9334284663200378,mandatory_unique_pair_in_all_optimal_LCS,Whisper small.en word timestamp estimate,partial_whisper_estimate_auto_qc_pass,True,
-NFrJFQijFE$_$1,1,Structural,,,,,,,,,mandatory_unique_pair_in_all_optimal_LCS,,asr_empty_no_original_time,False,
-NFrJFQijFE$_$1,2,mounts,,,,,,,,,mandatory_unique_pair_in_all_optimal_LCS,,asr_empty_no_original_time,False,
-NFrJFQijFE$_$1,3,inside,,,,,,,,,mandatory_unique_pair_in_all_optimal_LCS,,asr_empty_no_original_time,False,
-NFrJFQijFE$_$1,4,have,,,,,,,,,mandatory_unique_pair_in_all_optimal_LCS,,asr_empty_no_original_time,False,
-NFrJFQijFE$_$1,5,to,,,,,,,,,mandatory_unique_pair_in_all_optimal_LCS,,asr_empty_no_original_time,False,
-NFrJFQijFE$_$1,6,be,,,,,,,,,mandatory_unique_pair_in_all_optimal_LCS,,asr_empty_no_original_time,False,
-NFrJFQijFE$_$1,7,properly,,,,,,,,,mandatory_unique_pair_in_all_optimal_LCS,,asr_empty_no_original_time,False,
-NFrJFQijFE$_$1,8,stress,,,,,,,,,mandatory_unique_pair_in_all_optimal_LCS,,asr_empty_no_original_time,False,
-NFrJFQijFE$_$1,9,analyzed,,,,,,,,,mandatory_unique_pair_in_all_optimal_LCS,,asr_empty_no_original_time,False,
-NFrJFQijFE$_$1,10,so,,,,,,,,,mandatory_unique_pair_in_all_optimal_LCS,,asr_empty_no_original_time,False,
-NFrJFQijFE$_$1,11,we,,,,,,,,,mandatory_unique_pair_in_all_optimal_LCS,,asr_empty_no_original_time,False,
-NFrJFQijFE$_$1,12,make,,,,,,,,,mandatory_unique_pair_in_all_optimal_LCS,,asr_empty_no_original_time,False,
-NFrJFQijFE$_$1,13,sure,,,,,,,,,mandatory_unique_pair_in_all_optimal_LCS,,asr_empty_no_original_time,False,
-NFrJFQijFE$_$1,14,all,,,,,,,,,mandatory_unique_pair_in_all_optimal_LCS,,asr_empty_no_original_time,False,
-NFrJFQijFE$_$1,15,that,,,,,,,,,mandatory_unique_pair_in_all_optimal_LCS,,asr_empty_no_original_time,False,
-NFrJFQijFE$_$1,16,happens,,,,,,,,,mandatory_unique_pair_in_all_optimal_LCS,,asr_empty_no_original_time,False,
-NFrJFQijFE$_$2,1,So,,,,,,,,,mandatory_unique_pair_in_all_optimal_LCS,,official_word_unmatched_or_ambiguous,False,
-NFrJFQijFE$_$2,2,we,,,,,,,,,mandatory_unique_pair_in_all_optimal_LCS,,official_word_unmatched_or_ambiguous,False,
-NFrJFQijFE$_$2,3,coordinate,,,,,,,,,mandatory_unique_pair_in_all_optimal_LCS,,official_word_unmatched_or_ambiguous,False,
-NFrJFQijFE$_$2,4,with,,,,,,,,,mandatory_unique_pair_in_all_optimal_LCS,,official_word_unmatched_or_ambiguous,False,
-NFrJFQijFE$_$2,5,all,,,,,,,,,mandatory_unique_pair_in_all_optimal_LCS,,official_word_unmatched_or_ambiguous,False,
-NFrJFQijFE$_$2,6,the,,,,,,,,,mandatory_unique_pair_in_all_optimal_LCS,,official_word_unmatched_or_ambiguous,False,
-NFrJFQijFE$_$2,7,proper,,,,,,,,,mandatory_unique_pair_in_all_optimal_LCS,,official_word_unmatched_or_ambiguous,False,
-NFrJFQijFE$_$2,8,technical,,,,,,,,,mandatory_unique_pair_in_all_optimal_LCS,,official_word_unmatched_or_ambiguous,False,
-NFrJFQijFE$_$2,9,fields,,,,,,,,,mandatory_unique_pair_in_all_optimal_LCS,,official_word_unmatched_or_ambiguous,False,
-NFrJFQijFE$_$2,10,to,,,,,,,,,mandatory_unique_pair_in_all_optimal_LCS,,official_word_unmatched_or_ambiguous,False,
-NFrJFQijFE$_$2,11,get,,,,,,,,,mandatory_unique_pair_in_all_optimal_LCS,,official_word_unmatched_or_ambiguous,False,
-NFrJFQijFE$_$2,12,ready,,,,,,,,,mandatory_unique_pair_in_all_optimal_LCS,,official_word_unmatched_or_ambiguous,False,
-NFrJFQijFE$_$2,13,for,,,,,,,,,mandatory_unique_pair_in_all_optimal_LCS,,official_word_unmatched_or_ambiguous,False,
-NFrJFQijFE$_$2,14,the,,,,,,,,,mandatory_unique_pair_in_all_optimal_LCS,,official_word_unmatched_or_ambiguous,False,
-NFrJFQijFE$_$2,15,instrument,,,,,,,,,mandatory_unique_pair_in_all_optimal_LCS,,official_word_unmatched_or_ambiguous,False,
-NFrJFQijFE$_$2,16,to,,,,,,,,,mandatory_unique_pair_in_all_optimal_LCS,,official_word_unmatched_or_ambiguous,False,
-NFrJFQijFE$_$2,17,arrive,,,,,,,,,mandatory_unique_pair_in_all_optimal_LCS,,official_word_unmatched_or_ambiguous,False,
-NFrJFQijFE$_$2,18,here,,,,,,,,,mandatory_unique_pair_in_all_optimal_LCS,,official_word_unmatched_or_ambiguous,False,
-THoVjtIkeU$_$12,1,What,,,,,,,,,mandatory_unique_pair_in_all_optimal_LCS,,official_word_unmatched_or_ambiguous,False,
-THoVjtIkeU$_$12,2,ever,,,,,,,,,mandatory_unique_pair_in_all_optimal_LCS,,official_word_unmatched_or_ambiguous,False,
-THoVjtIkeU$_$12,3,we,2,2,we,1.76,2.08,1.76,2.08,0.997599184513092,mandatory_unique_pair_in_all_optimal_LCS,Whisper small.en word timestamp estimate,partial_whisper_estimate_auto_qc_pass,True,
-THoVjtIkeU$_$12,4,turn,3,3,turn,2.08,2.28,2.08,2.28,0.9957243204116821,mandatory_unique_pair_in_all_optimal_LCS,Whisper small.en word timestamp estimate,partial_whisper_estimate_auto_qc_pass,True,
-THoVjtIkeU$_$12,5,our,4,4,our,2.28,2.44,2.28,2.44,0.9920503497123718,mandatory_unique_pair_in_all_optimal_LCS,Whisper small.en word timestamp estimate,partial_whisper_estimate_auto_qc_pass,True,
-THoVjtIkeU$_$12,6,attention,5,5,attention,2.44,2.7,2.44,2.7,0.9995285272598267,mandatory_unique_pair_in_all_optimal_LCS,Whisper small.en word timestamp estimate,partial_whisper_estimate_auto_qc_pass,True,
-THoVjtIkeU$_$12,7,to,6,6,to,2.7,3.1,2.7,3.1,0.997674286365509,mandatory_unique_pair_in_all_optimal_LCS,Whisper small.en word timestamp estimate,partial_whisper_estimate_auto_qc_pass,True,
-THoVjtIkeU$_$12,8,is,7,7,is,3.1,3.3,3.1,3.3,0.9368126392364502,mandatory_unique_pair_in_all_optimal_LCS,Whisper small.en word timestamp estimate,partial_whisper_estimate_auto_qc_pass,True,
-THoVjtIkeU$_$12,9,what,8,8,what,3.3,3.46,3.3,3.46,0.9988125562667847,mandatory_unique_pair_in_all_optimal_LCS,Whisper small.en word timestamp estimate,partial_whisper_estimate_auto_qc_pass,True,
-THoVjtIkeU$_$12,10,grows,9,9,grows,3.46,3.74,3.46,3.74,0.9951431751251221,mandatory_unique_pair_in_all_optimal_LCS,Whisper small.en word timestamp estimate,partial_whisper_estimate_auto_qc_pass,True,
-THoVjtIkeU$_$12,11,and,10,10,And,,,,,0.7815946340560913,mandatory_unique_pair_in_all_optimal_LCS,,whisper_time_flagged_null,False,nonpositive_duration
-THoVjtIkeU$_$12,12,so,11,11,so,4.44,4.66,4.44,4.66,0.9843706488609314,mandatory_unique_pair_in_all_optimal_LCS,Whisper small.en word timestamp estimate,partial_whisper_estimate_auto_qc_pass,True,
-THoVjtIkeU$_$12,13,if,12,12,if,4.66,4.8,4.66,4.8,0.7704002857208252,mandatory_unique_pair_in_all_optimal_LCS,Whisper small.en word timestamp estimate,partial_whisper_estimate_auto_qc_pass,True,
-THoVjtIkeU$_$12,14,we,13,13,we,4.8,5.0,4.8,5.0,0.9985190033912659,mandatory_unique_pair_in_all_optimal_LCS,Whisper small.en word timestamp estimate,partial_whisper_estimate_auto_qc_pass,True,
-THoVjtIkeU$_$12,15,believe,14,14,believe,5.0,5.4,5.0,5.4,0.997808039188385,mandatory_unique_pair_in_all_optimal_LCS,Whisper small.en word timestamp estimate,partial_whisper_estimate_auto_qc_pass,True,
-THoVjtIkeU$_$12,16,that,15,15,that,5.4,5.76,5.4,5.76,0.9830090403556824,mandatory_unique_pair_in_all_optimal_LCS,Whisper small.en word timestamp estimate,partial_whisper_estimate_auto_qc_pass,True,
-THoVjtIkeU$_$12,17,anything,16,16,anything,5.76,5.98,5.76,5.98,0.9979875087738037,mandatory_unique_pair_in_all_optimal_LCS,Whisper small.en word timestamp estimate,partial_whisper_estimate_auto_qc_pass,True,
-THoVjtIkeU$_$12,18,is,17,17,is,5.98,6.24,5.98,6.24,0.9952581524848938,mandatory_unique_pair_in_all_optimal_LCS,Whisper small.en word timestamp estimate,partial_whisper_estimate_auto_qc_pass,True,
-THoVjtIkeU$_$12,19,possible,18,18,possible,6.24,6.64,6.24,6.64,0.9995778203010559,mandatory_unique_pair_in_all_optimal_LCS,Whisper small.en word timestamp estimate,partial_whisper_estimate_auto_qc_pass,True,
-THoVjtIkeU$_$12,20,if,19,19,if,6.8,6.84,6.8,6.84,0.9807939529418945,mandatory_unique_pair_in_all_optimal_LCS,Whisper small.en word timestamp estimate,partial_whisper_estimate_auto_qc_pass,True,
-THoVjtIkeU$_$12,21,we,20,20,we,6.84,7.14,6.84,7.14,0.997753918170929,mandatory_unique_pair_in_all_optimal_LCS,Whisper small.en word timestamp estimate,partial_whisper_estimate_auto_qc_pass,True,
-THoVjtIkeU$_$12,22,believe,21,21,believe,7.14,7.94,7.14,7.94,0.99817955493927,mandatory_unique_pair_in_all_optimal_LCS,Whisper small.en word timestamp estimate,partial_whisper_estimate_auto_qc_pass,True,
-THoVjtIkeU$_$12,23,that,22,22,that,7.94,8.84,7.94,8.84,0.9916817545890808,mandatory_unique_pair_in_all_optimal_LCS,Whisper small.en word timestamp estimate,partial_whisper_estimate_auto_qc_pass,True,
-THoVjtIkeU$_$12,24,social,23,23,social,8.84,9.64,8.84,9.64,0.984855592250824,mandatory_unique_pair_in_all_optimal_LCS,Whisper small.en word timestamp estimate,partial_whisper_estimate_auto_qc_pass,True,
-THoVjtIkeU$_$12,25,justice,24,24,justice,9.64,10.04,9.64,10.04,0.9980745315551758,mandatory_unique_pair_in_all_optimal_LCS,Whisper small.en word timestamp estimate,partial_whisper_estimate_auto_qc_pass,True,
-THoVjtIkeU$_$12,26,can,25,25,can,10.04,10.32,10.04,10.32,0.9981648325920105,mandatory_unique_pair_in_all_optimal_LCS,Whisper small.en word timestamp estimate,partial_whisper_estimate_auto_qc_pass,True,
-THoVjtIkeU$_$12,27,be,26,26,be,10.32,10.5,10.32,10.5,0.9995492100715637,mandatory_unique_pair_in_all_optimal_LCS,Whisper small.en word timestamp estimate,partial_whisper_estimate_auto_qc_pass,True,
-THoVjtIkeU$_$12,28,achieved,27,27,achieved,10.5,10.82,10.5,10.82,0.9983242154121399,mandatory_unique_pair_in_all_optimal_LCS,Whisper small.en word timestamp estimate,partial_whisper_estimate_auto_qc_pass,True,
-THoVjtIkeU$_$12,29,and,28,28,and,10.96,11.06,10.96,11.06,0.9721631407737732,mandatory_unique_pair_in_all_optimal_LCS,Whisper small.en word timestamp estimate,partial_whisper_estimate_auto_qc_pass,True,
-THoVjtIkeU$_$12,30,if,29,29,if,11.06,11.16,11.06,11.16,0.9945598244667053,mandatory_unique_pair_in_all_optimal_LCS,Whisper small.en word timestamp estimate,partial_whisper_estimate_auto_qc_pass,True,
-THoVjtIkeU$_$12,31,we,30,30,we,11.16,11.3,11.16,11.3,0.9971390962600708,mandatory_unique_pair_in_all_optimal_LCS,Whisper small.en word timestamp estimate,partial_whisper_estimate_auto_qc_pass,True,
-THoVjtIkeU$_$12,32,believe,31,31,believe,11.3,11.72,11.3,11.72,0.99826979637146,mandatory_unique_pair_in_all_optimal_LCS,Whisper small.en word timestamp estimate,partial_whisper_estimate_auto_qc_pass,True,
-THoVjtIkeU$_$12,33,in,32,32,in,11.72,12.02,11.72,12.02,0.9982149600982666,mandatory_unique_pair_in_all_optimal_LCS,Whisper small.en word timestamp estimate,partial_whisper_estimate_auto_qc_pass,True,
-THoVjtIkeU$_$12,34,youth,33,33,youth,12.02,12.38,12.02,12.38,0.9920851588249207,mandatory_unique_pair_in_all_optimal_LCS,Whisper small.en word timestamp estimate,partial_whisper_estimate_auto_qc_pass,True,
-THoVjtIkeU$_$12,35,they,34,34,they,12.9,13.2,12.9,13.2,0.9930824041366577,mandatory_unique_pair_in_all_optimal_LCS,Whisper small.en word timestamp estimate,partial_whisper_estimate_auto_qc_pass,True,
-THoVjtIkeU$_$12,36,will,35,35,will,13.2,13.32,13.2,13.32,0.9848949313163757,mandatory_unique_pair_in_all_optimal_LCS,Whisper small.en word timestamp estimate,partial_whisper_estimate_auto_qc_pass,True,
-THoVjtIkeU$_$12,37,believe,36,36,believe,13.32,13.52,13.32,13.52,0.9967899918556213,mandatory_unique_pair_in_all_optimal_LCS,Whisper small.en word timestamp estimate,partial_whisper_estimate_auto_qc_pass,True,
-THoVjtIkeU$_$12,38,in,37,37,in,13.52,13.68,13.52,13.68,0.9942227005958557,mandatory_unique_pair_in_all_optimal_LCS,Whisper small.en word timestamp estimate,partial_whisper_estimate_auto_qc_pass,True,
-THoVjtIkeU$_$12,39,themselves,38,38,themselves,13.68,13.96,13.68,13.96,0.9989493489265442,mandatory_unique_pair_in_all_optimal_LCS,Whisper small.en word timestamp estimate,partial_whisper_estimate_auto_qc_pass,True,
-THoVjtIkeU$_$2,1,I,1,1,I,0.0,0.1,0.0,0.1,0.8890025019645691,exact_normalized_sequence,Whisper small.en word timestamp estimate,exact_text_whisper_estimate_auto_qc_pass,True,
-THoVjtIkeU$_$2,2,think,2,2,think,0.1,0.4,0.1,0.4,0.9992702603340149,exact_normalized_sequence,Whisper small.en word timestamp estimate,exact_text_whisper_estimate_auto_qc_pass,True,
-THoVjtIkeU$_$2,3,social,3,3,social,0.4,1.36,0.4,1.36,0.9299202561378479,exact_normalized_sequence,Whisper small.en word timestamp estimate,exact_text_whisper_estimate_auto_qc_pass,True,
-THoVjtIkeU$_$2,4,justice,4,4,justice,1.36,1.66,1.36,1.66,0.9976098537445068,exact_normalized_sequence,Whisper small.en word timestamp estimate,exact_text_whisper_estimate_auto_qc_pass,True,
-THoVjtIkeU$_$2,5,is,5,5,is,1.66,1.92,1.66,1.92,0.9986479878425598,exact_normalized_sequence,Whisper small.en word timestamp estimate,exact_text_whisper_estimate_auto_qc_pass,True,
-THoVjtIkeU$_$2,6,extremely,6,6,extremely,1.92,2.24,1.92,2.24,0.9966673254966736,exact_normalized_sequence,Whisper small.en word timestamp estimate,exact_text_whisper_estimate_auto_qc_pass,True,
-THoVjtIkeU$_$2,7,important,7,7,important,2.24,2.7,2.24,2.7,0.9991833567619324,exact_normalized_sequence,Whisper small.en word timestamp estimate,exact_text_whisper_estimate_auto_qc_pass,True,
-THoVjtIkeU$_$2,8,for,8,8,for,2.7,2.98,2.7,2.98,0.9957025647163391,exact_normalized_sequence,Whisper small.en word timestamp estimate,exact_text_whisper_estimate_auto_qc_pass,True,
-THoVjtIkeU$_$2,9,young,9,9,young,2.98,3.2,2.98,3.2,0.9962693452835083,exact_normalized_sequence,Whisper small.en word timestamp estimate,exact_text_whisper_estimate_auto_qc_pass,True,
-THoVjtIkeU$_$2,10,people,10,10,people,3.2,3.58,3.2,3.58,0.9995260238647461,exact_normalized_sequence,Whisper small.en word timestamp estimate,exact_text_whisper_estimate_auto_qc_pass,True,
-THoVjtIkeU$_$6,1,You,,,,,,,,,mandatory_unique_pair_in_all_optimal_LCS,,official_word_unmatched_or_ambiguous,False,
-THoVjtIkeU$_$6,2,know,,,,,,,,,mandatory_unique_pair_in_all_optimal_LCS,,official_word_unmatched_or_ambiguous,False,
-THoVjtIkeU$_$6,3,that,,,,,,,,,mandatory_unique_pair_in_all_optimal_LCS,,official_word_unmatched_or_ambiguous,False,
-THoVjtIkeU$_$6,4,I,1,1,I,0.0,0.64,0.0,0.64,0.07390747219324112,mandatory_unique_pair_in_all_optimal_LCS,Whisper small.en word timestamp estimate,partial_whisper_estimate_auto_qc_pass,True,
-THoVjtIkeU$_$6,5,think,2,2,think,0.64,1.08,0.64,1.08,0.9425793290138245,mandatory_unique_pair_in_all_optimal_LCS,Whisper small.en word timestamp estimate,partial_whisper_estimate_auto_qc_pass,True,
-THoVjtIkeU$_$6,6,listening,4,4,listening,1.36,1.76,1.36,1.76,0.9844638705253601,mandatory_unique_pair_in_all_optimal_LCS,Whisper small.en word timestamp estimate,partial_whisper_estimate_auto_qc_pass,True,
-THoVjtIkeU$_$6,7,to,5,5,to,1.76,2.02,1.76,2.02,0.9983518123626709,mandatory_unique_pair_in_all_optimal_LCS,Whisper small.en word timestamp estimate,partial_whisper_estimate_auto_qc_pass,True,
-THoVjtIkeU$_$6,8,young,6,6,young,2.02,2.18,2.02,2.18,0.9952337145805359,mandatory_unique_pair_in_all_optimal_LCS,Whisper small.en word timestamp estimate,partial_whisper_estimate_auto_qc_pass,True,
-THoVjtIkeU$_$6,9,people,7,7,people,2.18,2.56,2.18,2.56,0.9989117383956909,mandatory_unique_pair_in_all_optimal_LCS,Whisper small.en word timestamp estimate,partial_whisper_estimate_auto_qc_pass,True,
-THoVjtIkeU$_$6,10,taking,8,8,taking,2.66,2.88,2.66,2.88,0.9709244966506958,mandatory_unique_pair_in_all_optimal_LCS,Whisper small.en word timestamp estimate,partial_whisper_estimate_auto_qc_pass,True,
-THoVjtIkeU$_$6,11,in,9,9,in,2.88,3.16,2.88,3.16,0.9904032945632935,mandatory_unique_pair_in_all_optimal_LCS,Whisper small.en word timestamp estimate,partial_whisper_estimate_auto_qc_pass,True,
-THoVjtIkeU$_$6,12,what,10,10,what,3.16,3.34,3.16,3.34,0.996651828289032,mandatory_unique_pair_in_all_optimal_LCS,Whisper small.en word timestamp estimate,partial_whisper_estimate_auto_qc_pass,True,
-THoVjtIkeU$_$6,13,they,11,11,they,3.34,3.52,3.34,3.52,0.9964886903762817,mandatory_unique_pair_in_all_optimal_LCS,Whisper small.en word timestamp estimate,partial_whisper_estimate_auto_qc_pass,True,
-THoVjtIkeU$_$6,14,have,12,12,have,3.52,3.72,3.52,3.72,0.9956757426261902,mandatory_unique_pair_in_all_optimal_LCS,Whisper small.en word timestamp estimate,partial_whisper_estimate_auto_qc_pass,True,
-THoVjtIkeU$_$6,15,to,13,13,to,3.72,3.88,3.72,3.88,0.9987565279006958,mandatory_unique_pair_in_all_optimal_LCS,Whisper small.en word timestamp estimate,partial_whisper_estimate_auto_qc_pass,True,
-THoVjtIkeU$_$6,16,say,14,14,say,3.88,4.12,3.88,4.12,0.9985881447792053,mandatory_unique_pair_in_all_optimal_LCS,Whisper small.en word timestamp estimate,partial_whisper_estimate_auto_qc_pass,True,
-THoVjtIkeU$_$6,17,because,15,15,because,4.34,4.44,4.34,4.44,0.9707433581352234,mandatory_unique_pair_in_all_optimal_LCS,Whisper small.en word timestamp estimate,partial_whisper_estimate_auto_qc_pass,True,
-THoVjtIkeU$_$6,18,what,16,16,what,4.44,4.96,4.44,4.96,0.9742233753204346,mandatory_unique_pair_in_all_optimal_LCS,Whisper small.en word timestamp estimate,partial_whisper_estimate_auto_qc_pass,True,
-THoVjtIkeU$_$6,19,we,,,,,,,,,mandatory_unique_pair_in_all_optimal_LCS,,official_word_unmatched_or_ambiguous,False,
-THoVjtIkeU$_$6,20,have,,,,,,,,,mandatory_unique_pair_in_all_optimal_LCS,,official_word_unmatched_or_ambiguous,False,
-THoVjtIkeU$_$6,21,seen,18,18,seen,5.24,5.4,5.24,5.4,0.9928939938545227,mandatory_unique_pair_in_all_optimal_LCS,Whisper small.en word timestamp estimate,partial_whisper_estimate_auto_qc_pass,True,
-THoVjtIkeU$_$6,22,all,19,19,all,5.4,5.68,5.4,5.68,0.983004093170166,mandatory_unique_pair_in_all_optimal_LCS,Whisper small.en word timestamp estimate,partial_whisper_estimate_auto_qc_pass,True,
-THoVjtIkeU$_$6,23,around,20,20,around,5.68,5.9,5.68,5.9,0.9956591129302979,mandatory_unique_pair_in_all_optimal_LCS,Whisper small.en word timestamp estimate,partial_whisper_estimate_auto_qc_pass,True,
-THoVjtIkeU$_$6,24,the,21,21,the,5.9,6.04,5.9,6.04,0.9982681274414062,mandatory_unique_pair_in_all_optimal_LCS,Whisper small.en word timestamp estimate,partial_whisper_estimate_auto_qc_pass,True,
-THoVjtIkeU$_$6,25,world,22,22,world,6.04,6.28,6.04,6.28,0.998213529586792,mandatory_unique_pair_in_all_optimal_LCS,Whisper small.en word timestamp estimate,partial_whisper_estimate_auto_qc_pass,True,
-THoVjtIkeU$_$6,26,is,23,23,is,6.28,6.56,6.28,6.56,0.7242376208305359,mandatory_unique_pair_in_all_optimal_LCS,Whisper small.en word timestamp estimate,partial_whisper_estimate_auto_qc_pass,True,
-THoVjtIkeU$_$6,27,the,24,24,the,6.56,6.7,6.56,6.7,0.9966561794281006,mandatory_unique_pair_in_all_optimal_LCS,Whisper small.en word timestamp estimate,partial_whisper_estimate_auto_qc_pass,True,
-THoVjtIkeU$_$6,28,power,25,25,power,6.7,6.96,6.7,6.96,0.9981138706207275,mandatory_unique_pair_in_all_optimal_LCS,Whisper small.en word timestamp estimate,partial_whisper_estimate_auto_qc_pass,True,
-THoVjtIkeU$_$6,29,of,26,26,of,6.96,7.24,6.96,7.24,0.9985248446464539,mandatory_unique_pair_in_all_optimal_LCS,Whisper small.en word timestamp estimate,partial_whisper_estimate_auto_qc_pass,True,
-THoVjtIkeU$_$6,30,youth,27,27,youth,7.24,7.44,7.24,7.44,0.993914783000946,mandatory_unique_pair_in_all_optimal_LCS,Whisper small.en word timestamp estimate,partial_whisper_estimate_auto_qc_pass,True,
-UuX1xuaiiE$_$1,1,And,1,1,And,0.0,0.54,0.0,0.54,0.2698361575603485,exact_normalized_sequence,Whisper small.en word timestamp estimate,exact_text_whisper_estimate_auto_qc_pass,True,
-UuX1xuaiiE$_$1,2,all,2,2,all,0.54,0.78,0.54,0.78,0.96746426820755,exact_normalized_sequence,Whisper small.en word timestamp estimate,exact_text_whisper_estimate_auto_qc_pass,True,
-UuX1xuaiiE$_$1,3,of,3,3,of,0.78,0.92,0.78,0.92,0.9976683259010315,exact_normalized_sequence,Whisper small.en word timestamp estimate,exact_text_whisper_estimate_auto_qc_pass,True,
-UuX1xuaiiE$_$1,4,them,4,4,them,0.92,1.06,0.92,1.06,0.998687207698822,exact_normalized_sequence,Whisper small.en word timestamp estimate,exact_text_whisper_estimate_auto_qc_pass,True,
-UuX1xuaiiE$_$1,5,are,5,5,are,1.06,1.32,1.06,1.32,0.9938648343086243,exact_normalized_sequence,Whisper small.en word timestamp estimate,exact_text_whisper_estimate_auto_qc_pass,True,
-UuX1xuaiiE$_$1,6,really,6,6,really,1.32,1.58,1.32,1.58,0.9700276255607605,exact_normalized_sequence,Whisper small.en word timestamp estimate,exact_text_whisper_estimate_auto_qc_pass,True,
-UuX1xuaiiE$_$1,7,being,7,7,being,1.58,1.84,1.58,1.84,0.9601990580558777,exact_normalized_sequence,Whisper small.en word timestamp estimate,exact_text_whisper_estimate_auto_qc_pass,True,
-UuX1xuaiiE$_$1,8,able,8,8,able,1.84,2.66,1.84,2.66,0.9870452284812927,exact_normalized_sequence,Whisper small.en word timestamp estimate,exact_text_whisper_estimate_auto_qc_pass,True,
-UuX1xuaiiE$_$1,9,to,9,9,to,2.66,2.9,2.66,2.9,0.99861741065979,exact_normalized_sequence,Whisper small.en word timestamp estimate,exact_text_whisper_estimate_auto_qc_pass,True,
-UuX1xuaiiE$_$1,10,explore,10,10,explore,2.9,3.5,2.9,3.5,0.9970583915710449,exact_normalized_sequence,Whisper small.en word timestamp estimate,exact_text_whisper_estimate_auto_qc_pass,True,
-UuX1xuaiiE$_$1,11,these,11,11,these,3.5,4.22,3.5,4.22,0.9842386841773987,exact_normalized_sequence,Whisper small.en word timestamp estimate,exact_text_whisper_estimate_auto_qc_pass,True,
-UuX1xuaiiE$_$1,12,different,12,12,different,4.22,4.74,4.22,4.74,0.9949643611907959,exact_normalized_sequence,Whisper small.en word timestamp estimate,exact_text_whisper_estimate_auto_qc_pass,True,
-UuX1xuaiiE$_$1,13,areas,13,13,areas,4.74,5.12,4.74,5.12,0.997865617275238,exact_normalized_sequence,Whisper small.en word timestamp estimate,exact_text_whisper_estimate_auto_qc_pass,True,
-UuX1xuaiiE$_$1,14,in,14,14,in,5.12,5.64,5.12,5.64,0.9559682607650757,exact_normalized_sequence,Whisper small.en word timestamp estimate,exact_text_whisper_estimate_auto_qc_pass,True,
-UuX1xuaiiE$_$1,15,depth,15,15,depth,5.64,6.24,5.64,6.24,0.705691397190094,exact_normalized_sequence,Whisper small.en word timestamp estimate,exact_text_whisper_estimate_auto_qc_pass,True,
-UuX1xuaiiE$_$1,16,in,16,16,in,6.24,6.62,6.24,6.62,0.8608358502388,exact_normalized_sequence,Whisper small.en word timestamp estimate,exact_text_whisper_estimate_auto_qc_pass,True,
-UuX1xuaiiE$_$1,17,a,17,17,a,6.62,6.74,6.62,6.74,0.9952880144119263,exact_normalized_sequence,Whisper small.en word timestamp estimate,exact_text_whisper_estimate_auto_qc_pass,True,
-UuX1xuaiiE$_$1,18,way,18,18,way,6.74,6.92,6.74,6.92,0.9987745881080627,exact_normalized_sequence,Whisper small.en word timestamp estimate,exact_text_whisper_estimate_auto_qc_pass,True,
-UuX1xuaiiE$_$1,19,that,19,19,that,6.92,7.2,6.92,7.2,0.9973681569099426,exact_normalized_sequence,Whisper small.en word timestamp estimate,exact_text_whisper_estimate_auto_qc_pass,True,
-UuX1xuaiiE$_$1,20,really,20,20,really,7.2,7.46,7.2,7.46,0.9333896636962891,exact_normalized_sequence,Whisper small.en word timestamp estimate,exact_text_whisper_estimate_auto_qc_pass,True,
-UuX1xuaiiE$_$1,21,wasn't,21,21,wasn't,7.46,7.78,7.46,7.78,0.9942944347858429,exact_normalized_sequence,Whisper small.en word timestamp estimate,exact_text_whisper_estimate_auto_qc_pass,True,
-UuX1xuaiiE$_$1,22,available,22,22,available,7.78,8.12,7.78,8.12,0.9952055215835571,exact_normalized_sequence,Whisper small.en word timestamp estimate,exact_text_whisper_estimate_auto_qc_pass,True,
-UuX1xuaiiE$_$1,23,before,23,23,before,8.12,8.62,8.12,8.62,0.9983600974082947,exact_normalized_sequence,Whisper small.en word timestamp estimate,exact_text_whisper_estimate_auto_qc_pass,True,
-UuX1xuaiiE$_$1,24,the,24,24,the,8.62,8.8,8.62,8.8,0.9949076771736145,exact_normalized_sequence,Whisper small.en word timestamp estimate,exact_text_whisper_estimate_auto_qc_pass,True,
-UuX1xuaiiE$_$1,25,center,25,25,center,8.8,9.04,8.8,9.04,0.677643895149231,exact_normalized_sequence,Whisper small.en word timestamp estimate,exact_text_whisper_estimate_auto_qc_pass,True,
-UuX1xuaiiE$_$1,26,was,26,26,was,9.04,9.34,9.04,9.34,0.9959208965301514,exact_normalized_sequence,Whisper small.en word timestamp estimate,exact_text_whisper_estimate_auto_qc_pass,True,
-UuX1xuaiiE$_$1,27,here,27,27,here,9.34,9.7,9.34,9.7,0.9986962676048279,exact_normalized_sequence,Whisper small.en word timestamp estimate,exact_text_whisper_estimate_auto_qc_pass,True,
-UuX1xuaiiE$_$0,1,it's,1,1,It's,0.0,0.14,0.0,0.14,0.7767113447189331,exact_normalized_sequence,Whisper small.en word timestamp estimate,exact_text_whisper_estimate_auto_qc_pass,True,
-UuX1xuaiiE$_$0,2,amazing,2,2,amazing,0.14,0.54,0.14,0.54,0.9933158755302429,exact_normalized_sequence,Whisper small.en word timestamp estimate,exact_text_whisper_estimate_auto_qc_pass,True,
-UuX1xuaiiE$_$0,3,to,3,3,to,0.54,1.0,0.54,1.0,0.9967688322067261,exact_normalized_sequence,Whisper small.en word timestamp estimate,exact_text_whisper_estimate_auto_qc_pass,True,
-UuX1xuaiiE$_$0,4,see,4,4,see,1.0,1.24,1.0,1.24,0.9983463287353516,exact_normalized_sequence,Whisper small.en word timestamp estimate,exact_text_whisper_estimate_auto_qc_pass,True,
-UuX1xuaiiE$_$0,5,their,5,5,their,1.24,1.46,1.24,1.46,0.9946925044059753,exact_normalized_sequence,Whisper small.en word timestamp estimate,exact_text_whisper_estimate_auto_qc_pass,True,
-UuX1xuaiiE$_$0,6,enthusiasm,6,6,enthusiasm,1.46,2.0,1.46,2.0,0.9981315732002258,exact_normalized_sequence,Whisper small.en word timestamp estimate,exact_text_whisper_estimate_auto_qc_pass,True,
-UuX1xuaiiE$_$0,7,and,7,7,and,2.0,2.4,2.0,2.4,0.9830427765846252,exact_normalized_sequence,Whisper small.en word timestamp estimate,exact_text_whisper_estimate_auto_qc_pass,True,
-UuX1xuaiiE$_$0,8,their,8,8,their,2.4,2.52,2.4,2.52,0.9837026596069336,exact_normalized_sequence,Whisper small.en word timestamp estimate,exact_text_whisper_estimate_auto_qc_pass,True,
-UuX1xuaiiE$_$0,9,passion,9,9,passion,2.52,2.94,2.52,2.94,0.9856905341148376,exact_normalized_sequence,Whisper small.en word timestamp estimate,exact_text_whisper_estimate_auto_qc_pass,True,
-UuX1xuaiiE$_$3,1,My,1,1,My,0.0,0.64,0.0,0.64,0.5187836289405823,exact_normalized_sequence,Whisper small.en word timestamp estimate,exact_text_whisper_estimate_auto_qc_pass,True,
-UuX1xuaiiE$_$3,2,goal,2,2,goal,0.64,0.9,0.64,0.9,0.9955464601516724,exact_normalized_sequence,Whisper small.en word timestamp estimate,exact_text_whisper_estimate_auto_qc_pass,True,
-UuX1xuaiiE$_$3,3,is,3,3,is,0.9,1.32,0.9,1.32,0.9939642548561096,exact_normalized_sequence,Whisper small.en word timestamp estimate,exact_text_whisper_estimate_auto_qc_pass,True,
-UuX1xuaiiE$_$3,4,to,4,4,to,1.32,1.62,1.32,1.62,0.9961504936218262,exact_normalized_sequence,Whisper small.en word timestamp estimate,exact_text_whisper_estimate_auto_qc_pass,True,
-UuX1xuaiiE$_$3,5,become,5,5,become,1.62,2.0,1.62,2.0,0.9922659993171692,exact_normalized_sequence,Whisper small.en word timestamp estimate,exact_text_whisper_estimate_auto_qc_pass,True,
-UuX1xuaiiE$_$3,6,a,6,6,a,2.0,2.66,2.0,2.66,0.9969910383224487,exact_normalized_sequence,Whisper small.en word timestamp estimate,exact_text_whisper_estimate_auto_qc_pass,True,
-UuX1xuaiiE$_$3,7,human,7,7,human,2.66,2.82,2.66,2.82,0.9622267484664917,exact_normalized_sequence,Whisper small.en word timestamp estimate,exact_text_whisper_estimate_auto_qc_pass,True,
-UuX1xuaiiE$_$3,8,rights,8,8,rights,2.82,3.14,2.82,3.14,0.9816442131996155,exact_normalized_sequence,Whisper small.en word timestamp estimate,exact_text_whisper_estimate_auto_qc_pass,True,
-UuX1xuaiiE$_$3,9,lawyer,9,9,lawyer,3.14,3.52,3.14,3.52,0.995281994342804,exact_normalized_sequence,Whisper small.en word timestamp estimate,exact_text_whisper_estimate_auto_qc_pass,True,
-UuX1xuaiiE$_$6,1,I,1,1,I,0.0,0.62,0.0,0.62,0.8849377632141113,mandatory_unique_pair_in_all_optimal_LCS,Whisper small.en word timestamp estimate,partial_whisper_estimate_auto_qc_pass,True,
-UuX1xuaiiE$_$6,2,ended,2,2,ended,0.62,0.76,0.62,0.76,0.9876305460929871,mandatory_unique_pair_in_all_optimal_LCS,Whisper small.en word timestamp estimate,partial_whisper_estimate_auto_qc_pass,True,
-UuX1xuaiiE$_$6,3,up,3,3,up,0.76,0.92,0.76,0.92,0.9938347339630127,mandatory_unique_pair_in_all_optimal_LCS,Whisper small.en word timestamp estimate,partial_whisper_estimate_auto_qc_pass,True,
-UuX1xuaiiE$_$6,4,going,4,4,going,0.92,1.06,0.92,1.06,0.9930207133293152,mandatory_unique_pair_in_all_optimal_LCS,Whisper small.en word timestamp estimate,partial_whisper_estimate_auto_qc_pass,True,
-UuX1xuaiiE$_$6,5,to,5,5,to,1.06,1.24,1.06,1.24,0.9931939840316772,mandatory_unique_pair_in_all_optimal_LCS,Whisper small.en word timestamp estimate,partial_whisper_estimate_auto_qc_pass,True,
-UuX1xuaiiE$_$6,6,work,6,6,work,1.24,1.4,1.24,1.4,0.9972647428512573,mandatory_unique_pair_in_all_optimal_LCS,Whisper small.en word timestamp estimate,partial_whisper_estimate_auto_qc_pass,True,
-UuX1xuaiiE$_$6,7,for,7,7,for,1.4,1.78,1.4,1.78,0.990712583065033,mandatory_unique_pair_in_all_optimal_LCS,Whisper small.en word timestamp estimate,partial_whisper_estimate_auto_qc_pass,True,
-UuX1xuaiiE$_$6,8,the,8,8,the,1.78,1.94,1.78,1.94,0.9952524900436401,mandatory_unique_pair_in_all_optimal_LCS,Whisper small.en word timestamp estimate,partial_whisper_estimate_auto_qc_pass,True,
-UuX1xuaiiE$_$6,9,US,,,,,,,,,mandatory_unique_pair_in_all_optimal_LCS,,official_word_unmatched_or_ambiguous,False,
-UuX1xuaiiE$_$6,10,government,11,11,government,2.38,2.52,2.38,2.52,0.764135479927063,mandatory_unique_pair_in_all_optimal_LCS,Whisper small.en word timestamp estimate,partial_whisper_estimate_auto_qc_pass,True,
-UuX1xuaiiE$_$6,11,as,12,12,as,2.52,2.92,2.52,2.92,0.9671818614006042,mandatory_unique_pair_in_all_optimal_LCS,Whisper small.en word timestamp estimate,partial_whisper_estimate_auto_qc_pass,True,
-UuX1xuaiiE$_$6,12,an,13,13,an,2.92,3.08,2.92,3.08,0.9751185178756714,mandatory_unique_pair_in_all_optimal_LCS,Whisper small.en word timestamp estimate,partial_whisper_estimate_auto_qc_pass,True,
-UuX1xuaiiE$_$6,13,intelligence,14,14,intelligence,3.08,3.4,3.08,3.4,0.9652872681617737,mandatory_unique_pair_in_all_optimal_LCS,Whisper small.en word timestamp estimate,partial_whisper_estimate_auto_qc_pass,True,
-UuX1xuaiiE$_$6,14,analyst,15,15,analyst,3.4,4.04,3.4,4.04,0.9988464117050171,mandatory_unique_pair_in_all_optimal_LCS,Whisper small.en word timestamp estimate,partial_whisper_estimate_auto_qc_pass,True,
-UuX1xuaiiE$_$6,15,specializing,16,16,specializing,4.6,5.44,4.6,5.44,0.9772650599479675,mandatory_unique_pair_in_all_optimal_LCS,Whisper small.en word timestamp estimate,partial_whisper_estimate_auto_qc_pass,True,
-UuX1xuaiiE$_$6,16,in,17,17,in,5.44,5.84,5.44,5.84,0.997680127620697,mandatory_unique_pair_in_all_optimal_LCS,Whisper small.en word timestamp estimate,partial_whisper_estimate_auto_qc_pass,True,
-UuX1xuaiiE$_$6,17,war,18,18,war,5.84,6.06,5.84,6.06,0.9810996651649475,mandatory_unique_pair_in_all_optimal_LCS,Whisper small.en word timestamp estimate,partial_whisper_estimate_auto_qc_pass,True,
-UuX1xuaiiE$_$6,18,crimes,19,19,crimes,6.06,6.34,6.06,6.34,0.9941927790641785,mandatory_unique_pair_in_all_optimal_LCS,Whisper small.en word timestamp estimate,partial_whisper_estimate_auto_qc_pass,True,
-UuX1xuaiiE$_$6,19,and,20,20,and,6.34,6.5,6.34,6.5,0.9900009632110596,mandatory_unique_pair_in_all_optimal_LCS,Whisper small.en word timestamp estimate,partial_whisper_estimate_auto_qc_pass,True,
-UuX1xuaiiE$_$6,20,human,21,21,human,6.5,6.62,6.5,6.62,0.99679034948349,mandatory_unique_pair_in_all_optimal_LCS,Whisper small.en word timestamp estimate,partial_whisper_estimate_auto_qc_pass,True,
-UuX1xuaiiE$_$6,21,rights,22,22,rights,6.62,6.86,6.62,6.86,0.9892618656158447,mandatory_unique_pair_in_all_optimal_LCS,Whisper small.en word timestamp estimate,partial_whisper_estimate_auto_qc_pass,True,
-UuX1xuaiiE$_$6,22,issues,23,23,issues,6.86,7.2,6.86,7.2,0.995909571647644,mandatory_unique_pair_in_all_optimal_LCS,Whisper small.en word timestamp estimate,partial_whisper_estimate_auto_qc_pass,True,
-a55Q6RWvTA$_$3,1,And,1,1,And,0.0,0.84,0.0,0.84,0.3996802866458893,exact_normalized_sequence,Whisper small.en word timestamp estimate,exact_text_whisper_estimate_auto_qc_pass,True,
-a55Q6RWvTA$_$3,2,if,2,2,if,0.84,1.14,0.84,1.14,0.5783118605613708,exact_normalized_sequence,Whisper small.en word timestamp estimate,exact_text_whisper_estimate_auto_qc_pass,True,
-a55Q6RWvTA$_$3,3,you,3,3,you,1.14,1.34,1.14,1.34,0.9984138011932373,exact_normalized_sequence,Whisper small.en word timestamp estimate,exact_text_whisper_estimate_auto_qc_pass,True,
-a55Q6RWvTA$_$3,4,clip,4,4,clip,1.34,1.68,1.34,1.68,0.9692965149879456,exact_normalized_sequence,Whisper small.en word timestamp estimate,exact_text_whisper_estimate_auto_qc_pass,True,
-a55Q6RWvTA$_$3,5,coupons,5,5,coupons,1.68,2.22,1.68,2.22,0.9850081205368042,exact_normalized_sequence,Whisper small.en word timestamp estimate,exact_text_whisper_estimate_auto_qc_pass,True,
-a55Q6RWvTA$_$3,6,if,6,6,if,2.74,2.78,2.74,2.78,0.9731130599975586,exact_normalized_sequence,Whisper small.en word timestamp estimate,exact_text_whisper_estimate_auto_qc_pass,True,
-a55Q6RWvTA$_$3,7,you,7,7,you,2.78,2.92,2.78,2.92,0.9976734519004822,exact_normalized_sequence,Whisper small.en word timestamp estimate,exact_text_whisper_estimate_auto_qc_pass,True,
-a55Q6RWvTA$_$3,8,don't,8,8,don't,2.92,3.24,2.92,3.24,0.9935489594936371,exact_normalized_sequence,Whisper small.en word timestamp estimate,exact_text_whisper_estimate_auto_qc_pass,True,
-a55Q6RWvTA$_$3,9,go,9,9,go,3.24,3.44,3.24,3.44,0.9973006844520569,exact_normalized_sequence,Whisper small.en word timestamp estimate,exact_text_whisper_estimate_auto_qc_pass,True,
-a55Q6RWvTA$_$3,10,out,10,10,out,3.44,3.68,3.44,3.68,0.996203601360321,exact_normalized_sequence,Whisper small.en word timestamp estimate,exact_text_whisper_estimate_auto_qc_pass,True,
-a55Q6RWvTA$_$3,11,for,11,11,for,3.68,3.88,3.68,3.88,0.9960116147994995,exact_normalized_sequence,Whisper small.en word timestamp estimate,exact_text_whisper_estimate_auto_qc_pass,True,
-a55Q6RWvTA$_$3,12,dinner,12,12,dinner,3.88,4.14,3.88,4.14,0.9988960027694702,exact_normalized_sequence,Whisper small.en word timestamp estimate,exact_text_whisper_estimate_auto_qc_pass,True,
-a55Q6RWvTA$_$3,13,and,13,13,and,4.14,4.54,4.14,4.54,0.669916033744812,exact_normalized_sequence,Whisper small.en word timestamp estimate,exact_text_whisper_estimate_auto_qc_pass,True,
-a55Q6RWvTA$_$3,14,movies,14,14,movies,4.54,5.06,4.54,5.06,0.9926510453224182,exact_normalized_sequence,Whisper small.en word timestamp estimate,exact_text_whisper_estimate_auto_qc_pass,True,
-a55Q6RWvTA$_$3,15,and,15,15,and,5.06,5.32,5.06,5.32,0.9553324580192566,exact_normalized_sequence,Whisper small.en word timestamp estimate,exact_text_whisper_estimate_auto_qc_pass,True,
-a55Q6RWvTA$_$3,16,things,16,16,things,5.32,5.52,5.32,5.52,0.9977450966835022,exact_normalized_sequence,Whisper small.en word timestamp estimate,exact_text_whisper_estimate_auto_qc_pass,True,
-a55Q6RWvTA$_$3,17,of,17,17,of,5.52,5.66,5.52,5.66,0.9743398427963257,exact_normalized_sequence,Whisper small.en word timestamp estimate,exact_text_whisper_estimate_auto_qc_pass,True,
-a55Q6RWvTA$_$3,18,that,18,18,that,5.66,5.8,5.66,5.8,0.9981655478477478,exact_normalized_sequence,Whisper small.en word timestamp estimate,exact_text_whisper_estimate_auto_qc_pass,True,
-a55Q6RWvTA$_$3,19,nature,19,19,nature,5.8,6.26,5.8,6.26,0.9985338449478149,exact_normalized_sequence,Whisper small.en word timestamp estimate,exact_text_whisper_estimate_auto_qc_pass,True,
-a55Q6RWvTA$_$3,20,and,20,20,and,6.82,7.06,6.82,7.06,0.9277091026306152,exact_normalized_sequence,Whisper small.en word timestamp estimate,exact_text_whisper_estimate_auto_qc_pass,True,
-a55Q6RWvTA$_$3,21,try,21,21,try,7.06,7.32,7.06,7.32,0.9928584098815918,exact_normalized_sequence,Whisper small.en word timestamp estimate,exact_text_whisper_estimate_auto_qc_pass,True,
-a55Q6RWvTA$_$3,22,to,22,22,to,7.32,7.46,7.32,7.46,0.9955798983573914,exact_normalized_sequence,Whisper small.en word timestamp estimate,exact_text_whisper_estimate_auto_qc_pass,True,
-a55Q6RWvTA$_$3,23,take,23,23,take,7.46,7.64,7.46,7.64,0.9905412793159485,exact_normalized_sequence,Whisper small.en word timestamp estimate,exact_text_whisper_estimate_auto_qc_pass,True,
-a55Q6RWvTA$_$3,24,up,24,24,up,7.64,7.8,7.64,7.8,0.990276575088501,exact_normalized_sequence,Whisper small.en word timestamp estimate,exact_text_whisper_estimate_auto_qc_pass,True,
-a55Q6RWvTA$_$3,25,things,25,25,things,7.8,8.18,7.8,8.18,0.9914559721946716,exact_normalized_sequence,Whisper small.en word timestamp estimate,exact_text_whisper_estimate_auto_qc_pass,True,
-a55Q6RWvTA$_$3,26,in,26,26,in,8.18,8.44,8.18,8.44,0.9874027967453003,exact_normalized_sequence,Whisper small.en word timestamp estimate,exact_text_whisper_estimate_auto_qc_pass,True,
-a55Q6RWvTA$_$3,27,life,27,27,life,8.44,8.76,8.44,8.76,0.9984517097473145,exact_normalized_sequence,Whisper small.en word timestamp estimate,exact_text_whisper_estimate_auto_qc_pass,True,
-a55Q6RWvTA$_$3,28,that,28,28,that,8.76,9.0,8.76,9.0,0.9538617134094238,exact_normalized_sequence,Whisper small.en word timestamp estimate,exact_text_whisper_estimate_auto_qc_pass,True,
-a55Q6RWvTA$_$3,29,well,29,29,well,9.06,9.28,9.06,9.28,0.9935723543167114,exact_normalized_sequence,Whisper small.en word timestamp estimate,exact_text_whisper_estimate_auto_qc_pass,True,
-a55Q6RWvTA$_$3,30,they,30,30,they,9.5,9.58,9.5,9.58,0.9952709078788757,exact_normalized_sequence,Whisper small.en word timestamp estimate,exact_text_whisper_estimate_auto_qc_pass,True,
-a55Q6RWvTA$_$3,31,always,31,31,always,9.58,9.86,9.58,9.86,0.9982359409332275,exact_normalized_sequence,Whisper small.en word timestamp estimate,exact_text_whisper_estimate_auto_qc_pass,True,
-a55Q6RWvTA$_$3,32,say,32,32,say,9.86,10.14,9.86,10.14,0.9981335997581482,exact_normalized_sequence,Whisper small.en word timestamp estimate,exact_text_whisper_estimate_auto_qc_pass,True,
-a55Q6RWvTA$_$3,33,the,33,33,the,10.22,10.32,10.22,10.32,0.8874228596687317,exact_normalized_sequence,Whisper small.en word timestamp estimate,exact_text_whisper_estimate_auto_qc_pass,True,
-a55Q6RWvTA$_$3,34,best,34,34,best,10.32,10.5,10.32,10.5,0.9994070529937744,exact_normalized_sequence,Whisper small.en word timestamp estimate,exact_text_whisper_estimate_auto_qc_pass,True,
-a55Q6RWvTA$_$3,35,things,35,35,things,10.5,10.72,10.5,10.72,0.9938026666641235,exact_normalized_sequence,Whisper small.en word timestamp estimate,exact_text_whisper_estimate_auto_qc_pass,True,
-a55Q6RWvTA$_$3,36,in,36,36,in,10.72,10.9,10.72,10.9,0.9957030415534973,exact_normalized_sequence,Whisper small.en word timestamp estimate,exact_text_whisper_estimate_auto_qc_pass,True,
-a55Q6RWvTA$_$3,37,life,37,37,life,10.9,11.12,10.9,11.12,0.9986334443092346,exact_normalized_sequence,Whisper small.en word timestamp estimate,exact_text_whisper_estimate_auto_qc_pass,True,
-a55Q6RWvTA$_$3,38,are,38,38,are,11.12,11.32,11.12,11.32,0.9806973934173584,exact_normalized_sequence,Whisper small.en word timestamp estimate,exact_text_whisper_estimate_auto_qc_pass,True,
-a55Q6RWvTA$_$3,39,free,39,39,free,11.32,11.7,11.32,11.7,0.9967643022537231,exact_normalized_sequence,Whisper small.en word timestamp estimate,exact_text_whisper_estimate_auto_qc_pass,True,
-a55Q6RWvTA$_$3,40,Reading,40,40,Reading,12.42,12.62,12.42,12.62,0.9844334125518799,exact_normalized_sequence,Whisper small.en word timestamp estimate,exact_text_whisper_estimate_auto_qc_pass,True,
-a55Q6RWvTA$_$3,41,a,41,41,a,12.62,12.86,12.62,12.86,0.9989979863166809,exact_normalized_sequence,Whisper small.en word timestamp estimate,exact_text_whisper_estimate_auto_qc_pass,True,
-a55Q6RWvTA$_$3,42,book,42,42,book,12.86,13.18,12.86,13.18,0.9996659755706787,exact_normalized_sequence,Whisper small.en word timestamp estimate,exact_text_whisper_estimate_auto_qc_pass,True,
-a55Q6RWvTA$_$3,43,going,43,43,going,13.8,14.54,13.8,14.54,0.979328989982605,exact_normalized_sequence,Whisper small.en word timestamp estimate,exact_text_whisper_estimate_auto_qc_pass,True,
-a55Q6RWvTA$_$3,44,for,44,44,for,14.54,14.76,14.54,14.76,0.9982445240020752,exact_normalized_sequence,Whisper small.en word timestamp estimate,exact_text_whisper_estimate_auto_qc_pass,True,
-a55Q6RWvTA$_$3,45,a,45,45,a,14.76,14.86,14.76,14.86,0.9971873164176941,exact_normalized_sequence,Whisper small.en word timestamp estimate,exact_text_whisper_estimate_auto_qc_pass,True,
-a55Q6RWvTA$_$3,46,nice,46,46,nice,14.86,15.04,14.86,15.04,0.9981653094291687,exact_normalized_sequence,Whisper small.en word timestamp estimate,exact_text_whisper_estimate_auto_qc_pass,True,
-a55Q6RWvTA$_$3,47,walk,47,47,walk,15.04,15.46,15.04,15.46,0.999264657497406,exact_normalized_sequence,Whisper small.en word timestamp estimate,exact_text_whisper_estimate_auto_qc_pass,True,
-a55Q6RWvTA$_$3,48,and,48,48,and,15.54,15.62,15.54,15.62,0.9917280673980713,exact_normalized_sequence,Whisper small.en word timestamp estimate,exact_text_whisper_estimate_auto_qc_pass,True,
-a55Q6RWvTA$_$3,49,of,49,49,of,15.62,15.68,15.62,15.68,0.7744097113609314,exact_normalized_sequence,Whisper small.en word timestamp estimate,exact_text_whisper_estimate_auto_qc_pass,True,
-a55Q6RWvTA$_$3,50,course,50,50,course,15.68,15.84,15.68,15.84,0.9993966817855835,exact_normalized_sequence,Whisper small.en word timestamp estimate,exact_text_whisper_estimate_auto_qc_pass,True,
-a55Q6RWvTA$_$3,51,combining,51,51,combining,15.84,16.36,15.84,16.36,0.7499645948410034,exact_normalized_sequence,Whisper small.en word timestamp estimate,exact_text_whisper_estimate_auto_qc_pass,True,
-a55Q6RWvTA$_$3,52,exercise,52,52,exercise,16.36,17.02,16.36,17.02,0.9938219785690308,exact_normalized_sequence,Whisper small.en word timestamp estimate,exact_text_whisper_estimate_auto_qc_pass,True,
-a55Q6RWvTA$_$3,53,and,53,53,and,17.02,17.3,17.02,17.3,0.9719203114509583,exact_normalized_sequence,Whisper small.en word timestamp estimate,exact_text_whisper_estimate_auto_qc_pass,True,
-a55Q6RWvTA$_$3,54,various,54,54,various,17.3,17.54,17.3,17.54,0.9959797859191895,exact_normalized_sequence,Whisper small.en word timestamp estimate,exact_text_whisper_estimate_auto_qc_pass,True,
-a55Q6RWvTA$_$3,55,things,55,55,things,17.54,17.82,17.54,17.82,0.9983391761779785,exact_normalized_sequence,Whisper small.en word timestamp estimate,exact_text_whisper_estimate_auto_qc_pass,True,
-a55Q6RWvTA$_$3,56,of,56,56,of,17.82,17.98,17.82,17.98,0.974080502986908,exact_normalized_sequence,Whisper small.en word timestamp estimate,exact_text_whisper_estimate_auto_qc_pass,True,
-a55Q6RWvTA$_$3,57,that,57,57,that,17.98,18.06,17.98,18.06,0.9958899617195129,exact_normalized_sequence,Whisper small.en word timestamp estimate,exact_text_whisper_estimate_auto_qc_pass,True,
-a55Q6RWvTA$_$3,58,nature,58,58,nature,18.06,18.5,18.06,18.5,0.9920256733894348,exact_normalized_sequence,Whisper small.en word timestamp estimate,exact_text_whisper_estimate_auto_qc_pass,True,
-a55Q6RWvTA$_$3,59,where,59,59,where,18.88,19.06,18.88,19.06,0.9078869223594666,exact_normalized_sequence,Whisper small.en word timestamp estimate,exact_text_whisper_estimate_auto_qc_pass,True,
-a55Q6RWvTA$_$3,60,you're,60,60,you're,19.06,19.22,19.06,19.22,0.9832470417022705,exact_normalized_sequence,Whisper small.en word timestamp estimate,exact_text_whisper_estimate_auto_qc_pass,True,
-a55Q6RWvTA$_$3,61,not,61,61,not,19.22,19.4,19.22,19.4,0.9994187355041504,exact_normalized_sequence,Whisper small.en word timestamp estimate,exact_text_whisper_estimate_auto_qc_pass,True,
-a55Q6RWvTA$_$3,62,spending,62,62,spending,19.4,19.9,19.4,19.9,0.9993341565132141,exact_normalized_sequence,Whisper small.en word timestamp estimate,exact_text_whisper_estimate_auto_qc_pass,True,
-a55Q6RWvTA$_$3,63,money,63,63,money,19.9,20.58,19.9,20.58,0.9988282322883606,exact_normalized_sequence,Whisper small.en word timestamp estimate,exact_text_whisper_estimate_auto_qc_pass,True,
-a55Q6RWvTA$_$3,64,per,64,64,per,20.58,21.06,20.58,21.06,0.9990777969360352,exact_normalized_sequence,Whisper small.en word timestamp estimate,exact_text_whisper_estimate_auto_qc_pass,True,
-a55Q6RWvTA$_$3,65,se,65,65,se,21.06,21.46,21.06,21.46,0.8469687700271606,exact_normalized_sequence,Whisper small.en word timestamp estimate,exact_text_whisper_estimate_auto_qc_pass,True,
-aNfi7CP8vM$_$7,1,Maybe,1,1,Maybe,0.0,0.68,0.0,0.68,0.5474770665168762,exact_normalized_sequence,Whisper small.en word timestamp estimate,exact_text_whisper_estimate_auto_qc_pass,True,
-aNfi7CP8vM$_$7,2,they,2,2,they,0.68,0.9,0.68,0.9,0.962196946144104,exact_normalized_sequence,Whisper small.en word timestamp estimate,exact_text_whisper_estimate_auto_qc_pass,True,
-aNfi7CP8vM$_$7,3,have,3,3,have,0.9,1.04,0.9,1.04,0.9770349264144897,exact_normalized_sequence,Whisper small.en word timestamp estimate,exact_text_whisper_estimate_auto_qc_pass,True,
-aNfi7CP8vM$_$7,4,no,4,4,no,1.04,2.06,1.04,2.06,0.6512276530265808,exact_normalized_sequence,Whisper small.en word timestamp estimate,exact_text_whisper_estimate_auto_qc_pass,True,
-aNfi7CP8vM$_$7,5,political,5,5,political,2.06,2.44,2.06,2.44,0.8346759080886841,exact_normalized_sequence,Whisper small.en word timestamp estimate,exact_text_whisper_estimate_auto_qc_pass,True,
-aNfi7CP8vM$_$7,6,party,6,6,party,2.44,2.92,2.44,2.92,0.9942254424095154,exact_normalized_sequence,Whisper small.en word timestamp estimate,exact_text_whisper_estimate_auto_qc_pass,True,
-aNfi7CP8vM$_$7,7,affiliation,7,7,affiliation,2.92,3.56,2.92,3.56,0.9951663017272949,exact_normalized_sequence,Whisper small.en word timestamp estimate,exact_text_whisper_estimate_auto_qc_pass,True,
-aNfi7CP8vM$_$7,8,they're,8,8,they're,4.22,4.42,4.22,4.42,0.9540828764438629,exact_normalized_sequence,Whisper small.en word timestamp estimate,exact_text_whisper_estimate_auto_qc_pass,True,
-aNfi7CP8vM$_$7,9,not,9,9,not,4.42,4.62,4.42,4.62,0.9993709921836853,exact_normalized_sequence,Whisper small.en word timestamp estimate,exact_text_whisper_estimate_auto_qc_pass,True,
-aNfi7CP8vM$_$7,10,interested,10,10,interested,4.62,5.0,4.62,5.0,0.9922547340393066,exact_normalized_sequence,Whisper small.en word timestamp estimate,exact_text_whisper_estimate_auto_qc_pass,True,
-aNfi7CP8vM$_$7,11,in,11,11,in,5.0,5.34,5.0,5.34,0.9983153343200684,exact_normalized_sequence,Whisper small.en word timestamp estimate,exact_text_whisper_estimate_auto_qc_pass,True,
-aNfi7CP8vM$_$7,12,politics,12,12,politics,5.34,5.64,5.34,5.64,0.9977310299873352,exact_normalized_sequence,Whisper small.en word timestamp estimate,exact_text_whisper_estimate_auto_qc_pass,True,
-aNfi7CP8vM$_$7,13,they,13,13,they,6.0,6.12,6.0,6.12,0.9823656678199768,exact_normalized_sequence,Whisper small.en word timestamp estimate,exact_text_whisper_estimate_auto_qc_pass,True,
-aNfi7CP8vM$_$7,14,could,14,14,could,6.12,6.28,6.12,6.28,0.8453593254089355,exact_normalized_sequence,Whisper small.en word timestamp estimate,exact_text_whisper_estimate_auto_qc_pass,True,
-aNfi7CP8vM$_$7,15,care,15,15,care,6.28,6.48,6.28,6.48,0.9988189339637756,exact_normalized_sequence,Whisper small.en word timestamp estimate,exact_text_whisper_estimate_auto_qc_pass,True,
-aNfi7CP8vM$_$7,16,less,16,16,less,6.48,6.76,6.48,6.76,0.9991970658302307,exact_normalized_sequence,Whisper small.en word timestamp estimate,exact_text_whisper_estimate_auto_qc_pass,True,
-aNfi7CP8vM$_$7,17,about,17,17,about,6.76,7.08,6.76,7.08,0.9993952512741089,exact_normalized_sequence,Whisper small.en word timestamp estimate,exact_text_whisper_estimate_auto_qc_pass,True,
-aNfi7CP8vM$_$7,18,politics,18,18,politics,7.08,7.72,7.08,7.72,0.9981212019920349,exact_normalized_sequence,Whisper small.en word timestamp estimate,exact_text_whisper_estimate_auto_qc_pass,True,
-aqamKhZ1Ec$_$0,1,In,1,1,In,0.0,0.36,0.0,0.36,0.7604144811630249,mandatory_unique_pair_in_all_optimal_LCS,Whisper small.en word timestamp estimate,partial_whisper_estimate_auto_qc_pass,True,
-aqamKhZ1Ec$_$0,2,2008,2,2,2008,0.36,1.42,0.36,1.42,0.9796323180198669,mandatory_unique_pair_in_all_optimal_LCS,Whisper small.en word timestamp estimate,partial_whisper_estimate_auto_qc_pass,True,
-aqamKhZ1Ec$_$0,3,there,3,3,there,1.92,3.0,1.92,3.0,0.9876747131347656,mandatory_unique_pair_in_all_optimal_LCS,Whisper small.en word timestamp estimate,partial_whisper_estimate_auto_qc_pass,True,
-aqamKhZ1Ec$_$0,4,were,4,4,were,3.0,3.14,3.0,3.14,0.8188649415969849,mandatory_unique_pair_in_all_optimal_LCS,Whisper small.en word timestamp estimate,partial_whisper_estimate_auto_qc_pass,True,
-aqamKhZ1Ec$_$0,5,very,5,5,very,3.14,3.5,3.14,3.5,0.9805330038070679,mandatory_unique_pair_in_all_optimal_LCS,Whisper small.en word timestamp estimate,partial_whisper_estimate_auto_qc_pass,True,
-aqamKhZ1Ec$_$0,6,serious,6,6,serious,3.5,4.06,3.5,4.06,0.9968198537826538,mandatory_unique_pair_in_all_optimal_LCS,Whisper small.en word timestamp estimate,partial_whisper_estimate_auto_qc_pass,True,
-aqamKhZ1Ec$_$0,7,tribal,7,7,tribal,4.06,4.48,4.06,4.48,0.9861040711402893,mandatory_unique_pair_in_all_optimal_LCS,Whisper small.en word timestamp estimate,partial_whisper_estimate_auto_qc_pass,True,
-aqamKhZ1Ec$_$0,8,warfare,8,8,warfare,4.48,5.14,4.48,5.14,0.9956067204475403,mandatory_unique_pair_in_all_optimal_LCS,Whisper small.en word timestamp estimate,partial_whisper_estimate_auto_qc_pass,True,
-aqamKhZ1Ec$_$0,9,in,9,9,in,5.14,5.6,5.14,5.6,0.9855753183364868,mandatory_unique_pair_in_all_optimal_LCS,Whisper small.en word timestamp estimate,partial_whisper_estimate_auto_qc_pass,True,
-aqamKhZ1Ec$_$0,10,Kenya,10,10,Kenya,5.6,6.3,5.6,6.3,0.9933607578277588,mandatory_unique_pair_in_all_optimal_LCS,Whisper small.en word timestamp estimate,partial_whisper_estimate_auto_qc_pass,True,
-aqamKhZ1Ec$_$0,11,following,13,13,following,7.84,9.16,7.84,9.16,0.22640760242938995,mandatory_unique_pair_in_all_optimal_LCS,Whisper small.en word timestamp estimate,partial_whisper_estimate_auto_qc_pass,True,
-aqamKhZ1Ec$_$0,12,a,14,14,a,9.16,9.48,9.16,9.48,0.902585506439209,mandatory_unique_pair_in_all_optimal_LCS,Whisper small.en word timestamp estimate,partial_whisper_estimate_auto_qc_pass,True,
-aqamKhZ1Ec$_$0,13,disputed,15,15,disputed,9.48,9.82,9.48,9.82,0.9891669750213623,mandatory_unique_pair_in_all_optimal_LCS,Whisper small.en word timestamp estimate,partial_whisper_estimate_auto_qc_pass,True,
-aqamKhZ1Ec$_$0,14,election,16,16,election,9.82,10.38,9.82,10.38,0.9824302196502686,mandatory_unique_pair_in_all_optimal_LCS,Whisper small.en word timestamp estimate,partial_whisper_estimate_auto_qc_pass,True,
-dxfTGcXJoc$_$1,1,For,1,1,For,0.0,0.6,0.0,0.6,0.8124502897262573,mandatory_unique_pair_in_all_optimal_LCS,Whisper small.en word timestamp estimate,partial_whisper_estimate_auto_qc_pass,True,
-dxfTGcXJoc$_$1,2,the,2,2,the,0.6,0.76,0.6,0.76,0.9960387945175171,mandatory_unique_pair_in_all_optimal_LCS,Whisper small.en word timestamp estimate,partial_whisper_estimate_auto_qc_pass,True,
-dxfTGcXJoc$_$1,3,10th,,,,,,,,,mandatory_unique_pair_in_all_optimal_LCS,,official_word_unmatched_or_ambiguous,False,
-dxfTGcXJoc$_$1,4,straight,4,4,straight,0.98,1.36,0.98,1.36,0.9746900796890259,mandatory_unique_pair_in_all_optimal_LCS,Whisper small.en word timestamp estimate,partial_whisper_estimate_auto_qc_pass,True,
-dxfTGcXJoc$_$1,5,year,5,5,year,1.36,1.84,1.36,1.84,0.9675220847129822,mandatory_unique_pair_in_all_optimal_LCS,Whisper small.en word timestamp estimate,partial_whisper_estimate_auto_qc_pass,True,
-dxfTGcXJoc$_$1,6,some,6,6,some,2.28,2.52,2.28,2.52,0.9962001442909241,mandatory_unique_pair_in_all_optimal_LCS,Whisper small.en word timestamp estimate,partial_whisper_estimate_auto_qc_pass,True,
-dxfTGcXJoc$_$1,7,of,7,7,of,2.52,2.72,2.52,2.72,0.9962413311004639,mandatory_unique_pair_in_all_optimal_LCS,Whisper small.en word timestamp estimate,partial_whisper_estimate_auto_qc_pass,True,
-dxfTGcXJoc$_$1,8,Kentucky's,8,8,Kentucky's,2.72,3.28,2.72,3.28,0.9958336353302002,mandatory_unique_pair_in_all_optimal_LCS,Whisper small.en word timestamp estimate,partial_whisper_estimate_auto_qc_pass,True,
-dxfTGcXJoc$_$1,9,best,9,9,best,3.28,3.64,3.28,3.64,0.9948169589042664,mandatory_unique_pair_in_all_optimal_LCS,Whisper small.en word timestamp estimate,partial_whisper_estimate_auto_qc_pass,True,
-dxfTGcXJoc$_$1,10,and,10,10,and,3.64,4.0,3.64,4.0,0.9905956983566284,mandatory_unique_pair_in_all_optimal_LCS,Whisper small.en word timestamp estimate,partial_whisper_estimate_auto_qc_pass,True,
-dxfTGcXJoc$_$1,11,most,11,11,most,4.0,4.26,4.0,4.26,0.9971856474876404,mandatory_unique_pair_in_all_optimal_LCS,Whisper small.en word timestamp estimate,partial_whisper_estimate_auto_qc_pass,True,
-dxfTGcXJoc$_$1,12,innovative,12,12,innovative,4.26,4.86,4.26,4.86,0.989368736743927,mandatory_unique_pair_in_all_optimal_LCS,Whisper small.en word timestamp estimate,partial_whisper_estimate_auto_qc_pass,True,
-dxfTGcXJoc$_$1,13,biotech,13,13,biotech,4.86,5.28,4.86,5.28,0.9852398633956909,mandatory_unique_pair_in_all_optimal_LCS,Whisper small.en word timestamp estimate,partial_whisper_estimate_auto_qc_pass,True,
-dxfTGcXJoc$_$1,14,companies,14,14,companies,5.28,5.9,5.28,5.9,0.9974828362464905,mandatory_unique_pair_in_all_optimal_LCS,Whisper small.en word timestamp estimate,partial_whisper_estimate_auto_qc_pass,True,
-dxfTGcXJoc$_$1,15,and,15,15,and,5.9,6.16,5.9,6.16,0.9923449158668518,mandatory_unique_pair_in_all_optimal_LCS,Whisper small.en word timestamp estimate,partial_whisper_estimate_auto_qc_pass,True,
-dxfTGcXJoc$_$1,16,technologies,16,16,technologies,6.16,6.84,6.16,6.84,0.9930645823478699,mandatory_unique_pair_in_all_optimal_LCS,Whisper small.en word timestamp estimate,partial_whisper_estimate_auto_qc_pass,True,
-dxfTGcXJoc$_$1,17,were,17,17,were,6.84,7.46,6.84,7.46,0.9818690419197083,mandatory_unique_pair_in_all_optimal_LCS,Whisper small.en word timestamp estimate,partial_whisper_estimate_auto_qc_pass,True,
-dxfTGcXJoc$_$1,18,on,18,18,on,7.46,7.76,7.46,7.76,0.9970877766609192,mandatory_unique_pair_in_all_optimal_LCS,Whisper small.en word timestamp estimate,partial_whisper_estimate_auto_qc_pass,True,
-dxfTGcXJoc$_$1,19,display,19,19,display,7.76,8.32,7.76,8.32,0.998371422290802,mandatory_unique_pair_in_all_optimal_LCS,Whisper small.en word timestamp estimate,partial_whisper_estimate_auto_qc_pass,True,
-dxfTGcXJoc$_$1,20,at,20,20,at,8.32,8.74,8.32,8.74,0.9967648983001709,mandatory_unique_pair_in_all_optimal_LCS,Whisper small.en word timestamp estimate,partial_whisper_estimate_auto_qc_pass,True,
-dxfTGcXJoc$_$1,21,the,21,21,the,8.74,8.94,8.74,8.94,0.995392918586731,mandatory_unique_pair_in_all_optimal_LCS,Whisper small.en word timestamp estimate,partial_whisper_estimate_auto_qc_pass,True,
-dxfTGcXJoc$_$1,22,annual,22,22,annual,8.94,9.4,8.94,9.4,0.9364872574806213,mandatory_unique_pair_in_all_optimal_LCS,Whisper small.en word timestamp estimate,partial_whisper_estimate_auto_qc_pass,True,
-dxfTGcXJoc$_$1,23,BIO,23,23,Bio,9.4,9.92,9.4,9.92,0.7866565585136414,mandatory_unique_pair_in_all_optimal_LCS,Whisper small.en word timestamp estimate,partial_whisper_estimate_auto_qc_pass,True,
-dxfTGcXJoc$_$1,24,International,24,24,International,9.92,10.62,9.92,10.62,0.5995573997497559,mandatory_unique_pair_in_all_optimal_LCS,Whisper small.en word timestamp estimate,partial_whisper_estimate_auto_qc_pass,True,
-dxfTGcXJoc$_$1,25,Convention,25,25,Convention,10.62,11.14,10.62,11.14,0.9161333441734314,mandatory_unique_pair_in_all_optimal_LCS,Whisper small.en word timestamp estimate,partial_whisper_estimate_auto_qc_pass,True,
-dxfTGcXJoc$_$1,26,which,26,26,which,11.74,12.04,11.74,12.04,0.9975305199623108,mandatory_unique_pair_in_all_optimal_LCS,Whisper small.en word timestamp estimate,partial_whisper_estimate_auto_qc_pass,True,
-dxfTGcXJoc$_$1,27,I,27,27,I,12.04,12.44,12.04,12.44,0.9978874325752258,mandatory_unique_pair_in_all_optimal_LCS,Whisper small.en word timestamp estimate,partial_whisper_estimate_auto_qc_pass,True,
-dxfTGcXJoc$_$1,28,and,28,28,and,12.44,12.66,12.44,12.66,0.9904864430427551,mandatory_unique_pair_in_all_optimal_LCS,Whisper small.en word timestamp estimate,partial_whisper_estimate_auto_qc_pass,True,
-dxfTGcXJoc$_$1,29,other,29,29,other,12.66,12.94,12.66,12.94,0.9950591325759888,mandatory_unique_pair_in_all_optimal_LCS,Whisper small.en word timestamp estimate,partial_whisper_estimate_auto_qc_pass,True,
-dxfTGcXJoc$_$1,30,state,30,30,state,12.94,13.18,12.94,13.18,0.9842007756233215,mandatory_unique_pair_in_all_optimal_LCS,Whisper small.en word timestamp estimate,partial_whisper_estimate_auto_qc_pass,True,
-dxfTGcXJoc$_$1,31,officials,31,31,officials,13.18,13.58,13.18,13.58,0.9986031651496887,mandatory_unique_pair_in_all_optimal_LCS,Whisper small.en word timestamp estimate,partial_whisper_estimate_auto_qc_pass,True,
-dxfTGcXJoc$_$1,32,attended,32,32,attended,13.58,14.02,13.58,14.02,0.99906986951828,mandatory_unique_pair_in_all_optimal_LCS,Whisper small.en word timestamp estimate,partial_whisper_estimate_auto_qc_pass,True,
-dxfTGcXJoc$_$1,33,this,33,33,this,14.02,14.32,14.02,14.32,0.9919798374176025,mandatory_unique_pair_in_all_optimal_LCS,Whisper small.en word timestamp estimate,partial_whisper_estimate_auto_qc_pass,True,
-dxfTGcXJoc$_$1,34,week,34,34,week,14.32,14.6,14.32,14.6,0.9986037611961365,mandatory_unique_pair_in_all_optimal_LCS,Whisper small.en word timestamp estimate,partial_whisper_estimate_auto_qc_pass,True,
-dxfTGcXJoc$_$1,35,in,35,35,in,14.6,14.94,14.6,14.94,0.9827864170074463,mandatory_unique_pair_in_all_optimal_LCS,Whisper small.en word timestamp estimate,partial_whisper_estimate_auto_qc_pass,True,
-dxfTGcXJoc$_$1,36,Chicago,36,36,Chicago,14.94,15.28,14.94,15.28,0.9978814721107483,mandatory_unique_pair_in_all_optimal_LCS,Whisper small.en word timestamp estimate,partial_whisper_estimate_auto_qc_pass,True,
-dxfTGcXJoc$_$0,1,This,1,1,This,0.0,0.68,0.0,0.68,0.7148575186729431,mandatory_unique_pair_in_all_optimal_LCS,Whisper small.en word timestamp estimate,partial_whisper_estimate_auto_qc_pass,True,
-dxfTGcXJoc$_$0,2,is,2,2,is,0.68,0.9,0.68,0.9,0.9918164610862732,mandatory_unique_pair_in_all_optimal_LCS,Whisper small.en word timestamp estimate,partial_whisper_estimate_auto_qc_pass,True,
-dxfTGcXJoc$_$0,3,Governor,3,3,Governor,0.9,1.14,0.9,1.14,0.926433801651001,mandatory_unique_pair_in_all_optimal_LCS,Whisper small.en word timestamp estimate,partial_whisper_estimate_auto_qc_pass,True,
-dxfTGcXJoc$_$0,4,Steve,4,4,Steve,1.14,1.52,1.14,1.52,0.9608113169670105,mandatory_unique_pair_in_all_optimal_LCS,Whisper small.en word timestamp estimate,partial_whisper_estimate_auto_qc_pass,True,
-dxfTGcXJoc$_$0,5,Beshear,5,5,Beshear,1.52,2.08,1.52,2.08,0.9780836304028829,mandatory_unique_pair_in_all_optimal_LCS,Whisper small.en word timestamp estimate,partial_whisper_estimate_auto_qc_pass,True,
-dxfTGcXJoc$_$0,6,About,6,7,About,2.56,2.82,2.56,2.82,0.9904996752738953,mandatory_unique_pair_in_all_optimal_LCS,Whisper small.en word timestamp estimate,partial_whisper_estimate_auto_qc_pass,True,
-dxfTGcXJoc$_$0,7,Kentucky,7,8,Kentucky,2.82,3.4,2.82,3.4,0.988412082195282,mandatory_unique_pair_in_all_optimal_LCS,Whisper small.en word timestamp estimate,partial_whisper_estimate_auto_qc_pass,True,
-dxfTGcXJoc$_$0,8,Our,8,9,Our,4.36,4.54,4.36,4.54,0.9653156995773315,mandatory_unique_pair_in_all_optimal_LCS,Whisper small.en word timestamp estimate,partial_whisper_estimate_auto_qc_pass,True,
-dxfTGcXJoc$_$0,9,state,9,10,state,4.54,4.84,4.54,4.84,0.9637653827667236,mandatory_unique_pair_in_all_optimal_LCS,Whisper small.en word timestamp estimate,partial_whisper_estimate_auto_qc_pass,True,
-dxfTGcXJoc$_$0,10,is,10,11,is,4.84,5.08,4.84,5.08,0.9971722960472107,mandatory_unique_pair_in_all_optimal_LCS,Whisper small.en word timestamp estimate,partial_whisper_estimate_auto_qc_pass,True,
-dxfTGcXJoc$_$0,11,home,11,12,home,5.08,5.36,5.08,5.36,0.9976771473884583,mandatory_unique_pair_in_all_optimal_LCS,Whisper small.en word timestamp estimate,partial_whisper_estimate_auto_qc_pass,True,
-dxfTGcXJoc$_$0,12,to,12,13,to,5.36,5.64,5.36,5.64,0.9929694533348083,mandatory_unique_pair_in_all_optimal_LCS,Whisper small.en word timestamp estimate,partial_whisper_estimate_auto_qc_pass,True,
-dxfTGcXJoc$_$0,13,more,13,14,more,5.64,5.84,5.64,5.84,0.9951406717300415,mandatory_unique_pair_in_all_optimal_LCS,Whisper small.en word timestamp estimate,partial_whisper_estimate_auto_qc_pass,True,
-dxfTGcXJoc$_$0,14,than,14,15,than,5.84,6.1,5.84,6.1,0.9927109479904175,mandatory_unique_pair_in_all_optimal_LCS,Whisper small.en word timestamp estimate,partial_whisper_estimate_auto_qc_pass,True,
-dxfTGcXJoc$_$0,15,1,15,16,1,6.1,6.32,6.1,6.32,0.8208277225494385,mandatory_unique_pair_in_all_optimal_LCS,Whisper small.en word timestamp estimate,partial_whisper_estimate_auto_qc_pass,True,
-dxfTGcXJoc$_$0,16,500,16,17,500,6.32,6.8,6.32,6.8,0.9959996044635773,mandatory_unique_pair_in_all_optimal_LCS,Whisper small.en word timestamp estimate,partial_whisper_estimate_auto_qc_pass,True,
-dxfTGcXJoc$_$0,17,bioscience,17,18,bioscience,6.8,8.02,6.8,8.02,0.8557510375976562,mandatory_unique_pair_in_all_optimal_LCS,Whisper small.en word timestamp estimate,partial_whisper_estimate_auto_qc_pass,True,
-dxfTGcXJoc$_$0,18,and,18,19,and,8.02,8.34,8.02,8.34,0.9864315390586853,mandatory_unique_pair_in_all_optimal_LCS,Whisper small.en word timestamp estimate,partial_whisper_estimate_auto_qc_pass,True,
-dxfTGcXJoc$_$0,19,lifescience,,,,,,,,,mandatory_unique_pair_in_all_optimal_LCS,,official_word_unmatched_or_ambiguous,False,
-dxfTGcXJoc$_$0,20,companies,21,22,companies,9.02,9.4,9.02,9.4,0.9983813762664795,mandatory_unique_pair_in_all_optimal_LCS,Whisper small.en word timestamp estimate,partial_whisper_estimate_auto_qc_pass,True,
-dxfTGcXJoc$_$0,21,and,22,23,and,10.0,10.16,10.0,10.16,0.9917646050453186,mandatory_unique_pair_in_all_optimal_LCS,Whisper small.en word timestamp estimate,partial_whisper_estimate_auto_qc_pass,True,
-dxfTGcXJoc$_$0,22,more,23,24,more,10.16,10.34,10.16,10.34,0.9931706190109253,mandatory_unique_pair_in_all_optimal_LCS,Whisper small.en word timestamp estimate,partial_whisper_estimate_auto_qc_pass,True,
-dxfTGcXJoc$_$0,23,than,24,25,than,10.34,10.54,10.34,10.54,0.9965946078300476,mandatory_unique_pair_in_all_optimal_LCS,Whisper small.en word timestamp estimate,partial_whisper_estimate_auto_qc_pass,True,
-dxfTGcXJoc$_$0,24,100,25,26,100,10.54,10.98,10.54,10.98,0.8712180256843567,mandatory_unique_pair_in_all_optimal_LCS,Whisper small.en word timestamp estimate,partial_whisper_estimate_auto_qc_pass,True,
-dxfTGcXJoc$_$0,25,000,26,27,000,10.98,11.46,10.98,11.46,0.9836651086807251,mandatory_unique_pair_in_all_optimal_LCS,Whisper small.en word timestamp estimate,partial_whisper_estimate_auto_qc_pass,True,
-dxfTGcXJoc$_$0,26,people,27,28,people,11.46,11.82,11.46,11.82,0.9887214303016663,mandatory_unique_pair_in_all_optimal_LCS,Whisper small.en word timestamp estimate,partial_whisper_estimate_auto_qc_pass,True,
-dxfTGcXJoc$_$0,27,who,28,29,who,11.82,12.18,11.82,12.18,0.9814481139183044,mandatory_unique_pair_in_all_optimal_LCS,Whisper small.en word timestamp estimate,partial_whisper_estimate_auto_qc_pass,True,
-dxfTGcXJoc$_$0,28,work,29,30,work,12.18,12.38,12.18,12.38,0.9919928312301636,mandatory_unique_pair_in_all_optimal_LCS,Whisper small.en word timestamp estimate,partial_whisper_estimate_auto_qc_pass,True,
-dxfTGcXJoc$_$0,29,for,30,31,for,12.38,12.58,12.38,12.58,0.9957148432731628,mandatory_unique_pair_in_all_optimal_LCS,Whisper small.en word timestamp estimate,partial_whisper_estimate_auto_qc_pass,True,
-dxfTGcXJoc$_$0,30,these,31,32,these,12.58,12.78,12.58,12.78,0.9928154945373535,mandatory_unique_pair_in_all_optimal_LCS,Whisper small.en word timestamp estimate,partial_whisper_estimate_auto_qc_pass,True,
-dxfTGcXJoc$_$0,31,firms,32,33,firms,12.78,13.08,12.78,13.08,0.9901584982872009,mandatory_unique_pair_in_all_optimal_LCS,Whisper small.en word timestamp estimate,partial_whisper_estimate_auto_qc_pass,True,
-dxfTGcXJoc$_$0,32,in,33,34,in,13.8,14.02,13.8,14.02,0.9890087246894836,mandatory_unique_pair_in_all_optimal_LCS,Whisper small.en word timestamp estimate,partial_whisper_estimate_auto_qc_pass,True,
-dxfTGcXJoc$_$0,33,areas,34,35,areas,14.02,14.44,14.02,14.44,0.993313729763031,mandatory_unique_pair_in_all_optimal_LCS,Whisper small.en word timestamp estimate,partial_whisper_estimate_auto_qc_pass,True,
-dxfTGcXJoc$_$0,34,from,35,36,from,14.44,14.9,14.44,14.9,0.9869270920753479,mandatory_unique_pair_in_all_optimal_LCS,Whisper small.en word timestamp estimate,partial_whisper_estimate_auto_qc_pass,True,
-dxfTGcXJoc$_$0,35,nutrigenomics,36,37,nutrigenomics,14.9,16.0,14.9,16.0,0.823793962597847,mandatory_unique_pair_in_all_optimal_LCS,Whisper small.en word timestamp estimate,partial_whisper_estimate_auto_qc_pass,True,
-dxfTGcXJoc$_$0,36,and,37,38,and,16.0,16.36,16.0,16.36,0.9717255234718323,mandatory_unique_pair_in_all_optimal_LCS,Whisper small.en word timestamp estimate,partial_whisper_estimate_auto_qc_pass,True,
-dxfTGcXJoc$_$0,37,pharmaceuticals,38,39,pharmaceuticals,16.36,17.46,16.36,17.46,0.9965240955352783,mandatory_unique_pair_in_all_optimal_LCS,Whisper small.en word timestamp estimate,partial_whisper_estimate_auto_qc_pass,True,
-dxfTGcXJoc$_$0,38,to,39,40,to,17.46,17.74,17.46,17.74,0.5810564756393433,mandatory_unique_pair_in_all_optimal_LCS,Whisper small.en word timestamp estimate,partial_whisper_estimate_auto_qc_pass,True,
-dxfTGcXJoc$_$0,39,nanotechnology,40,41,nanotechnology,17.74,18.52,17.74,18.52,0.978647917509079,mandatory_unique_pair_in_all_optimal_LCS,Whisper small.en word timestamp estimate,partial_whisper_estimate_auto_qc_pass,True,
-dxfTGcXJoc$_$0,40,and,41,42,and,18.52,18.9,18.52,18.9,0.9950062036514282,mandatory_unique_pair_in_all_optimal_LCS,Whisper small.en word timestamp estimate,partial_whisper_estimate_auto_qc_pass,True,
-dxfTGcXJoc$_$0,41,medical,42,43,medical,18.9,19.2,18.9,19.2,0.9990587830543518,mandatory_unique_pair_in_all_optimal_LCS,Whisper small.en word timestamp estimate,partial_whisper_estimate_auto_qc_pass,True,
-dxfTGcXJoc$_$0,42,devices,43,44,devices,19.2,19.7,19.2,19.7,0.9967724680900574,mandatory_unique_pair_in_all_optimal_LCS,Whisper small.en word timestamp estimate,partial_whisper_estimate_auto_qc_pass,True,
-dxfTGcXJoc$_$2,1,An,1,1,An,0.0,0.62,0.0,0.62,0.952364444732666,exact_normalized_sequence,Whisper small.en word timestamp estimate,exact_text_whisper_estimate_auto_qc_pass,True,
-dxfTGcXJoc$_$2,2,estimated,2,2,estimated,0.62,1.16,0.62,1.16,0.998588502407074,exact_normalized_sequence,Whisper small.en word timestamp estimate,exact_text_whisper_estimate_auto_qc_pass,True,
-dxfTGcXJoc$_$2,3,20,3,3,20,1.16,1.64,1.16,1.64,0.9689627289772034,exact_normalized_sequence,Whisper small.en word timestamp estimate,exact_text_whisper_estimate_auto_qc_pass,True,
-dxfTGcXJoc$_$2,4,000,4,4,000,1.64,2.28,1.64,2.28,0.9875012338161469,exact_normalized_sequence,Whisper small.en word timestamp estimate,exact_text_whisper_estimate_auto_qc_pass,True,
-dxfTGcXJoc$_$2,5,biotech,5,5,biotech,2.28,2.82,2.28,2.82,0.9279576539993286,exact_normalized_sequence,Whisper small.en word timestamp estimate,exact_text_whisper_estimate_auto_qc_pass,True,
-dxfTGcXJoc$_$2,6,scientists,6,6,scientists,2.82,3.52,2.82,3.52,0.9503103494644165,exact_normalized_sequence,Whisper small.en word timestamp estimate,exact_text_whisper_estimate_auto_qc_pass,True,
-dxfTGcXJoc$_$2,7,executives,7,7,executives,3.9,4.28,3.9,4.28,0.9978227615356445,exact_normalized_sequence,Whisper small.en word timestamp estimate,exact_text_whisper_estimate_auto_qc_pass,True,
-dxfTGcXJoc$_$2,8,and,8,8,and,4.82,4.88,4.82,4.88,0.9975307583808899,exact_normalized_sequence,Whisper small.en word timestamp estimate,exact_text_whisper_estimate_auto_qc_pass,True,
-dxfTGcXJoc$_$2,9,industry,9,9,industry,4.88,5.42,4.88,5.42,0.9994296431541443,exact_normalized_sequence,Whisper small.en word timestamp estimate,exact_text_whisper_estimate_auto_qc_pass,True,
-dxfTGcXJoc$_$2,10,experts,10,10,experts,5.42,5.92,5.42,5.92,0.9994206428527832,exact_normalized_sequence,Whisper small.en word timestamp estimate,exact_text_whisper_estimate_auto_qc_pass,True,
-dxfTGcXJoc$_$2,11,from,11,11,from,5.92,6.54,5.92,6.54,0.9306422472000122,exact_normalized_sequence,Whisper small.en word timestamp estimate,exact_text_whisper_estimate_auto_qc_pass,True,
-dxfTGcXJoc$_$2,12,more,12,12,more,6.54,6.74,6.54,6.74,0.9829806089401245,exact_normalized_sequence,Whisper small.en word timestamp estimate,exact_text_whisper_estimate_auto_qc_pass,True,
-dxfTGcXJoc$_$2,13,than,13,13,than,6.74,6.94,6.74,6.94,0.9978195428848267,exact_normalized_sequence,Whisper small.en word timestamp estimate,exact_text_whisper_estimate_auto_qc_pass,True,
-dxfTGcXJoc$_$2,14,50,14,14,50,6.94,7.22,6.94,7.22,0.9555700421333313,exact_normalized_sequence,Whisper small.en word timestamp estimate,exact_text_whisper_estimate_auto_qc_pass,True,
-dxfTGcXJoc$_$2,15,nations,15,15,nations,7.22,7.7,7.22,7.7,0.997530996799469,exact_normalized_sequence,Whisper small.en word timestamp estimate,exact_text_whisper_estimate_auto_qc_pass,True,
-dxfTGcXJoc$_$2,16,were,16,16,were,7.7,8.2,7.7,8.2,0.9387115240097046,exact_normalized_sequence,Whisper small.en word timestamp estimate,exact_text_whisper_estimate_auto_qc_pass,True,
-dxfTGcXJoc$_$2,17,at,17,17,at,8.2,8.48,8.2,8.48,0.9974229335784912,exact_normalized_sequence,Whisper small.en word timestamp estimate,exact_text_whisper_estimate_auto_qc_pass,True,
-dxfTGcXJoc$_$2,18,the,18,18,the,8.48,8.66,8.48,8.66,0.9953755140304565,exact_normalized_sequence,Whisper small.en word timestamp estimate,exact_text_whisper_estimate_auto_qc_pass,True,
-dxfTGcXJoc$_$2,19,BIO,19,19,bio,8.66,8.9,8.66,8.9,0.28713300824165344,exact_normalized_sequence,Whisper small.en word timestamp estimate,exact_text_whisper_estimate_auto_qc_pass,True,
-dxfTGcXJoc$_$2,20,conference,20,20,conference,8.9,9.4,8.9,9.4,0.6051831841468811,exact_normalized_sequence,Whisper small.en word timestamp estimate,exact_text_whisper_estimate_auto_qc_pass,True,
-dxfTGcXJoc$_$2,21,to,21,21,to,9.4,9.74,9.4,9.74,0.9952569603919983,exact_normalized_sequence,Whisper small.en word timestamp estimate,exact_text_whisper_estimate_auto_qc_pass,True,
-dxfTGcXJoc$_$2,22,learn,22,22,learn,9.74,10.0,9.74,10.0,0.9979599714279175,exact_normalized_sequence,Whisper small.en word timestamp estimate,exact_text_whisper_estimate_auto_qc_pass,True,
-dxfTGcXJoc$_$2,23,about,23,23,about,10.0,10.38,10.0,10.38,0.9972270131111145,exact_normalized_sequence,Whisper small.en word timestamp estimate,exact_text_whisper_estimate_auto_qc_pass,True,
-dxfTGcXJoc$_$2,24,the,24,24,the,10.38,10.56,10.38,10.56,0.995932400226593,exact_normalized_sequence,Whisper small.en word timestamp estimate,exact_text_whisper_estimate_auto_qc_pass,True,
-dxfTGcXJoc$_$2,25,latest,25,25,latest,10.56,10.84,10.56,10.84,0.9983164072036743,exact_normalized_sequence,Whisper small.en word timestamp estimate,exact_text_whisper_estimate_auto_qc_pass,True,
-dxfTGcXJoc$_$2,26,scientific,26,26,scientific,10.84,11.38,10.84,11.38,0.9992875456809998,exact_normalized_sequence,Whisper small.en word timestamp estimate,exact_text_whisper_estimate_auto_qc_pass,True,
-dxfTGcXJoc$_$2,27,advances,27,27,advances,11.38,11.98,11.38,11.98,0.9982201457023621,exact_normalized_sequence,Whisper small.en word timestamp estimate,exact_text_whisper_estimate_auto_qc_pass,True,
-dxfTGcXJoc$_$2,28,and,28,28,and,11.98,12.64,11.98,12.64,0.6906003952026367,exact_normalized_sequence,Whisper small.en word timestamp estimate,exact_text_whisper_estimate_auto_qc_pass,True,
-dxfTGcXJoc$_$2,29,to,29,29,to,12.64,12.76,12.64,12.76,0.9702901840209961,exact_normalized_sequence,Whisper small.en word timestamp estimate,exact_text_whisper_estimate_auto_qc_pass,True,
-dxfTGcXJoc$_$2,30,exchange,30,30,exchange,12.76,13.26,12.76,13.26,0.9980106949806213,exact_normalized_sequence,Whisper small.en word timestamp estimate,exact_text_whisper_estimate_auto_qc_pass,True,
-dxfTGcXJoc$_$2,31,ideas,31,31,ideas,13.26,13.78,13.26,13.78,0.999262273311615,exact_normalized_sequence,Whisper small.en word timestamp estimate,exact_text_whisper_estimate_auto_qc_pass,True,
-dxfTGcXJoc$_$2,32,and,32,32,and,13.78,14.3,13.78,14.3,0.9746407270431519,exact_normalized_sequence,Whisper small.en word timestamp estimate,exact_text_whisper_estimate_auto_qc_pass,True,
-dxfTGcXJoc$_$2,33,establish,33,33,establish,14.3,14.7,14.3,14.7,0.9866229891777039,exact_normalized_sequence,Whisper small.en word timestamp estimate,exact_text_whisper_estimate_auto_qc_pass,True,
-dxfTGcXJoc$_$2,34,business,34,34,business,14.7,15.18,14.7,15.18,0.9969882369041443,exact_normalized_sequence,Whisper small.en word timestamp estimate,exact_text_whisper_estimate_auto_qc_pass,True,
-dxfTGcXJoc$_$2,35,relationships,35,35,relationships,15.18,15.84,15.18,15.84,0.992405116558075,exact_normalized_sequence,Whisper small.en word timestamp estimate,exact_text_whisper_estimate_auto_qc_pass,True,
-dxfTGcXJoc$_$6,1,Kentucky's,1,1,Kentucky's,0.0,0.94,0.0,0.94,0.9299462735652924,exact_normalized_sequence,Whisper small.en word timestamp estimate,exact_text_whisper_estimate_auto_qc_pass,True,
-dxfTGcXJoc$_$6,2,participation,2,2,participation,0.94,1.54,0.94,1.54,0.9974910020828247,exact_normalized_sequence,Whisper small.en word timestamp estimate,exact_text_whisper_estimate_auto_qc_pass,True,
-dxfTGcXJoc$_$6,3,at,3,3,at,1.54,1.98,1.54,1.98,0.9870469570159912,exact_normalized_sequence,Whisper small.en word timestamp estimate,exact_text_whisper_estimate_auto_qc_pass,True,
-dxfTGcXJoc$_$6,4,the,4,4,the,1.98,2.16,1.98,2.16,0.9955833554267883,exact_normalized_sequence,Whisper small.en word timestamp estimate,exact_text_whisper_estimate_auto_qc_pass,True,
-dxfTGcXJoc$_$6,5,annual,5,5,annual,2.16,2.62,2.16,2.62,0.8764913082122803,exact_normalized_sequence,Whisper small.en word timestamp estimate,exact_text_whisper_estimate_auto_qc_pass,True,
-dxfTGcXJoc$_$6,6,BIO,6,6,Bio,2.62,2.98,2.62,2.98,0.8233585953712463,exact_normalized_sequence,Whisper small.en word timestamp estimate,exact_text_whisper_estimate_auto_qc_pass,True,
-dxfTGcXJoc$_$6,7,International,7,7,International,2.98,3.6,2.98,3.6,0.6399974972009659,exact_normalized_sequence,Whisper small.en word timestamp estimate,exact_text_whisper_estimate_auto_qc_pass,True,
-dxfTGcXJoc$_$6,8,Convention,8,8,Convention,3.6,4.08,3.6,4.08,0.9239956140518188,exact_normalized_sequence,Whisper small.en word timestamp estimate,exact_text_whisper_estimate_auto_qc_pass,True,
-dxfTGcXJoc$_$6,9,is,9,9,is,4.08,4.9,4.08,4.9,0.9768711924552917,exact_normalized_sequence,Whisper small.en word timestamp estimate,exact_text_whisper_estimate_auto_qc_pass,True,
-dxfTGcXJoc$_$6,10,the,10,10,the,4.9,5.14,4.9,5.14,0.995815098285675,exact_normalized_sequence,Whisper small.en word timestamp estimate,exact_text_whisper_estimate_auto_qc_pass,True,
-dxfTGcXJoc$_$6,11,primary,11,11,primary,5.14,5.56,5.14,5.56,0.9961367249488831,exact_normalized_sequence,Whisper small.en word timestamp estimate,exact_text_whisper_estimate_auto_qc_pass,True,
-dxfTGcXJoc$_$6,12,means,12,12,means,5.56,6.1,5.56,6.1,0.9985356330871582,exact_normalized_sequence,Whisper small.en word timestamp estimate,exact_text_whisper_estimate_auto_qc_pass,True,
-dxfTGcXJoc$_$6,13,by,13,13,by,6.1,6.4,6.1,6.4,0.9965864419937134,exact_normalized_sequence,Whisper small.en word timestamp estimate,exact_text_whisper_estimate_auto_qc_pass,True,
-dxfTGcXJoc$_$6,14,which,14,14,which,6.4,6.72,6.4,6.72,0.9995960593223572,exact_normalized_sequence,Whisper small.en word timestamp estimate,exact_text_whisper_estimate_auto_qc_pass,True,
-dxfTGcXJoc$_$6,15,our,15,15,our,6.72,7.12,6.72,7.12,0.9948315620422363,exact_normalized_sequence,Whisper small.en word timestamp estimate,exact_text_whisper_estimate_auto_qc_pass,True,
-dxfTGcXJoc$_$6,16,high,16,16,high,7.12,7.38,7.12,7.38,0.9670484662055969,exact_normalized_sequence,Whisper small.en word timestamp estimate,exact_text_whisper_estimate_auto_qc_pass,True,
-dxfTGcXJoc$_$6,17,tech,17,17,tech,7.38,7.62,7.38,7.62,0.9410685002803802,exact_normalized_sequence,Whisper small.en word timestamp estimate,exact_text_whisper_estimate_auto_qc_pass,True,
-dxfTGcXJoc$_$6,18,companies,18,18,companies,7.62,8.1,7.62,8.1,0.9981856942176819,exact_normalized_sequence,Whisper small.en word timestamp estimate,exact_text_whisper_estimate_auto_qc_pass,True,
-dxfTGcXJoc$_$6,19,and,19,19,and,8.1,8.36,8.1,8.36,0.9935042262077332,exact_normalized_sequence,Whisper small.en word timestamp estimate,exact_text_whisper_estimate_auto_qc_pass,True,
-dxfTGcXJoc$_$6,20,institutions,20,20,institutions,8.36,8.9,8.36,8.9,0.9967420697212219,exact_normalized_sequence,Whisper small.en word timestamp estimate,exact_text_whisper_estimate_auto_qc_pass,True,
-dxfTGcXJoc$_$6,21,can,21,21,can,8.9,9.52,8.9,9.52,0.9892459511756897,exact_normalized_sequence,Whisper small.en word timestamp estimate,exact_text_whisper_estimate_auto_qc_pass,True,
-dxfTGcXJoc$_$6,22,reach,22,22,reach,9.52,9.8,9.52,9.8,0.9990812540054321,exact_normalized_sequence,Whisper small.en word timestamp estimate,exact_text_whisper_estimate_auto_qc_pass,True,
-dxfTGcXJoc$_$6,23,out,23,23,out,9.8,10.12,9.8,10.12,0.9965640902519226,exact_normalized_sequence,Whisper small.en word timestamp estimate,exact_text_whisper_estimate_auto_qc_pass,True,
-dxfTGcXJoc$_$6,24,to,24,24,to,10.12,10.38,10.12,10.38,0.9964259266853333,exact_normalized_sequence,Whisper small.en word timestamp estimate,exact_text_whisper_estimate_auto_qc_pass,True,
-dxfTGcXJoc$_$6,25,the,25,25,the,10.38,10.52,10.38,10.52,0.9979106783866882,exact_normalized_sequence,Whisper small.en word timestamp estimate,exact_text_whisper_estimate_auto_qc_pass,True,
-dxfTGcXJoc$_$6,26,global,26,26,global,10.52,10.82,10.52,10.82,0.994841992855072,exact_normalized_sequence,Whisper small.en word timestamp estimate,exact_text_whisper_estimate_auto_qc_pass,True,
-dxfTGcXJoc$_$6,27,scientific,27,27,scientific,10.82,11.4,10.82,11.4,0.9958946704864502,exact_normalized_sequence,Whisper small.en word timestamp estimate,exact_text_whisper_estimate_auto_qc_pass,True,
-dxfTGcXJoc$_$6,28,community,28,28,community,11.4,11.9,11.4,11.9,0.9990829229354858,exact_normalized_sequence,Whisper small.en word timestamp estimate,exact_text_whisper_estimate_auto_qc_pass,True,
-egA8-b7-3M$_$26,1,We're,,,,,,,,,mandatory_unique_pair_in_all_optimal_LCS,,official_word_unmatched_or_ambiguous,False,
-egA8-b7-3M$_$26,2,updating,3,3,updating,0.7,1.08,0.7,1.08,0.9720376133918762,mandatory_unique_pair_in_all_optimal_LCS,Whisper small.en word timestamp estimate,partial_whisper_estimate_auto_qc_pass,True,
-egA8-b7-3M$_$26,3,it,4,4,it,1.08,1.3,1.08,1.3,0.8832579255104065,mandatory_unique_pair_in_all_optimal_LCS,Whisper small.en word timestamp estimate,partial_whisper_estimate_auto_qc_pass,True,
-egA8-b7-3M$_$26,4,all,5,5,all,1.3,1.52,1.3,1.52,0.9910500049591064,mandatory_unique_pair_in_all_optimal_LCS,Whisper small.en word timestamp estimate,partial_whisper_estimate_auto_qc_pass,True,
-egA8-b7-3M$_$26,5,the,6,6,the,1.52,1.68,1.52,1.68,0.9489180445671082,mandatory_unique_pair_in_all_optimal_LCS,Whisper small.en word timestamp estimate,partial_whisper_estimate_auto_qc_pass,True,
-egA8-b7-3M$_$26,6,time,7,7,time,1.68,2.04,1.68,2.04,0.9989334940910339,mandatory_unique_pair_in_all_optimal_LCS,Whisper small.en word timestamp estimate,partial_whisper_estimate_auto_qc_pass,True,
-egA8-b7-3M$_$26,7,and,8,8,and,2.04,2.58,2.04,2.58,0.8036439418792725,mandatory_unique_pair_in_all_optimal_LCS,Whisper small.en word timestamp estimate,partial_whisper_estimate_auto_qc_pass,True,
-egA8-b7-3M$_$26,8,looking,9,9,looking,2.58,2.86,2.58,2.86,0.895165741443634,mandatory_unique_pair_in_all_optimal_LCS,Whisper small.en word timestamp estimate,partial_whisper_estimate_auto_qc_pass,True,
-egA8-b7-3M$_$26,9,forward,10,10,forward,2.86,3.18,2.86,3.18,0.9941310286521912,mandatory_unique_pair_in_all_optimal_LCS,Whisper small.en word timestamp estimate,partial_whisper_estimate_auto_qc_pass,True,
-egA8-b7-3M$_$26,10,to,11,11,to,3.18,3.48,3.18,3.48,0.9887464642524719,mandatory_unique_pair_in_all_optimal_LCS,Whisper small.en word timestamp estimate,partial_whisper_estimate_auto_qc_pass,True,
-egA8-b7-3M$_$26,11,your,12,12,your,3.48,3.7,3.48,3.7,0.9842801094055176,mandatory_unique_pair_in_all_optimal_LCS,Whisper small.en word timestamp estimate,partial_whisper_estimate_auto_qc_pass,True,
-egA8-b7-3M$_$26,12,comments,13,13,comments,3.7,4.12,3.7,4.12,0.9732089042663574,mandatory_unique_pair_in_all_optimal_LCS,Whisper small.en word timestamp estimate,partial_whisper_estimate_auto_qc_pass,True,
-egA8-b7-3M$_$26,13,on,14,14,on,4.12,4.54,4.12,4.54,0.9750900268554688,mandatory_unique_pair_in_all_optimal_LCS,Whisper small.en word timestamp estimate,partial_whisper_estimate_auto_qc_pass,True,
-egA8-b7-3M$_$26,14,our,15,15,our,4.54,4.68,4.54,4.68,0.9684415459632874,mandatory_unique_pair_in_all_optimal_LCS,Whisper small.en word timestamp estimate,partial_whisper_estimate_auto_qc_pass,True,
-egA8-b7-3M$_$26,15,videos,16,16,videos,4.68,5.06,4.68,5.06,0.9641200304031372,mandatory_unique_pair_in_all_optimal_LCS,Whisper small.en word timestamp estimate,partial_whisper_estimate_auto_qc_pass,True,
-egA8-b7-3M$_$17,1,As,1,1,As,0.0,0.7,0.0,0.7,0.8122665286064148,exact_normalized_sequence,Whisper small.en word timestamp estimate,exact_text_whisper_estimate_auto_qc_pass,True,
-egA8-b7-3M$_$17,2,you,2,2,you,0.7,0.88,0.7,0.88,0.998909592628479,exact_normalized_sequence,Whisper small.en word timestamp estimate,exact_text_whisper_estimate_auto_qc_pass,True,
-egA8-b7-3M$_$17,3,have,3,3,have,0.88,1.1,0.88,1.1,0.996624231338501,exact_normalized_sequence,Whisper small.en word timestamp estimate,exact_text_whisper_estimate_auto_qc_pass,True,
-egA8-b7-3M$_$17,4,more,4,4,more,1.1,1.34,1.1,1.34,0.9986135959625244,exact_normalized_sequence,Whisper small.en word timestamp estimate,exact_text_whisper_estimate_auto_qc_pass,True,
-egA8-b7-3M$_$17,5,experience,5,5,experience,1.34,2.02,1.34,2.02,0.995516836643219,exact_normalized_sequence,Whisper small.en word timestamp estimate,exact_text_whisper_estimate_auto_qc_pass,True,
-egA8-b7-3M$_$17,6,you,6,6,you,3.24,3.32,3.24,3.32,0.9769055843353271,exact_normalized_sequence,Whisper small.en word timestamp estimate,exact_text_whisper_estimate_auto_qc_pass,True,
-egA8-b7-3M$_$17,7,have,7,7,have,3.32,3.5,3.32,3.5,0.9035397171974182,exact_normalized_sequence,Whisper small.en word timestamp estimate,exact_text_whisper_estimate_auto_qc_pass,True,
-egA8-b7-3M$_$17,8,more,8,8,more,3.5,3.76,3.5,3.76,0.9960659146308899,exact_normalized_sequence,Whisper small.en word timestamp estimate,exact_text_whisper_estimate_auto_qc_pass,True,
-egA8-b7-3M$_$17,9,times,9,9,times,3.76,4.14,3.76,4.14,0.837780237197876,exact_normalized_sequence,Whisper small.en word timestamp estimate,exact_text_whisper_estimate_auto_qc_pass,True,
-egA8-b7-3M$_$17,10,exhibiting,10,10,exhibiting,4.14,4.7,4.14,4.7,0.985105037689209,exact_normalized_sequence,Whisper small.en word timestamp estimate,exact_text_whisper_estimate_auto_qc_pass,True,
-egA8-b7-3M$_$17,11,you,11,11,you,5.16,5.36,5.16,5.36,0.993219792842865,exact_normalized_sequence,Whisper small.en word timestamp estimate,exact_text_whisper_estimate_auto_qc_pass,True,
-egA8-b7-3M$_$17,12,get,12,12,get,5.36,5.52,5.36,5.52,0.9969622492790222,exact_normalized_sequence,Whisper small.en word timestamp estimate,exact_text_whisper_estimate_auto_qc_pass,True,
-egA8-b7-3M$_$17,13,to,13,13,to,5.52,5.66,5.52,5.66,0.9991440773010254,exact_normalized_sequence,Whisper small.en word timestamp estimate,exact_text_whisper_estimate_auto_qc_pass,True,
-egA8-b7-3M$_$17,14,know,14,14,know,5.66,5.86,5.66,5.86,0.9993553757667542,exact_normalized_sequence,Whisper small.en word timestamp estimate,exact_text_whisper_estimate_auto_qc_pass,True,
-egA8-b7-3M$_$17,15,more,15,15,more,5.86,6.08,5.86,6.08,0.9992635846138,exact_normalized_sequence,Whisper small.en word timestamp estimate,exact_text_whisper_estimate_auto_qc_pass,True,
-egA8-b7-3M$_$17,16,people,16,16,people,6.08,6.42,6.08,6.42,0.9996341466903687,exact_normalized_sequence,Whisper small.en word timestamp estimate,exact_text_whisper_estimate_auto_qc_pass,True,
-egA8-b7-3M$_$18,1,It,1,1,It,0.0,0.62,0.0,0.62,0.7268560528755188,exact_normalized_sequence,Whisper small.en word timestamp estimate,exact_text_whisper_estimate_auto_qc_pass,True,
-egA8-b7-3M$_$18,2,becomes,2,2,becomes,0.62,1.04,0.62,1.04,0.9885627031326294,exact_normalized_sequence,Whisper small.en word timestamp estimate,exact_text_whisper_estimate_auto_qc_pass,True,
-egA8-b7-3M$_$18,3,easier,3,3,easier,1.04,1.7,1.04,1.7,0.9974601864814758,exact_normalized_sequence,Whisper small.en word timestamp estimate,exact_text_whisper_estimate_auto_qc_pass,True,
-egA8-b7-3M$_$18,4,at,4,4,at,1.7,2.04,1.7,2.04,0.9802156090736389,exact_normalized_sequence,Whisper small.en word timestamp estimate,exact_text_whisper_estimate_auto_qc_pass,True,
-egA8-b7-3M$_$18,5,each,5,5,each,2.04,2.28,2.04,2.28,0.9969612956047058,exact_normalized_sequence,Whisper small.en word timestamp estimate,exact_text_whisper_estimate_auto_qc_pass,True,
-egA8-b7-3M$_$18,6,one,6,6,one,2.28,2.54,2.28,2.54,0.9931913018226624,exact_normalized_sequence,Whisper small.en word timestamp estimate,exact_text_whisper_estimate_auto_qc_pass,True,
-egA8-b7-3M$_$18,7,of,7,7,of,2.54,2.68,2.54,2.68,0.9970695972442627,exact_normalized_sequence,Whisper small.en word timestamp estimate,exact_text_whisper_estimate_auto_qc_pass,True,
-egA8-b7-3M$_$18,8,these,8,8,these,2.68,2.86,2.68,2.86,0.9929938912391663,exact_normalized_sequence,Whisper small.en word timestamp estimate,exact_text_whisper_estimate_auto_qc_pass,True,
-egA8-b7-3M$_$18,9,conferences,9,9,conferences,2.86,3.42,2.86,3.42,0.9882297515869141,exact_normalized_sequence,Whisper small.en word timestamp estimate,exact_text_whisper_estimate_auto_qc_pass,True,
-egA8-b7-3M$_$18,10,to,10,10,to,3.42,4.22,3.42,4.22,0.9607798457145691,exact_normalized_sequence,Whisper small.en word timestamp estimate,exact_text_whisper_estimate_auto_qc_pass,True,
-egA8-b7-3M$_$18,11,connect,11,11,connect,4.22,4.54,4.22,4.54,0.9977315068244934,exact_normalized_sequence,Whisper small.en word timestamp estimate,exact_text_whisper_estimate_auto_qc_pass,True,
-egA8-b7-3M$_$18,12,with,12,12,with,4.54,4.78,4.54,4.78,0.9960099458694458,exact_normalized_sequence,Whisper small.en word timestamp estimate,exact_text_whisper_estimate_auto_qc_pass,True,
-egA8-b7-3M$_$18,13,people,13,13,people,4.78,5.12,4.78,5.12,0.9955230951309204,exact_normalized_sequence,Whisper small.en word timestamp estimate,exact_text_whisper_estimate_auto_qc_pass,True,
-egA8-b7-3M$_$18,14,that,14,14,that,5.12,5.36,5.12,5.36,0.9185660481452942,exact_normalized_sequence,Whisper small.en word timestamp estimate,exact_text_whisper_estimate_auto_qc_pass,True,
-egA8-b7-3M$_$18,15,you've,15,15,you've,5.36,5.62,5.36,5.62,0.9568167626857758,exact_normalized_sequence,Whisper small.en word timestamp estimate,exact_text_whisper_estimate_auto_qc_pass,True,
-egA8-b7-3M$_$18,16,met,16,16,met,5.62,5.88,5.62,5.88,0.9981405735015869,exact_normalized_sequence,Whisper small.en word timestamp estimate,exact_text_whisper_estimate_auto_qc_pass,True,
-egA8-b7-3M$_$18,17,or,17,17,or,5.88,6.5,5.88,6.5,0.8497495055198669,exact_normalized_sequence,Whisper small.en word timestamp estimate,exact_text_whisper_estimate_auto_qc_pass,True,
-egA8-b7-3M$_$18,18,that,18,18,that,6.5,6.68,6.5,6.68,0.98544842004776,exact_normalized_sequence,Whisper small.en word timestamp estimate,exact_text_whisper_estimate_auto_qc_pass,True,
-egA8-b7-3M$_$18,19,you're,19,19,you're,6.68,6.84,6.68,6.84,0.9772046804428101,exact_normalized_sequence,Whisper small.en word timestamp estimate,exact_text_whisper_estimate_auto_qc_pass,True,
-egA8-b7-3M$_$18,20,doing,20,20,doing,6.84,7.06,6.84,7.06,0.9982206225395203,exact_normalized_sequence,Whisper small.en word timestamp estimate,exact_text_whisper_estimate_auto_qc_pass,True,
-egA8-b7-3M$_$18,21,business,21,21,business,7.06,7.44,7.06,7.44,0.9966369867324829,exact_normalized_sequence,Whisper small.en word timestamp estimate,exact_text_whisper_estimate_auto_qc_pass,True,
-egA8-b7-3M$_$18,22,with,22,22,with,7.44,7.78,7.44,7.78,0.9966899156570435,exact_normalized_sequence,Whisper small.en word timestamp estimate,exact_text_whisper_estimate_auto_qc_pass,True,
-egA8-b7-3M$_$16,1,Third,1,1,Third,0.0,0.74,0.0,0.74,0.9280186891555786,exact_normalized_sequence,Whisper small.en word timestamp estimate,exact_text_whisper_estimate_auto_qc_pass,True,
-egA8-b7-3M$_$16,2,another,2,2,another,0.98,1.16,0.98,1.16,0.98619544506073,exact_normalized_sequence,Whisper small.en word timestamp estimate,exact_text_whisper_estimate_auto_qc_pass,True,
-egA8-b7-3M$_$16,3,big,3,3,big,1.16,1.48,1.16,1.48,0.9792770743370056,exact_normalized_sequence,Whisper small.en word timestamp estimate,exact_text_whisper_estimate_auto_qc_pass,True,
-egA8-b7-3M$_$16,4,benefit,4,4,benefit,1.48,1.9,1.48,1.9,0.9974119067192078,exact_normalized_sequence,Whisper small.en word timestamp estimate,exact_text_whisper_estimate_auto_qc_pass,True,
-egA8-b7-3M$_$16,5,of,5,5,of,1.9,2.1,1.9,2.1,0.9918038845062256,exact_normalized_sequence,Whisper small.en word timestamp estimate,exact_text_whisper_estimate_auto_qc_pass,True,
-egA8-b7-3M$_$16,6,exhibiting,6,6,exhibiting,2.1,2.52,2.1,2.52,0.9878749251365662,exact_normalized_sequence,Whisper small.en word timestamp estimate,exact_text_whisper_estimate_auto_qc_pass,True,
-egA8-b7-3M$_$16,7,is,7,7,is,2.52,2.9,2.52,2.9,0.972877025604248,exact_normalized_sequence,Whisper small.en word timestamp estimate,exact_text_whisper_estimate_auto_qc_pass,True,
-egA8-b7-3M$_$16,8,connecting,8,8,connecting,2.9,3.32,2.9,3.32,0.9952438473701477,exact_normalized_sequence,Whisper small.en word timestamp estimate,exact_text_whisper_estimate_auto_qc_pass,True,
-egA8-b7-3M$_$16,9,with,9,9,with,3.32,3.68,3.32,3.68,0.9966894388198853,exact_normalized_sequence,Whisper small.en word timestamp estimate,exact_text_whisper_estimate_auto_qc_pass,True,
-egA8-b7-3M$_$16,10,existing,10,10,existing,3.68,4.1,3.68,4.1,0.9738546013832092,exact_normalized_sequence,Whisper small.en word timestamp estimate,exact_text_whisper_estimate_auto_qc_pass,True,
-egA8-b7-3M$_$16,11,clients,11,11,clients,4.1,4.64,4.1,4.64,0.998139500617981,exact_normalized_sequence,Whisper small.en word timestamp estimate,exact_text_whisper_estimate_auto_qc_pass,True,
-egA8-b7-3M$_$13,1,What,1,1,What,0.0,0.64,0.0,0.64,0.7660927772521973,exact_normalized_sequence,Whisper small.en word timestamp estimate,exact_text_whisper_estimate_auto_qc_pass,True,
-egA8-b7-3M$_$13,2,are,2,2,are,0.64,0.74,0.64,0.74,0.9812381863594055,exact_normalized_sequence,Whisper small.en word timestamp estimate,exact_text_whisper_estimate_auto_qc_pass,True,
-egA8-b7-3M$_$13,3,you,3,3,you,0.74,0.86,0.74,0.86,0.9958930015563965,exact_normalized_sequence,Whisper small.en word timestamp estimate,exact_text_whisper_estimate_auto_qc_pass,True,
-egA8-b7-3M$_$13,4,doing,4,4,doing,0.86,1.1,0.86,1.1,0.9988033771514893,exact_normalized_sequence,Whisper small.en word timestamp estimate,exact_text_whisper_estimate_auto_qc_pass,True,
-egA8-b7-3M$_$13,5,that's,5,5,that's,1.1,1.38,1.1,1.38,0.9115473031997681,exact_normalized_sequence,Whisper small.en word timestamp estimate,exact_text_whisper_estimate_auto_qc_pass,True,
-egA8-b7-3M$_$13,6,different,6,6,different,1.38,1.66,1.38,1.66,0.9989423155784607,exact_normalized_sequence,Whisper small.en word timestamp estimate,exact_text_whisper_estimate_auto_qc_pass,True,
-egA8-b7-3M$_$13,7,They,7,7,They,2.22,2.46,2.22,2.46,0.9806093573570251,exact_normalized_sequence,Whisper small.en word timestamp estimate,exact_text_whisper_estimate_auto_qc_pass,True,
-egA8-b7-3M$_$13,8,always,8,8,always,2.46,2.7,2.46,2.7,0.9962674975395203,exact_normalized_sequence,Whisper small.en word timestamp estimate,exact_text_whisper_estimate_auto_qc_pass,True,
-egA8-b7-3M$_$13,9,want,9,9,want,2.7,2.96,2.7,2.96,0.7879210114479065,exact_normalized_sequence,Whisper small.en word timestamp estimate,exact_text_whisper_estimate_auto_qc_pass,True,
-egA8-b7-3M$_$13,10,an,10,10,an,2.96,3.1,2.96,3.1,0.9900802969932556,exact_normalized_sequence,Whisper small.en word timestamp estimate,exact_text_whisper_estimate_auto_qc_pass,True,
-egA8-b7-3M$_$13,11,answer,11,11,answer,3.1,3.42,3.1,3.42,0.9986605644226074,exact_normalized_sequence,Whisper small.en word timestamp estimate,exact_text_whisper_estimate_auto_qc_pass,True,
-egA8-b7-3M$_$1,1,I,1,1,I,0.0,0.66,0.0,0.66,0.45274975895881653,mandatory_unique_pair_in_all_optimal_LCS,Whisper small.en word timestamp estimate,partial_whisper_estimate_auto_qc_pass,True,
-egA8-b7-3M$_$1,2,started,3,3,started,0.9,1.56,0.9,1.56,0.9872822165489197,mandatory_unique_pair_in_all_optimal_LCS,Whisper small.en word timestamp estimate,partial_whisper_estimate_auto_qc_pass,True,
-egA8-b7-3M$_$1,3,a,4,4,a,1.56,1.84,1.56,1.84,0.9829943180084229,mandatory_unique_pair_in_all_optimal_LCS,Whisper small.en word timestamp estimate,partial_whisper_estimate_auto_qc_pass,True,
-egA8-b7-3M$_$1,4,successful,5,5,successful,1.84,2.3,1.84,2.3,0.9963223934173584,mandatory_unique_pair_in_all_optimal_LCS,Whisper small.en word timestamp estimate,partial_whisper_estimate_auto_qc_pass,True,
-egA8-b7-3M$_$1,5,Legal,6,6,legal,2.3,2.64,2.3,2.64,0.8559045791625977,mandatory_unique_pair_in_all_optimal_LCS,Whisper small.en word timestamp estimate,partial_whisper_estimate_auto_qc_pass,True,
-egA8-b7-3M$_$1,6,Nurse,7,7,nurse,2.64,2.96,2.64,2.96,0.9518594741821289,mandatory_unique_pair_in_all_optimal_LCS,Whisper small.en word timestamp estimate,partial_whisper_estimate_auto_qc_pass,True,
-egA8-b7-3M$_$1,7,Consulting,8,8,consulting,2.96,3.46,2.96,3.46,0.9866867065429688,mandatory_unique_pair_in_all_optimal_LCS,Whisper small.en word timestamp estimate,partial_whisper_estimate_auto_qc_pass,True,
-egA8-b7-3M$_$1,8,Business,9,9,business,3.46,3.92,3.46,3.92,0.9972033500671387,mandatory_unique_pair_in_all_optimal_LCS,Whisper small.en word timestamp estimate,partial_whisper_estimate_auto_qc_pass,True,
-egA8-b7-3M$_$1,9,in,10,10,in,3.92,4.62,3.92,4.62,0.9856929779052734,mandatory_unique_pair_in_all_optimal_LCS,Whisper small.en word timestamp estimate,partial_whisper_estimate_auto_qc_pass,True,
-egA8-b7-3M$_$1,10,1989,11,11,1989,4.62,5.44,4.62,5.44,0.9963472485542297,mandatory_unique_pair_in_all_optimal_LCS,Whisper small.en word timestamp estimate,partial_whisper_estimate_auto_qc_pass,True,
-egA8-b7-3M$_$1,11,I,12,12,I,6.24,6.46,6.24,6.46,0.9954302310943604,mandatory_unique_pair_in_all_optimal_LCS,Whisper small.en word timestamp estimate,partial_whisper_estimate_auto_qc_pass,True,
-egA8-b7-3M$_$1,12,mentor,13,13,mentor,6.46,6.76,6.46,6.76,0.9952189326286316,mandatory_unique_pair_in_all_optimal_LCS,Whisper small.en word timestamp estimate,partial_whisper_estimate_auto_qc_pass,True,
-egA8-b7-3M$_$1,13,nurses,14,14,nurses,6.76,7.22,6.76,7.22,0.9976590871810913,mandatory_unique_pair_in_all_optimal_LCS,Whisper small.en word timestamp estimate,partial_whisper_estimate_auto_qc_pass,True,
-egA8-b7-3M$_$1,14,who,15,15,who,7.22,7.5,7.22,7.5,0.9907419085502625,mandatory_unique_pair_in_all_optimal_LCS,Whisper small.en word timestamp estimate,partial_whisper_estimate_auto_qc_pass,True,
-egA8-b7-3M$_$1,15,want,16,16,want,7.5,7.76,7.5,7.76,0.9981864094734192,mandatory_unique_pair_in_all_optimal_LCS,Whisper small.en word timestamp estimate,partial_whisper_estimate_auto_qc_pass,True,
-egA8-b7-3M$_$1,16,to,17,17,to,7.76,7.94,7.76,7.94,0.9990288019180298,mandatory_unique_pair_in_all_optimal_LCS,Whisper small.en word timestamp estimate,partial_whisper_estimate_auto_qc_pass,True,
-egA8-b7-3M$_$1,17,become,18,18,become,7.94,8.22,7.94,8.22,0.9980212450027466,mandatory_unique_pair_in_all_optimal_LCS,Whisper small.en word timestamp estimate,partial_whisper_estimate_auto_qc_pass,True,
-egA8-b7-3M$_$1,18,Legal,19,19,legal,8.22,8.46,8.22,8.46,0.9839622974395752,mandatory_unique_pair_in_all_optimal_LCS,Whisper small.en word timestamp estimate,partial_whisper_estimate_auto_qc_pass,True,
-egA8-b7-3M$_$1,19,Nurse,20,20,nurse,8.46,8.8,8.46,8.8,0.9939392805099487,mandatory_unique_pair_in_all_optimal_LCS,Whisper small.en word timestamp estimate,partial_whisper_estimate_auto_qc_pass,True,
-egA8-b7-3M$_$1,20,Consultants,21,21,consultants,8.8,9.22,8.8,9.22,0.9794819951057434,mandatory_unique_pair_in_all_optimal_LCS,Whisper small.en word timestamp estimate,partial_whisper_estimate_auto_qc_pass,True,
-egA8-b7-3M$_$6,1,First,1,1,First,0.0,0.8,0.0,0.8,0.9789327383041382,exact_normalized_sequence,Whisper small.en word timestamp estimate,exact_text_whisper_estimate_auto_qc_pass,True,
-egA8-b7-3M$_$6,2,exhibiting,2,2,exhibiting,1.06,1.42,1.06,1.42,0.9814960360527039,exact_normalized_sequence,Whisper small.en word timestamp estimate,exact_text_whisper_estimate_auto_qc_pass,True,
-egA8-b7-3M$_$6,3,is,3,3,is,1.42,1.72,1.42,1.72,0.9801828861236572,exact_normalized_sequence,Whisper small.en word timestamp estimate,exact_text_whisper_estimate_auto_qc_pass,True,
-egA8-b7-3M$_$6,4,a,4,4,a,1.72,1.88,1.72,1.88,0.9930239915847778,exact_normalized_sequence,Whisper small.en word timestamp estimate,exact_text_whisper_estimate_auto_qc_pass,True,
-egA8-b7-3M$_$6,5,wonderful,5,5,wonderful,1.88,2.3,1.88,2.3,0.9986978769302368,exact_normalized_sequence,Whisper small.en word timestamp estimate,exact_text_whisper_estimate_auto_qc_pass,True,
-egA8-b7-3M$_$6,6,opportunity,6,6,opportunity,2.3,2.9,2.3,2.9,0.9978412389755249,exact_normalized_sequence,Whisper small.en word timestamp estimate,exact_text_whisper_estimate_auto_qc_pass,True,
-egA8-b7-3M$_$6,7,to,7,7,to,2.9,3.4,2.9,3.4,0.9968229532241821,exact_normalized_sequence,Whisper small.en word timestamp estimate,exact_text_whisper_estimate_auto_qc_pass,True,
-egA8-b7-3M$_$6,8,network,8,8,network,3.4,3.7,3.4,3.7,0.9969639182090759,exact_normalized_sequence,Whisper small.en word timestamp estimate,exact_text_whisper_estimate_auto_qc_pass,True,
-egA8-b7-3M$_$6,9,with,9,9,with,3.7,4.08,3.7,4.08,0.9972503781318665,exact_normalized_sequence,Whisper small.en word timestamp estimate,exact_text_whisper_estimate_auto_qc_pass,True,
-egA8-b7-3M$_$6,10,other,10,10,other,4.08,4.44,4.08,4.44,0.9967017769813538,exact_normalized_sequence,Whisper small.en word timestamp estimate,exact_text_whisper_estimate_auto_qc_pass,True,
-egA8-b7-3M$_$6,11,legal,11,11,legal,4.44,4.82,4.44,4.82,0.9822117686271667,exact_normalized_sequence,Whisper small.en word timestamp estimate,exact_text_whisper_estimate_auto_qc_pass,True,
-egA8-b7-3M$_$6,12,vendors,12,12,vendors,4.82,5.24,4.82,5.24,0.9427509307861328,exact_normalized_sequence,Whisper small.en word timestamp estimate,exact_text_whisper_estimate_auto_qc_pass,True,
-egA8-b7-3M$_$9,1,Secondly,1,1,Secondly,0.0,0.96,0.0,0.96,0.9565009474754333,exact_normalized_sequence,Whisper small.en word timestamp estimate,exact_text_whisper_estimate_auto_qc_pass,True,
-egA8-b7-3M$_$9,2,another,2,2,another,1.28,1.52,1.28,1.52,0.9928634762763977,exact_normalized_sequence,Whisper small.en word timestamp estimate,exact_text_whisper_estimate_auto_qc_pass,True,
-egA8-b7-3M$_$9,3,goal,3,3,goal,1.52,1.86,1.52,1.86,0.9943445920944214,exact_normalized_sequence,Whisper small.en word timestamp estimate,exact_text_whisper_estimate_auto_qc_pass,True,
-egA8-b7-3M$_$9,4,of,4,4,of,1.86,2.02,1.86,2.02,0.9849091172218323,exact_normalized_sequence,Whisper small.en word timestamp estimate,exact_text_whisper_estimate_auto_qc_pass,True,
-egA8-b7-3M$_$9,5,exhibiting,5,5,exhibiting,2.02,2.42,2.02,2.42,0.9767268896102905,exact_normalized_sequence,Whisper small.en word timestamp estimate,exact_text_whisper_estimate_auto_qc_pass,True,
-egA8-b7-3M$_$9,6,is,6,6,is,2.42,2.82,2.42,2.82,0.9895054697990417,exact_normalized_sequence,Whisper small.en word timestamp estimate,exact_text_whisper_estimate_auto_qc_pass,True,
-egA8-b7-3M$_$9,7,building,7,7,building,2.82,3.1,2.82,3.1,0.9787498116493225,exact_normalized_sequence,Whisper small.en word timestamp estimate,exact_text_whisper_estimate_auto_qc_pass,True,
-egA8-b7-3M$_$9,8,your,8,8,your,3.1,3.46,3.1,3.46,0.9947071671485901,exact_normalized_sequence,Whisper small.en word timestamp estimate,exact_text_whisper_estimate_auto_qc_pass,True,
-egA8-b7-3M$_$9,9,company,9,9,company,3.46,3.82,3.46,3.82,0.9968366622924805,exact_normalized_sequence,Whisper small.en word timestamp estimate,exact_text_whisper_estimate_auto_qc_pass,True,
-egA8-b7-3M$_$9,10,image,10,10,image,3.82,4.3,3.82,4.3,0.9860450625419617,exact_normalized_sequence,Whisper small.en word timestamp estimate,exact_text_whisper_estimate_auto_qc_pass,True,
-egA8-b7-3M$_$20,1,Now,1,1,Now,0.0,0.72,0.0,0.72,0.8967745900154114,exact_normalized_sequence,Whisper small.en word timestamp estimate,exact_text_whisper_estimate_auto_qc_pass,True,
-egA8-b7-3M$_$20,2,you've,2,2,you've,0.72,0.98,0.72,0.98,0.8884506821632385,exact_normalized_sequence,Whisper small.en word timestamp estimate,exact_text_whisper_estimate_auto_qc_pass,True,
-egA8-b7-3M$_$20,3,got,3,3,got,0.98,1.12,0.98,1.12,0.9968193769454956,exact_normalized_sequence,Whisper small.en word timestamp estimate,exact_text_whisper_estimate_auto_qc_pass,True,
-egA8-b7-3M$_$20,4,a,4,4,a,1.12,1.26,1.12,1.26,0.9959427714347839,exact_normalized_sequence,Whisper small.en word timestamp estimate,exact_text_whisper_estimate_auto_qc_pass,True,
-egA8-b7-3M$_$20,5,face,5,5,face,1.26,1.52,1.26,1.52,0.996157705783844,exact_normalized_sequence,Whisper small.en word timestamp estimate,exact_text_whisper_estimate_auto_qc_pass,True,
-egA8-b7-3M$_$20,6,that,6,6,that,1.52,1.76,1.52,1.76,0.9525067806243896,exact_normalized_sequence,Whisper small.en word timestamp estimate,exact_text_whisper_estimate_auto_qc_pass,True,
-egA8-b7-3M$_$20,7,you,7,7,you,1.76,1.9,1.76,1.9,0.9903593063354492,exact_normalized_sequence,Whisper small.en word timestamp estimate,exact_text_whisper_estimate_auto_qc_pass,True,
-egA8-b7-3M$_$20,8,can,8,8,can,1.9,2.1,1.9,2.1,0.9914662837982178,exact_normalized_sequence,Whisper small.en word timestamp estimate,exact_text_whisper_estimate_auto_qc_pass,True,
-egA8-b7-3M$_$20,9,connect,9,9,connect,2.1,2.42,2.1,2.42,0.9966773986816406,exact_normalized_sequence,Whisper small.en word timestamp estimate,exact_text_whisper_estimate_auto_qc_pass,True,
-egA8-b7-3M$_$20,10,with,10,10,with,2.42,2.68,2.42,2.68,0.9955815672874451,exact_normalized_sequence,Whisper small.en word timestamp estimate,exact_text_whisper_estimate_auto_qc_pass,True,
-egA8-b7-3M$_$20,11,a,11,11,a,2.68,2.84,2.68,2.84,0.9561775922775269,exact_normalized_sequence,Whisper small.en word timestamp estimate,exact_text_whisper_estimate_auto_qc_pass,True,
-egA8-b7-3M$_$20,12,voice,12,12,voice,2.84,3.14,2.84,3.14,0.9985582232475281,exact_normalized_sequence,Whisper small.en word timestamp estimate,exact_text_whisper_estimate_auto_qc_pass,True,
-egA8-b7-3M$_$20,13,and,13,13,and,3.14,4.04,3.14,4.04,0.5858818888664246,exact_normalized_sequence,Whisper small.en word timestamp estimate,exact_text_whisper_estimate_auto_qc_pass,True,
-egA8-b7-3M$_$20,14,that,14,14,that,4.04,4.24,4.04,4.24,0.9964522123336792,exact_normalized_sequence,Whisper small.en word timestamp estimate,exact_text_whisper_estimate_auto_qc_pass,True,
-egA8-b7-3M$_$20,15,makes,15,15,makes,4.24,4.46,4.24,4.46,0.9963132739067078,exact_normalized_sequence,Whisper small.en word timestamp estimate,exact_text_whisper_estimate_auto_qc_pass,True,
-egA8-b7-3M$_$20,16,you,16,16,you,4.46,4.68,4.46,4.68,0.9980792999267578,exact_normalized_sequence,Whisper small.en word timestamp estimate,exact_text_whisper_estimate_auto_qc_pass,True,
-egA8-b7-3M$_$20,17,closer,17,17,closer,4.68,4.98,4.68,4.98,0.9962372779846191,exact_normalized_sequence,Whisper small.en word timestamp estimate,exact_text_whisper_estimate_auto_qc_pass,True,
-egA8-b7-3M$_$20,18,to,18,18,to,4.98,5.3,4.98,5.3,0.9985346794128418,exact_normalized_sequence,Whisper small.en word timestamp estimate,exact_text_whisper_estimate_auto_qc_pass,True,
-egA8-b7-3M$_$20,19,that,19,19,that,5.3,5.52,5.3,5.52,0.992429792881012,exact_normalized_sequence,Whisper small.en word timestamp estimate,exact_text_whisper_estimate_auto_qc_pass,True,
-egA8-b7-3M$_$20,20,client,20,20,client,5.52,5.84,5.52,5.84,0.9960972666740417,exact_normalized_sequence,Whisper small.en word timestamp estimate,exact_text_whisper_estimate_auto_qc_pass,True,
-iRBcNs9oI8$_$3,1,Well,,,,,,,,,mandatory_unique_pair_in_all_optimal_LCS,,official_word_unmatched_or_ambiguous,False,
-iRBcNs9oI8$_$3,2,it,,,,,,,,,mandatory_unique_pair_in_all_optimal_LCS,,official_word_unmatched_or_ambiguous,False,
-iRBcNs9oI8$_$3,3,is,1,1,is,0.0,0.48,0.0,0.48,0.5802612900733948,mandatory_unique_pair_in_all_optimal_LCS,Whisper small.en word timestamp estimate,partial_whisper_estimate_auto_qc_pass,True,
-iRBcNs9oI8$_$3,4,the,,,,,,,,,mandatory_unique_pair_in_all_optimal_LCS,,official_word_unmatched_or_ambiguous,False,
-iRBcNs9oI8$_$3,5,secret,,,,,,,,,mandatory_unique_pair_in_all_optimal_LCS,,official_word_unmatched_or_ambiguous,False,
-iRBcNs9oI8$_$3,6,of,,,,,,,,,mandatory_unique_pair_in_all_optimal_LCS,,official_word_unmatched_or_ambiguous,False,
-iRBcNs9oI8$_$3,7,power,,,,,,,,,mandatory_unique_pair_in_all_optimal_LCS,,official_word_unmatched_or_ambiguous,False,
-iRBcNs9oI8$_$3,8,pose,,,,,,,,,mandatory_unique_pair_in_all_optimal_LCS,,official_word_unmatched_or_ambiguous,False,
-iRBcNs9oI8$_$7,1,Well,,,,,,,,,mandatory_unique_pair_in_all_optimal_LCS,,official_word_unmatched_or_ambiguous,False,
-iRBcNs9oI8$_$7,2,for,,,,,,,,,mandatory_unique_pair_in_all_optimal_LCS,,official_word_unmatched_or_ambiguous,False,
-iRBcNs9oI8$_$7,3,starters,,,,,,,,,mandatory_unique_pair_in_all_optimal_LCS,,official_word_unmatched_or_ambiguous,False,
-iRBcNs9oI8$_$7,4,let's,,,,,,,,,mandatory_unique_pair_in_all_optimal_LCS,,official_word_unmatched_or_ambiguous,False,
-iRBcNs9oI8$_$7,5,look,,,,,,,,,mandatory_unique_pair_in_all_optimal_LCS,,official_word_unmatched_or_ambiguous,False,
-iRBcNs9oI8$_$7,6,at,,,,,,,,,mandatory_unique_pair_in_all_optimal_LCS,,official_word_unmatched_or_ambiguous,False,
-iRBcNs9oI8$_$7,7,the,,,,,,,,,mandatory_unique_pair_in_all_optimal_LCS,,official_word_unmatched_or_ambiguous,False,
-iRBcNs9oI8$_$7,8,word,,,,,,,,,mandatory_unique_pair_in_all_optimal_LCS,,official_word_unmatched_or_ambiguous,False,
-iRBcNs9oI8$_$7,9,power,,,,,,,,,mandatory_unique_pair_in_all_optimal_LCS,,official_word_unmatched_or_ambiguous,False,
-iRBcNs9oI8$_$6,1,What,,,,,,,,,mandatory_unique_pair_in_all_optimal_LCS,,official_word_unmatched_or_ambiguous,False,
-iRBcNs9oI8$_$6,2,is,,,,,,,,,mandatory_unique_pair_in_all_optimal_LCS,,official_word_unmatched_or_ambiguous,False,
-iRBcNs9oI8$_$6,3,a,,,,,,,,,mandatory_unique_pair_in_all_optimal_LCS,,official_word_unmatched_or_ambiguous,False,
-iRBcNs9oI8$_$6,4,power,,,,,,,,,mandatory_unique_pair_in_all_optimal_LCS,,official_word_unmatched_or_ambiguous,False,
-iRBcNs9oI8$_$6,5,pose,,,,,,,,,mandatory_unique_pair_in_all_optimal_LCS,,official_word_unmatched_or_ambiguous,False,
-iRBcNs9oI8$_$9,1,Power,2,2,Power,0.36,1.66,0.36,1.66,0.7613272070884705,mandatory_unique_pair_in_all_optimal_LCS,Whisper small.en word timestamp estimate,partial_whisper_estimate_auto_qc_pass,True,
-iRBcNs9oI8$_$9,2,is,,,,,,,,,mandatory_unique_pair_in_all_optimal_LCS,,official_word_unmatched_or_ambiguous,False,
-iRBcNs9oI8$_$9,3,similar,,,,,,,,,mandatory_unique_pair_in_all_optimal_LCS,,official_word_unmatched_or_ambiguous,False,
-iRBcNs9oI8$_$9,4,to,,,,,,,,,mandatory_unique_pair_in_all_optimal_LCS,,official_word_unmatched_or_ambiguous,False,
-iRBcNs9oI8$_$9,5,strength,,,,,,,,,mandatory_unique_pair_in_all_optimal_LCS,,official_word_unmatched_or_ambiguous,False,
-iRBcNs9oI8$_$8,1,I've,,,,,,,,,mandatory_unique_pair_in_all_optimal_LCS,,official_word_unmatched_or_ambiguous,False,
-iRBcNs9oI8$_$8,2,drawn,,,,,,,,,mandatory_unique_pair_in_all_optimal_LCS,,official_word_unmatched_or_ambiguous,False,
-iRBcNs9oI8$_$8,3,this,,,,,,,,,mandatory_unique_pair_in_all_optimal_LCS,,official_word_unmatched_or_ambiguous,False,
-iRBcNs9oI8$_$8,4,man,,,,,,,,,mandatory_unique_pair_in_all_optimal_LCS,,official_word_unmatched_or_ambiguous,False,
-iRBcNs9oI8$_$8,5,here,,,,,,,,,mandatory_unique_pair_in_all_optimal_LCS,,official_word_unmatched_or_ambiguous,False,
-iRBcNs9oI8$_$8,6,and,,,,,,,,,mandatory_unique_pair_in_all_optimal_LCS,,official_word_unmatched_or_ambiguous,False,
-iRBcNs9oI8$_$8,7,if,,,,,,,,,mandatory_unique_pair_in_all_optimal_LCS,,official_word_unmatched_or_ambiguous,False,
-iRBcNs9oI8$_$8,8,you,16,16,you,5.24,5.5,5.24,5.5,0.9950574636459351,mandatory_unique_pair_in_all_optimal_LCS,Whisper small.en word timestamp estimate,partial_whisper_estimate_auto_qc_pass,True,
-iRBcNs9oI8$_$8,9,can,,,,,,,,,mandatory_unique_pair_in_all_optimal_LCS,,official_word_unmatched_or_ambiguous,False,
-iRBcNs9oI8$_$8,10,tell,,,,,,,,,mandatory_unique_pair_in_all_optimal_LCS,,official_word_unmatched_or_ambiguous,False,
-iRBcNs9oI8$_$8,11,he,,,,,,,,,mandatory_unique_pair_in_all_optimal_LCS,,official_word_unmatched_or_ambiguous,False,
-iRBcNs9oI8$_$8,12,has,,,,,,,,,mandatory_unique_pair_in_all_optimal_LCS,,official_word_unmatched_or_ambiguous,False,
-iRBcNs9oI8$_$8,13,a,,,,,,,,,mandatory_unique_pair_in_all_optimal_LCS,,official_word_unmatched_or_ambiguous,False,
-iRBcNs9oI8$_$8,14,lot,,,,,,,,,mandatory_unique_pair_in_all_optimal_LCS,,official_word_unmatched_or_ambiguous,False,
-iRBcNs9oI8$_$8,15,of,,,,,,,,,mandatory_unique_pair_in_all_optimal_LCS,,official_word_unmatched_or_ambiguous,False,
-iRBcNs9oI8$_$8,16,big,,,,,,,,,mandatory_unique_pair_in_all_optimal_LCS,,official_word_unmatched_or_ambiguous,False,
-iRBcNs9oI8$_$8,17,muscles,,,,,,,,,mandatory_unique_pair_in_all_optimal_LCS,,official_word_unmatched_or_ambiguous,False,
-iRBcNs9oI8$_$8,18,he,,,,,,,,,mandatory_unique_pair_in_all_optimal_LCS,,official_word_unmatched_or_ambiguous,False,
-iRBcNs9oI8$_$8,19,looks,,,,,,,,,mandatory_unique_pair_in_all_optimal_LCS,,official_word_unmatched_or_ambiguous,False,
-iRBcNs9oI8$_$8,20,very,,,,,,,,,mandatory_unique_pair_in_all_optimal_LCS,,official_word_unmatched_or_ambiguous,False,
-iRBcNs9oI8$_$8,21,strong,,,,,,,,,mandatory_unique_pair_in_all_optimal_LCS,,official_word_unmatched_or_ambiguous,False,
-lzEya4AM_4$_$5,1,If,1,1,If,0.0,0.6,0.0,0.6,0.8859710693359375,mandatory_unique_pair_in_all_optimal_LCS,Whisper small.en word timestamp estimate,partial_whisper_estimate_auto_qc_pass,True,
-lzEya4AM_4$_$5,2,it,2,2,it,0.6,0.72,0.6,0.72,0.993889570236206,mandatory_unique_pair_in_all_optimal_LCS,Whisper small.en word timestamp estimate,partial_whisper_estimate_auto_qc_pass,True,
-lzEya4AM_4$_$5,3,falls,3,3,falls,0.72,0.94,0.72,0.94,0.9952384233474731,mandatory_unique_pair_in_all_optimal_LCS,Whisper small.en word timestamp estimate,partial_whisper_estimate_auto_qc_pass,True,
-lzEya4AM_4$_$5,4,into,4,4,into,0.94,1.24,0.94,1.24,0.9636890888214111,mandatory_unique_pair_in_all_optimal_LCS,Whisper small.en word timestamp estimate,partial_whisper_estimate_auto_qc_pass,True,
-lzEya4AM_4$_$5,5,oh,,,,,,,,,mandatory_unique_pair_in_all_optimal_LCS,,official_word_unmatched_or_ambiguous,False,
-lzEya4AM_4$_$5,6,any,5,5,any,1.24,1.7,1.24,1.7,0.9661457538604736,mandatory_unique_pair_in_all_optimal_LCS,Whisper small.en word timestamp estimate,partial_whisper_estimate_auto_qc_pass,True,
-lzEya4AM_4$_$5,7,of,6,6,of,1.7,1.9,1.7,1.9,0.9911062121391296,mandatory_unique_pair_in_all_optimal_LCS,Whisper small.en word timestamp estimate,partial_whisper_estimate_auto_qc_pass,True,
-lzEya4AM_4$_$5,8,those,7,7,those,1.9,2.06,1.9,2.06,0.9887863397598267,mandatory_unique_pair_in_all_optimal_LCS,Whisper small.en word timestamp estimate,partial_whisper_estimate_auto_qc_pass,True,
-lzEya4AM_4$_$5,9,three,8,8,three,2.06,2.28,2.06,2.28,0.9467026591300964,mandatory_unique_pair_in_all_optimal_LCS,Whisper small.en word timestamp estimate,partial_whisper_estimate_auto_qc_pass,True,
-lzEya4AM_4$_$5,10,categories,9,9,categories,2.28,2.88,2.28,2.88,0.9960177540779114,mandatory_unique_pair_in_all_optimal_LCS,Whisper small.en word timestamp estimate,partial_whisper_estimate_auto_qc_pass,True,
-lzEya4AM_4$_$5,11,inducing,10,10,inducing,4.16,4.76,4.16,4.76,0.920320987701416,mandatory_unique_pair_in_all_optimal_LCS,Whisper small.en word timestamp estimate,partial_whisper_estimate_auto_qc_pass,True,
-lzEya4AM_4$_$5,12,nausea,11,11,nausea,4.76,5.36,4.76,5.36,0.858155369758606,mandatory_unique_pair_in_all_optimal_LCS,Whisper small.en word timestamp estimate,partial_whisper_estimate_auto_qc_pass,True,
-lzEya4AM_4$_$5,13,and,12,12,and,5.36,5.56,5.36,5.56,0.5435306429862976,mandatory_unique_pair_in_all_optimal_LCS,Whisper small.en word timestamp estimate,partial_whisper_estimate_auto_qc_pass,True,
-lzEya4AM_4$_$5,14,vomiting,13,13,vomiting,5.56,5.9,5.56,5.9,0.9995459914207458,mandatory_unique_pair_in_all_optimal_LCS,Whisper small.en word timestamp estimate,partial_whisper_estimate_auto_qc_pass,True,
-lzEya4AM_4$_$5,15,would,14,14,would,5.9,6.34,5.9,6.34,0.9527908563613892,mandatory_unique_pair_in_all_optimal_LCS,Whisper small.en word timestamp estimate,partial_whisper_estimate_auto_qc_pass,True,
-lzEya4AM_4$_$5,16,be,15,15,be,6.34,6.48,6.34,6.48,0.9987988471984863,mandatory_unique_pair_in_all_optimal_LCS,Whisper small.en word timestamp estimate,partial_whisper_estimate_auto_qc_pass,True,
-lzEya4AM_4$_$5,17,your,16,16,your,6.48,6.58,6.48,6.58,0.9901006817817688,mandatory_unique_pair_in_all_optimal_LCS,Whisper small.en word timestamp estimate,partial_whisper_estimate_auto_qc_pass,True,
-lzEya4AM_4$_$5,18,next,17,17,next,6.58,6.78,6.58,6.78,0.9981507658958435,mandatory_unique_pair_in_all_optimal_LCS,Whisper small.en word timestamp estimate,partial_whisper_estimate_auto_qc_pass,True,
-lzEya4AM_4$_$5,19,step,18,18,step,6.78,7.04,6.78,7.04,0.9992960691452026,mandatory_unique_pair_in_all_optimal_LCS,Whisper small.en word timestamp estimate,partial_whisper_estimate_auto_qc_pass,True,
-lzEya4AM_4$_$6,1,If,1,1,If,0.0,0.66,0.0,0.66,0.8982383012771606,mandatory_unique_pair_in_all_optimal_LCS,Whisper small.en word timestamp estimate,partial_whisper_estimate_auto_qc_pass,True,
-lzEya4AM_4$_$6,2,the,2,2,the,0.66,0.84,0.66,0.84,0.9932210445404053,mandatory_unique_pair_in_all_optimal_LCS,Whisper small.en word timestamp estimate,partial_whisper_estimate_auto_qc_pass,True,
-lzEya4AM_4$_$6,3,product,3,3,product,0.84,1.2,0.84,1.2,0.9814447164535522,mandatory_unique_pair_in_all_optimal_LCS,Whisper small.en word timestamp estimate,partial_whisper_estimate_auto_qc_pass,True,
-lzEya4AM_4$_$6,4,or,4,4,or,1.2,1.66,1.2,1.66,0.803094744682312,mandatory_unique_pair_in_all_optimal_LCS,Whisper small.en word timestamp estimate,partial_whisper_estimate_auto_qc_pass,True,
-lzEya4AM_4$_$6,5,poison,5,5,poison,1.66,2.0,1.66,2.0,0.9861636757850647,mandatory_unique_pair_in_all_optimal_LCS,Whisper small.en word timestamp estimate,partial_whisper_estimate_auto_qc_pass,True,
-lzEya4AM_4$_$6,6,is,6,6,is,2.0,2.26,2.0,2.26,0.9724307656288147,mandatory_unique_pair_in_all_optimal_LCS,Whisper small.en word timestamp estimate,partial_whisper_estimate_auto_qc_pass,True,
-lzEya4AM_4$_$6,7,some,7,7,some,2.26,2.42,2.26,2.42,0.9934597015380859,mandatory_unique_pair_in_all_optimal_LCS,Whisper small.en word timestamp estimate,partial_whisper_estimate_auto_qc_pass,True,
-lzEya4AM_4$_$6,8,type,8,8,type,2.42,2.6,2.42,2.6,0.9787406325340271,mandatory_unique_pair_in_all_optimal_LCS,Whisper small.en word timestamp estimate,partial_whisper_estimate_auto_qc_pass,True,
-lzEya4AM_4$_$6,9,of,9,9,of,2.6,2.82,2.6,2.82,0.9949790835380554,mandatory_unique_pair_in_all_optimal_LCS,Whisper small.en word timestamp estimate,partial_whisper_estimate_auto_qc_pass,True,
-lzEya4AM_4$_$6,10,petroleum,10,10,petroleum,2.82,3.26,2.82,3.26,0.9985501170158386,mandatory_unique_pair_in_all_optimal_LCS,Whisper small.en word timestamp estimate,partial_whisper_estimate_auto_qc_pass,True,
-lzEya4AM_4$_$6,11,product,11,11,product,3.26,3.74,3.26,3.74,0.9869697093963623,mandatory_unique_pair_in_all_optimal_LCS,Whisper small.en word timestamp estimate,partial_whisper_estimate_auto_qc_pass,True,
-lzEya4AM_4$_$6,12,or,12,12,or,3.74,4.28,3.74,4.28,0.9413560032844543,mandatory_unique_pair_in_all_optimal_LCS,Whisper small.en word timestamp estimate,partial_whisper_estimate_auto_qc_pass,True,
-lzEya4AM_4$_$6,13,corrosive,13,13,corrosive,4.28,4.82,4.28,4.82,0.9966164231300354,mandatory_unique_pair_in_all_optimal_LCS,Whisper small.en word timestamp estimate,partial_whisper_estimate_auto_qc_pass,True,
-lzEya4AM_4$_$6,14,product,14,14,product,4.82,5.2,4.82,5.2,0.9985314607620239,mandatory_unique_pair_in_all_optimal_LCS,Whisper small.en word timestamp estimate,partial_whisper_estimate_auto_qc_pass,True,
-lzEya4AM_4$_$6,15,you,15,15,you,5.56,5.9,5.56,5.9,0.9848516583442688,mandatory_unique_pair_in_all_optimal_LCS,Whisper small.en word timestamp estimate,partial_whisper_estimate_auto_qc_pass,True,
-lzEya4AM_4$_$6,16,would,16,16,would,5.9,6.06,5.9,6.06,0.9955465793609619,mandatory_unique_pair_in_all_optimal_LCS,Whisper small.en word timestamp estimate,partial_whisper_estimate_auto_qc_pass,True,
-lzEya4AM_4$_$6,17,not,17,17,not,6.06,6.26,6.06,6.26,0.9983491897583008,mandatory_unique_pair_in_all_optimal_LCS,Whisper small.en word timestamp estimate,partial_whisper_estimate_auto_qc_pass,True,
-lzEya4AM_4$_$6,18,attempt,18,18,attempt,6.26,6.78,6.26,6.78,0.9984534978866577,mandatory_unique_pair_in_all_optimal_LCS,Whisper small.en word timestamp estimate,partial_whisper_estimate_auto_qc_pass,True,
-lzEya4AM_4$_$6,19,to,19,19,to,6.78,7.34,6.78,7.34,0.9970247149467468,mandatory_unique_pair_in_all_optimal_LCS,Whisper small.en word timestamp estimate,partial_whisper_estimate_auto_qc_pass,True,
-lzEya4AM_4$_$6,20,induce,20,20,induce,7.34,7.86,7.34,7.86,0.9816238284111023,mandatory_unique_pair_in_all_optimal_LCS,Whisper small.en word timestamp estimate,partial_whisper_estimate_auto_qc_pass,True,
-lzEya4AM_4$_$6,21,vomiting,21,21,vomiting,7.86,8.28,7.86,8.28,0.9988935589790344,mandatory_unique_pair_in_all_optimal_LCS,Whisper small.en word timestamp estimate,partial_whisper_estimate_auto_qc_pass,True,
-lzEya4AM_4$_$6,22,and,22,22,and,8.28,8.68,8.28,8.68,0.9762917160987854,mandatory_unique_pair_in_all_optimal_LCS,Whisper small.en word timestamp estimate,partial_whisper_estimate_auto_qc_pass,True,
-lzEya4AM_4$_$6,23,nausea,23,23,nausea,8.68,9.02,8.68,9.02,0.9996223449707031,mandatory_unique_pair_in_all_optimal_LCS,Whisper small.en word timestamp estimate,partial_whisper_estimate_auto_qc_pass,True,
-lzEya4AM_4$_$6,24,as,,,,,,,,,mandatory_unique_pair_in_all_optimal_LCS,,official_word_unmatched_or_ambiguous,False,
-lzEya4AM_4$_$6,25,as,,,,,,,,,mandatory_unique_pair_in_all_optimal_LCS,,official_word_unmatched_or_ambiguous,False,
-lzEya4AM_4$_$6,26,the,25,25,the,9.74,9.94,9.74,9.94,0.7968776822090149,mandatory_unique_pair_in_all_optimal_LCS,Whisper small.en word timestamp estimate,partial_whisper_estimate_auto_qc_pass,True,
-lzEya4AM_4$_$6,27,product,26,26,product,9.94,10.26,9.94,10.26,0.9945124387741089,mandatory_unique_pair_in_all_optimal_LCS,Whisper small.en word timestamp estimate,partial_whisper_estimate_auto_qc_pass,True,
-lzEya4AM_4$_$6,28,burned,27,27,burned,10.26,10.6,10.26,10.6,0.9920786023139954,mandatory_unique_pair_in_all_optimal_LCS,Whisper small.en word timestamp estimate,partial_whisper_estimate_auto_qc_pass,True,
-lzEya4AM_4$_$6,29,on,28,28,on,10.6,10.82,10.6,10.82,0.9953948855400085,mandatory_unique_pair_in_all_optimal_LCS,Whisper small.en word timestamp estimate,partial_whisper_estimate_auto_qc_pass,True,
-lzEya4AM_4$_$6,30,the,29,29,the,10.82,10.92,10.82,10.92,0.9986963868141174,mandatory_unique_pair_in_all_optimal_LCS,Whisper small.en word timestamp estimate,partial_whisper_estimate_auto_qc_pass,True,
-lzEya4AM_4$_$6,31,way,30,30,way,10.92,11.06,10.92,11.06,0.9989990592002869,mandatory_unique_pair_in_all_optimal_LCS,Whisper small.en word timestamp estimate,partial_whisper_estimate_auto_qc_pass,True,
-lzEya4AM_4$_$6,32,down,31,31,down,11.06,11.4,11.06,11.4,0.9987138509750366,mandatory_unique_pair_in_all_optimal_LCS,Whisper small.en word timestamp estimate,partial_whisper_estimate_auto_qc_pass,True,
-lzEya4AM_4$_$6,33,it,32,32,it,11.7,11.88,11.7,11.88,0.9952318072319031,mandatory_unique_pair_in_all_optimal_LCS,Whisper small.en word timestamp estimate,partial_whisper_estimate_auto_qc_pass,True,
-lzEya4AM_4$_$6,34,could,33,33,could,11.88,12.0,11.88,12.0,0.9729831218719482,mandatory_unique_pair_in_all_optimal_LCS,Whisper small.en word timestamp estimate,partial_whisper_estimate_auto_qc_pass,True,
-lzEya4AM_4$_$6,35,cause,34,34,cause,12.0,12.26,12.0,12.26,0.9965420365333557,mandatory_unique_pair_in_all_optimal_LCS,Whisper small.en word timestamp estimate,partial_whisper_estimate_auto_qc_pass,True,
-lzEya4AM_4$_$6,36,damage,35,35,damage,12.26,12.58,12.26,12.58,0.9954012632369995,mandatory_unique_pair_in_all_optimal_LCS,Whisper small.en word timestamp estimate,partial_whisper_estimate_auto_qc_pass,True,
-lzEya4AM_4$_$6,37,and,,,,,,,,,mandatory_unique_pair_in_all_optimal_LCS,,official_word_unmatched_or_ambiguous,False,
-lzEya4AM_4$_$6,38,burning,37,37,burning,12.84,13.1,12.84,13.1,0.997825562953949,mandatory_unique_pair_in_all_optimal_LCS,Whisper small.en word timestamp estimate,partial_whisper_estimate_auto_qc_pass,True,
-lzEya4AM_4$_$6,39,on,38,38,on,13.1,13.54,13.1,13.54,0.9885198473930359,mandatory_unique_pair_in_all_optimal_LCS,Whisper small.en word timestamp estimate,partial_whisper_estimate_auto_qc_pass,True,
-lzEya4AM_4$_$6,40,the,39,39,the,13.54,13.64,13.54,13.64,0.9991068243980408,mandatory_unique_pair_in_all_optimal_LCS,Whisper small.en word timestamp estimate,partial_whisper_estimate_auto_qc_pass,True,
-lzEya4AM_4$_$6,41,way,40,40,way,13.64,13.76,13.64,13.76,0.9990509152412415,mandatory_unique_pair_in_all_optimal_LCS,Whisper small.en word timestamp estimate,partial_whisper_estimate_auto_qc_pass,True,
-lzEya4AM_4$_$6,42,back,41,41,back,13.76,13.98,13.76,13.98,0.9947836995124817,mandatory_unique_pair_in_all_optimal_LCS,Whisper small.en word timestamp estimate,partial_whisper_estimate_auto_qc_pass,True,
-lzEya4AM_4$_$6,43,up,42,42,up,13.98,14.2,13.98,14.2,0.9978826642036438,mandatory_unique_pair_in_all_optimal_LCS,Whisper small.en word timestamp estimate,partial_whisper_estimate_auto_qc_pass,True,
-mJ2ud6oKI8$_$1,1,There,,,,,,,,,mandatory_unique_pair_in_all_optimal_LCS,,official_word_unmatched_or_ambiguous,False,
-mJ2ud6oKI8$_$1,2,are,,,,,,,,,mandatory_unique_pair_in_all_optimal_LCS,,official_word_unmatched_or_ambiguous,False,
-mJ2ud6oKI8$_$1,3,a,,,,,,,,,mandatory_unique_pair_in_all_optimal_LCS,,official_word_unmatched_or_ambiguous,False,
-mJ2ud6oKI8$_$1,4,dozen,,,,,,,,,mandatory_unique_pair_in_all_optimal_LCS,,official_word_unmatched_or_ambiguous,False,
-mJ2ud6oKI8$_$1,5,or,,,,,,,,,mandatory_unique_pair_in_all_optimal_LCS,,official_word_unmatched_or_ambiguous,False,
-mJ2ud6oKI8$_$1,6,more,,,,,,,,,mandatory_unique_pair_in_all_optimal_LCS,,official_word_unmatched_or_ambiguous,False,
-mJ2ud6oKI8$_$1,7,hands,,,,,,,,,mandatory_unique_pair_in_all_optimal_LCS,,official_word_unmatched_or_ambiguous,False,
-mJ2ud6oKI8$_$1,8,on,,,,,,,,,mandatory_unique_pair_in_all_optimal_LCS,,official_word_unmatched_or_ambiguous,False,
-mJ2ud6oKI8$_$1,9,techniques,,,,,,,,,mandatory_unique_pair_in_all_optimal_LCS,,official_word_unmatched_or_ambiguous,False,
-mJ2ud6oKI8$_$1,10,that,,,,,,,,,mandatory_unique_pair_in_all_optimal_LCS,,official_word_unmatched_or_ambiguous,False,
-mJ2ud6oKI8$_$1,11,we,,,,,,,,,mandatory_unique_pair_in_all_optimal_LCS,,official_word_unmatched_or_ambiguous,False,
-mJ2ud6oKI8$_$1,12,can,,,,,,,,,mandatory_unique_pair_in_all_optimal_LCS,,official_word_unmatched_or_ambiguous,False,
-mJ2ud6oKI8$_$1,13,do,,,,,,,,,mandatory_unique_pair_in_all_optimal_LCS,,official_word_unmatched_or_ambiguous,False,
-mJ2ud6oKI8$_$2,1,So,,,,,,,,,mandatory_unique_pair_in_all_optimal_LCS,,official_word_unmatched_or_ambiguous,False,
-mJ2ud6oKI8$_$2,2,physical,,,,,,,,,mandatory_unique_pair_in_all_optimal_LCS,,official_word_unmatched_or_ambiguous,False,
-mJ2ud6oKI8$_$2,3,therapists,,,,,,,,,mandatory_unique_pair_in_all_optimal_LCS,,official_word_unmatched_or_ambiguous,False,
-mJ2ud6oKI8$_$2,4,and,,,,,,,,,mandatory_unique_pair_in_all_optimal_LCS,,official_word_unmatched_or_ambiguous,False,
-mJ2ud6oKI8$_$2,5,chiropractors,,,,,,,,,mandatory_unique_pair_in_all_optimal_LCS,,official_word_unmatched_or_ambiguous,False,
-mJ2ud6oKI8$_$2,6,will,,,,,,,,,mandatory_unique_pair_in_all_optimal_LCS,,official_word_unmatched_or_ambiguous,False,
-mJ2ud6oKI8$_$2,7,do,,,,,,,,,mandatory_unique_pair_in_all_optimal_LCS,,official_word_unmatched_or_ambiguous,False,
-mJ2ud6oKI8$_$2,8,joint,,,,,,,,,mandatory_unique_pair_in_all_optimal_LCS,,official_word_unmatched_or_ambiguous,False,
-mJ2ud6oKI8$_$2,9,manipulations,,,,,,,,,mandatory_unique_pair_in_all_optimal_LCS,,official_word_unmatched_or_ambiguous,False,
-mJ2ud6oKI8$_$2,10,and,,,,,,,,,mandatory_unique_pair_in_all_optimal_LCS,,official_word_unmatched_or_ambiguous,False,
-mJ2ud6oKI8$_$2,11,mobilizations,,,,,,,,,mandatory_unique_pair_in_all_optimal_LCS,,official_word_unmatched_or_ambiguous,False,
-mJ2ud6oKI8$_$6,1,They,,,,,,,,,mandatory_unique_pair_in_all_optimal_LCS,,official_word_unmatched_or_ambiguous,False,
-mJ2ud6oKI8$_$6,2,are,,,,,,,,,mandatory_unique_pair_in_all_optimal_LCS,,official_word_unmatched_or_ambiguous,False,
-mJ2ud6oKI8$_$6,3,all,3,3,all,0.4,0.68,0.4,0.68,0.9986580610275269,mandatory_unique_pair_in_all_optimal_LCS,Whisper small.en word timestamp estimate,partial_whisper_estimate_auto_qc_pass,True,
-mJ2ud6oKI8$_$6,4,very,,,,,,,,,mandatory_unique_pair_in_all_optimal_LCS,,official_word_unmatched_or_ambiguous,False,
-mJ2ud6oKI8$_$6,5,safe,,,,,,,,,mandatory_unique_pair_in_all_optimal_LCS,,official_word_unmatched_or_ambiguous,False,
-mJ2ud6oKI8$_$9,1,It's,,,,,,,,,mandatory_unique_pair_in_all_optimal_LCS,,official_word_unmatched_or_ambiguous,False,
-mJ2ud6oKI8$_$9,2,safe,,,,,,,,,mandatory_unique_pair_in_all_optimal_LCS,,official_word_unmatched_or_ambiguous,False,
-mJ2ud6oKI8$_$9,3,and,,,,,,,,,mandatory_unique_pair_in_all_optimal_LCS,,official_word_unmatched_or_ambiguous,False,
-mJ2ud6oKI8$_$9,4,the,,,,,,,,,mandatory_unique_pair_in_all_optimal_LCS,,official_word_unmatched_or_ambiguous,False,
-mJ2ud6oKI8$_$9,5,person,,,,,,,,,mandatory_unique_pair_in_all_optimal_LCS,,official_word_unmatched_or_ambiguous,False,
-mJ2ud6oKI8$_$9,6,will,,,,,,,,,mandatory_unique_pair_in_all_optimal_LCS,,official_word_unmatched_or_ambiguous,False,
-mJ2ud6oKI8$_$9,7,feel,,,,,,,,,mandatory_unique_pair_in_all_optimal_LCS,,official_word_unmatched_or_ambiguous,False,
-mJ2ud6oKI8$_$9,8,better,,,,,,,,,mandatory_unique_pair_in_all_optimal_LCS,,official_word_unmatched_or_ambiguous,False,
-mJ2ud6oKI8$_$9,9,later,,,,,,,,,mandatory_unique_pair_in_all_optimal_LCS,,official_word_unmatched_or_ambiguous,False,
-mJ2ud6oKI8$_$9,10,on,,,,,,,,,mandatory_unique_pair_in_all_optimal_LCS,,official_word_unmatched_or_ambiguous,False,
-mJ2ud6oKI8$_$9,11,but,10,10,but,2.66,3.04,2.66,3.04,0.7175760865211487,mandatory_unique_pair_in_all_optimal_LCS,Whisper small.en word timestamp estimate,partial_whisper_estimate_auto_qc_pass,True,
-mJ2ud6oKI8$_$9,12,it's,,,,,,,,,mandatory_unique_pair_in_all_optimal_LCS,,official_word_unmatched_or_ambiguous,False,
-mJ2ud6oKI8$_$9,13,sort,,,,,,,,,mandatory_unique_pair_in_all_optimal_LCS,,official_word_unmatched_or_ambiguous,False,
-mJ2ud6oKI8$_$9,14,of,,,,,,,,,mandatory_unique_pair_in_all_optimal_LCS,,official_word_unmatched_or_ambiguous,False,
-mJ2ud6oKI8$_$9,15,like,,,,,,,,,mandatory_unique_pair_in_all_optimal_LCS,,official_word_unmatched_or_ambiguous,False,
-mJ2ud6oKI8$_$9,16,flossing,,,,,,,,,mandatory_unique_pair_in_all_optimal_LCS,,official_word_unmatched_or_ambiguous,False,
-mJ2ud6oKI8$_$9,17,your,21,21,your,6.74,6.88,6.74,6.88,0.9122158288955688,mandatory_unique_pair_in_all_optimal_LCS,Whisper small.en word timestamp estimate,partial_whisper_estimate_auto_qc_pass,True,
-mJ2ud6oKI8$_$9,18,teeth,,,,,,,,,mandatory_unique_pair_in_all_optimal_LCS,,official_word_unmatched_or_ambiguous,False,
-mJ2ud6oKI8$_$9,19,for,,,,,,,,,mandatory_unique_pair_in_all_optimal_LCS,,official_word_unmatched_or_ambiguous,False,
-mJ2ud6oKI8$_$9,20,the,,,,,,,,,mandatory_unique_pair_in_all_optimal_LCS,,official_word_unmatched_or_ambiguous,False,
-mJ2ud6oKI8$_$9,21,first,,,,,,,,,mandatory_unique_pair_in_all_optimal_LCS,,official_word_unmatched_or_ambiguous,False,
-mJ2ud6oKI8$_$9,22,time,,,,,,,,,mandatory_unique_pair_in_all_optimal_LCS,,official_word_unmatched_or_ambiguous,False,
-mJ2ud6oKI8$_$8,1,Sometimes,,,,,,,,,mandatory_unique_pair_in_all_optimal_LCS,,official_word_unmatched_or_ambiguous,False,
-mJ2ud6oKI8$_$8,2,we,1,1,We,0.52,0.88,0.52,0.88,0.4580743908882141,mandatory_unique_pair_in_all_optimal_LCS,Whisper small.en word timestamp estimate,partial_whisper_estimate_auto_qc_pass,True,
-mJ2ud6oKI8$_$8,3,have,,,,,,,,,mandatory_unique_pair_in_all_optimal_LCS,,official_word_unmatched_or_ambiguous,False,
-mJ2ud6oKI8$_$8,4,to,,,,,,,,,mandatory_unique_pair_in_all_optimal_LCS,,official_word_unmatched_or_ambiguous,False,
-mJ2ud6oKI8$_$8,5,stretch,,,,,,,,,mandatory_unique_pair_in_all_optimal_LCS,,official_word_unmatched_or_ambiguous,False,
-mJ2ud6oKI8$_$8,6,that,,,,,,,,,mandatory_unique_pair_in_all_optimal_LCS,,official_word_unmatched_or_ambiguous,False,
-mJ2ud6oKI8$_$8,7,joint,,,,,,,,,mandatory_unique_pair_in_all_optimal_LCS,,official_word_unmatched_or_ambiguous,False,
-mJ2ud6oKI8$_$8,8,that,,,,,,,,,mandatory_unique_pair_in_all_optimal_LCS,,official_word_unmatched_or_ambiguous,False,
-mJ2ud6oKI8$_$8,9,is,,,,,,,,,mandatory_unique_pair_in_all_optimal_LCS,,official_word_unmatched_or_ambiguous,False,
-mJ2ud6oKI8$_$8,10,already,,,,,,,,,mandatory_unique_pair_in_all_optimal_LCS,,official_word_unmatched_or_ambiguous,False,
-mJ2ud6oKI8$_$8,11,irritated,,,,,,,,,mandatory_unique_pair_in_all_optimal_LCS,,official_word_unmatched_or_ambiguous,False,
-mqbVkbCndg$_$0,1,How,1,1,How,0.0,0.38,0.0,0.38,0.903985321521759,exact_normalized_sequence,Whisper small.en word timestamp estimate,exact_text_whisper_estimate_auto_qc_pass,True,
-mqbVkbCndg$_$0,2,at,2,2,at,0.38,0.94,0.38,0.94,0.6793640851974487,exact_normalized_sequence,Whisper small.en word timestamp estimate,exact_text_whisper_estimate_auto_qc_pass,True,
-mqbVkbCndg$_$0,3,a,3,3,a,0.94,1.06,0.94,1.06,0.995926022529602,exact_normalized_sequence,Whisper small.en word timestamp estimate,exact_text_whisper_estimate_auto_qc_pass,True,
-mqbVkbCndg$_$0,4,particular,4,4,particular,1.06,1.34,1.06,1.34,0.9976809024810791,exact_normalized_sequence,Whisper small.en word timestamp estimate,exact_text_whisper_estimate_auto_qc_pass,True,
-mqbVkbCndg$_$0,5,moment,5,5,moment,1.34,1.84,1.34,1.84,0.9962963461875916,exact_normalized_sequence,Whisper small.en word timestamp estimate,exact_text_whisper_estimate_auto_qc_pass,True,
-mqbVkbCndg$_$0,6,in,6,6,in,1.84,2.18,1.84,2.18,0.995187520980835,exact_normalized_sequence,Whisper small.en word timestamp estimate,exact_text_whisper_estimate_auto_qc_pass,True,
-mqbVkbCndg$_$0,7,time,7,7,time,2.18,2.52,2.18,2.52,0.9983441829681396,exact_normalized_sequence,Whisper small.en word timestamp estimate,exact_text_whisper_estimate_auto_qc_pass,True,
-mqbVkbCndg$_$0,8,our,8,8,our,2.7,2.92,2.7,2.92,0.9645101428031921,exact_normalized_sequence,Whisper small.en word timestamp estimate,exact_text_whisper_estimate_auto_qc_pass,True,
-mqbVkbCndg$_$0,9,moment,9,9,moment,2.92,3.24,2.92,3.24,0.9916918277740479,exact_normalized_sequence,Whisper small.en word timestamp estimate,exact_text_whisper_estimate_auto_qc_pass,True,
-mqbVkbCndg$_$0,10,in,10,10,in,3.24,3.6,3.24,3.6,0.9924523234367371,exact_normalized_sequence,Whisper small.en word timestamp estimate,exact_text_whisper_estimate_auto_qc_pass,True,
-mqbVkbCndg$_$0,11,time,11,11,time,3.6,4.0,3.6,4.0,0.9996235370635986,exact_normalized_sequence,Whisper small.en word timestamp estimate,exact_text_whisper_estimate_auto_qc_pass,True,
-mqbVkbCndg$_$0,12,are,12,12,are,4.32,4.62,4.32,4.62,0.99750816822052,exact_normalized_sequence,Whisper small.en word timestamp estimate,exact_text_whisper_estimate_auto_qc_pass,True,
-mqbVkbCndg$_$0,13,they,13,13,they,4.62,4.94,4.62,4.94,0.9992477893829346,exact_normalized_sequence,Whisper small.en word timestamp estimate,exact_text_whisper_estimate_auto_qc_pass,True,
-mqbVkbCndg$_$0,14,limited,14,14,limited,4.94,5.64,4.94,5.64,0.9933401942253113,exact_normalized_sequence,Whisper small.en word timestamp estimate,exact_text_whisper_estimate_auto_qc_pass,True,
-t217m2on-s$_$2,1,But,1,1,But,0.0,0.68,0.0,0.68,0.5415016412734985,exact_normalized_sequence,Whisper small.en word timestamp estimate,exact_text_whisper_estimate_auto_qc_pass,True,
-t217m2on-s$_$2,2,a,2,2,a,0.68,1.38,0.68,1.38,0.8815295696258545,exact_normalized_sequence,Whisper small.en word timestamp estimate,exact_text_whisper_estimate_auto_qc_pass,True,
-t217m2on-s$_$2,3,good,3,3,good,1.38,1.54,1.38,1.54,0.9807708859443665,exact_normalized_sequence,Whisper small.en word timestamp estimate,exact_text_whisper_estimate_auto_qc_pass,True,
-t217m2on-s$_$2,4,thing,4,4,thing,1.54,1.74,1.54,1.74,0.9959844350814819,exact_normalized_sequence,Whisper small.en word timestamp estimate,exact_text_whisper_estimate_auto_qc_pass,True,
-t217m2on-s$_$2,5,to,5,5,to,1.74,1.86,1.74,1.86,0.9801713228225708,exact_normalized_sequence,Whisper small.en word timestamp estimate,exact_text_whisper_estimate_auto_qc_pass,True,
-t217m2on-s$_$2,6,do,6,6,do,1.86,1.96,1.86,1.96,0.9971265196800232,exact_normalized_sequence,Whisper small.en word timestamp estimate,exact_text_whisper_estimate_auto_qc_pass,True,
-t217m2on-s$_$2,7,is,7,7,is,1.96,2.08,1.96,2.08,0.9838899374008179,exact_normalized_sequence,Whisper small.en word timestamp estimate,exact_text_whisper_estimate_auto_qc_pass,True,
-t217m2on-s$_$2,8,yawning,8,8,yawning,2.08,3.08,2.08,3.08,0.7328837960958481,exact_normalized_sequence,Whisper small.en word timestamp estimate,exact_text_whisper_estimate_auto_qc_pass,True,
-t217m2on-s$_$2,9,chewing,9,9,Chewing,3.62,3.88,3.62,3.88,0.971761554479599,exact_normalized_sequence,Whisper small.en word timestamp estimate,exact_text_whisper_estimate_auto_qc_pass,True,
-t217m2on-s$_$2,10,gum,10,10,gum,3.88,4.18,3.88,4.18,0.9976316690444946,exact_normalized_sequence,Whisper small.en word timestamp estimate,exact_text_whisper_estimate_auto_qc_pass,True,
-t217m2on-s$_$2,11,is,11,11,is,4.18,4.4,4.18,4.4,0.9941524863243103,exact_normalized_sequence,Whisper small.en word timestamp estimate,exact_text_whisper_estimate_auto_qc_pass,True,
-t217m2on-s$_$2,12,effective,12,12,effective,4.4,4.86,4.4,4.86,0.9849432706832886,exact_normalized_sequence,Whisper small.en word timestamp estimate,exact_text_whisper_estimate_auto_qc_pass,True,
-t217m2on-s$_$7,1,If,1,1,If,0.0,0.62,0.0,0.62,0.8049013614654541,exact_normalized_sequence,Whisper small.en word timestamp estimate,exact_text_whisper_estimate_auto_qc_pass,True,
-t217m2on-s$_$7,2,you,2,2,you,0.62,0.78,0.62,0.78,0.9979423880577087,exact_normalized_sequence,Whisper small.en word timestamp estimate,exact_text_whisper_estimate_auto_qc_pass,True,
-t217m2on-s$_$7,3,find,3,3,find,0.78,1.06,0.78,1.06,0.9968672394752502,exact_normalized_sequence,Whisper small.en word timestamp estimate,exact_text_whisper_estimate_auto_qc_pass,True,
-t217m2on-s$_$7,4,that,4,4,that,1.06,1.32,1.06,1.32,0.9848783612251282,exact_normalized_sequence,Whisper small.en word timestamp estimate,exact_text_whisper_estimate_auto_qc_pass,True,
-t217m2on-s$_$7,5,your,5,5,your,1.32,1.56,1.32,1.56,0.9847524762153625,exact_normalized_sequence,Whisper small.en word timestamp estimate,exact_text_whisper_estimate_auto_qc_pass,True,
-t217m2on-s$_$7,6,ears,6,6,ears,1.56,1.96,1.56,1.96,0.9943517446517944,exact_normalized_sequence,Whisper small.en word timestamp estimate,exact_text_whisper_estimate_auto_qc_pass,True,
-t217m2on-s$_$7,7,consistently,7,7,consistently,,,,,0.5469586253166199,exact_normalized_sequence,,whisper_time_flagged_null,False,very_long_duration_review
-t217m2on-s$_$7,8,do,8,8,do,3.6,4.42,3.6,4.42,0.9944936633110046,exact_normalized_sequence,Whisper small.en word timestamp estimate,exact_text_whisper_estimate_auto_qc_pass,True,
-t217m2on-s$_$7,9,this,9,9,this,4.42,4.66,4.42,4.66,0.9991395473480225,exact_normalized_sequence,Whisper small.en word timestamp estimate,exact_text_whisper_estimate_auto_qc_pass,True,
-t217m2on-s$_$7,10,and,10,10,and,4.66,4.86,4.66,4.86,0.8059030771255493,exact_normalized_sequence,Whisper small.en word timestamp estimate,exact_text_whisper_estimate_auto_qc_pass,True,
-t217m2on-s$_$7,11,you,11,11,you,4.86,5.0,4.86,5.0,0.9910494089126587,exact_normalized_sequence,Whisper small.en word timestamp estimate,exact_text_whisper_estimate_auto_qc_pass,True,
-t217m2on-s$_$7,12,can't,12,12,can't,5.0,5.44,5.0,5.44,0.9856958389282227,exact_normalized_sequence,Whisper small.en word timestamp estimate,exact_text_whisper_estimate_auto_qc_pass,True,
-t217m2on-s$_$7,13,pop,13,13,pop,5.44,5.78,5.44,5.78,0.987203061580658,exact_normalized_sequence,Whisper small.en word timestamp estimate,exact_text_whisper_estimate_auto_qc_pass,True,
-t217m2on-s$_$7,14,them,14,14,them,5.78,6.02,5.78,6.02,0.9957380294799805,exact_normalized_sequence,Whisper small.en word timestamp estimate,exact_text_whisper_estimate_auto_qc_pass,True,
-t217m2on-s$_$7,15,often,15,15,often,6.02,6.44,6.02,6.44,0.8463388085365295,exact_normalized_sequence,Whisper small.en word timestamp estimate,exact_text_whisper_estimate_auto_qc_pass,True,
-t217m2on-s$_$7,16,you'll,16,16,you'll,6.9,7.1,6.9,7.1,0.7693890333175659,exact_normalized_sequence,Whisper small.en word timestamp estimate,exact_text_whisper_estimate_auto_qc_pass,True,
-t217m2on-s$_$7,17,definitely,17,17,definitely,7.1,7.3,7.1,7.3,0.993992269039154,exact_normalized_sequence,Whisper small.en word timestamp estimate,exact_text_whisper_estimate_auto_qc_pass,True,
-t217m2on-s$_$7,18,need,18,18,need,7.3,7.86,7.3,7.86,0.8555898070335388,exact_normalized_sequence,Whisper small.en word timestamp estimate,exact_text_whisper_estimate_auto_qc_pass,True,
-t217m2on-s$_$7,19,to,19,19,to,7.86,8.02,7.86,8.02,0.9981631636619568,exact_normalized_sequence,Whisper small.en word timestamp estimate,exact_text_whisper_estimate_auto_qc_pass,True,
-t217m2on-s$_$7,20,see,20,20,see,8.02,8.2,8.02,8.2,0.9936395287513733,exact_normalized_sequence,Whisper small.en word timestamp estimate,exact_text_whisper_estimate_auto_qc_pass,True,
-t217m2on-s$_$7,21,a,21,21,a,8.2,8.34,8.2,8.34,0.9891112446784973,exact_normalized_sequence,Whisper small.en word timestamp estimate,exact_text_whisper_estimate_auto_qc_pass,True,
-t217m2on-s$_$7,22,physician,22,22,physician,8.34,8.78,8.34,8.78,0.9982131719589233,exact_normalized_sequence,Whisper small.en word timestamp estimate,exact_text_whisper_estimate_auto_qc_pass,True,
-t217m2on-s$_$7,23,regarding,23,23,regarding,8.78,9.76,8.78,9.76,0.9821268916130066,exact_normalized_sequence,Whisper small.en word timestamp estimate,exact_text_whisper_estimate_auto_qc_pass,True,
-t217m2on-s$_$7,24,those,24,24,those,9.76,10.1,9.76,10.1,0.9958620071411133,exact_normalized_sequence,Whisper small.en word timestamp estimate,exact_text_whisper_estimate_auto_qc_pass,True,
-t217m2on-s$_$7,25,things,25,25,things,10.1,10.44,10.1,10.44,0.9986488223075867,exact_normalized_sequence,Whisper small.en word timestamp estimate,exact_text_whisper_estimate_auto_qc_pass,True,
-t217m2on-s$_$7,26,it,26,26,It,10.86,10.98,10.86,10.98,0.9940097332000732,exact_normalized_sequence,Whisper small.en word timestamp estimate,exact_text_whisper_estimate_auto_qc_pass,True,
-t217m2on-s$_$7,27,could,27,27,could,10.98,11.14,10.98,11.14,0.9984684586524963,exact_normalized_sequence,Whisper small.en word timestamp estimate,exact_text_whisper_estimate_auto_qc_pass,True,
-t217m2on-s$_$7,28,be,28,28,be,11.14,11.36,11.14,11.36,0.9978824257850647,exact_normalized_sequence,Whisper small.en word timestamp estimate,exact_text_whisper_estimate_auto_qc_pass,True,
-t217m2on-s$_$7,29,something,29,29,something,11.36,11.56,11.36,11.56,0.9778878092765808,exact_normalized_sequence,Whisper small.en word timestamp estimate,exact_text_whisper_estimate_auto_qc_pass,True,
-t217m2on-s$_$7,30,more,30,30,more,11.56,11.94,11.56,11.94,0.9923701286315918,exact_normalized_sequence,Whisper small.en word timestamp estimate,exact_text_whisper_estimate_auto_qc_pass,True,
-t217m2on-s$_$7,31,of,31,31,of,11.94,12.08,11.94,12.08,0.9892995357513428,exact_normalized_sequence,Whisper small.en word timestamp estimate,exact_text_whisper_estimate_auto_qc_pass,True,
-t217m2on-s$_$7,32,a,32,32,a,12.08,12.16,12.08,12.16,0.989463210105896,exact_normalized_sequence,Whisper small.en word timestamp estimate,exact_text_whisper_estimate_auto_qc_pass,True,
-t217m2on-s$_$7,33,nasal,33,33,nasal,12.16,12.46,12.16,12.46,0.9939518570899963,exact_normalized_sequence,Whisper small.en word timestamp estimate,exact_text_whisper_estimate_auto_qc_pass,True,
-t217m2on-s$_$7,34,infection,34,34,infection,12.46,12.94,12.46,12.94,0.9666379690170288,exact_normalized_sequence,Whisper small.en word timestamp estimate,exact_text_whisper_estimate_auto_qc_pass,True,
-t217m2on-s$_$7,35,or,35,35,or,12.94,13.4,12.94,13.4,0.9575603604316711,exact_normalized_sequence,Whisper small.en word timestamp estimate,exact_text_whisper_estimate_auto_qc_pass,True,
-t217m2on-s$_$7,36,a,36,36,a,13.4,13.52,13.4,13.52,0.9609844088554382,exact_normalized_sequence,Whisper small.en word timestamp estimate,exact_text_whisper_estimate_auto_qc_pass,True,
-t217m2on-s$_$7,37,sinus,37,37,sinus,13.52,13.92,13.52,13.92,0.9935645461082458,exact_normalized_sequence,Whisper small.en word timestamp estimate,exact_text_whisper_estimate_auto_qc_pass,True,
-t217m2on-s$_$7,38,infection,38,38,infection,13.92,14.5,13.92,14.5,0.998271107673645,exact_normalized_sequence,Whisper small.en word timestamp estimate,exact_text_whisper_estimate_auto_qc_pass,True,
-t217m2on-s$_$7,39,that,39,39,that,14.5,15.28,14.5,15.28,0.9335046410560608,exact_normalized_sequence,Whisper small.en word timestamp estimate,exact_text_whisper_estimate_auto_qc_pass,True,
-t217m2on-s$_$7,40,he,40,40,he,15.28,15.5,15.28,15.5,0.9986530542373657,exact_normalized_sequence,Whisper small.en word timestamp estimate,exact_text_whisper_estimate_auto_qc_pass,True,
-t217m2on-s$_$7,41,would,41,41,would,15.5,15.72,15.5,15.72,0.9939911961555481,exact_normalized_sequence,Whisper small.en word timestamp estimate,exact_text_whisper_estimate_auto_qc_pass,True,
-t217m2on-s$_$7,42,need,42,42,need,15.72,15.92,15.72,15.92,0.9967089891433716,exact_normalized_sequence,Whisper small.en word timestamp estimate,exact_text_whisper_estimate_auto_qc_pass,True,
-t217m2on-s$_$7,43,to,43,43,to,15.92,16.08,15.92,16.08,0.9969701766967773,exact_normalized_sequence,Whisper small.en word timestamp estimate,exact_text_whisper_estimate_auto_qc_pass,True,
-t217m2on-s$_$7,44,deal,44,44,deal,16.08,16.24,16.08,16.24,0.9990597367286682,exact_normalized_sequence,Whisper small.en word timestamp estimate,exact_text_whisper_estimate_auto_qc_pass,True,
-t217m2on-s$_$7,45,with,45,45,with,16.24,16.48,16.24,16.48,0.9989902377128601,exact_normalized_sequence,Whisper small.en word timestamp estimate,exact_text_whisper_estimate_auto_qc_pass,True,
-tANM6ETl_M$_$3,1,The,1,1,The,0.0,0.62,0.0,0.62,0.7864065170288086,mandatory_unique_pair_in_all_optimal_LCS,Whisper small.en word timestamp estimate,partial_whisper_estimate_auto_qc_pass,True,
-tANM6ETl_M$_$3,2,first,2,2,first,0.62,0.88,0.62,0.88,0.9942955374717712,mandatory_unique_pair_in_all_optimal_LCS,Whisper small.en word timestamp estimate,partial_whisper_estimate_auto_qc_pass,True,
-tANM6ETl_M$_$3,3,place,3,3,place,0.88,1.22,0.88,1.22,0.9934152364730835,mandatory_unique_pair_in_all_optimal_LCS,Whisper small.en word timestamp estimate,partial_whisper_estimate_auto_qc_pass,True,
-tANM6ETl_M$_$3,4,is,4,4,is,1.22,1.46,1.22,1.46,0.9854228496551514,mandatory_unique_pair_in_all_optimal_LCS,Whisper small.en word timestamp estimate,partial_whisper_estimate_auto_qc_pass,True,
-tANM6ETl_M$_$3,5,either,5,5,either,1.46,1.7,1.46,1.7,0.96430903673172,mandatory_unique_pair_in_all_optimal_LCS,Whisper small.en word timestamp estimate,partial_whisper_estimate_auto_qc_pass,True,
-tANM6ETl_M$_$3,6,you,6,6,you,1.7,1.96,1.7,1.96,0.9747502207756042,mandatory_unique_pair_in_all_optimal_LCS,Whisper small.en word timestamp estimate,partial_whisper_estimate_auto_qc_pass,True,
-tANM6ETl_M$_$3,7,have,7,7,have,1.96,2.18,1.96,2.18,0.9969215989112854,mandatory_unique_pair_in_all_optimal_LCS,Whisper small.en word timestamp estimate,partial_whisper_estimate_auto_qc_pass,True,
-tANM6ETl_M$_$3,8,a,8,8,a,2.18,2.36,2.18,2.36,0.9844837784767151,mandatory_unique_pair_in_all_optimal_LCS,Whisper small.en word timestamp estimate,partial_whisper_estimate_auto_qc_pass,True,
-tANM6ETl_M$_$3,9,prospect,9,9,prospect,2.36,2.76,2.36,2.76,0.9972477555274963,mandatory_unique_pair_in_all_optimal_LCS,Whisper small.en word timestamp estimate,partial_whisper_estimate_auto_qc_pass,True,
-tANM6ETl_M$_$3,10,or,10,10,or,2.76,3.02,2.76,3.02,0.9741029143333435,mandatory_unique_pair_in_all_optimal_LCS,Whisper small.en word timestamp estimate,partial_whisper_estimate_auto_qc_pass,True,
-tANM6ETl_M$_$3,11,a,11,11,a,3.02,3.12,3.02,3.12,0.9185936450958252,mandatory_unique_pair_in_all_optimal_LCS,Whisper small.en word timestamp estimate,partial_whisper_estimate_auto_qc_pass,True,
-tANM6ETl_M$_$3,12,customer,12,12,customer,3.12,3.44,3.12,3.44,0.9977355003356934,mandatory_unique_pair_in_all_optimal_LCS,Whisper small.en word timestamp estimate,partial_whisper_estimate_auto_qc_pass,True,
-tANM6ETl_M$_$3,13,who's,13,13,who's,3.44,3.7,3.44,3.7,0.8374725878238678,mandatory_unique_pair_in_all_optimal_LCS,Whisper small.en word timestamp estimate,partial_whisper_estimate_auto_qc_pass,True,
-tANM6ETl_M$_$3,14,never,14,14,never,3.7,4.1,3.7,4.1,0.9982582926750183,mandatory_unique_pair_in_all_optimal_LCS,Whisper small.en word timestamp estimate,partial_whisper_estimate_auto_qc_pass,True,
-tANM6ETl_M$_$3,15,done,15,15,done,4.1,4.42,4.1,4.42,0.9972207546234131,mandatory_unique_pair_in_all_optimal_LCS,Whisper small.en word timestamp estimate,partial_whisper_estimate_auto_qc_pass,True,
-tANM6ETl_M$_$3,16,it,16,16,it,4.42,4.62,4.42,4.62,0.9962790608406067,mandatory_unique_pair_in_all_optimal_LCS,Whisper small.en word timestamp estimate,partial_whisper_estimate_auto_qc_pass,True,
-tANM6ETl_M$_$3,17,before,17,17,before,4.62,5.0,4.62,5.0,0.9992037415504456,mandatory_unique_pair_in_all_optimal_LCS,Whisper small.en word timestamp estimate,partial_whisper_estimate_auto_qc_pass,True,
-tANM6ETl_M$_$3,18,or,,,,,,,,,mandatory_unique_pair_in_all_optimal_LCS,,official_word_unmatched_or_ambiguous,False,
-tANM6ETl_M$_$3,19,they've,18,18,They've,5.14,5.38,5.14,5.38,0.9884226620197296,mandatory_unique_pair_in_all_optimal_LCS,Whisper small.en word timestamp estimate,partial_whisper_estimate_auto_qc_pass,True,
-tANM6ETl_M$_$3,20,never,19,19,never,5.38,5.6,5.38,5.6,0.9991288781166077,mandatory_unique_pair_in_all_optimal_LCS,Whisper small.en word timestamp estimate,partial_whisper_estimate_auto_qc_pass,True,
-tANM6ETl_M$_$3,21,tried,20,20,tried,5.6,5.9,5.6,5.9,0.997852087020874,mandatory_unique_pair_in_all_optimal_LCS,Whisper small.en word timestamp estimate,partial_whisper_estimate_auto_qc_pass,True,
-tANM6ETl_M$_$3,22,it,21,21,it,5.9,6.16,5.9,6.16,0.9885388016700745,mandatory_unique_pair_in_all_optimal_LCS,Whisper small.en word timestamp estimate,partial_whisper_estimate_auto_qc_pass,True,
-tPCytz4rww$_$11,1,Make,2,2,make,0.2,0.62,0.2,0.62,0.7972212433815002,mandatory_unique_pair_in_all_optimal_LCS,Whisper small.en word timestamp estimate,partial_whisper_estimate_auto_qc_pass,True,
-tPCytz4rww$_$11,2,sure,3,3,sure,0.62,0.82,0.62,0.82,0.9979979395866394,mandatory_unique_pair_in_all_optimal_LCS,Whisper small.en word timestamp estimate,partial_whisper_estimate_auto_qc_pass,True,
-tPCytz4rww$_$11,3,that,4,4,that,0.82,1.0,0.82,1.0,0.8903164863586426,mandatory_unique_pair_in_all_optimal_LCS,Whisper small.en word timestamp estimate,partial_whisper_estimate_auto_qc_pass,True,
-tPCytz4rww$_$11,4,your,,,,,,,,,mandatory_unique_pair_in_all_optimal_LCS,,official_word_unmatched_or_ambiguous,False,
-tPCytz4rww$_$11,5,using,6,6,using,1.18,1.48,1.18,1.48,0.9982957243919373,mandatory_unique_pair_in_all_optimal_LCS,Whisper small.en word timestamp estimate,partial_whisper_estimate_auto_qc_pass,True,
-tPCytz4rww$_$11,6,comps,7,7,comps,1.48,1.94,1.48,1.94,0.9877723753452301,mandatory_unique_pair_in_all_optimal_LCS,Whisper small.en word timestamp estimate,partial_whisper_estimate_auto_qc_pass,True,
-tPCytz4rww$_$11,7,that,8,8,that,1.94,2.06,1.94,2.06,0.9924121499061584,mandatory_unique_pair_in_all_optimal_LCS,Whisper small.en word timestamp estimate,partial_whisper_estimate_auto_qc_pass,True,
-tPCytz4rww$_$11,8,are,9,9,are,2.06,2.14,2.06,2.14,0.9919959306716919,mandatory_unique_pair_in_all_optimal_LCS,Whisper small.en word timestamp estimate,partial_whisper_estimate_auto_qc_pass,True,
-tPCytz4rww$_$11,9,not,,,,,,,,,mandatory_unique_pair_in_all_optimal_LCS,,official_word_unmatched_or_ambiguous,False,
-tPCytz4rww$_$11,10,larger,,,,,,,,,mandatory_unique_pair_in_all_optimal_LCS,,official_word_unmatched_or_ambiguous,False,
-tPCytz4rww$_$11,11,no,10,10,no,2.14,2.32,2.14,2.32,0.9960457682609558,mandatory_unique_pair_in_all_optimal_LCS,Whisper small.en word timestamp estimate,partial_whisper_estimate_auto_qc_pass,True,
-tPCytz4rww$_$11,12,larger,11,11,larger,2.32,2.76,2.32,2.76,0.9908214211463928,mandatory_unique_pair_in_all_optimal_LCS,Whisper small.en word timestamp estimate,partial_whisper_estimate_auto_qc_pass,True,
-tPCytz4rww$_$11,13,than,12,12,than,2.76,3.84,2.76,3.84,0.6111233830451965,mandatory_unique_pair_in_all_optimal_LCS,Whisper small.en word timestamp estimate,partial_whisper_estimate_auto_qc_pass,True,
-tPCytz4rww$_$11,14,twelve,,,,,,,,,mandatory_unique_pair_in_all_optimal_LCS,,official_word_unmatched_or_ambiguous,False,
-tPCytz4rww$_$11,15,hundred,,,,,,,,,mandatory_unique_pair_in_all_optimal_LCS,,official_word_unmatched_or_ambiguous,False,
-tPCytz4rww$_$11,16,square,15,15,square,4.32,4.56,4.32,4.56,0.9672465324401855,mandatory_unique_pair_in_all_optimal_LCS,Whisper small.en word timestamp estimate,partial_whisper_estimate_auto_qc_pass,True,
-tPCytz4rww$_$11,17,feet,16,16,feet,4.56,4.82,4.56,4.82,0.9934514760971069,mandatory_unique_pair_in_all_optimal_LCS,Whisper small.en word timestamp estimate,partial_whisper_estimate_auto_qc_pass,True,
-tPCytz4rww$_$10,1,Say,2,2,say,0.48,0.72,0.48,0.72,0.9766035079956055,mandatory_unique_pair_in_all_optimal_LCS,Whisper small.en word timestamp estimate,partial_whisper_estimate_auto_qc_pass,True,
-tPCytz4rww$_$10,2,twenty,,,,,,,,,mandatory_unique_pair_in_all_optimal_LCS,,official_word_unmatched_or_ambiguous,False,
-tPCytz4rww$_$10,3,percent,,,,,,,,,mandatory_unique_pair_in_all_optimal_LCS,,official_word_unmatched_or_ambiguous,False,
-tPCytz4rww$_$10,4,so,4,4,So,1.38,1.74,1.38,1.74,0.9361037015914917,mandatory_unique_pair_in_all_optimal_LCS,Whisper small.en word timestamp estimate,partial_whisper_estimate_auto_qc_pass,True,
-tPCytz4rww$_$10,5,if,5,5,if,1.74,2.02,1.74,2.02,0.7896568775177002,mandatory_unique_pair_in_all_optimal_LCS,Whisper small.en word timestamp estimate,partial_whisper_estimate_auto_qc_pass,True,
-tPCytz4rww$_$10,6,you've,6,6,you've,2.02,2.22,2.02,2.22,0.9725205302238464,mandatory_unique_pair_in_all_optimal_LCS,Whisper small.en word timestamp estimate,partial_whisper_estimate_auto_qc_pass,True,
-tPCytz4rww$_$10,7,got,7,7,got,2.22,2.34,2.22,2.34,0.997057318687439,mandatory_unique_pair_in_all_optimal_LCS,Whisper small.en word timestamp estimate,partial_whisper_estimate_auto_qc_pass,True,
-tPCytz4rww$_$10,8,a,8,8,a,2.34,2.44,2.34,2.44,0.8068570494651794,mandatory_unique_pair_in_all_optimal_LCS,Whisper small.en word timestamp estimate,partial_whisper_estimate_auto_qc_pass,True,
-tPCytz4rww$_$10,9,thousand,9,9,thousand,2.44,2.72,2.44,2.72,0.5289089679718018,mandatory_unique_pair_in_all_optimal_LCS,Whisper small.en word timestamp estimate,partial_whisper_estimate_auto_qc_pass,True,
-tPCytz4rww$_$10,10,square,10,10,square,2.72,2.98,2.72,2.98,0.8559069633483887,mandatory_unique_pair_in_all_optimal_LCS,Whisper small.en word timestamp estimate,partial_whisper_estimate_auto_qc_pass,True,
-tPCytz4rww$_$10,11,foot,11,11,foot,2.98,3.32,2.98,3.32,0.9423442482948303,mandatory_unique_pair_in_all_optimal_LCS,Whisper small.en word timestamp estimate,partial_whisper_estimate_auto_qc_pass,True,
-tPCytz4rww$_$10,12,condo,12,12,condo,3.32,4.02,3.32,4.02,0.9766851663589478,mandatory_unique_pair_in_all_optimal_LCS,Whisper small.en word timestamp estimate,partial_whisper_estimate_auto_qc_pass,True,
-tPCytz4rww$_$12,1,No,3,3,no,0.6,0.64,0.6,0.64,0.979428231716156,mandatory_unique_pair_in_all_optimal_LCS,Whisper small.en word timestamp estimate,partial_whisper_estimate_auto_qc_pass,True,
-tPCytz4rww$_$12,2,less,4,4,less,0.64,0.84,0.64,0.84,0.9979580640792847,mandatory_unique_pair_in_all_optimal_LCS,Whisper small.en word timestamp estimate,partial_whisper_estimate_auto_qc_pass,True,
-tPCytz4rww$_$12,3,than,5,5,than,0.84,1.24,0.84,1.24,0.9781556129455566,mandatory_unique_pair_in_all_optimal_LCS,Whisper small.en word timestamp estimate,partial_whisper_estimate_auto_qc_pass,True,
-tPCytz4rww$_$12,4,eight,,,,,,,,,mandatory_unique_pair_in_all_optimal_LCS,,official_word_unmatched_or_ambiguous,False,
-tPCytz4rww$_$12,5,hundred,,,,,,,,,mandatory_unique_pair_in_all_optimal_LCS,,official_word_unmatched_or_ambiguous,False,
-tPCytz4rww$_$12,6,squire,,,,,,,,,mandatory_unique_pair_in_all_optimal_LCS,,official_word_unmatched_or_ambiguous,False,
-tPCytz4rww$_$12,7,feet,8,8,feet,1.94,2.3,1.94,2.3,0.9987353682518005,mandatory_unique_pair_in_all_optimal_LCS,Whisper small.en word timestamp estimate,partial_whisper_estimate_auto_qc_pass,True,
-tPCytz4rww$_$12,8,and,9,9,and,2.64,2.68,2.64,2.68,0.6465359330177307,mandatory_unique_pair_in_all_optimal_LCS,Whisper small.en word timestamp estimate,partial_whisper_estimate_auto_qc_pass,True,
-tPCytz4rww$_$12,9,going,10,10,going,2.68,2.74,2.68,2.74,0.6419175267219543,mandatory_unique_pair_in_all_optimal_LCS,Whisper small.en word timestamp estimate,partial_whisper_estimate_auto_qc_pass,True,
-tPCytz4rww$_$12,10,to,11,11,to,2.74,2.82,2.74,2.82,0.9980418682098389,mandatory_unique_pair_in_all_optimal_LCS,Whisper small.en word timestamp estimate,partial_whisper_estimate_auto_qc_pass,True,
-tPCytz4rww$_$12,11,similar,,,,,,,,,mandatory_unique_pair_in_all_optimal_LCS,,official_word_unmatched_or_ambiguous,False,
-tPCytz4rww$_$12,12,in,,,,,,,,,mandatory_unique_pair_in_all_optimal_LCS,,official_word_unmatched_or_ambiguous,False,
-tPCytz4rww$_$12,13,similar,,,,,,,,,mandatory_unique_pair_in_all_optimal_LCS,,official_word_unmatched_or_ambiguous,False,
-tPCytz4rww$_$12,14,with,14,14,with,,,,,0.6421857476234436,mandatory_unique_pair_in_all_optimal_LCS,,whisper_time_flagged_null,False,very_long_duration_review
-tPCytz4rww$_$12,15,bedrooms,15,15,bedrooms,5.68,6.14,5.68,6.14,0.9810382723808289,mandatory_unique_pair_in_all_optimal_LCS,Whisper small.en word timestamp estimate,partial_whisper_estimate_auto_qc_pass,True,
-tPCytz4rww$_$12,16,and,16,16,and,6.14,6.38,6.14,6.38,0.9897302389144897,mandatory_unique_pair_in_all_optimal_LCS,Whisper small.en word timestamp estimate,partial_whisper_estimate_auto_qc_pass,True,
-tPCytz4rww$_$12,17,bathrooms,17,17,bathrooms,6.38,6.74,6.38,6.74,0.9927821159362793,mandatory_unique_pair_in_all_optimal_LCS,Whisper small.en word timestamp estimate,partial_whisper_estimate_auto_qc_pass,True,
-tPCytz4rww$_$12,18,as,18,18,as,6.74,7.0,6.74,7.0,0.890744149684906,mandatory_unique_pair_in_all_optimal_LCS,Whisper small.en word timestamp estimate,partial_whisper_estimate_auto_qc_pass,True,
-tPCytz4rww$_$12,19,well,19,19,well,7.0,7.28,7.0,7.28,0.9995425939559937,mandatory_unique_pair_in_all_optimal_LCS,Whisper small.en word timestamp estimate,partial_whisper_estimate_auto_qc_pass,True,
-tPCytz4rww$_$12,20,and,20,20,and,7.92,8.1,7.92,8.1,0.9946659803390503,mandatory_unique_pair_in_all_optimal_LCS,Whisper small.en word timestamp estimate,partial_whisper_estimate_auto_qc_pass,True,
-tPCytz4rww$_$12,21,hopefully,21,21,hopefully,8.1,8.68,8.1,8.68,0.9748132228851318,mandatory_unique_pair_in_all_optimal_LCS,Whisper small.en word timestamp estimate,partial_whisper_estimate_auto_qc_pass,True,
-tPCytz4rww$_$12,22,the,22,22,the,8.68,9.24,8.68,9.24,0.9113833904266357,mandatory_unique_pair_in_all_optimal_LCS,Whisper small.en word timestamp estimate,partial_whisper_estimate_auto_qc_pass,True,
-tPCytz4rww$_$12,23,complexes,23,23,complexes,9.24,9.74,9.24,9.74,0.8889870643615723,mandatory_unique_pair_in_all_optimal_LCS,Whisper small.en word timestamp estimate,partial_whisper_estimate_auto_qc_pass,True,
-tPCytz4rww$_$12,24,have,24,24,have,9.74,10.04,9.74,10.04,0.7214988470077515,mandatory_unique_pair_in_all_optimal_LCS,Whisper small.en word timestamp estimate,partial_whisper_estimate_auto_qc_pass,True,
-tPCytz4rww$_$12,25,similar,25,25,similar,10.04,10.5,10.04,10.5,0.9863501191139221,mandatory_unique_pair_in_all_optimal_LCS,Whisper small.en word timestamp estimate,partial_whisper_estimate_auto_qc_pass,True,
-tPCytz4rww$_$12,26,amenities,26,26,amenities,10.5,11.02,10.5,11.02,0.9986774325370789,mandatory_unique_pair_in_all_optimal_LCS,Whisper small.en word timestamp estimate,partial_whisper_estimate_auto_qc_pass,True,
-tPCytz4rww$_$16,1,So,1,1,So,0.0,0.72,0.0,0.72,0.6252650022506714,mandatory_unique_pair_in_all_optimal_LCS,Whisper small.en word timestamp estimate,partial_whisper_estimate_auto_qc_pass,True,
-tPCytz4rww$_$16,2,make,2,2,make,0.78,1.08,0.78,1.08,0.9943060278892517,mandatory_unique_pair_in_all_optimal_LCS,Whisper small.en word timestamp estimate,partial_whisper_estimate_auto_qc_pass,True,
-tPCytz4rww$_$16,3,sure,3,3,sure,1.08,1.34,1.08,1.34,0.998728334903717,mandatory_unique_pair_in_all_optimal_LCS,Whisper small.en word timestamp estimate,partial_whisper_estimate_auto_qc_pass,True,
-tPCytz4rww$_$16,4,to,4,4,to,1.34,1.74,1.34,1.74,0.9936607480049133,mandatory_unique_pair_in_all_optimal_LCS,Whisper small.en word timestamp estimate,partial_whisper_estimate_auto_qc_pass,True,
-tPCytz4rww$_$16,5,get,5,5,get,1.74,2.02,1.74,2.02,0.7616420388221741,mandatory_unique_pair_in_all_optimal_LCS,Whisper small.en word timestamp estimate,partial_whisper_estimate_auto_qc_pass,True,
-tPCytz4rww$_$16,6,a,6,6,a,2.02,2.16,2.02,2.16,0.9863457083702087,mandatory_unique_pair_in_all_optimal_LCS,Whisper small.en word timestamp estimate,partial_whisper_estimate_auto_qc_pass,True,
-tPCytz4rww$_$16,7,through,,,,,,,,,mandatory_unique_pair_in_all_optimal_LCS,,official_word_unmatched_or_ambiguous,False,
-tPCytz4rww$_$16,8,or,8,8,or,3.72,3.96,3.72,3.96,0.791222870349884,mandatory_unique_pair_in_all_optimal_LCS,Whisper small.en word timestamp estimate,partial_whisper_estimate_auto_qc_pass,True,
-tPCytz4rww$_$16,9,to,9,9,to,3.96,4.34,3.96,4.34,0.9425258040428162,mandatory_unique_pair_in_all_optimal_LCS,Whisper small.en word timestamp estimate,partial_whisper_estimate_auto_qc_pass,True,
-tPCytz4rww$_$16,10,do,10,10,do,4.34,4.54,4.34,4.54,0.9982774257659912,mandatory_unique_pair_in_all_optimal_LCS,Whisper small.en word timestamp estimate,partial_whisper_estimate_auto_qc_pass,True,
-tPCytz4rww$_$16,11,a,11,11,a,4.54,4.7,4.54,4.7,0.9909971952438354,mandatory_unique_pair_in_all_optimal_LCS,Whisper small.en word timestamp estimate,partial_whisper_estimate_auto_qc_pass,True,
-tPCytz4rww$_$16,12,through,,,,,,,,,mandatory_unique_pair_in_all_optimal_LCS,,official_word_unmatched_or_ambiguous,False,
-tPCytz4rww$_$16,13,cleaning,13,13,cleaning,5.02,5.44,5.02,5.44,0.9702726602554321,mandatory_unique_pair_in_all_optimal_LCS,Whisper small.en word timestamp estimate,partial_whisper_estimate_auto_qc_pass,True,
-tPCytz4rww$_$16,14,of,14,14,of,5.44,5.92,5.44,5.92,0.9856312274932861,mandatory_unique_pair_in_all_optimal_LCS,Whisper small.en word timestamp estimate,partial_whisper_estimate_auto_qc_pass,True,
-tPCytz4rww$_$16,15,the,15,15,the,5.92,6.08,5.92,6.08,0.9987780451774597,mandatory_unique_pair_in_all_optimal_LCS,Whisper small.en word timestamp estimate,partial_whisper_estimate_auto_qc_pass,True,
-tPCytz4rww$_$16,16,property,16,16,property,6.08,6.48,6.08,6.48,0.9990501999855042,mandatory_unique_pair_in_all_optimal_LCS,Whisper small.en word timestamp estimate,partial_whisper_estimate_auto_qc_pass,True,
-tPCytz4rww$_$18,1,Do,2,2,do,0.42,0.66,0.42,0.66,0.9838528633117676,mandatory_unique_pair_in_all_optimal_LCS,Whisper small.en word timestamp estimate,partial_whisper_estimate_auto_qc_pass,True,
-tPCytz4rww$_$18,2,so,3,3,so,0.66,0.98,0.66,0.98,0.9969848990440369,mandatory_unique_pair_in_all_optimal_LCS,Whisper small.en word timestamp estimate,partial_whisper_estimate_auto_qc_pass,True,
-tPCytz4rww$_$18,3,and,4,4,and,1.34,1.62,1.34,1.62,0.9885764718055725,mandatory_unique_pair_in_all_optimal_LCS,Whisper small.en word timestamp estimate,partial_whisper_estimate_auto_qc_pass,True,
-tPCytz4rww$_$18,4,as,5,5,as,1.62,1.76,1.62,1.76,0.9615252614021301,mandatory_unique_pair_in_all_optimal_LCS,Whisper small.en word timestamp estimate,partial_whisper_estimate_auto_qc_pass,True,
-tPCytz4rww$_$18,5,well,6,6,well,1.76,2.06,1.76,2.06,0.9986240863800049,mandatory_unique_pair_in_all_optimal_LCS,Whisper small.en word timestamp estimate,partial_whisper_estimate_auto_qc_pass,True,
-tPCytz4rww$_$18,6,you'll,7,7,you'll,2.28,2.76,2.28,2.76,0.925558477640152,mandatory_unique_pair_in_all_optimal_LCS,Whisper small.en word timestamp estimate,partial_whisper_estimate_auto_qc_pass,True,
-tPCytz4rww$_$18,7,also,8,8,also,2.76,3.02,2.76,3.02,0.9946458339691162,mandatory_unique_pair_in_all_optimal_LCS,Whisper small.en word timestamp estimate,partial_whisper_estimate_auto_qc_pass,True,
-tPCytz4rww$_$18,8,want,9,9,want,3.02,3.3,3.02,3.3,0.9931962490081787,mandatory_unique_pair_in_all_optimal_LCS,Whisper small.en word timestamp estimate,partial_whisper_estimate_auto_qc_pass,True,
-tPCytz4rww$_$18,9,to,10,10,to,3.3,3.56,3.3,3.56,0.9979730248451233,mandatory_unique_pair_in_all_optimal_LCS,Whisper small.en word timestamp estimate,partial_whisper_estimate_auto_qc_pass,True,
-tPCytz4rww$_$18,10,remove,11,11,remove,3.56,3.88,3.56,3.88,0.9987711310386658,mandatory_unique_pair_in_all_optimal_LCS,Whisper small.en word timestamp estimate,partial_whisper_estimate_auto_qc_pass,True,
-tPCytz4rww$_$18,11,any,12,12,any,3.88,4.1,3.88,4.1,0.9959582686424255,mandatory_unique_pair_in_all_optimal_LCS,Whisper small.en word timestamp estimate,partial_whisper_estimate_auto_qc_pass,True,
-tPCytz4rww$_$18,12,clutter,13,13,clutter,4.1,4.44,4.1,4.44,0.9963366985321045,mandatory_unique_pair_in_all_optimal_LCS,Whisper small.en word timestamp estimate,partial_whisper_estimate_auto_qc_pass,True,
-tPCytz4rww$_$18,13,from,14,14,from,4.44,4.68,4.44,4.68,0.9950980544090271,mandatory_unique_pair_in_all_optimal_LCS,Whisper small.en word timestamp estimate,partial_whisper_estimate_auto_qc_pass,True,
-tPCytz4rww$_$18,14,that,17,17,that,4.96,5.14,4.96,5.14,0.9733683466911316,mandatory_unique_pair_in_all_optimal_LCS,Whisper small.en word timestamp estimate,partial_whisper_estimate_auto_qc_pass,True,
-tPCytz4rww$_$18,15,you've,18,18,you've,5.14,5.34,5.14,5.34,0.9883977472782135,mandatory_unique_pair_in_all_optimal_LCS,Whisper small.en word timestamp estimate,partial_whisper_estimate_auto_qc_pass,True,
-tPCytz4rww$_$18,16,accumulated,19,19,accumulated,5.34,5.86,5.34,5.86,0.9898937344551086,mandatory_unique_pair_in_all_optimal_LCS,Whisper small.en word timestamp estimate,partial_whisper_estimate_auto_qc_pass,True,
-vxjVxOeScU$_$4,1,You're,1,1,You're,0.0,0.68,0.0,0.68,0.6806266605854034,exact_normalized_sequence,Whisper small.en word timestamp estimate,exact_text_whisper_estimate_auto_qc_pass,True,
-vxjVxOeScU$_$4,2,going,2,2,going,,,,,0.7892019748687744,exact_normalized_sequence,,whisper_time_flagged_null,False,very_short_duration_review
-vxjVxOeScU$_$4,3,to,3,3,to,0.7,0.82,0.7,0.82,0.9976886510848999,exact_normalized_sequence,Whisper small.en word timestamp estimate,exact_text_whisper_estimate_auto_qc_pass,True,
-vxjVxOeScU$_$4,4,talk,4,4,talk,0.82,1.04,0.82,1.04,0.993590235710144,exact_normalized_sequence,Whisper small.en word timestamp estimate,exact_text_whisper_estimate_auto_qc_pass,True,
-vxjVxOeScU$_$4,5,about,5,5,about,1.04,1.5,1.04,1.5,0.9980500936508179,exact_normalized_sequence,Whisper small.en word timestamp estimate,exact_text_whisper_estimate_auto_qc_pass,True,
-vxjVxOeScU$_$4,6,their,6,6,their,1.5,2.02,1.5,2.02,0.9945363998413086,exact_normalized_sequence,Whisper small.en word timestamp estimate,exact_text_whisper_estimate_auto_qc_pass,True,
-vxjVxOeScU$_$4,7,life,7,7,life,2.02,2.56,2.02,2.56,0.9828973412513733,exact_normalized_sequence,Whisper small.en word timestamp estimate,exact_text_whisper_estimate_auto_qc_pass,True,
-vxjVxOeScU$_$4,8,their,8,8,their,3.0,3.1,3.0,3.1,0.9952941536903381,exact_normalized_sequence,Whisper small.en word timestamp estimate,exact_text_whisper_estimate_auto_qc_pass,True,
-vxjVxOeScU$_$4,9,marriage,9,9,marriage,3.1,3.78,3.1,3.78,0.9992212057113647,exact_normalized_sequence,Whisper small.en word timestamp estimate,exact_text_whisper_estimate_auto_qc_pass,True,
-vxjVxOeScU$_$4,10,and,10,10,and,4.52,4.82,4.52,4.82,0.9781445860862732,exact_normalized_sequence,Whisper small.en word timestamp estimate,exact_text_whisper_estimate_auto_qc_pass,True,
-vxjVxOeScU$_$4,11,usually,11,11,usually,4.82,5.28,4.82,5.28,0.9665372967720032,exact_normalized_sequence,Whisper small.en word timestamp estimate,exact_text_whisper_estimate_auto_qc_pass,True,
-vxjVxOeScU$_$4,12,how,12,12,how,5.28,5.78,5.28,5.78,0.8586033582687378,exact_normalized_sequence,Whisper small.en word timestamp estimate,exact_text_whisper_estimate_auto_qc_pass,True,
-vxjVxOeScU$_$4,13,amazing,13,13,amazing,5.78,6.2,5.78,6.2,0.9987190961837769,exact_normalized_sequence,Whisper small.en word timestamp estimate,exact_text_whisper_estimate_auto_qc_pass,True,
-vxjVxOeScU$_$4,14,it,14,14,it,6.2,6.52,6.2,6.52,0.9920273423194885,exact_normalized_sequence,Whisper small.en word timestamp estimate,exact_text_whisper_estimate_auto_qc_pass,True,
-vxjVxOeScU$_$4,15,is,15,15,is,6.52,6.74,6.52,6.74,0.9988939166069031,exact_normalized_sequence,Whisper small.en word timestamp estimate,exact_text_whisper_estimate_auto_qc_pass,True,
-vxjVxOeScU$_$4,16,that,16,16,that,6.74,6.94,6.74,6.94,0.9753243923187256,exact_normalized_sequence,Whisper small.en word timestamp estimate,exact_text_whisper_estimate_auto_qc_pass,True,
-vxjVxOeScU$_$4,17,they've,17,17,they've,6.94,7.18,6.94,7.18,0.963934063911438,exact_normalized_sequence,Whisper small.en word timestamp estimate,exact_text_whisper_estimate_auto_qc_pass,True,
-vxjVxOeScU$_$4,18,stayed,18,18,stayed,7.18,7.4,7.18,7.4,0.991422712802887,exact_normalized_sequence,Whisper small.en word timestamp estimate,exact_text_whisper_estimate_auto_qc_pass,True,
-vxjVxOeScU$_$4,19,together,19,19,together,7.4,7.84,7.4,7.84,0.9957637786865234,exact_normalized_sequence,Whisper small.en word timestamp estimate,exact_text_whisper_estimate_auto_qc_pass,True,
-vxjVxOeScU$_$4,20,this,20,20,this,7.84,8.1,7.84,8.1,0.9958497285842896,exact_normalized_sequence,Whisper small.en word timestamp estimate,exact_text_whisper_estimate_auto_qc_pass,True,
-vxjVxOeScU$_$4,21,long,21,21,long,8.1,8.46,8.1,8.46,0.9971633553504944,exact_normalized_sequence,Whisper small.en word timestamp estimate,exact_text_whisper_estimate_auto_qc_pass,True,
-wMB_hJL-3o$_$7,1,So,1,1,So,0.4600000000000011,0.8200000000000005,0.4600000000000011,0.8200000000000005,0.7709163427352905,exact_normalized_sequence,Whisper small.en word timestamp estimate,exact_text_whisper_estimate_auto_qc_pass,True,
-wMB_hJL-3o$_$7,2,if,2,2,if,0.8200000000000005,1.18,0.8200000000000005,1.18,0.9954408407211304,exact_normalized_sequence,Whisper small.en word timestamp estimate,exact_text_whisper_estimate_auto_qc_pass,True,
-wMB_hJL-3o$_$7,3,you,3,3,you,1.18,1.3,1.18,1.3,0.9989556074142456,exact_normalized_sequence,Whisper small.en word timestamp estimate,exact_text_whisper_estimate_auto_qc_pass,True,
-wMB_hJL-3o$_$7,4,have,4,4,have,1.3,1.46,1.3,1.46,0.9966654181480408,exact_normalized_sequence,Whisper small.en word timestamp estimate,exact_text_whisper_estimate_auto_qc_pass,True,
-wMB_hJL-3o$_$7,5,a,5,5,a,1.46,1.58,1.46,1.58,0.996220052242279,exact_normalized_sequence,Whisper small.en word timestamp estimate,exact_text_whisper_estimate_auto_qc_pass,True,
-wMB_hJL-3o$_$7,6,loved,6,6,loved,1.58,1.72,1.58,1.72,0.995345413684845,exact_normalized_sequence,Whisper small.en word timestamp estimate,exact_text_whisper_estimate_auto_qc_pass,True,
-wMB_hJL-3o$_$7,7,one,7,7,one,1.72,1.96,1.72,1.96,0.9876517057418823,exact_normalized_sequence,Whisper small.en word timestamp estimate,exact_text_whisper_estimate_auto_qc_pass,True,
-wMB_hJL-3o$_$7,8,who,8,8,who,1.96,2.16,1.96,2.16,0.9795497059822083,exact_normalized_sequence,Whisper small.en word timestamp estimate,exact_text_whisper_estimate_auto_qc_pass,True,
-wMB_hJL-3o$_$7,9,is,9,9,is,2.16,2.26,2.16,2.26,0.78432297706604,exact_normalized_sequence,Whisper small.en word timestamp estimate,exact_text_whisper_estimate_auto_qc_pass,True,
-wMB_hJL-3o$_$7,10,depressed,10,10,depressed,2.26,2.74,2.26,2.74,0.9971585273742676,exact_normalized_sequence,Whisper small.en word timestamp estimate,exact_text_whisper_estimate_auto_qc_pass,True,
-wMB_hJL-3o$_$7,11,those,11,11,those,3.2,3.42,3.2,3.42,0.9940489530563354,exact_normalized_sequence,Whisper small.en word timestamp estimate,exact_text_whisper_estimate_auto_qc_pass,True,
-wMB_hJL-3o$_$7,12,are,12,12,are,3.42,3.56,3.42,3.56,0.9978923201560974,exact_normalized_sequence,Whisper small.en word timestamp estimate,exact_text_whisper_estimate_auto_qc_pass,True,
-wMB_hJL-3o$_$7,13,some,13,13,some,3.56,3.72,3.56,3.72,0.9928411245346069,exact_normalized_sequence,Whisper small.en word timestamp estimate,exact_text_whisper_estimate_auto_qc_pass,True,
-wMB_hJL-3o$_$7,14,of,14,14,of,3.72,3.84,3.72,3.84,0.9889107942581177,exact_normalized_sequence,Whisper small.en word timestamp estimate,exact_text_whisper_estimate_auto_qc_pass,True,
-wMB_hJL-3o$_$7,15,the,15,15,the,3.84,3.96,3.84,3.96,0.9891125559806824,exact_normalized_sequence,Whisper small.en word timestamp estimate,exact_text_whisper_estimate_auto_qc_pass,True,
-wMB_hJL-3o$_$7,16,things,16,16,things,3.96,4.16,3.96,4.16,0.9981765747070312,exact_normalized_sequence,Whisper small.en word timestamp estimate,exact_text_whisper_estimate_auto_qc_pass,True,
-wMB_hJL-3o$_$7,17,that,17,17,that,4.16,4.34,4.16,4.34,0.8304092288017273,exact_normalized_sequence,Whisper small.en word timestamp estimate,exact_text_whisper_estimate_auto_qc_pass,True,
-wMB_hJL-3o$_$7,18,you,18,18,you,4.34,4.5,4.34,4.5,0.9987506866455078,exact_normalized_sequence,Whisper small.en word timestamp estimate,exact_text_whisper_estimate_auto_qc_pass,True,
-wMB_hJL-3o$_$7,19,should,19,19,should,4.5,4.66,4.5,4.66,0.9982243180274963,exact_normalized_sequence,Whisper small.en word timestamp estimate,exact_text_whisper_estimate_auto_qc_pass,True,
-wMB_hJL-3o$_$7,20,think,20,20,think,4.66,4.84,4.66,4.84,0.9970114231109619,exact_normalized_sequence,Whisper small.en word timestamp estimate,exact_text_whisper_estimate_auto_qc_pass,True,
-wMB_hJL-3o$_$7,21,about,21,21,about,4.84,5.08,4.84,5.08,0.9984706044197083,exact_normalized_sequence,Whisper small.en word timestamp estimate,exact_text_whisper_estimate_auto_qc_pass,True,
-wMB_hJL-3o$_$7,22,doing,22,22,doing,5.08,5.42,5.08,5.42,0.9985622763633728,exact_normalized_sequence,Whisper small.en word timestamp estimate,exact_text_whisper_estimate_auto_qc_pass,True,
-wny0OAz3g8$_$1,1,And,3,3,And,0.54,0.64,0.54,0.64,0.9807155132293701,mandatory_unique_pair_in_all_optimal_LCS,Whisper small.en word timestamp estimate,partial_whisper_estimate_auto_qc_pass,True,
-wny0OAz3g8$_$1,2,because,4,4,because,0.64,0.92,0.64,0.92,0.9736721515655518,mandatory_unique_pair_in_all_optimal_LCS,Whisper small.en word timestamp estimate,partial_whisper_estimate_auto_qc_pass,True,
-wny0OAz3g8$_$1,3,they,5,5,they,0.92,1.08,0.92,1.08,0.9977805018424988,mandatory_unique_pair_in_all_optimal_LCS,Whisper small.en word timestamp estimate,partial_whisper_estimate_auto_qc_pass,True,
-wny0OAz3g8$_$1,4,couldn't,6,6,couldn't,1.08,1.34,1.08,1.34,0.997534453868866,mandatory_unique_pair_in_all_optimal_LCS,Whisper small.en word timestamp estimate,partial_whisper_estimate_auto_qc_pass,True,
-wny0OAz3g8$_$1,5,join,7,7,join,1.34,1.54,1.34,1.54,0.9992221593856812,mandatory_unique_pair_in_all_optimal_LCS,Whisper small.en word timestamp estimate,partial_whisper_estimate_auto_qc_pass,True,
-wny0OAz3g8$_$1,6,unions,8,8,unions,1.54,1.9,1.54,1.9,0.9867284893989563,mandatory_unique_pair_in_all_optimal_LCS,Whisper small.en word timestamp estimate,partial_whisper_estimate_auto_qc_pass,True,
-wny0OAz3g8$_$1,7,many,9,9,many,2.18,2.32,2.18,2.32,0.998460054397583,mandatory_unique_pair_in_all_optimal_LCS,Whisper small.en word timestamp estimate,partial_whisper_estimate_auto_qc_pass,True,
-wny0OAz3g8$_$1,8,Black,10,10,black,2.32,2.54,2.32,2.54,0.6112076640129089,mandatory_unique_pair_in_all_optimal_LCS,Whisper small.en word timestamp estimate,partial_whisper_estimate_auto_qc_pass,True,
-wny0OAz3g8$_$1,9,workers,11,11,workers,2.54,2.82,2.54,2.82,0.998166024684906,mandatory_unique_pair_in_all_optimal_LCS,Whisper small.en word timestamp estimate,partial_whisper_estimate_auto_qc_pass,True,
-wny0OAz3g8$_$1,10,couldn't,12,12,couldn't,2.82,3.2,2.82,3.2,0.9979633986949921,mandatory_unique_pair_in_all_optimal_LCS,Whisper small.en word timestamp estimate,partial_whisper_estimate_auto_qc_pass,True,
-wny0OAz3g8$_$1,11,get,13,13,get,3.2,3.34,3.2,3.34,0.999030351638794,mandatory_unique_pair_in_all_optimal_LCS,Whisper small.en word timestamp estimate,partial_whisper_estimate_auto_qc_pass,True,
-wny0OAz3g8$_$1,12,manufacturing,14,14,manufacturing,3.34,3.88,3.34,3.88,0.9981486797332764,mandatory_unique_pair_in_all_optimal_LCS,Whisper small.en word timestamp estimate,partial_whisper_estimate_auto_qc_pass,True,
-wny0OAz3g8$_$1,13,or,15,15,or,3.88,4.12,3.88,4.12,0.9933203458786011,mandatory_unique_pair_in_all_optimal_LCS,Whisper small.en word timestamp estimate,partial_whisper_estimate_auto_qc_pass,True,
-wny0OAz3g8$_$1,14,trade,16,16,trade,4.12,4.32,4.12,4.32,0.9778196215629578,mandatory_unique_pair_in_all_optimal_LCS,Whisper small.en word timestamp estimate,partial_whisper_estimate_auto_qc_pass,True,
-wny0OAz3g8$_$1,15,work,17,17,work,4.32,4.56,4.32,4.56,0.9895039796829224,mandatory_unique_pair_in_all_optimal_LCS,Whisper small.en word timestamp estimate,partial_whisper_estimate_auto_qc_pass,True,
-wny0OAz3g8$_$1,16,which,18,18,which,4.68,4.8,4.68,4.8,0.9993017911911011,mandatory_unique_pair_in_all_optimal_LCS,Whisper small.en word timestamp estimate,partial_whisper_estimate_auto_qc_pass,True,
-wny0OAz3g8$_$1,17,paid,19,19,paid,4.8,5.02,4.8,5.02,0.9932188391685486,mandatory_unique_pair_in_all_optimal_LCS,Whisper small.en word timestamp estimate,partial_whisper_estimate_auto_qc_pass,True,
-wny0OAz3g8$_$1,18,much,20,20,much,5.02,5.26,5.02,5.26,0.996817946434021,mandatory_unique_pair_in_all_optimal_LCS,Whisper small.en word timestamp estimate,partial_whisper_estimate_auto_qc_pass,True,
-wny0OAz3g8$_$1,19,better,21,21,better,5.26,5.52,5.26,5.52,0.9990678429603577,mandatory_unique_pair_in_all_optimal_LCS,Whisper small.en word timestamp estimate,partial_whisper_estimate_auto_qc_pass,True,
-wny0OAz3g8$_$1,20,than,22,22,than,5.52,5.74,5.52,5.74,0.9981337189674377,mandatory_unique_pair_in_all_optimal_LCS,Whisper small.en word timestamp estimate,partial_whisper_estimate_auto_qc_pass,True,
-wny0OAz3g8$_$1,21,service,23,23,service,5.74,6.0,5.74,6.0,0.9837241172790527,mandatory_unique_pair_in_all_optimal_LCS,Whisper small.en word timestamp estimate,partial_whisper_estimate_auto_qc_pass,True,
-wny0OAz3g8$_$1,22,work,24,24,work,6.0,6.22,6.0,6.22,0.9832769632339478,mandatory_unique_pair_in_all_optimal_LCS,Whisper small.en word timestamp estimate,partial_whisper_estimate_auto_qc_pass,True,
-wny0OAz3g8$_$0,1,trade,,,,,,,,,mandatory_unique_pair_in_all_optimal_LCS,,official_word_unmatched_or_ambiguous,False,
-wny0OAz3g8$_$0,2,labor,,,,,,,,,mandatory_unique_pair_in_all_optimal_LCS,,official_word_unmatched_or_ambiguous,False,
-wny0OAz3g8$_$0,3,unions,,,,,,,,,mandatory_unique_pair_in_all_optimal_LCS,,official_word_unmatched_or_ambiguous,False,
-wny0OAz3g8$_$0,4,didn't,,,,,,,,,mandatory_unique_pair_in_all_optimal_LCS,,official_word_unmatched_or_ambiguous,False,
-wny0OAz3g8$_$0,5,allow,1,1,allow,1.08,1.62,1.08,1.62,0.00010040316556114703,mandatory_unique_pair_in_all_optimal_LCS,Whisper small.en word timestamp estimate,partial_whisper_estimate_auto_qc_pass,True,
-wny0OAz3g8$_$0,6,Black,2,2,black,1.62,1.92,1.62,1.92,0.8064582943916321,mandatory_unique_pair_in_all_optimal_LCS,Whisper small.en word timestamp estimate,partial_whisper_estimate_auto_qc_pass,True,
-wny0OAz3g8$_$0,7,workers,3,3,workers,1.92,2.22,1.92,2.22,0.9972713589668274,mandatory_unique_pair_in_all_optimal_LCS,Whisper small.en word timestamp estimate,partial_whisper_estimate_auto_qc_pass,True,
-wny0OAz3g8$_$0,8,to,4,4,to,2.22,2.44,2.22,2.44,0.9945987462997437,mandatory_unique_pair_in_all_optimal_LCS,Whisper small.en word timestamp estimate,partial_whisper_estimate_auto_qc_pass,True,
-wny0OAz3g8$_$0,9,join,5,5,join,2.44,2.68,2.44,2.68,0.9945573806762695,mandatory_unique_pair_in_all_optimal_LCS,Whisper small.en word timestamp estimate,partial_whisper_estimate_auto_qc_pass,True,
-wny0OAz3g8$_$3,1,Which,1,1,which,0.0,0.58,0.0,0.58,0.4149322807788849,mandatory_unique_pair_in_all_optimal_LCS,Whisper small.en word timestamp estimate,partial_whisper_estimate_auto_qc_pass,True,
-wny0OAz3g8$_$3,2,then,2,2,then,0.58,0.88,0.58,0.88,0.9824703335762024,mandatory_unique_pair_in_all_optimal_LCS,Whisper small.en word timestamp estimate,partial_whisper_estimate_auto_qc_pass,True,
-wny0OAz3g8$_$3,3,allowed,3,3,allowed,0.88,1.1,0.88,1.1,0.99709153175354,mandatory_unique_pair_in_all_optimal_LCS,Whisper small.en word timestamp estimate,partial_whisper_estimate_auto_qc_pass,True,
-wny0OAz3g8$_$3,4,the,4,4,the,1.1,1.26,1.1,1.26,0.9628600478172302,mandatory_unique_pair_in_all_optimal_LCS,Whisper small.en word timestamp estimate,partial_whisper_estimate_auto_qc_pass,True,
-wny0OAz3g8$_$3,5,white,5,5,white,1.26,1.4,1.26,1.4,0.8468011617660522,mandatory_unique_pair_in_all_optimal_LCS,Whisper small.en word timestamp estimate,partial_whisper_estimate_auto_qc_pass,True,
-wny0OAz3g8$_$3,6,workers,6,6,workers,1.4,1.7,1.4,1.7,0.9964430928230286,mandatory_unique_pair_in_all_optimal_LCS,Whisper small.en word timestamp estimate,partial_whisper_estimate_auto_qc_pass,True,
-wny0OAz3g8$_$3,7,and,7,7,and,1.7,1.86,1.7,1.86,0.5453421473503113,mandatory_unique_pair_in_all_optimal_LCS,Whisper small.en word timestamp estimate,partial_whisper_estimate_auto_qc_pass,True,
-wny0OAz3g8$_$3,8,unions,8,8,unions,1.86,2.1,1.86,2.1,0.9934881925582886,mandatory_unique_pair_in_all_optimal_LCS,Whisper small.en word timestamp estimate,partial_whisper_estimate_auto_qc_pass,True,
-wny0OAz3g8$_$3,9,to,9,9,to,2.1,2.36,2.1,2.36,0.9930552840232849,mandatory_unique_pair_in_all_optimal_LCS,Whisper small.en word timestamp estimate,partial_whisper_estimate_auto_qc_pass,True,
-wny0OAz3g8$_$3,10,justify,10,10,justify,2.36,2.76,2.36,2.76,0.9988456964492798,mandatory_unique_pair_in_all_optimal_LCS,Whisper small.en word timestamp estimate,partial_whisper_estimate_auto_qc_pass,True,
-wny0OAz3g8$_$3,11,their,11,11,their,2.76,2.98,2.76,2.98,0.995563268661499,mandatory_unique_pair_in_all_optimal_LCS,Whisper small.en word timestamp estimate,partial_whisper_estimate_auto_qc_pass,True,
-wny0OAz3g8$_$3,12,decision,12,12,decision,2.98,3.22,2.98,3.22,0.9842772483825684,mandatory_unique_pair_in_all_optimal_LCS,Whisper small.en word timestamp estimate,partial_whisper_estimate_auto_qc_pass,True,
-wny0OAz3g8$_$3,13,to,13,13,to,3.22,3.46,3.22,3.46,0.9844169020652771,mandatory_unique_pair_in_all_optimal_LCS,Whisper small.en word timestamp estimate,partial_whisper_estimate_auto_qc_pass,True,
-wny0OAz3g8$_$3,14,not,14,14,not,3.46,3.66,3.46,3.66,0.9971388578414917,mandatory_unique_pair_in_all_optimal_LCS,Whisper small.en word timestamp estimate,partial_whisper_estimate_auto_qc_pass,True,
-wny0OAz3g8$_$3,15,allow,15,15,allow,3.66,3.98,3.66,3.98,0.9967997074127197,mandatory_unique_pair_in_all_optimal_LCS,Whisper small.en word timestamp estimate,partial_whisper_estimate_auto_qc_pass,True,
-wny0OAz3g8$_$3,16,black,16,16,black,3.98,4.2,3.98,4.2,0.8670766949653625,mandatory_unique_pair_in_all_optimal_LCS,Whisper small.en word timestamp estimate,partial_whisper_estimate_auto_qc_pass,True,
-wny0OAz3g8$_$3,17,workers,17,17,workers,4.2,4.6,4.2,4.6,0.9985361099243164,mandatory_unique_pair_in_all_optimal_LCS,Whisper small.en word timestamp estimate,partial_whisper_estimate_auto_qc_pass,True,
-wny0OAz3g8$_$3,18,into,18,18,into,4.6,4.96,4.6,4.96,0.981569766998291,mandatory_unique_pair_in_all_optimal_LCS,Whisper small.en word timestamp estimate,partial_whisper_estimate_auto_qc_pass,True,
-wny0OAz3g8$_$3,19,their,19,19,their,4.96,5.16,4.96,5.16,0.9920237064361572,mandatory_unique_pair_in_all_optimal_LCS,Whisper small.en word timestamp estimate,partial_whisper_estimate_auto_qc_pass,True,
-wny0OAz3g8$_$3,20,union,20,20,union,5.16,5.52,5.16,5.52,0.9730509519577026,mandatory_unique_pair_in_all_optimal_LCS,Whisper small.en word timestamp estimate,partial_whisper_estimate_auto_qc_pass,True,
-wny0OAz3g8$_$2,1,And,3,3,And,0.56,0.64,0.56,0.64,0.9707150459289551,mandatory_unique_pair_in_all_optimal_LCS,Whisper small.en word timestamp estimate,partial_whisper_estimate_auto_qc_pass,True,
-wny0OAz3g8$_$2,2,because,4,4,because,0.64,0.94,0.64,0.94,0.9673652052879333,mandatory_unique_pair_in_all_optimal_LCS,Whisper small.en word timestamp estimate,partial_whisper_estimate_auto_qc_pass,True,
-wny0OAz3g8$_$2,3,they,5,5,they,0.94,1.12,0.94,1.12,0.9961395859718323,mandatory_unique_pair_in_all_optimal_LCS,Whisper small.en word timestamp estimate,partial_whisper_estimate_auto_qc_pass,True,
-wny0OAz3g8$_$2,4,couldn't,6,6,couldn't,1.12,1.32,1.12,1.32,0.9953551888465881,mandatory_unique_pair_in_all_optimal_LCS,Whisper small.en word timestamp estimate,partial_whisper_estimate_auto_qc_pass,True,
-wny0OAz3g8$_$2,5,get,7,7,get,1.32,1.44,1.32,1.44,0.9976676106452942,mandatory_unique_pair_in_all_optimal_LCS,Whisper small.en word timestamp estimate,partial_whisper_estimate_auto_qc_pass,True,
-wny0OAz3g8$_$2,6,these,8,8,these,1.44,1.62,1.44,1.62,0.9792201519012451,mandatory_unique_pair_in_all_optimal_LCS,Whisper small.en word timestamp estimate,partial_whisper_estimate_auto_qc_pass,True,
-wny0OAz3g8$_$2,7,jobs,9,9,jobs,1.62,1.96,1.62,1.96,0.9959213733673096,mandatory_unique_pair_in_all_optimal_LCS,Whisper small.en word timestamp estimate,partial_whisper_estimate_auto_qc_pass,True,
-wny0OAz3g8$_$2,8,Black,10,10,black,2.34,2.36,2.34,2.36,0.7389523983001709,mandatory_unique_pair_in_all_optimal_LCS,Whisper small.en word timestamp estimate,partial_whisper_estimate_auto_qc_pass,True,
-wny0OAz3g8$_$2,9,communities,11,11,communities,2.36,2.64,2.36,2.64,0.9953574538230896,mandatory_unique_pair_in_all_optimal_LCS,Whisper small.en word timestamp estimate,partial_whisper_estimate_auto_qc_pass,True,
-wny0OAz3g8$_$2,10,had,12,12,had,2.64,2.9,2.64,2.9,0.9970554113388062,mandatory_unique_pair_in_all_optimal_LCS,Whisper small.en word timestamp estimate,partial_whisper_estimate_auto_qc_pass,True,
-wny0OAz3g8$_$2,11,more,13,13,more,2.9,3.08,2.9,3.08,0.9981073141098022,mandatory_unique_pair_in_all_optimal_LCS,Whisper small.en word timestamp estimate,partial_whisper_estimate_auto_qc_pass,True,
-wny0OAz3g8$_$2,12,men,14,14,men,3.08,3.24,3.08,3.24,0.9934161901473999,mandatory_unique_pair_in_all_optimal_LCS,Whisper small.en word timestamp estimate,partial_whisper_estimate_auto_qc_pass,True,
-wny0OAz3g8$_$2,13,out,15,15,out,3.24,3.38,3.24,3.38,0.995663583278656,mandatory_unique_pair_in_all_optimal_LCS,Whisper small.en word timestamp estimate,partial_whisper_estimate_auto_qc_pass,True,
-wny0OAz3g8$_$2,14,of,16,16,of,3.38,3.48,3.38,3.48,0.9937258362770081,mandatory_unique_pair_in_all_optimal_LCS,Whisper small.en word timestamp estimate,partial_whisper_estimate_auto_qc_pass,True,
-wny0OAz3g8$_$2,15,work,17,17,work,3.48,3.68,3.48,3.68,0.9972935318946838,mandatory_unique_pair_in_all_optimal_LCS,Whisper small.en word timestamp estimate,partial_whisper_estimate_auto_qc_pass,True,
-wny0OAz3g8$_$2,16,higher,18,18,higher,4.02,4.16,4.02,4.16,0.9966539144515991,mandatory_unique_pair_in_all_optimal_LCS,Whisper small.en word timestamp estimate,partial_whisper_estimate_auto_qc_pass,True,
-wny0OAz3g8$_$2,17,rates,19,19,rates,4.16,4.36,4.16,4.36,0.997638463973999,mandatory_unique_pair_in_all_optimal_LCS,Whisper small.en word timestamp estimate,partial_whisper_estimate_auto_qc_pass,True,
-wny0OAz3g8$_$2,18,of,20,20,of,4.36,4.48,4.36,4.48,0.9992456436157227,mandatory_unique_pair_in_all_optimal_LCS,Whisper small.en word timestamp estimate,partial_whisper_estimate_auto_qc_pass,True,
-wny0OAz3g8$_$2,19,poverty,21,21,poverty,4.48,4.78,4.48,4.78,0.9993632435798645,mandatory_unique_pair_in_all_optimal_LCS,Whisper small.en word timestamp estimate,partial_whisper_estimate_auto_qc_pass,True,
-wny0OAz3g8$_$2,20,and,22,22,and,4.96,5.06,4.96,5.06,0.9969226717948914,mandatory_unique_pair_in_all_optimal_LCS,Whisper small.en word timestamp estimate,partial_whisper_estimate_auto_qc_pass,True,
-wny0OAz3g8$_$2,21,more,23,23,more,5.06,5.22,5.06,5.22,0.9970056414604187,mandatory_unique_pair_in_all_optimal_LCS,Whisper small.en word timestamp estimate,partial_whisper_estimate_auto_qc_pass,True,
-wny0OAz3g8$_$2,22,criminal,24,24,criminal,5.22,5.52,5.22,5.52,0.9980100989341736,mandatory_unique_pair_in_all_optimal_LCS,Whisper small.en word timestamp estimate,partial_whisper_estimate_auto_qc_pass,True,
-wny0OAz3g8$_$2,23,behavior,25,25,behavior,5.52,5.88,5.52,5.88,0.9802548289299011,mandatory_unique_pair_in_all_optimal_LCS,Whisper small.en word timestamp estimate,partial_whisper_estimate_auto_qc_pass,True,
-wny0OAz3g8$_$5,1,This,1,1,This,0.0,0.68,0.0,0.68,0.6443173885345459,exact_normalized_sequence,Whisper small.en word timestamp estimate,exact_text_whisper_estimate_auto_qc_pass,True,
-wny0OAz3g8$_$5,2,is,2,2,is,0.68,0.84,0.68,0.84,0.9929373860359192,exact_normalized_sequence,Whisper small.en word timestamp estimate,exact_text_whisper_estimate_auto_qc_pass,True,
-wny0OAz3g8$_$5,3,what's,3,3,what's,0.84,1.1,0.84,1.1,0.9159033894538879,exact_normalized_sequence,Whisper small.en word timestamp estimate,exact_text_whisper_estimate_auto_qc_pass,True,
-wny0OAz3g8$_$5,4,now,4,4,now,1.1,1.24,1.1,1.24,0.9919345378875732,exact_normalized_sequence,Whisper small.en word timestamp estimate,exact_text_whisper_estimate_auto_qc_pass,True,
-wny0OAz3g8$_$5,5,known,5,5,known,1.24,1.44,1.24,1.44,0.9913620352745056,exact_normalized_sequence,Whisper small.en word timestamp estimate,exact_text_whisper_estimate_auto_qc_pass,True,
-wny0OAz3g8$_$5,6,as,6,6,as,1.44,1.66,1.44,1.66,0.9970502853393555,exact_normalized_sequence,Whisper small.en word timestamp estimate,exact_text_whisper_estimate_auto_qc_pass,True,
-wny0OAz3g8$_$5,7,racial,7,7,racial,1.66,1.92,1.66,1.92,0.6970123648643494,exact_normalized_sequence,Whisper small.en word timestamp estimate,exact_text_whisper_estimate_auto_qc_pass,True,
-wny0OAz3g8$_$5,8,formation,8,8,formation,1.92,2.28,1.92,2.28,0.9968405961990356,exact_normalized_sequence,Whisper small.en word timestamp estimate,exact_text_whisper_estimate_auto_qc_pass,True,
-wny0OAz3g8$_$5,9,theory,9,9,theory,2.28,2.76,2.28,2.76,0.9984117746353149,exact_normalized_sequence,Whisper small.en word timestamp estimate,exact_text_whisper_estimate_auto_qc_pass,True,
-wny0OAz3g8$_$5,10,a,10,10,a,3.12,3.16,3.12,3.16,0.9941315054893494,exact_normalized_sequence,Whisper small.en word timestamp estimate,exact_text_whisper_estimate_auto_qc_pass,True,
-wny0OAz3g8$_$5,11,theory,11,11,theory,3.16,3.3,3.16,3.3,0.9976300001144409,exact_normalized_sequence,Whisper small.en word timestamp estimate,exact_text_whisper_estimate_auto_qc_pass,True,
-wny0OAz3g8$_$5,12,formalized,12,12,formalized,3.3,3.86,3.3,3.86,0.9880799949169159,exact_normalized_sequence,Whisper small.en word timestamp estimate,exact_text_whisper_estimate_auto_qc_pass,True,
-wny0OAz3g8$_$5,13,by,13,13,by,3.86,4.04,3.86,4.04,0.9986662864685059,exact_normalized_sequence,Whisper small.en word timestamp estimate,exact_text_whisper_estimate_auto_qc_pass,True,
-wny0OAz3g8$_$5,14,modern,14,14,modern,4.04,4.3,4.04,4.3,0.9813916683197021,exact_normalized_sequence,Whisper small.en word timestamp estimate,exact_text_whisper_estimate_auto_qc_pass,True,
-wny0OAz3g8$_$5,15,sociologists,15,15,sociologists,4.3,4.86,4.3,4.86,0.9584224621454874,exact_normalized_sequence,Whisper small.en word timestamp estimate,exact_text_whisper_estimate_auto_qc_pass,True,
-wny0OAz3g8$_$5,16,Michael,16,16,Michael,4.86,5.1,4.86,5.1,0.9284737706184387,exact_normalized_sequence,Whisper small.en word timestamp estimate,exact_text_whisper_estimate_auto_qc_pass,True,
-wny0OAz3g8$_$5,17,Omi,17,17,Omi,5.1,5.44,5.1,5.44,0.5760663747787476,exact_normalized_sequence,Whisper small.en word timestamp estimate,exact_text_whisper_estimate_auto_qc_pass,True,
-wny0OAz3g8$_$5,18,and,18,18,and,5.44,5.62,5.44,5.62,0.9888598918914795,exact_normalized_sequence,Whisper small.en word timestamp estimate,exact_text_whisper_estimate_auto_qc_pass,True,
-wny0OAz3g8$_$5,19,Howard,19,19,Howard,5.62,5.88,5.62,5.88,0.9945715069770813,exact_normalized_sequence,Whisper small.en word timestamp estimate,exact_text_whisper_estimate_auto_qc_pass,True,
-wny0OAz3g8$_$5,20,Winant,20,20,Winant,5.88,6.16,5.88,6.16,0.6454471796751022,exact_normalized_sequence,Whisper small.en word timestamp estimate,exact_text_whisper_estimate_auto_qc_pass,True,
-wny0OAz3g8$_$7,1,Omi,2,2,Omi,0.62,0.72,0.62,0.72,0.1976781114935875,mandatory_unique_pair_in_all_optimal_LCS,Whisper small.en word timestamp estimate,partial_whisper_estimate_auto_qc_pass,True,
-wny0OAz3g8$_$7,2,and,3,3,and,0.72,0.84,0.72,0.84,0.9267012476921082,mandatory_unique_pair_in_all_optimal_LCS,Whisper small.en word timestamp estimate,partial_whisper_estimate_auto_qc_pass,True,
-wny0OAz3g8$_$7,3,Winant,4,4,Winant,0.84,1.0,0.84,1.0,0.2812475562095642,mandatory_unique_pair_in_all_optimal_LCS,Whisper small.en word timestamp estimate,partial_whisper_estimate_auto_qc_pass,True,
-wny0OAz3g8$_$7,4,argue,5,5,argue,1.0,1.26,1.0,1.26,0.6568751335144043,mandatory_unique_pair_in_all_optimal_LCS,Whisper small.en word timestamp estimate,partial_whisper_estimate_auto_qc_pass,True,
-wny0OAz3g8$_$7,5,that,6,6,that,1.26,1.44,1.26,1.44,0.974907398223877,mandatory_unique_pair_in_all_optimal_LCS,Whisper small.en word timestamp estimate,partial_whisper_estimate_auto_qc_pass,True,
-wny0OAz3g8$_$7,6,the,7,7,the,1.44,1.54,1.44,1.54,0.9905010461807251,mandatory_unique_pair_in_all_optimal_LCS,Whisper small.en word timestamp estimate,partial_whisper_estimate_auto_qc_pass,True,
-wny0OAz3g8$_$7,7,concept,8,8,concept,1.54,1.84,1.54,1.84,0.9954256415367126,mandatory_unique_pair_in_all_optimal_LCS,Whisper small.en word timestamp estimate,partial_whisper_estimate_auto_qc_pass,True,
-wny0OAz3g8$_$7,8,of,9,9,of,1.84,2.02,1.84,2.02,0.9987730383872986,mandatory_unique_pair_in_all_optimal_LCS,Whisper small.en word timestamp estimate,partial_whisper_estimate_auto_qc_pass,True,
-wny0OAz3g8$_$7,9,race,10,10,race,2.02,2.2,2.02,2.2,0.9675719738006592,mandatory_unique_pair_in_all_optimal_LCS,Whisper small.en word timestamp estimate,partial_whisper_estimate_auto_qc_pass,True,
-wny0OAz3g8$_$7,10,came,11,11,came,2.2,2.44,2.2,2.44,0.9948329925537109,mandatory_unique_pair_in_all_optimal_LCS,Whisper small.en word timestamp estimate,partial_whisper_estimate_auto_qc_pass,True,
-wny0OAz3g8$_$7,11,about,12,12,about,2.44,2.64,2.44,2.64,0.9936390519142151,mandatory_unique_pair_in_all_optimal_LCS,Whisper small.en word timestamp estimate,partial_whisper_estimate_auto_qc_pass,True,
-wny0OAz3g8$_$7,12,as,13,13,as,2.64,2.84,2.64,2.84,0.9935240745544434,mandatory_unique_pair_in_all_optimal_LCS,Whisper small.en word timestamp estimate,partial_whisper_estimate_auto_qc_pass,True,
-wny0OAz3g8$_$7,13,a,14,14,a,2.84,2.9,2.84,2.9,0.9910423755645752,mandatory_unique_pair_in_all_optimal_LCS,Whisper small.en word timestamp estimate,partial_whisper_estimate_auto_qc_pass,True,
-wny0OAz3g8$_$7,14,tool,15,15,tool,2.9,3.1,2.9,3.1,0.9971442818641663,mandatory_unique_pair_in_all_optimal_LCS,Whisper small.en word timestamp estimate,partial_whisper_estimate_auto_qc_pass,True,
-wny0OAz3g8$_$7,15,to,16,16,to,3.1,3.28,3.1,3.28,0.9944789409637451,mandatory_unique_pair_in_all_optimal_LCS,Whisper small.en word timestamp estimate,partial_whisper_estimate_auto_qc_pass,True,
-wny0OAz3g8$_$7,16,justify,17,17,justify,3.28,3.72,3.28,3.72,0.9957922697067261,mandatory_unique_pair_in_all_optimal_LCS,Whisper small.en word timestamp estimate,partial_whisper_estimate_auto_qc_pass,True,
-wny0OAz3g8$_$7,17,and,18,18,and,3.72,3.96,3.72,3.96,0.9931406378746033,mandatory_unique_pair_in_all_optimal_LCS,Whisper small.en word timestamp estimate,partial_whisper_estimate_auto_qc_pass,True,
-wny0OAz3g8$_$7,18,maintain,19,19,maintain,3.96,4.36,3.96,4.36,0.9985223412513733,mandatory_unique_pair_in_all_optimal_LCS,Whisper small.en word timestamp estimate,partial_whisper_estimate_auto_qc_pass,True,
-wny0OAz3g8$_$7,19,the,20,20,the,4.36,4.6,4.36,4.6,0.9913724660873413,mandatory_unique_pair_in_all_optimal_LCS,Whisper small.en word timestamp estimate,partial_whisper_estimate_auto_qc_pass,True,
-wny0OAz3g8$_$7,20,economic,21,21,economic,4.6,4.98,4.6,4.98,0.9989080429077148,mandatory_unique_pair_in_all_optimal_LCS,Whisper small.en word timestamp estimate,partial_whisper_estimate_auto_qc_pass,True,
-wny0OAz3g8$_$7,21,and,22,22,and,4.98,5.2,4.98,5.2,0.9976995587348938,mandatory_unique_pair_in_all_optimal_LCS,Whisper small.en word timestamp estimate,partial_whisper_estimate_auto_qc_pass,True,
-wny0OAz3g8$_$7,22,political,23,23,political,5.2,5.5,5.2,5.5,0.9988113641738892,mandatory_unique_pair_in_all_optimal_LCS,Whisper small.en word timestamp estimate,partial_whisper_estimate_auto_qc_pass,True,
-wny0OAz3g8$_$7,23,power,24,24,power,5.5,5.9,5.5,5.9,0.9953559637069702,mandatory_unique_pair_in_all_optimal_LCS,Whisper small.en word timestamp estimate,partial_whisper_estimate_auto_qc_pass,True,
-wny0OAz3g8$_$7,24,held,25,25,held,5.9,6.18,5.9,6.18,0.992347002029419,mandatory_unique_pair_in_all_optimal_LCS,Whisper small.en word timestamp estimate,partial_whisper_estimate_auto_qc_pass,True,
-wny0OAz3g8$_$7,25,by,26,26,by,6.18,6.38,6.18,6.38,0.9985785484313965,mandatory_unique_pair_in_all_optimal_LCS,Whisper small.en word timestamp estimate,partial_whisper_estimate_auto_qc_pass,True,
-wny0OAz3g8$_$7,26,those,27,27,those,6.38,6.5,6.38,6.5,0.9862087965011597,mandatory_unique_pair_in_all_optimal_LCS,Whisper small.en word timestamp estimate,partial_whisper_estimate_auto_qc_pass,True,
-wny0OAz3g8$_$7,27,of,28,28,of,6.5,6.66,6.5,6.66,0.9981814622879028,mandatory_unique_pair_in_all_optimal_LCS,Whisper small.en word timestamp estimate,partial_whisper_estimate_auto_qc_pass,True,
-wny0OAz3g8$_$7,28,European,29,29,European,6.66,7.0,6.66,7.0,0.9937366247177124,mandatory_unique_pair_in_all_optimal_LCS,Whisper small.en word timestamp estimate,partial_whisper_estimate_auto_qc_pass,True,
-wny0OAz3g8$_$7,29,descent,30,30,descent,7.0,7.4,7.0,7.4,0.9260830283164978,mandatory_unique_pair_in_all_optimal_LCS,Whisper small.en word timestamp estimate,partial_whisper_estimate_auto_qc_pass,True,
-wny0OAz3g8$_$9,1,He,2,2,He,0.54,0.62,0.54,0.62,0.9695562124252319,mandatory_unique_pair_in_all_optimal_LCS,Whisper small.en word timestamp estimate,partial_whisper_estimate_auto_qc_pass,True,
-wny0OAz3g8$_$9,2,explores,3,3,explores,0.62,0.92,0.62,0.92,0.9961183071136475,mandatory_unique_pair_in_all_optimal_LCS,Whisper small.en word timestamp estimate,partial_whisper_estimate_auto_qc_pass,True,
-wny0OAz3g8$_$9,3,why,4,4,why,0.92,1.16,0.92,1.16,0.9934296011924744,mandatory_unique_pair_in_all_optimal_LCS,Whisper small.en word timestamp estimate,partial_whisper_estimate_auto_qc_pass,True,
-wny0OAz3g8$_$9,4,Black,5,5,black,1.16,1.32,1.16,1.32,0.7629705667495728,mandatory_unique_pair_in_all_optimal_LCS,Whisper small.en word timestamp estimate,partial_whisper_estimate_auto_qc_pass,True,
-wny0OAz3g8$_$9,5,and,6,6,and,1.32,1.46,1.32,1.46,0.9510642290115356,mandatory_unique_pair_in_all_optimal_LCS,Whisper small.en word timestamp estimate,partial_whisper_estimate_auto_qc_pass,True,
-wny0OAz3g8$_$9,6,White,7,7,white,1.46,1.6,1.46,1.6,0.9987139701843262,mandatory_unique_pair_in_all_optimal_LCS,Whisper small.en word timestamp estimate,partial_whisper_estimate_auto_qc_pass,True,
-wny0OAz3g8$_$9,7,Americans,8,8,Americans,1.6,1.96,1.6,1.96,0.9803377389907837,mandatory_unique_pair_in_all_optimal_LCS,Whisper small.en word timestamp estimate,partial_whisper_estimate_auto_qc_pass,True,
-wny0OAz3g8$_$9,8,tend,9,9,tend,1.96,2.22,1.96,2.22,0.9941719174385071,mandatory_unique_pair_in_all_optimal_LCS,Whisper small.en word timestamp estimate,partial_whisper_estimate_auto_qc_pass,True,
-wny0OAz3g8$_$9,9,to,10,10,to,2.22,2.36,2.22,2.36,0.9980813264846802,mandatory_unique_pair_in_all_optimal_LCS,Whisper small.en word timestamp estimate,partial_whisper_estimate_auto_qc_pass,True,
-wny0OAz3g8$_$9,10,have,11,11,have,2.36,2.52,2.36,2.52,0.9984960556030273,mandatory_unique_pair_in_all_optimal_LCS,Whisper small.en word timestamp estimate,partial_whisper_estimate_auto_qc_pass,True,
-wny0OAz3g8$_$9,11,such,12,12,such,2.52,2.68,2.52,2.68,0.9693302512168884,mandatory_unique_pair_in_all_optimal_LCS,Whisper small.en word timestamp estimate,partial_whisper_estimate_auto_qc_pass,True,
-wny0OAz3g8$_$9,12,different,13,13,different,2.68,3.08,2.68,3.08,0.9928489923477173,mandatory_unique_pair_in_all_optimal_LCS,Whisper small.en word timestamp estimate,partial_whisper_estimate_auto_qc_pass,True,
-wny0OAz3g8$_$9,13,outcomes,14,14,outcomes,3.08,3.54,3.08,3.54,0.9930858612060547,mandatory_unique_pair_in_all_optimal_LCS,Whisper small.en word timestamp estimate,partial_whisper_estimate_auto_qc_pass,True,
-wny0OAz3g8$_$9,14,in,15,15,in,3.54,3.8,3.54,3.8,0.8515031337738037,mandatory_unique_pair_in_all_optimal_LCS,Whisper small.en word timestamp estimate,partial_whisper_estimate_auto_qc_pass,True,
-wny0OAz3g8$_$9,15,terms,16,16,terms,3.8,3.92,3.8,3.92,0.9980897307395935,mandatory_unique_pair_in_all_optimal_LCS,Whisper small.en word timestamp estimate,partial_whisper_estimate_auto_qc_pass,True,
-wny0OAz3g8$_$9,16,of,17,17,of,3.92,4.06,3.92,4.06,0.9974652528762817,mandatory_unique_pair_in_all_optimal_LCS,Whisper small.en word timestamp estimate,partial_whisper_estimate_auto_qc_pass,True,
-wny0OAz3g8$_$9,17,income,18,18,income,4.06,4.44,4.06,4.44,0.9953792095184326,mandatory_unique_pair_in_all_optimal_LCS,Whisper small.en word timestamp estimate,partial_whisper_estimate_auto_qc_pass,True,
-wny0OAz3g8$_$9,18,education,19,19,education,4.62,4.98,4.62,4.98,0.9973787069320679,mandatory_unique_pair_in_all_optimal_LCS,Whisper small.en word timestamp estimate,partial_whisper_estimate_auto_qc_pass,True,
-wny0OAz3g8$_$9,19,and,20,20,and,5.2,5.26,5.2,5.26,0.9986016154289246,mandatory_unique_pair_in_all_optimal_LCS,Whisper small.en word timestamp estimate,partial_whisper_estimate_auto_qc_pass,True,
-wny0OAz3g8$_$9,20,more,21,21,more,5.26,5.48,5.26,5.48,0.9987319111824036,mandatory_unique_pair_in_all_optimal_LCS,Whisper small.en word timestamp estimate,partial_whisper_estimate_auto_qc_pass,True,
-571d8cVauQ$_$0,1,This,1,1,This,0.6999999999999995,1.18,0.6999999999999995,1.18,0.7882150411605835,exact_normalized_sequence,Whisper small.en word timestamp estimate,exact_text_whisper_estimate_auto_qc_pass,True,
-571d8cVauQ$_$0,2,is,2,2,is,1.18,1.3,1.18,1.3,0.99366295337677,exact_normalized_sequence,Whisper small.en word timestamp estimate,exact_text_whisper_estimate_auto_qc_pass,True,
-571d8cVauQ$_$0,3,Rhett,3,3,Rhett,1.3,1.52,1.3,1.52,0.9364156723022461,exact_normalized_sequence,Whisper small.en word timestamp estimate,exact_text_whisper_estimate_auto_qc_pass,True,
-571d8cVauQ$_$0,4,Reiger,4,4,Reiger,1.52,1.84,1.52,1.84,0.7492939531803131,exact_normalized_sequence,Whisper small.en word timestamp estimate,exact_text_whisper_estimate_auto_qc_pass,True,
-571d8cVauQ$_$0,5,White,5,5,White,2.02,2.12,2.02,2.12,0.868419349193573,exact_normalized_sequence,Whisper small.en word timestamp estimate,exact_text_whisper_estimate_auto_qc_pass,True,
-571d8cVauQ$_$0,6,Caspian,6,6,Caspian,2.12,2.56,2.12,2.56,0.9403414328893026,exact_normalized_sequence,Whisper small.en word timestamp estimate,exact_text_whisper_estimate_auto_qc_pass,True,
-571d8cVauQ$_$0,7,Studios,7,7,Studios,2.56,2.9,2.56,2.9,0.9554688930511475,exact_normalized_sequence,Whisper small.en word timestamp estimate,exact_text_whisper_estimate_auto_qc_pass,True,
-571d8cVauQ$_$0,8,on,8,8,on,3.14,3.24,3.14,3.24,0.9911631345748901,exact_normalized_sequence,Whisper small.en word timestamp estimate,exact_text_whisper_estimate_auto_qc_pass,True,
-571d8cVauQ$_$0,9,behalf,9,9,behalf,3.24,3.46,3.24,3.46,0.996536135673523,exact_normalized_sequence,Whisper small.en word timestamp estimate,exact_text_whisper_estimate_auto_qc_pass,True,
-571d8cVauQ$_$0,10,of,10,10,of,3.46,3.68,3.46,3.68,0.9983727931976318,exact_normalized_sequence,Whisper small.en word timestamp estimate,exact_text_whisper_estimate_auto_qc_pass,True,
-571d8cVauQ$_$0,11,Expert,11,11,Expert,3.68,3.96,3.68,3.96,0.29189786314964294,exact_normalized_sequence,Whisper small.en word timestamp estimate,exact_text_whisper_estimate_auto_qc_pass,True,
-571d8cVauQ$_$0,12,Village,12,12,Village,3.96,4.38,3.96,4.38,0.9778519868850708,exact_normalized_sequence,Whisper small.en word timestamp estimate,exact_text_whisper_estimate_auto_qc_pass,True,
-571d8cVauQ$_$5,1,So,1,1,So,0.0,0.64,0.0,0.64,0.6125487089157104,mandatory_unique_pair_in_all_optimal_LCS,Whisper small.en word timestamp estimate,partial_whisper_estimate_auto_qc_pass,True,
-571d8cVauQ$_$5,2,very,2,2,very,0.64,0.94,0.64,0.94,0.6402645111083984,mandatory_unique_pair_in_all_optimal_LCS,Whisper small.en word timestamp estimate,partial_whisper_estimate_auto_qc_pass,True,
-571d8cVauQ$_$5,3,important,3,3,important,0.94,1.26,0.94,1.26,0.996397078037262,mandatory_unique_pair_in_all_optimal_LCS,Whisper small.en word timestamp estimate,partial_whisper_estimate_auto_qc_pass,True,
-571d8cVauQ$_$5,4,to,4,4,to,1.26,1.48,1.26,1.48,0.9862936735153198,mandatory_unique_pair_in_all_optimal_LCS,Whisper small.en word timestamp estimate,partial_whisper_estimate_auto_qc_pass,True,
-571d8cVauQ$_$5,5,go,5,5,go,1.48,1.74,1.48,1.74,0.9975365400314331,mandatory_unique_pair_in_all_optimal_LCS,Whisper small.en word timestamp estimate,partial_whisper_estimate_auto_qc_pass,True,
-571d8cVauQ$_$5,6,out,6,6,out,1.74,2.04,1.74,2.04,0.9975797533988953,mandatory_unique_pair_in_all_optimal_LCS,Whisper small.en word timestamp estimate,partial_whisper_estimate_auto_qc_pass,True,
-571d8cVauQ$_$5,7,to,7,7,to,2.04,2.6,2.04,2.6,0.976713240146637,mandatory_unique_pair_in_all_optimal_LCS,Whisper small.en word timestamp estimate,partial_whisper_estimate_auto_qc_pass,True,
-571d8cVauQ$_$5,8,the,8,8,the,2.6,2.74,2.6,2.74,0.9968197345733643,mandatory_unique_pair_in_all_optimal_LCS,Whisper small.en word timestamp estimate,partial_whisper_estimate_auto_qc_pass,True,
-571d8cVauQ$_$5,9,locations,9,9,locations,2.74,3.3,2.74,3.3,0.977202832698822,mandatory_unique_pair_in_all_optimal_LCS,Whisper small.en word timestamp estimate,partial_whisper_estimate_auto_qc_pass,True,
-571d8cVauQ$_$5,10,walk,10,10,walk,3.3,4.0,3.3,4.0,0.9905198812484741,mandatory_unique_pair_in_all_optimal_LCS,Whisper small.en word timestamp estimate,partial_whisper_estimate_auto_qc_pass,True,
-571d8cVauQ$_$5,11,around,11,11,around,4.0,4.4,4.0,4.4,0.9989538192749023,mandatory_unique_pair_in_all_optimal_LCS,Whisper small.en word timestamp estimate,partial_whisper_estimate_auto_qc_pass,True,
-571d8cVauQ$_$5,12,talk,12,12,talk,4.66,4.9,4.66,4.9,0.9878085851669312,mandatory_unique_pair_in_all_optimal_LCS,Whisper small.en word timestamp estimate,partial_whisper_estimate_auto_qc_pass,True,
-571d8cVauQ$_$5,13,with,13,13,with,4.9,5.1,4.9,5.1,0.9935478568077087,mandatory_unique_pair_in_all_optimal_LCS,Whisper small.en word timestamp estimate,partial_whisper_estimate_auto_qc_pass,True,
-571d8cVauQ$_$5,14,the,14,14,the,5.1,5.24,5.1,5.24,0.9947627186775208,mandatory_unique_pair_in_all_optimal_LCS,Whisper small.en word timestamp estimate,partial_whisper_estimate_auto_qc_pass,True,
-571d8cVauQ$_$5,15,owners,15,15,owners,5.24,5.48,5.24,5.48,0.9897395968437195,mandatory_unique_pair_in_all_optimal_LCS,Whisper small.en word timestamp estimate,partial_whisper_estimate_auto_qc_pass,True,
-571d8cVauQ$_$5,16,if,16,16,if,5.48,5.7,5.48,5.7,0.9597576260566711,mandatory_unique_pair_in_all_optimal_LCS,Whisper small.en word timestamp estimate,partial_whisper_estimate_auto_qc_pass,True,
-571d8cVauQ$_$5,17,you,17,17,you,5.7,5.86,5.7,5.86,0.9982118606567383,mandatory_unique_pair_in_all_optimal_LCS,Whisper small.en word timestamp estimate,partial_whisper_estimate_auto_qc_pass,True,
-571d8cVauQ$_$5,18,can,18,18,can,5.86,6.14,5.86,6.14,0.9990297555923462,mandatory_unique_pair_in_all_optimal_LCS,Whisper small.en word timestamp estimate,partial_whisper_estimate_auto_qc_pass,True,
-571d8cVauQ$_$5,19,tell,19,19,tell,6.4,6.62,6.4,6.62,0.9936109185218811,mandatory_unique_pair_in_all_optimal_LCS,Whisper small.en word timestamp estimate,partial_whisper_estimate_auto_qc_pass,True,
-571d8cVauQ$_$5,20,them,20,20,them,6.62,6.8,6.62,6.8,0.9981708526611328,mandatory_unique_pair_in_all_optimal_LCS,Whisper small.en word timestamp estimate,partial_whisper_estimate_auto_qc_pass,True,
-571d8cVauQ$_$5,21,what,21,21,what,6.8,6.94,6.8,6.94,0.9975733160972595,mandatory_unique_pair_in_all_optimal_LCS,Whisper small.en word timestamp estimate,partial_whisper_estimate_auto_qc_pass,True,
-571d8cVauQ$_$5,22,you're,22,22,you're,6.94,7.12,6.94,7.12,0.972476065158844,mandatory_unique_pair_in_all_optimal_LCS,Whisper small.en word timestamp estimate,partial_whisper_estimate_auto_qc_pass,True,
-571d8cVauQ$_$5,23,doing,23,23,doing,7.12,7.4,7.12,7.4,0.9988866448402405,mandatory_unique_pair_in_all_optimal_LCS,Whisper small.en word timestamp estimate,partial_whisper_estimate_auto_qc_pass,True,
-571d8cVauQ$_$5,24,build,24,24,build,7.52,7.86,7.52,7.86,0.9883367419242859,mandatory_unique_pair_in_all_optimal_LCS,Whisper small.en word timestamp estimate,partial_whisper_estimate_auto_qc_pass,True,
-571d8cVauQ$_$5,25,a,25,25,a,7.86,8.02,7.86,8.02,0.9958796501159668,mandatory_unique_pair_in_all_optimal_LCS,Whisper small.en word timestamp estimate,partial_whisper_estimate_auto_qc_pass,True,
-571d8cVauQ$_$5,26,little,26,26,little,8.02,8.2,8.02,8.2,0.9994926452636719,mandatory_unique_pair_in_all_optimal_LCS,Whisper small.en word timestamp estimate,partial_whisper_estimate_auto_qc_pass,True,
-571d8cVauQ$_$5,27,excitement,27,27,excitement,8.2,8.7,8.2,8.7,0.9974033236503601,mandatory_unique_pair_in_all_optimal_LCS,Whisper small.en word timestamp estimate,partial_whisper_estimate_auto_qc_pass,True,
-571d8cVauQ$_$5,28,put,28,28,put,9.12,9.52,9.12,9.52,0.9940181970596313,mandatory_unique_pair_in_all_optimal_LCS,Whisper small.en word timestamp estimate,partial_whisper_estimate_auto_qc_pass,True,
-571d8cVauQ$_$5,29,a,29,29,a,9.52,9.62,9.52,9.62,0.9939746260643005,mandatory_unique_pair_in_all_optimal_LCS,Whisper small.en word timestamp estimate,partial_whisper_estimate_auto_qc_pass,True,
-571d8cVauQ$_$5,30,little,30,30,little,9.62,9.8,9.62,9.8,0.9989369511604309,mandatory_unique_pair_in_all_optimal_LCS,Whisper small.en word timestamp estimate,partial_whisper_estimate_auto_qc_pass,True,
-571d8cVauQ$_$5,31,glitz,31,31,glitz,9.8,10.1,9.8,10.1,0.9014515280723572,mandatory_unique_pair_in_all_optimal_LCS,Whisper small.en word timestamp estimate,partial_whisper_estimate_auto_qc_pass,True,
-571d8cVauQ$_$5,32,on,32,32,on,10.1,10.32,10.1,10.32,0.9974595904350281,mandatory_unique_pair_in_all_optimal_LCS,Whisper small.en word timestamp estimate,partial_whisper_estimate_auto_qc_pass,True,
-571d8cVauQ$_$5,33,there,33,33,there,10.32,10.6,10.32,10.6,0.9940365552902222,mandatory_unique_pair_in_all_optimal_LCS,Whisper small.en word timestamp estimate,partial_whisper_estimate_auto_qc_pass,True,
-571d8cVauQ$_$5,34,and,34,34,and,10.88,11.36,10.88,11.36,0.9929868578910828,mandatory_unique_pair_in_all_optimal_LCS,Whisper small.en word timestamp estimate,partial_whisper_estimate_auto_qc_pass,True,
-571d8cVauQ$_$5,35,let,35,35,let,11.36,11.66,11.36,11.66,0.9983898401260376,mandatory_unique_pair_in_all_optimal_LCS,Whisper small.en word timestamp estimate,partial_whisper_estimate_auto_qc_pass,True,
-571d8cVauQ$_$5,36,everybody,36,36,everybody,11.66,11.9,11.66,11.9,0.9936447143554688,mandatory_unique_pair_in_all_optimal_LCS,Whisper small.en word timestamp estimate,partial_whisper_estimate_auto_qc_pass,True,
-571d8cVauQ$_$5,37,knows,,,,,,,,,mandatory_unique_pair_in_all_optimal_LCS,,official_word_unmatched_or_ambiguous,False,
-571d8cVauQ$_$5,38,this,38,38,this,12.3,12.86,12.3,12.86,0.7359920144081116,mandatory_unique_pair_in_all_optimal_LCS,Whisper small.en word timestamp estimate,partial_whisper_estimate_auto_qc_pass,True,
-571d8cVauQ$_$5,39,is,39,39,is,12.86,13.04,12.86,13.04,0.9974237680435181,mandatory_unique_pair_in_all_optimal_LCS,Whisper small.en word timestamp estimate,partial_whisper_estimate_auto_qc_pass,True,
-571d8cVauQ$_$5,40,a,40,40,a,13.04,13.22,13.04,13.22,0.9989596605300903,mandatory_unique_pair_in_all_optimal_LCS,Whisper small.en word timestamp estimate,partial_whisper_estimate_auto_qc_pass,True,
-571d8cVauQ$_$5,41,very,41,41,very,13.22,13.54,13.22,13.54,0.9981710910797119,mandatory_unique_pair_in_all_optimal_LCS,Whisper small.en word timestamp estimate,partial_whisper_estimate_auto_qc_pass,True,
-571d8cVauQ$_$5,42,valuable,42,42,valuable,13.54,14.04,13.54,14.04,0.9990547299385071,mandatory_unique_pair_in_all_optimal_LCS,Whisper small.en word timestamp estimate,partial_whisper_estimate_auto_qc_pass,True,
-571d8cVauQ$_$5,43,spot,43,43,spot,14.04,14.48,14.04,14.48,0.9980006814002991,mandatory_unique_pair_in_all_optimal_LCS,Whisper small.en word timestamp estimate,partial_whisper_estimate_auto_qc_pass,True,
-I_e4mIh0yE$_$1,1,In,1,1,In,0.0,0.86,0.0,0.86,0.7258952260017395,exact_normalized_sequence,Whisper small.en word timestamp estimate,exact_text_whisper_estimate_auto_qc_pass,True,
-I_e4mIh0yE$_$1,2,the,2,2,the,0.86,1.0,0.86,1.0,0.9962630867958069,exact_normalized_sequence,Whisper small.en word timestamp estimate,exact_text_whisper_estimate_auto_qc_pass,True,
-I_e4mIh0yE$_$1,3,United,3,3,United,1.0,1.18,1.0,1.18,0.9823633432388306,exact_normalized_sequence,Whisper small.en word timestamp estimate,exact_text_whisper_estimate_auto_qc_pass,True,
-I_e4mIh0yE$_$1,4,States,4,4,States,1.18,1.54,1.18,1.54,0.9973884224891663,exact_normalized_sequence,Whisper small.en word timestamp estimate,exact_text_whisper_estimate_auto_qc_pass,True,
-I_e4mIh0yE$_$1,5,we,5,5,we,1.54,1.76,1.54,1.76,0.3752249777317047,exact_normalized_sequence,Whisper small.en word timestamp estimate,exact_text_whisper_estimate_auto_qc_pass,True,
-I_e4mIh0yE$_$1,6,don't,6,6,don't,1.76,2.2,1.76,2.2,0.9862192273139954,exact_normalized_sequence,Whisper small.en word timestamp estimate,exact_text_whisper_estimate_auto_qc_pass,True,
-I_e4mIh0yE$_$1,7,punish,7,7,punish,2.2,2.54,2.2,2.54,0.9977816939353943,exact_normalized_sequence,Whisper small.en word timestamp estimate,exact_text_whisper_estimate_auto_qc_pass,True,
-I_e4mIh0yE$_$1,8,failure,8,8,failure,2.54,3.08,2.54,3.08,0.9942155480384827,exact_normalized_sequence,Whisper small.en word timestamp estimate,exact_text_whisper_estimate_auto_qc_pass,True,
-I_e4mIh0yE$_$1,9,to,9,9,to,3.08,3.64,3.08,3.64,0.5334283113479614,exact_normalized_sequence,Whisper small.en word timestamp estimate,exact_text_whisper_estimate_auto_qc_pass,True,
-I_e4mIh0yE$_$1,10,the,10,10,the,3.64,3.76,3.64,3.76,0.9957862496376038,exact_normalized_sequence,Whisper small.en word timestamp estimate,exact_text_whisper_estimate_auto_qc_pass,True,
-I_e4mIh0yE$_$1,11,degree,11,11,degree,3.76,4.08,3.76,4.08,0.9957179427146912,exact_normalized_sequence,Whisper small.en word timestamp estimate,exact_text_whisper_estimate_auto_qc_pass,True,
-I_e4mIh0yE$_$1,12,to,12,12,to,4.08,4.34,4.08,4.34,0.9773387312889099,exact_normalized_sequence,Whisper small.en word timestamp estimate,exact_text_whisper_estimate_auto_qc_pass,True,
-I_e4mIh0yE$_$1,13,which,13,13,which,4.34,4.68,4.34,4.68,0.9984311461448669,exact_normalized_sequence,Whisper small.en word timestamp estimate,exact_text_whisper_estimate_auto_qc_pass,True,
-I_e4mIh0yE$_$1,14,failure,14,14,failure,4.68,5.16,4.68,5.16,0.9907139539718628,exact_normalized_sequence,Whisper small.en word timestamp estimate,exact_text_whisper_estimate_auto_qc_pass,True,
-I_e4mIh0yE$_$1,15,is,15,15,is,5.16,5.42,5.16,5.42,0.9918662905693054,exact_normalized_sequence,Whisper small.en word timestamp estimate,exact_text_whisper_estimate_auto_qc_pass,True,
-I_e4mIh0yE$_$1,16,punished,16,16,punished,5.42,5.74,5.42,5.74,0.9836490154266357,exact_normalized_sequence,Whisper small.en word timestamp estimate,exact_text_whisper_estimate_auto_qc_pass,True,
-I_e4mIh0yE$_$1,17,in,17,17,in,5.74,6.42,5.74,6.42,0.9888439178466797,exact_normalized_sequence,Whisper small.en word timestamp estimate,exact_text_whisper_estimate_auto_qc_pass,True,
-I_e4mIh0yE$_$1,18,Europe,18,18,Europe,6.42,6.8,6.42,6.8,0.9941996335983276,exact_normalized_sequence,Whisper small.en word timestamp estimate,exact_text_whisper_estimate_auto_qc_pass,True,
-I_e4mIh0yE$_$3,1,It's,1,1,It's,0.0,0.84,0.0,0.84,0.6841390132904053,mandatory_unique_pair_in_all_optimal_LCS,Whisper small.en word timestamp estimate,partial_whisper_estimate_auto_qc_pass,True,
-I_e4mIh0yE$_$3,2,perceived,2,2,perceived,0.84,1.32,0.84,1.32,0.9748018980026245,mandatory_unique_pair_in_all_optimal_LCS,Whisper small.en word timestamp estimate,partial_whisper_estimate_auto_qc_pass,True,
-I_e4mIh0yE$_$3,3,that,3,3,that,,,,,0.9832661151885986,mandatory_unique_pair_in_all_optimal_LCS,,whisper_time_flagged_null,False,very_long_duration_review
-I_e4mIh0yE$_$3,4,you,,,,,,,,,mandatory_unique_pair_in_all_optimal_LCS,,official_word_unmatched_or_ambiguous,False,
-I_e4mIh0yE$_$3,5,have,,,,,,,,,mandatory_unique_pair_in_all_optimal_LCS,,official_word_unmatched_or_ambiguous,False,
-I_e4mIh0yE$_$3,6,actually,5,5,actually,3.36,3.64,3.36,3.64,0.9833942651748657,mandatory_unique_pair_in_all_optimal_LCS,Whisper small.en word timestamp estimate,partial_whisper_estimate_auto_qc_pass,True,
-I_e4mIh0yE$_$3,7,learned,6,6,learned,3.64,3.96,3.64,3.96,0.7698283195495605,mandatory_unique_pair_in_all_optimal_LCS,Whisper small.en word timestamp estimate,partial_whisper_estimate_auto_qc_pass,True,
-I_e4mIh0yE$_$3,8,something,7,7,something,3.96,4.66,3.96,4.66,0.9989635944366455,mandatory_unique_pair_in_all_optimal_LCS,Whisper small.en word timestamp estimate,partial_whisper_estimate_auto_qc_pass,True,
-I_e4mIh0yE$_$3,9,over,8,8,over,4.66,5.58,4.66,5.58,0.9456380009651184,mandatory_unique_pair_in_all_optimal_LCS,Whisper small.en word timestamp estimate,partial_whisper_estimate_auto_qc_pass,True,
-I_e4mIh0yE$_$3,10,the,9,9,the,5.58,5.72,5.58,5.72,0.9974489808082581,mandatory_unique_pair_in_all_optimal_LCS,Whisper small.en word timestamp estimate,partial_whisper_estimate_auto_qc_pass,True,
-I_e4mIh0yE$_$3,11,course,10,10,course,5.72,5.86,5.72,5.86,0.9983988404273987,mandatory_unique_pair_in_all_optimal_LCS,Whisper small.en word timestamp estimate,partial_whisper_estimate_auto_qc_pass,True,
-I_e4mIh0yE$_$3,12,of,11,11,of,5.86,6.06,5.86,6.06,0.9974901676177979,mandatory_unique_pair_in_all_optimal_LCS,Whisper small.en word timestamp estimate,partial_whisper_estimate_auto_qc_pass,True,
-I_e4mIh0yE$_$3,13,your,12,12,your,6.06,6.16,6.06,6.16,0.9947282671928406,mandatory_unique_pair_in_all_optimal_LCS,Whisper small.en word timestamp estimate,partial_whisper_estimate_auto_qc_pass,True,
-I_e4mIh0yE$_$3,14,carreer,,,,,,,,,mandatory_unique_pair_in_all_optimal_LCS,,official_word_unmatched_or_ambiguous,False,
-I_e4mIh0yE$_$3,15,and,14,14,and,6.42,6.54,6.42,6.54,0.7000452876091003,mandatory_unique_pair_in_all_optimal_LCS,Whisper small.en word timestamp estimate,partial_whisper_estimate_auto_qc_pass,True,
-I_e4mIh0yE$_$3,16,that,15,15,that,6.54,6.66,6.54,6.66,0.965099573135376,mandatory_unique_pair_in_all_optimal_LCS,Whisper small.en word timestamp estimate,partial_whisper_estimate_auto_qc_pass,True,
-I_e4mIh0yE$_$3,17,you,16,16,you,6.66,6.8,6.66,6.8,0.9985779523849487,mandatory_unique_pair_in_all_optimal_LCS,Whisper small.en word timestamp estimate,partial_whisper_estimate_auto_qc_pass,True,
-I_e4mIh0yE$_$3,18,won't,17,17,won't,6.8,7.04,6.8,7.04,0.9960319995880127,mandatory_unique_pair_in_all_optimal_LCS,Whisper small.en word timestamp estimate,partial_whisper_estimate_auto_qc_pass,True,
-I_e4mIh0yE$_$3,19,make,18,18,make,7.04,7.44,7.04,7.44,0.9956674575805664,mandatory_unique_pair_in_all_optimal_LCS,Whisper small.en word timestamp estimate,partial_whisper_estimate_auto_qc_pass,True,
-I_e4mIh0yE$_$3,20,the,19,19,the,7.44,7.62,7.44,7.62,0.9869408011436462,mandatory_unique_pair_in_all_optimal_LCS,Whisper small.en word timestamp estimate,partial_whisper_estimate_auto_qc_pass,True,
-I_e4mIh0yE$_$3,21,mistake,20,20,mistake,7.62,7.9,7.62,7.9,0.996600329875946,mandatory_unique_pair_in_all_optimal_LCS,Whisper small.en word timestamp estimate,partial_whisper_estimate_auto_qc_pass,True,
-I_e4mIh0yE$_$3,22,twice,21,21,twice,7.9,8.34,7.9,8.34,0.9983982443809509,mandatory_unique_pair_in_all_optimal_LCS,Whisper small.en word timestamp estimate,partial_whisper_estimate_auto_qc_pass,True,
-UacrmKiTn4$_$10,1,Because,1,1,because,0.0,0.58,0.0,0.58,0.24995099008083344,exact_normalized_sequence,Whisper small.en word timestamp estimate,exact_text_whisper_estimate_auto_qc_pass,True,
-UacrmKiTn4$_$10,2,if,2,2,if,0.58,0.96,0.58,0.96,0.9639792442321777,exact_normalized_sequence,Whisper small.en word timestamp estimate,exact_text_whisper_estimate_auto_qc_pass,True,
-UacrmKiTn4$_$10,3,they,3,3,they,0.96,1.16,0.96,1.16,0.9967955946922302,exact_normalized_sequence,Whisper small.en word timestamp estimate,exact_text_whisper_estimate_auto_qc_pass,True,
-UacrmKiTn4$_$10,4,are,4,4,are,1.16,1.3,1.16,1.3,0.9264253377914429,exact_normalized_sequence,Whisper small.en word timestamp estimate,exact_text_whisper_estimate_auto_qc_pass,True,
-UacrmKiTn4$_$10,5,not,5,5,not,1.3,1.66,1.3,1.66,0.9977864027023315,exact_normalized_sequence,Whisper small.en word timestamp estimate,exact_text_whisper_estimate_auto_qc_pass,True,
-UacrmKiTn4$_$10,6,in,6,6,in,1.66,2.28,1.66,2.28,0.8803662657737732,exact_normalized_sequence,Whisper small.en word timestamp estimate,exact_text_whisper_estimate_auto_qc_pass,True,
-UacrmKiTn4$_$10,7,any,7,7,any,2.28,2.58,2.28,2.58,0.9572222828865051,exact_normalized_sequence,Whisper small.en word timestamp estimate,exact_text_whisper_estimate_auto_qc_pass,True,
-UacrmKiTn4$_$10,8,way,8,8,way,2.58,2.76,2.58,2.76,0.9968448877334595,exact_normalized_sequence,Whisper small.en word timestamp estimate,exact_text_whisper_estimate_auto_qc_pass,True,
-UacrmKiTn4$_$10,9,held,9,9,held,2.76,3.04,2.76,3.04,0.9966070652008057,exact_normalized_sequence,Whisper small.en word timestamp estimate,exact_text_whisper_estimate_auto_qc_pass,True,
-UacrmKiTn4$_$10,10,accountable,10,10,accountable,3.04,3.68,3.04,3.68,0.9982007741928101,exact_normalized_sequence,Whisper small.en word timestamp estimate,exact_text_whisper_estimate_auto_qc_pass,True,
-UacrmKiTn4$_$10,11,for,11,11,for,3.68,4.16,3.68,4.16,0.9964894652366638,exact_normalized_sequence,Whisper small.en word timestamp estimate,exact_text_whisper_estimate_auto_qc_pass,True,
-UacrmKiTn4$_$10,12,reading,12,12,reading,4.16,4.46,4.16,4.46,0.9970820546150208,exact_normalized_sequence,Whisper small.en word timestamp estimate,exact_text_whisper_estimate_auto_qc_pass,True,
-UacrmKiTn4$_$10,13,the,13,13,the,4.46,4.68,4.46,4.68,0.9952496290206909,exact_normalized_sequence,Whisper small.en word timestamp estimate,exact_text_whisper_estimate_auto_qc_pass,True,
-UacrmKiTn4$_$10,14,material,14,14,material,4.68,5.16,4.68,5.16,0.998480498790741,exact_normalized_sequence,Whisper small.en word timestamp estimate,exact_text_whisper_estimate_auto_qc_pass,True,
-UacrmKiTn4$_$10,15,they,15,15,they,5.74,6.08,5.74,6.08,0.9974414110183716,exact_normalized_sequence,Whisper small.en word timestamp estimate,exact_text_whisper_estimate_auto_qc_pass,True,
-UacrmKiTn4$_$10,16,won't,16,16,won't,6.08,6.4,6.08,6.4,0.9956451952457428,exact_normalized_sequence,Whisper small.en word timestamp estimate,exact_text_whisper_estimate_auto_qc_pass,True,
-UacrmKiTn4$_$10,17,do,17,17,do,6.4,6.52,6.4,6.52,0.9992184638977051,exact_normalized_sequence,Whisper small.en word timestamp estimate,exact_text_whisper_estimate_auto_qc_pass,True,
-UacrmKiTn4$_$10,18,it,18,18,it,6.52,6.72,6.52,6.72,0.9994586110115051,exact_normalized_sequence,Whisper small.en word timestamp estimate,exact_text_whisper_estimate_auto_qc_pass,True,
-UacrmKiTn4$_$4,1,Just,2,2,just,0.44,0.68,0.44,0.68,0.9598283767700195,mandatory_unique_pair_in_all_optimal_LCS,Whisper small.en word timestamp estimate,partial_whisper_estimate_auto_qc_pass,True,
-UacrmKiTn4$_$4,2,given,3,3,given,0.68,0.94,0.68,0.94,0.8442261219024658,mandatory_unique_pair_in_all_optimal_LCS,Whisper small.en word timestamp estimate,partial_whisper_estimate_auto_qc_pass,True,
-UacrmKiTn4$_$4,3,to,4,4,to,0.94,1.12,0.94,1.12,0.99528568983078,mandatory_unique_pair_in_all_optimal_LCS,Whisper small.en word timestamp estimate,partial_whisper_estimate_auto_qc_pass,True,
-UacrmKiTn4$_$4,4,their,5,5,their,1.12,1.26,1.12,1.26,0.9930071830749512,mandatory_unique_pair_in_all_optimal_LCS,Whisper small.en word timestamp estimate,partial_whisper_estimate_auto_qc_pass,True,
-UacrmKiTn4$_$4,5,own,6,6,own,1.26,1.46,1.26,1.46,0.9875850677490234,mandatory_unique_pair_in_all_optimal_LCS,Whisper small.en word timestamp estimate,partial_whisper_estimate_auto_qc_pass,True,
-UacrmKiTn4$_$4,6,devices,7,7,devices,1.46,1.96,1.46,1.96,0.9922337532043457,mandatory_unique_pair_in_all_optimal_LCS,Whisper small.en word timestamp estimate,partial_whisper_estimate_auto_qc_pass,True,
-UacrmKiTn4$_$4,7,they,8,8,They,,,,,0.9875406622886658,mandatory_unique_pair_in_all_optimal_LCS,,whisper_time_flagged_null,False,nonpositive_duration
-UacrmKiTn4$_$4,8,are,9,9,are,2.3,2.44,2.3,2.44,0.9359033107757568,mandatory_unique_pair_in_all_optimal_LCS,Whisper small.en word timestamp estimate,partial_whisper_estimate_auto_qc_pass,True,
-UacrmKiTn4$_$4,9,not,10,10,not,2.44,2.66,2.44,2.66,0.9971460700035095,mandatory_unique_pair_in_all_optimal_LCS,Whisper small.en word timestamp estimate,partial_whisper_estimate_auto_qc_pass,True,
-UacrmKiTn4$_$4,10,going,11,11,going,2.66,2.94,2.66,2.94,0.997877836227417,mandatory_unique_pair_in_all_optimal_LCS,Whisper small.en word timestamp estimate,partial_whisper_estimate_auto_qc_pass,True,
-UacrmKiTn4$_$4,11,to,12,12,to,2.94,3.16,2.94,3.16,0.9979362487792969,mandatory_unique_pair_in_all_optimal_LCS,Whisper small.en word timestamp estimate,partial_whisper_estimate_auto_qc_pass,True,
-UacrmKiTn4$_$4,12,read,13,13,read,3.16,3.36,3.16,3.36,0.9965734481811523,mandatory_unique_pair_in_all_optimal_LCS,Whisper small.en word timestamp estimate,partial_whisper_estimate_auto_qc_pass,True,
-UacrmKiTn4$_$4,13,the,14,14,the,3.36,3.54,3.36,3.54,0.9964634776115417,mandatory_unique_pair_in_all_optimal_LCS,Whisper small.en word timestamp estimate,partial_whisper_estimate_auto_qc_pass,True,
-UacrmKiTn4$_$4,14,textbook,15,15,textbook,3.54,4.02,3.54,4.02,0.9441923499107361,mandatory_unique_pair_in_all_optimal_LCS,Whisper small.en word timestamp estimate,partial_whisper_estimate_auto_qc_pass,True,
-hnBHBN8p5A$_$7,1,Picture,,,,,,,,,mandatory_unique_pair_in_all_optimal_LCS,,official_word_unmatched_or_ambiguous,False,
-hnBHBN8p5A$_$7,2,this,,,,,,,,,mandatory_unique_pair_in_all_optimal_LCS,,official_word_unmatched_or_ambiguous,False,
-hnBHBN8p5A$_$7,3,before,,,,,,,,,mandatory_unique_pair_in_all_optimal_LCS,,official_word_unmatched_or_ambiguous,False,
-hnBHBN8p5A$_$7,4,we,,,,,,,,,mandatory_unique_pair_in_all_optimal_LCS,,official_word_unmatched_or_ambiguous,False,
-hnBHBN8p5A$_$7,5,actually,,,,,,,,,mandatory_unique_pair_in_all_optimal_LCS,,official_word_unmatched_or_ambiguous,False,
-hnBHBN8p5A$_$7,6,start,,,,,,,,,mandatory_unique_pair_in_all_optimal_LCS,,official_word_unmatched_or_ambiguous,False,
-hnBHBN8p5A$_$7,7,hacking,,,,,,,,,mandatory_unique_pair_in_all_optimal_LCS,,official_word_unmatched_or_ambiguous,False,
-hnBHBN8p5A$_$7,8,we're,,,,,,,,,mandatory_unique_pair_in_all_optimal_LCS,,official_word_unmatched_or_ambiguous,False,
-hnBHBN8p5A$_$7,9,in,,,,,,,,,mandatory_unique_pair_in_all_optimal_LCS,,official_word_unmatched_or_ambiguous,False,
-hnBHBN8p5A$_$7,10,a,,,,,,,,,mandatory_unique_pair_in_all_optimal_LCS,,official_word_unmatched_or_ambiguous,False,
-hnBHBN8p5A$_$7,11,room,,,,,,,,,mandatory_unique_pair_in_all_optimal_LCS,,official_word_unmatched_or_ambiguous,False,
-hnBHBN8p5A$_$7,12,formal,,,,,,,,,mandatory_unique_pair_in_all_optimal_LCS,,official_word_unmatched_or_ambiguous,False,
-hnBHBN8p5A$_$7,13,setting,,,,,,,,,mandatory_unique_pair_in_all_optimal_LCS,,official_word_unmatched_or_ambiguous,False,
-hnBHBN8p5A$_$6,1,Discussion,,,,,,,,,mandatory_unique_pair_in_all_optimal_LCS,,official_word_unmatched_or_ambiguous,False,
-hnBHBN8p5A$_$6,2,how,,,,,,,,,mandatory_unique_pair_in_all_optimal_LCS,,official_word_unmatched_or_ambiguous,False,
-hnBHBN8p5A$_$6,3,to,,,,,,,,,mandatory_unique_pair_in_all_optimal_LCS,,official_word_unmatched_or_ambiguous,False,
-hnBHBN8p5A$_$6,4,discuss,,,,,,,,,mandatory_unique_pair_in_all_optimal_LCS,,official_word_unmatched_or_ambiguous,False,
-hnBHBN8p5A$_$6,5,ideas,,,,,,,,,mandatory_unique_pair_in_all_optimal_LCS,,official_word_unmatched_or_ambiguous,False,
-hnBHBN8p5A$_$6,6,and,,,,,,,,,mandatory_unique_pair_in_all_optimal_LCS,,official_word_unmatched_or_ambiguous,False,
-hnBHBN8p5A$_$6,7,opinions,,,,,,,,,mandatory_unique_pair_in_all_optimal_LCS,,official_word_unmatched_or_ambiguous,False,
-hnBHBN8p5A$_$6,8,more,,,,,,,,,mandatory_unique_pair_in_all_optimal_LCS,,official_word_unmatched_or_ambiguous,False,
-hnBHBN8p5A$_$6,9,effectively,,,,,,,,,mandatory_unique_pair_in_all_optimal_LCS,,official_word_unmatched_or_ambiguous,False,
-hnBHBN8p5A$_$6,10,than,,,,,,,,,mandatory_unique_pair_in_all_optimal_LCS,,official_word_unmatched_or_ambiguous,False,
-hnBHBN8p5A$_$6,11,a,11,11,a,4.94,5.8,4.94,5.8,0.91824871301651,mandatory_unique_pair_in_all_optimal_LCS,Whisper small.en word timestamp estimate,partial_whisper_estimate_auto_qc_pass,True,
-hnBHBN8p5A$_$6,12,native,,,,,,,,,mandatory_unique_pair_in_all_optimal_LCS,,official_word_unmatched_or_ambiguous,False,
-hnBHBN8p5A$_$6,13,speaker,,,,,,,,,mandatory_unique_pair_in_all_optimal_LCS,,official_word_unmatched_or_ambiguous,False,
-qDkUB0GgYY$_$6,1,We,3,3,We,,,,,0.9698163866996765,mandatory_unique_pair_in_all_optimal_LCS,,whisper_time_flagged_null,False,nonpositive_duration
-qDkUB0GgYY$_$6,2,always,4,4,always,0.6,0.82,0.6,0.82,0.9876535534858704,mandatory_unique_pair_in_all_optimal_LCS,Whisper small.en word timestamp estimate,partial_whisper_estimate_auto_qc_pass,True,
-qDkUB0GgYY$_$6,3,love,5,5,love,0.82,1.12,0.82,1.12,0.9885996580123901,mandatory_unique_pair_in_all_optimal_LCS,Whisper small.en word timestamp estimate,partial_whisper_estimate_auto_qc_pass,True,
-qDkUB0GgYY$_$6,4,to,6,6,to,1.12,1.28,1.12,1.28,0.9980778694152832,mandatory_unique_pair_in_all_optimal_LCS,Whisper small.en word timestamp estimate,partial_whisper_estimate_auto_qc_pass,True,
-qDkUB0GgYY$_$6,5,hear,7,7,hear,1.28,1.4,1.28,1.4,0.9973499774932861,mandatory_unique_pair_in_all_optimal_LCS,Whisper small.en word timestamp estimate,partial_whisper_estimate_auto_qc_pass,True,
-qDkUB0GgYY$_$6,6,what,8,8,what,1.4,1.54,1.4,1.54,0.9980660080909729,mandatory_unique_pair_in_all_optimal_LCS,Whisper small.en word timestamp estimate,partial_whisper_estimate_auto_qc_pass,True,
-qDkUB0GgYY$_$6,7,you,9,9,you,1.54,1.66,1.54,1.66,0.9990174770355225,mandatory_unique_pair_in_all_optimal_LCS,Whisper small.en word timestamp estimate,partial_whisper_estimate_auto_qc_pass,True,
-qDkUB0GgYY$_$6,8,say,12,12,say,1.88,2.2,1.88,2.2,0.9988716244697571,mandatory_unique_pair_in_all_optimal_LCS,Whisper small.en word timestamp estimate,partial_whisper_estimate_auto_qc_pass,True,
-qDkUB0GgYY$_$6,9,and,13,13,and,2.2,2.68,2.2,2.68,0.730865478515625,mandatory_unique_pair_in_all_optimal_LCS,Whisper small.en word timestamp estimate,partial_whisper_estimate_auto_qc_pass,True,
-qDkUB0GgYY$_$6,10,like,14,14,like,2.68,2.86,2.68,2.86,0.9771243929862976,mandatory_unique_pair_in_all_optimal_LCS,Whisper small.en word timestamp estimate,partial_whisper_estimate_auto_qc_pass,True,
-qDkUB0GgYY$_$6,11,and,15,15,and,2.86,3.0,2.86,3.0,0.9488865733146667,mandatory_unique_pair_in_all_optimal_LCS,Whisper small.en word timestamp estimate,partial_whisper_estimate_auto_qc_pass,True,
-qDkUB0GgYY$_$6,12,share,16,16,share,3.0,3.14,3.0,3.14,0.9977686405181885,mandatory_unique_pair_in_all_optimal_LCS,Whisper small.en word timestamp estimate,partial_whisper_estimate_auto_qc_pass,True,
-qDkUB0GgYY$_$6,13,this,17,17,this,3.14,3.32,3.14,3.32,0.9904195666313171,mandatory_unique_pair_in_all_optimal_LCS,Whisper small.en word timestamp estimate,partial_whisper_estimate_auto_qc_pass,True,
-qDkUB0GgYY$_$6,14,video,18,18,video,3.32,3.5,3.32,3.5,0.9976781010627747,mandatory_unique_pair_in_all_optimal_LCS,Whisper small.en word timestamp estimate,partial_whisper_estimate_auto_qc_pass,True,
-qDkUB0GgYY$_$6,15,as,19,19,as,3.5,3.68,3.5,3.68,0.9654738306999207,mandatory_unique_pair_in_all_optimal_LCS,Whisper small.en word timestamp estimate,partial_whisper_estimate_auto_qc_pass,True,
-qDkUB0GgYY$_$6,16,well,20,20,well,3.68,4.06,3.68,4.06,0.9990436434745789,mandatory_unique_pair_in_all_optimal_LCS,Whisper small.en word timestamp estimate,partial_whisper_estimate_auto_qc_pass,True,
-uywlfIYOS8$_$4,1,And,1,1,And,0.5600000000000005,0.96,0.5600000000000005,0.96,0.08284266293048859,mandatory_unique_pair_in_all_optimal_LCS,Whisper small.en word timestamp estimate,partial_whisper_estimate_auto_qc_pass,True,
-uywlfIYOS8$_$4,2,then,2,2,then,0.96,1.28,0.96,1.28,0.8529114723205566,mandatory_unique_pair_in_all_optimal_LCS,Whisper small.en word timestamp estimate,partial_whisper_estimate_auto_qc_pass,True,
-uywlfIYOS8$_$4,3,from,3,3,from,1.28,1.46,1.28,1.46,0.841929018497467,mandatory_unique_pair_in_all_optimal_LCS,Whisper small.en word timestamp estimate,partial_whisper_estimate_auto_qc_pass,True,
-uywlfIYOS8$_$4,4,a,4,4,a,1.46,1.62,1.46,1.62,0.9922996163368225,mandatory_unique_pair_in_all_optimal_LCS,Whisper small.en word timestamp estimate,partial_whisper_estimate_auto_qc_pass,True,
-uywlfIYOS8$_$4,5,brand,5,5,brand,1.62,2.0,1.62,2.0,0.993636965751648,mandatory_unique_pair_in_all_optimal_LCS,Whisper small.en word timestamp estimate,partial_whisper_estimate_auto_qc_pass,True,
-uywlfIYOS8$_$4,6,point,6,6,point,2.0,2.24,2.0,2.24,0.9808863997459412,mandatory_unique_pair_in_all_optimal_LCS,Whisper small.en word timestamp estimate,partial_whisper_estimate_auto_qc_pass,True,
-uywlfIYOS8$_$4,7,of,7,7,of,2.24,2.44,2.24,2.44,0.9921060800552368,mandatory_unique_pair_in_all_optimal_LCS,Whisper small.en word timestamp estimate,partial_whisper_estimate_auto_qc_pass,True,
-uywlfIYOS8$_$4,8,view,8,8,view,2.44,2.58,2.44,2.58,0.994026780128479,mandatory_unique_pair_in_all_optimal_LCS,Whisper small.en word timestamp estimate,partial_whisper_estimate_auto_qc_pass,True,
-uywlfIYOS8$_$4,9,we,9,9,we,2.72,2.74,2.72,2.74,0.9931519031524658,mandatory_unique_pair_in_all_optimal_LCS,Whisper small.en word timestamp estimate,partial_whisper_estimate_auto_qc_pass,True,
-uywlfIYOS8$_$4,10,need,10,10,need,2.74,3.0,2.74,3.0,0.9956263303756714,mandatory_unique_pair_in_all_optimal_LCS,Whisper small.en word timestamp estimate,partial_whisper_estimate_auto_qc_pass,True,
-uywlfIYOS8$_$4,11,to,11,11,to,3.0,3.14,3.0,3.14,0.9971592426300049,mandatory_unique_pair_in_all_optimal_LCS,Whisper small.en word timestamp estimate,partial_whisper_estimate_auto_qc_pass,True,
-uywlfIYOS8$_$4,12,make,12,12,make,3.14,3.32,3.14,3.32,0.9966785907745361,mandatory_unique_pair_in_all_optimal_LCS,Whisper small.en word timestamp estimate,partial_whisper_estimate_auto_qc_pass,True,
-uywlfIYOS8$_$4,13,sure,13,13,sure,3.32,3.5,3.32,3.5,0.9978894591331482,mandatory_unique_pair_in_all_optimal_LCS,Whisper small.en word timestamp estimate,partial_whisper_estimate_auto_qc_pass,True,
-uywlfIYOS8$_$4,14,we're,15,15,we're,3.66,3.86,3.66,3.86,0.9667292535305023,mandatory_unique_pair_in_all_optimal_LCS,Whisper small.en word timestamp estimate,partial_whisper_estimate_auto_qc_pass,True,
-uywlfIYOS8$_$4,15,driving,16,16,driving,3.86,4.16,3.86,4.16,0.9961316585540771,mandatory_unique_pair_in_all_optimal_LCS,Whisper small.en word timestamp estimate,partial_whisper_estimate_auto_qc_pass,True,
-uywlfIYOS8$_$4,16,the,17,17,the,4.16,4.32,4.16,4.32,0.9857881665229797,mandatory_unique_pair_in_all_optimal_LCS,Whisper small.en word timestamp estimate,partial_whisper_estimate_auto_qc_pass,True,
-uywlfIYOS8$_$4,17,relevant,18,18,relevant,4.32,4.64,4.32,4.64,0.9987959861755371,mandatory_unique_pair_in_all_optimal_LCS,Whisper small.en word timestamp estimate,partial_whisper_estimate_auto_qc_pass,True,
-uywlfIYOS8$_$4,18,insight,,,,,,,,,mandatory_unique_pair_in_all_optimal_LCS,,official_word_unmatched_or_ambiguous,False,
-6rXp3zJ3kc$_$8,1,Many,3,3,many,0.54,0.66,0.54,0.66,0.9910609126091003,mandatory_unique_pair_in_all_optimal_LCS,Whisper small.en word timestamp estimate,partial_whisper_estimate_auto_qc_pass,True,
-6rXp3zJ3kc$_$8,2,people,4,4,people,0.66,0.96,0.66,0.96,0.9931426048278809,mandatory_unique_pair_in_all_optimal_LCS,Whisper small.en word timestamp estimate,partial_whisper_estimate_auto_qc_pass,True,
-6rXp3zJ3kc$_$8,3,are,5,5,are,0.96,1.16,0.96,1.16,0.9972150325775146,mandatory_unique_pair_in_all_optimal_LCS,Whisper small.en word timestamp estimate,partial_whisper_estimate_auto_qc_pass,True,
-6rXp3zJ3kc$_$8,4,not,6,6,not,1.16,1.46,1.16,1.46,0.9980999827384949,mandatory_unique_pair_in_all_optimal_LCS,Whisper small.en word timestamp estimate,partial_whisper_estimate_auto_qc_pass,True,
-6rXp3zJ3kc$_$8,5,until,7,7,until,1.46,1.82,1.46,1.82,0.9168899655342102,mandatory_unique_pair_in_all_optimal_LCS,Whisper small.en word timestamp estimate,partial_whisper_estimate_auto_qc_pass,True,
-6rXp3zJ3kc$_$8,6,they,8,8,they,1.82,1.98,1.82,1.98,0.9921749234199524,mandatory_unique_pair_in_all_optimal_LCS,Whisper small.en word timestamp estimate,partial_whisper_estimate_auto_qc_pass,True,
-6rXp3zJ3kc$_$8,7,get,9,9,get,1.98,2.16,1.98,2.16,0.9983398914337158,mandatory_unique_pair_in_all_optimal_LCS,Whisper small.en word timestamp estimate,partial_whisper_estimate_auto_qc_pass,True,
-6rXp3zJ3kc$_$8,8,to,10,10,to,2.16,2.36,2.16,2.36,0.9958856701850891,mandatory_unique_pair_in_all_optimal_LCS,Whisper small.en word timestamp estimate,partial_whisper_estimate_auto_qc_pass,True,
-6rXp3zJ3kc$_$8,9,be,11,11,be,2.36,2.54,2.36,2.54,0.8754618167877197,mandatory_unique_pair_in_all_optimal_LCS,Whisper small.en word timestamp estimate,partial_whisper_estimate_auto_qc_pass,True,
-6rXp3zJ3kc$_$8,10,a,,,,,,,,,mandatory_unique_pair_in_all_optimal_LCS,,official_word_unmatched_or_ambiguous,False,
-6rXp3zJ3kc$_$8,11,older,13,13,older,2.72,3.46,2.72,3.46,0.9942620992660522,mandatory_unique_pair_in_all_optimal_LCS,Whisper small.en word timestamp estimate,partial_whisper_estimate_auto_qc_pass,True,
-6rXp3zJ3kc$_$8,12,age,14,14,age,3.46,3.88,3.46,3.88,0.9991461038589478,mandatory_unique_pair_in_all_optimal_LCS,Whisper small.en word timestamp estimate,partial_whisper_estimate_auto_qc_pass,True,
-6rXp3zJ3kc$_$8,13,and,15,15,and,3.88,4.1,3.88,4.1,0.6538504362106323,mandatory_unique_pair_in_all_optimal_LCS,Whisper small.en word timestamp estimate,partial_whisper_estimate_auto_qc_pass,True,
-6rXp3zJ3kc$_$8,14,they,16,16,they,4.1,4.26,4.1,4.26,0.9492259621620178,mandatory_unique_pair_in_all_optimal_LCS,Whisper small.en word timestamp estimate,partial_whisper_estimate_auto_qc_pass,True,
-6rXp3zJ3kc$_$8,15,realize,17,17,realize,4.26,4.68,4.26,4.68,0.9762977361679077,mandatory_unique_pair_in_all_optimal_LCS,Whisper small.en word timestamp estimate,partial_whisper_estimate_auto_qc_pass,True,
-6rXp3zJ3kc$_$8,16,that,18,18,that,4.68,5.02,4.68,5.02,0.9048036932945251,mandatory_unique_pair_in_all_optimal_LCS,Whisper small.en word timestamp estimate,partial_whisper_estimate_auto_qc_pass,True,
-6rXp3zJ3kc$_$8,17,gosh,19,19,gosh,5.02,5.32,5.02,5.32,0.944253146648407,mandatory_unique_pair_in_all_optimal_LCS,Whisper small.en word timestamp estimate,partial_whisper_estimate_auto_qc_pass,True,
-6rXp3zJ3kc$_$8,18,they,,,,,,,,,mandatory_unique_pair_in_all_optimal_LCS,,official_word_unmatched_or_ambiguous,False,
-6rXp3zJ3kc$_$8,19,wasted,21,21,wasted,5.94,6.18,5.94,6.18,0.9610874652862549,mandatory_unique_pair_in_all_optimal_LCS,Whisper small.en word timestamp estimate,partial_whisper_estimate_auto_qc_pass,True,
-6rXp3zJ3kc$_$8,20,a,22,22,a,6.18,6.38,6.18,6.38,0.9979972243309021,mandatory_unique_pair_in_all_optimal_LCS,Whisper small.en word timestamp estimate,partial_whisper_estimate_auto_qc_pass,True,
-6rXp3zJ3kc$_$8,21,lot,23,23,lot,6.38,6.56,6.38,6.56,0.998544454574585,mandatory_unique_pair_in_all_optimal_LCS,Whisper small.en word timestamp estimate,partial_whisper_estimate_auto_qc_pass,True,
-6rXp3zJ3kc$_$8,22,of,24,24,of,6.56,6.68,6.56,6.68,0.9959244728088379,mandatory_unique_pair_in_all_optimal_LCS,Whisper small.en word timestamp estimate,partial_whisper_estimate_auto_qc_pass,True,
-6rXp3zJ3kc$_$8,23,time,25,25,time,6.68,7.02,6.68,7.02,0.998755931854248,mandatory_unique_pair_in_all_optimal_LCS,Whisper small.en word timestamp estimate,partial_whisper_estimate_auto_qc_pass,True,
-6rXp3zJ3kc$_$8,24,and,26,26,and,7.02,7.26,7.02,7.26,0.9945586323738098,mandatory_unique_pair_in_all_optimal_LCS,Whisper small.en word timestamp estimate,partial_whisper_estimate_auto_qc_pass,True,
-6rXp3zJ3kc$_$8,25,money,27,27,money,7.26,7.58,7.26,7.58,0.9990027546882629,mandatory_unique_pair_in_all_optimal_LCS,Whisper small.en word timestamp estimate,partial_whisper_estimate_auto_qc_pass,True,
-6rXp3zJ3kc$_$8,26,in,28,28,in,7.58,8.74,7.58,8.74,0.9556717872619629,mandatory_unique_pair_in_all_optimal_LCS,Whisper small.en word timestamp estimate,partial_whisper_estimate_auto_qc_pass,True,
-6rXp3zJ3kc$_$8,27,placing,29,29,placing,8.74,9.54,8.74,9.54,0.9922345876693726,mandatory_unique_pair_in_all_optimal_LCS,Whisper small.en word timestamp estimate,partial_whisper_estimate_auto_qc_pass,True,
-6rXp3zJ3kc$_$8,28,bets,30,30,bets,9.54,9.86,9.54,9.86,0.9779345393180847,mandatory_unique_pair_in_all_optimal_LCS,Whisper small.en word timestamp estimate,partial_whisper_estimate_auto_qc_pass,True,
-6rXp3zJ3kc$_$8,29,on,31,31,on,9.86,10.08,9.86,10.08,0.9986037611961365,mandatory_unique_pair_in_all_optimal_LCS,Whisper small.en word timestamp estimate,partial_whisper_estimate_auto_qc_pass,True,
-6rXp3zJ3kc$_$8,30,stock,32,32,stock,10.08,10.4,10.08,10.4,0.8971850872039795,mandatory_unique_pair_in_all_optimal_LCS,Whisper small.en word timestamp estimate,partial_whisper_estimate_auto_qc_pass,True,
-6rXp3zJ3kc$_$8,31,that's,33,33,that's,10.4,10.76,10.4,10.76,0.964058130979538,mandatory_unique_pair_in_all_optimal_LCS,Whisper small.en word timestamp estimate,partial_whisper_estimate_auto_qc_pass,True,
-6rXp3zJ3kc$_$8,32,ultimately,34,34,ultimately,10.76,11.16,10.76,11.16,0.9980954527854919,mandatory_unique_pair_in_all_optimal_LCS,Whisper small.en word timestamp estimate,partial_whisper_estimate_auto_qc_pass,True,
-6rXp3zJ3kc$_$8,33,lost,35,35,lost,11.16,11.66,11.16,11.66,0.9961568713188171,mandatory_unique_pair_in_all_optimal_LCS,Whisper small.en word timestamp estimate,partial_whisper_estimate_auto_qc_pass,True,
-6rXp3zJ3kc$_$8,34,value,36,36,value,11.66,12.16,11.66,12.16,0.9972015619277954,mandatory_unique_pair_in_all_optimal_LCS,Whisper small.en word timestamp estimate,partial_whisper_estimate_auto_qc_pass,True,
-9y-fZ3swSY$_$0,1,is,,,,,,,,,mandatory_unique_pair_in_all_optimal_LCS,,official_word_unmatched_or_ambiguous,False,
-9y-fZ3swSY$_$0,2,you,1,1,you,0.0,0.22,0.0,0.22,0.13792508840560913,mandatory_unique_pair_in_all_optimal_LCS,Whisper small.en word timestamp estimate,partial_whisper_estimate_auto_qc_pass,True,
-9y-fZ3swSY$_$0,3,can,2,2,can,0.22,0.36,0.22,0.36,0.7259125709533691,mandatory_unique_pair_in_all_optimal_LCS,Whisper small.en word timestamp estimate,partial_whisper_estimate_auto_qc_pass,True,
-9y-fZ3swSY$_$0,4,say,3,3,say,0.36,0.62,0.36,0.62,0.9470964074134827,mandatory_unique_pair_in_all_optimal_LCS,Whisper small.en word timestamp estimate,partial_whisper_estimate_auto_qc_pass,True,
-9y-fZ3swSY$_$0,5,hey,4,4,hey,0.62,1.04,0.62,1.04,0.3938555121421814,mandatory_unique_pair_in_all_optimal_LCS,Whisper small.en word timestamp estimate,partial_whisper_estimate_auto_qc_pass,True,
-9y-fZ3swSY$_$0,6,I,8,8,I,1.76,1.98,1.76,1.98,0.6747955679893494,mandatory_unique_pair_in_all_optimal_LCS,Whisper small.en word timestamp estimate,partial_whisper_estimate_auto_qc_pass,True,
-9y-fZ3swSY$_$0,7,really,9,9,really,1.98,2.22,1.98,2.22,0.9981145858764648,mandatory_unique_pair_in_all_optimal_LCS,Whisper small.en word timestamp estimate,partial_whisper_estimate_auto_qc_pass,True,
-9y-fZ3swSY$_$0,8,like,10,10,like,2.22,2.74,2.22,2.74,0.9979591369628906,mandatory_unique_pair_in_all_optimal_LCS,Whisper small.en word timestamp estimate,partial_whisper_estimate_auto_qc_pass,True,
-9y-fZ3swSY$_$0,9,baby,,,,,,,,,mandatory_unique_pair_in_all_optimal_LCS,,official_word_unmatched_or_ambiguous,False,
-9y-fZ3swSY$_$0,10,skin,,,,,,,,,mandatory_unique_pair_in_all_optimal_LCS,,official_word_unmatched_or_ambiguous,False,
-9y-fZ3swSY$_$0,11,they,,,,,,,,,mandatory_unique_pair_in_all_optimal_LCS,,official_word_unmatched_or_ambiguous,False,
-9y-fZ3swSY$_$0,12,are,,,,,,,,,mandatory_unique_pair_in_all_optimal_LCS,,official_word_unmatched_or_ambiguous,False,
-9y-fZ3swSY$_$0,13,so,14,14,so,3.86,4.04,3.86,4.04,0.9980124235153198,mandatory_unique_pair_in_all_optimal_LCS,Whisper small.en word timestamp estimate,partial_whisper_estimate_auto_qc_pass,True,
-9y-fZ3swSY$_$0,14,soft,15,15,soft,4.04,4.56,4.04,4.56,0.9983285069465637,mandatory_unique_pair_in_all_optimal_LCS,Whisper small.en word timestamp estimate,partial_whisper_estimate_auto_qc_pass,True,
-9y-fZ3swSY$_$0,15,they,16,16,they,4.56,4.74,4.56,4.74,0.945493221282959,mandatory_unique_pair_in_all_optimal_LCS,Whisper small.en word timestamp estimate,partial_whisper_estimate_auto_qc_pass,True,
-9y-fZ3swSY$_$0,16,don't,17,17,don't,4.74,4.94,4.74,4.94,0.9995715320110321,mandatory_unique_pair_in_all_optimal_LCS,Whisper small.en word timestamp estimate,partial_whisper_estimate_auto_qc_pass,True,
-9y-fZ3swSY$_$0,17,have,18,18,have,4.94,5.22,4.94,5.22,0.9993808269500732,mandatory_unique_pair_in_all_optimal_LCS,Whisper small.en word timestamp estimate,partial_whisper_estimate_auto_qc_pass,True,
-9y-fZ3swSY$_$0,18,any,19,19,any,5.22,5.42,5.22,5.42,0.9990947246551514,mandatory_unique_pair_in_all_optimal_LCS,Whisper small.en word timestamp estimate,partial_whisper_estimate_auto_qc_pass,True,
-9y-fZ3swSY$_$0,19,hair,20,20,hair,5.42,5.68,5.42,5.68,0.9991855025291443,mandatory_unique_pair_in_all_optimal_LCS,Whisper small.en word timestamp estimate,partial_whisper_estimate_auto_qc_pass,True,
-9y-fZ3swSY$_$0,20,on,21,21,on,5.68,5.84,5.68,5.84,0.9961751699447632,mandatory_unique_pair_in_all_optimal_LCS,Whisper small.en word timestamp estimate,partial_whisper_estimate_auto_qc_pass,True,
-9y-fZ3swSY$_$0,21,their,22,22,their,5.84,5.98,5.84,5.98,0.7638338804244995,mandatory_unique_pair_in_all_optimal_LCS,Whisper small.en word timestamp estimate,partial_whisper_estimate_auto_qc_pass,True,
-9y-fZ3swSY$_$0,22,face,23,23,face,5.98,6.22,5.98,6.22,0.9860501885414124,mandatory_unique_pair_in_all_optimal_LCS,Whisper small.en word timestamp estimate,partial_whisper_estimate_auto_qc_pass,True,
-9y-fZ3swSY$_$4,1,I've,1,1,I've,0.0,0.52,0.0,0.52,0.7845292687416077,exact_normalized_sequence,Whisper small.en word timestamp estimate,exact_text_whisper_estimate_auto_qc_pass,True,
-9y-fZ3swSY$_$4,2,seen,2,2,seen,0.52,0.68,0.52,0.68,0.9967594742774963,exact_normalized_sequence,Whisper small.en word timestamp estimate,exact_text_whisper_estimate_auto_qc_pass,True,
-9y-fZ3swSY$_$4,3,this,3,3,this,0.68,0.9,0.68,0.9,0.9784059524536133,exact_normalized_sequence,Whisper small.en word timestamp estimate,exact_text_whisper_estimate_auto_qc_pass,True,
-9y-fZ3swSY$_$4,4,in,4,4,in,0.9,1.12,0.9,1.12,0.9826728105545044,exact_normalized_sequence,Whisper small.en word timestamp estimate,exact_text_whisper_estimate_auto_qc_pass,True,
-9y-fZ3swSY$_$4,5,US,5,5,US,1.12,1.4,1.12,1.4,0.44071170687675476,exact_normalized_sequence,Whisper small.en word timestamp estimate,exact_text_whisper_estimate_auto_qc_pass,True,
-9y-fZ3swSY$_$4,6,or,6,6,or,1.4,1.88,1.4,1.88,0.8138593435287476,exact_normalized_sequence,Whisper small.en word timestamp estimate,exact_text_whisper_estimate_auto_qc_pass,True,
-9y-fZ3swSY$_$4,7,in,7,7,in,1.88,2.02,1.88,2.02,0.9066650867462158,exact_normalized_sequence,Whisper small.en word timestamp estimate,exact_text_whisper_estimate_auto_qc_pass,True,
-9y-fZ3swSY$_$4,8,the,8,8,the,2.02,2.16,2.02,2.16,0.9879505634307861,exact_normalized_sequence,Whisper small.en word timestamp estimate,exact_text_whisper_estimate_auto_qc_pass,True,
-9y-fZ3swSY$_$4,9,US,9,9,US,2.16,2.42,2.16,2.42,0.9557086229324341,exact_normalized_sequence,Whisper small.en word timestamp estimate,exact_text_whisper_estimate_auto_qc_pass,True,
-9y-fZ3swSY$_$8,1,That's,2,2,that's,0.34,0.52,0.34,0.52,0.8970002830028534,mandatory_unique_pair_in_all_optimal_LCS,Whisper small.en word timestamp estimate,partial_whisper_estimate_auto_qc_pass,True,
-9y-fZ3swSY$_$8,2,a,3,3,a,0.52,0.62,0.52,0.62,0.9031626582145691,mandatory_unique_pair_in_all_optimal_LCS,Whisper small.en word timestamp estimate,partial_whisper_estimate_auto_qc_pass,True,
-9y-fZ3swSY$_$8,3,more,4,4,more,0.62,1.12,0.62,1.12,0.9903297424316406,mandatory_unique_pair_in_all_optimal_LCS,Whisper small.en word timestamp estimate,partial_whisper_estimate_auto_qc_pass,True,
-9y-fZ3swSY$_$8,4,decent,5,5,decent,1.12,1.74,1.12,1.74,0.9754173755645752,mandatory_unique_pair_in_all_optimal_LCS,Whisper small.en word timestamp estimate,partial_whisper_estimate_auto_qc_pass,True,
-9y-fZ3swSY$_$8,5,and,6,6,and,1.74,2.2,1.74,2.2,0.8779807090759277,mandatory_unique_pair_in_all_optimal_LCS,Whisper small.en word timestamp estimate,partial_whisper_estimate_auto_qc_pass,True,
-9y-fZ3swSY$_$8,6,more,7,7,more,2.2,2.34,2.2,2.34,0.8979952931404114,mandatory_unique_pair_in_all_optimal_LCS,Whisper small.en word timestamp estimate,partial_whisper_estimate_auto_qc_pass,True,
-9y-fZ3swSY$_$8,7,polite,8,8,polite,2.34,2.72,2.34,2.72,0.998230516910553,mandatory_unique_pair_in_all_optimal_LCS,Whisper small.en word timestamp estimate,partial_whisper_estimate_auto_qc_pass,True,
-9y-fZ3swSY$_$8,8,way,9,9,way,2.72,3.04,2.72,3.04,0.9855532050132751,mandatory_unique_pair_in_all_optimal_LCS,Whisper small.en word timestamp estimate,partial_whisper_estimate_auto_qc_pass,True,
-9y-fZ3swSY$_$8,9,to,10,10,to,3.04,3.28,3.04,3.28,0.9872748851776123,mandatory_unique_pair_in_all_optimal_LCS,Whisper small.en word timestamp estimate,partial_whisper_estimate_auto_qc_pass,True,
-9y-fZ3swSY$_$8,10,call,11,11,call,3.28,3.62,3.28,3.62,0.9986457228660583,mandatory_unique_pair_in_all_optimal_LCS,Whisper small.en word timestamp estimate,partial_whisper_estimate_auto_qc_pass,True,
-9y-fZ3swSY$_$8,11,a,12,12,a,3.62,4.06,3.62,4.06,0.9821975231170654,mandatory_unique_pair_in_all_optimal_LCS,Whisper small.en word timestamp estimate,partial_whisper_estimate_auto_qc_pass,True,
-9y-fZ3swSY$_$8,12,lady,13,13,lady,4.06,4.3,4.06,4.3,0.9908112287521362,mandatory_unique_pair_in_all_optimal_LCS,Whisper small.en word timestamp estimate,partial_whisper_estimate_auto_qc_pass,True,
-AUZQgSxyPQ$_$2,1,The,1,1,The,0.0,0.58,0.0,0.58,0.46994444727897644,mandatory_unique_pair_in_all_optimal_LCS,Whisper small.en word timestamp estimate,partial_whisper_estimate_auto_qc_pass,True,
-AUZQgSxyPQ$_$2,2,perfect,2,2,perfect,0.58,0.92,0.58,0.92,0.9377597570419312,mandatory_unique_pair_in_all_optimal_LCS,Whisper small.en word timestamp estimate,partial_whisper_estimate_auto_qc_pass,True,
-AUZQgSxyPQ$_$2,3,soul,,,,,,,,,mandatory_unique_pair_in_all_optimal_LCS,,official_word_unmatched_or_ambiguous,False,
-AUZQgSxyPQ$_$2,4,mate,,,,,,,,,mandatory_unique_pair_in_all_optimal_LCS,,official_word_unmatched_or_ambiguous,False,
-AUZQgSxyPQ$_$2,5,to,4,4,to,1.5,1.72,1.5,1.72,0.9735994935035706,mandatory_unique_pair_in_all_optimal_LCS,Whisper small.en word timestamp estimate,partial_whisper_estimate_auto_qc_pass,True,
-AUZQgSxyPQ$_$2,6,the,,,,,,,,,mandatory_unique_pair_in_all_optimal_LCS,,official_word_unmatched_or_ambiguous,False,
-AUZQgSxyPQ$_$2,7,Clarisonic,,,,,,,,,mandatory_unique_pair_in_all_optimal_LCS,,official_word_unmatched_or_ambiguous,False,
-AUZQgSxyPQ$_$2,8,Spot,8,8,spot,2.7,3.36,2.7,3.36,0.6714712381362915,mandatory_unique_pair_in_all_optimal_LCS,Whisper small.en word timestamp estimate,partial_whisper_estimate_auto_qc_pass,True,
-AUZQgSxyPQ$_$2,9,Therapy,9,9,therapy,3.36,3.9,3.36,3.9,0.9829462766647339,mandatory_unique_pair_in_all_optimal_LCS,Whisper small.en word timestamp estimate,partial_whisper_estimate_auto_qc_pass,True,
-AUZQgSxyPQ$_$2,10,Brush,10,10,brush,3.9,4.3,3.9,4.3,0.9690835475921631,mandatory_unique_pair_in_all_optimal_LCS,Whisper small.en word timestamp estimate,partial_whisper_estimate_auto_qc_pass,True,
-AUZQgSxyPQ$_$2,11,this,11,11,This,4.98,5.12,4.98,5.12,0.9678031206130981,mandatory_unique_pair_in_all_optimal_LCS,Whisper small.en word timestamp estimate,partial_whisper_estimate_auto_qc_pass,True,
-AUZQgSxyPQ$_$2,12,gentle,12,12,gentle,5.12,5.56,5.12,5.56,0.9828323721885681,mandatory_unique_pair_in_all_optimal_LCS,Whisper small.en word timestamp estimate,partial_whisper_estimate_auto_qc_pass,True,
-AUZQgSxyPQ$_$2,13,Ph,13,13,pH,5.56,6.02,5.56,6.02,0.6544667482376099,mandatory_unique_pair_in_all_optimal_LCS,Whisper small.en word timestamp estimate,partial_whisper_estimate_auto_qc_pass,True,
-AUZQgSxyPQ$_$2,14,balanced,14,14,balanced,6.02,6.52,6.02,6.52,0.8134494423866272,mandatory_unique_pair_in_all_optimal_LCS,Whisper small.en word timestamp estimate,partial_whisper_estimate_auto_qc_pass,True,
-AUZQgSxyPQ$_$2,15,and,15,15,and,6.52,6.82,6.52,6.82,0.9726678729057312,mandatory_unique_pair_in_all_optimal_LCS,Whisper small.en word timestamp estimate,partial_whisper_estimate_auto_qc_pass,True,
-AUZQgSxyPQ$_$2,16,hydrating,16,16,hydrating,6.82,7.48,6.82,7.48,0.9967137376467387,mandatory_unique_pair_in_all_optimal_LCS,Whisper small.en word timestamp estimate,partial_whisper_estimate_auto_qc_pass,True,
-AUZQgSxyPQ$_$2,17,exfoliant,17,17,exfoliant,7.48,8.34,7.48,8.34,0.9891024629275004,mandatory_unique_pair_in_all_optimal_LCS,Whisper small.en word timestamp estimate,partial_whisper_estimate_auto_qc_pass,True,
-AUZQgSxyPQ$_$2,18,containing,,,,,,,,,mandatory_unique_pair_in_all_optimal_LCS,,official_word_unmatched_or_ambiguous,False,
-AUZQgSxyPQ$_$2,19,jojoba,19,19,jojoba,9.18,9.86,9.18,9.86,0.923282245794932,mandatory_unique_pair_in_all_optimal_LCS,Whisper small.en word timestamp estimate,partial_whisper_estimate_auto_qc_pass,True,
-AUZQgSxyPQ$_$2,20,and,20,20,and,9.86,10.4,9.86,10.4,0.9666116833686829,mandatory_unique_pair_in_all_optimal_LCS,Whisper small.en word timestamp estimate,partial_whisper_estimate_auto_qc_pass,True,
-AUZQgSxyPQ$_$2,21,acai,21,21,acai,10.4,10.84,10.4,10.84,0.8156296014785767,mandatory_unique_pair_in_all_optimal_LCS,Whisper small.en word timestamp estimate,partial_whisper_estimate_auto_qc_pass,True,
-AUZQgSxyPQ$_$2,22,fruit,22,22,fruit,10.84,11.3,10.84,11.3,0.9370597004890442,mandatory_unique_pair_in_all_optimal_LCS,Whisper small.en word timestamp estimate,partial_whisper_estimate_auto_qc_pass,True,
-AUZQgSxyPQ$_$2,23,oils,23,23,oils,11.3,11.74,11.3,11.74,0.9518100023269653,mandatory_unique_pair_in_all_optimal_LCS,Whisper small.en word timestamp estimate,partial_whisper_estimate_auto_qc_pass,True,
-AUZQgSxyPQ$_$2,24,and,,,,,,,,,mandatory_unique_pair_in_all_optimal_LCS,,official_word_unmatched_or_ambiguous,False,
-AUZQgSxyPQ$_$2,25,bamboo,25,25,bamboo,12.54,13.1,12.54,13.1,0.9905941486358643,mandatory_unique_pair_in_all_optimal_LCS,Whisper small.en word timestamp estimate,partial_whisper_estimate_auto_qc_pass,True,
-AUZQgSxyPQ$_$2,26,and,26,26,and,13.1,13.68,13.1,13.68,0.981351912021637,mandatory_unique_pair_in_all_optimal_LCS,Whisper small.en word timestamp estimate,partial_whisper_estimate_auto_qc_pass,True,
-AUZQgSxyPQ$_$2,27,prickly,27,27,prickly,13.68,14.1,13.68,14.1,0.9778926074504852,mandatory_unique_pair_in_all_optimal_LCS,Whisper small.en word timestamp estimate,partial_whisper_estimate_auto_qc_pass,True,
-AUZQgSxyPQ$_$2,28,bear,28,28,bear,14.1,14.36,14.1,14.36,0.7883156538009644,mandatory_unique_pair_in_all_optimal_LCS,Whisper small.en word timestamp estimate,partial_whisper_estimate_auto_qc_pass,True,
-AUZQgSxyPQ$_$2,29,extracts,29,29,extracts,14.36,15.02,14.36,15.02,0.9702575206756592,mandatory_unique_pair_in_all_optimal_LCS,Whisper small.en word timestamp estimate,partial_whisper_estimate_auto_qc_pass,True,
-AUZQgSxyPQ$_$2,30,deliver,31,31,deliver,15.86,16.28,15.86,16.28,0.9866132140159607,mandatory_unique_pair_in_all_optimal_LCS,Whisper small.en word timestamp estimate,partial_whisper_estimate_auto_qc_pass,True,
-AUZQgSxyPQ$_$2,31,intense,32,32,intense,16.28,16.78,16.28,16.78,0.9948979020118713,mandatory_unique_pair_in_all_optimal_LCS,Whisper small.en word timestamp estimate,partial_whisper_estimate_auto_qc_pass,True,
-AUZQgSxyPQ$_$2,32,healing,33,33,healing,16.78,17.3,16.78,17.3,0.9938619136810303,mandatory_unique_pair_in_all_optimal_LCS,Whisper small.en word timestamp estimate,partial_whisper_estimate_auto_qc_pass,True,
-AUZQgSxyPQ$_$2,33,while,34,34,while,17.3,17.98,17.3,17.98,0.7642397880554199,mandatory_unique_pair_in_all_optimal_LCS,Whisper small.en word timestamp estimate,partial_whisper_estimate_auto_qc_pass,True,
-AUZQgSxyPQ$_$2,34,smooth,35,35,smooth,17.98,18.34,17.98,18.34,0.9939033389091492,mandatory_unique_pair_in_all_optimal_LCS,Whisper small.en word timestamp estimate,partial_whisper_estimate_auto_qc_pass,True,
-AUZQgSxyPQ$_$2,35,granules,36,36,granules,18.34,18.9,18.34,18.9,0.9933041036128998,mandatory_unique_pair_in_all_optimal_LCS,Whisper small.en word timestamp estimate,partial_whisper_estimate_auto_qc_pass,True,
-AUZQgSxyPQ$_$2,36,buff,37,37,buff,18.9,19.22,18.9,19.22,0.9926099181175232,mandatory_unique_pair_in_all_optimal_LCS,Whisper small.en word timestamp estimate,partial_whisper_estimate_auto_qc_pass,True,
-AUZQgSxyPQ$_$2,37,away,38,38,away,19.22,19.64,19.22,19.64,0.9946455955505371,mandatory_unique_pair_in_all_optimal_LCS,Whisper small.en word timestamp estimate,partial_whisper_estimate_auto_qc_pass,True,
-AUZQgSxyPQ$_$2,38,dead,39,39,dead,19.64,20.36,19.64,20.36,0.9607698917388916,mandatory_unique_pair_in_all_optimal_LCS,Whisper small.en word timestamp estimate,partial_whisper_estimate_auto_qc_pass,True,
-AUZQgSxyPQ$_$2,39,dry,40,40,dry,20.36,20.96,20.36,20.96,0.810384213924408,mandatory_unique_pair_in_all_optimal_LCS,Whisper small.en word timestamp estimate,partial_whisper_estimate_auto_qc_pass,True,
-AUZQgSxyPQ$_$2,40,skin,41,41,skin,20.96,21.42,20.96,21.42,0.995107889175415,mandatory_unique_pair_in_all_optimal_LCS,Whisper small.en word timestamp estimate,partial_whisper_estimate_auto_qc_pass,True,
-AUZQgSxyPQ$_$2,41,cells,42,42,cells,21.42,21.72,21.42,21.72,0.9972965121269226,mandatory_unique_pair_in_all_optimal_LCS,Whisper small.en word timestamp estimate,partial_whisper_estimate_auto_qc_pass,True,
-HeZS2-Prhc$_$2,1,The,2,2,The,1.54,1.84,1.54,1.84,0.8448817729949951,mandatory_unique_pair_in_all_optimal_LCS,Whisper small.en word timestamp estimate,partial_whisper_estimate_auto_qc_pass,True,
-HeZS2-Prhc$_$2,2,August,3,3,August,1.84,2.14,1.84,2.14,0.9441483616828918,mandatory_unique_pair_in_all_optimal_LCS,Whisper small.en word timestamp estimate,partial_whisper_estimate_auto_qc_pass,True,
-HeZS2-Prhc$_$2,3,jobs,4,4,jobs,2.14,2.54,2.14,2.54,0.8502483367919922,mandatory_unique_pair_in_all_optimal_LCS,Whisper small.en word timestamp estimate,partial_whisper_estimate_auto_qc_pass,True,
-HeZS2-Prhc$_$2,4,report,5,5,report,2.54,2.92,2.54,2.92,0.9818128347396851,mandatory_unique_pair_in_all_optimal_LCS,Whisper small.en word timestamp estimate,partial_whisper_estimate_auto_qc_pass,True,
-HeZS2-Prhc$_$2,5,is,6,6,is,2.92,3.12,2.92,3.12,0.9780285954475403,mandatory_unique_pair_in_all_optimal_LCS,Whisper small.en word timestamp estimate,partial_whisper_estimate_auto_qc_pass,True,
-HeZS2-Prhc$_$2,6,out,7,7,out,3.12,3.42,3.12,3.42,0.9977285265922546,mandatory_unique_pair_in_all_optimal_LCS,Whisper small.en word timestamp estimate,partial_whisper_estimate_auto_qc_pass,True,
-HeZS2-Prhc$_$2,7,and,8,8,and,3.42,4.02,3.42,4.02,0.8712918758392334,mandatory_unique_pair_in_all_optimal_LCS,Whisper small.en word timestamp estimate,partial_whisper_estimate_auto_qc_pass,True,
-HeZS2-Prhc$_$2,8,it,9,9,it,4.02,4.26,4.02,4.26,0.984664261341095,mandatory_unique_pair_in_all_optimal_LCS,Whisper small.en word timestamp estimate,partial_whisper_estimate_auto_qc_pass,True,
-HeZS2-Prhc$_$2,9,was,10,10,was,4.26,4.42,4.26,4.42,0.9959676265716553,mandatory_unique_pair_in_all_optimal_LCS,Whisper small.en word timestamp estimate,partial_whisper_estimate_auto_qc_pass,True,
-HeZS2-Prhc$_$2,10,seen,11,11,seen,4.42,4.8,4.42,4.8,0.9863888621330261,mandatory_unique_pair_in_all_optimal_LCS,Whisper small.en word timestamp estimate,partial_whisper_estimate_auto_qc_pass,True,
-HeZS2-Prhc$_$2,11,overall,12,12,overall,4.8,5.64,4.8,5.64,0.9643005728721619,mandatory_unique_pair_in_all_optimal_LCS,Whisper small.en word timestamp estimate,partial_whisper_estimate_auto_qc_pass,True,
-HeZS2-Prhc$_$2,12,as,,,,,,,,,mandatory_unique_pair_in_all_optimal_LCS,,official_word_unmatched_or_ambiguous,False,
-HeZS2-Prhc$_$2,13,solid,14,14,solid,6.26,6.66,6.26,6.66,0.9968603849411011,mandatory_unique_pair_in_all_optimal_LCS,Whisper small.en word timestamp estimate,partial_whisper_estimate_auto_qc_pass,True,
-HeZS2-Prhc$_$2,14,but,15,15,but,6.66,6.92,6.66,6.92,0.9229519963264465,mandatory_unique_pair_in_all_optimal_LCS,Whisper small.en word timestamp estimate,partial_whisper_estimate_auto_qc_pass,True,
-HeZS2-Prhc$_$2,15,not,16,16,not,6.92,7.18,6.92,7.18,0.996446430683136,mandatory_unique_pair_in_all_optimal_LCS,Whisper small.en word timestamp estimate,partial_whisper_estimate_auto_qc_pass,True,
-HeZS2-Prhc$_$2,16,great,17,17,great,7.18,7.56,7.18,7.56,0.9847689867019653,mandatory_unique_pair_in_all_optimal_LCS,Whisper small.en word timestamp estimate,partial_whisper_estimate_auto_qc_pass,True,
-MeTTeMJBNc$_$0,1,Okay,1,1,Okay,0.0,1.2,0.0,1.2,0.5601513385772705,exact_normalized_sequence,Whisper small.en word timestamp estimate,exact_text_whisper_estimate_auto_qc_pass,True,
-MeTTeMJBNc$_$0,2,what,2,2,what,1.36,1.52,1.36,1.52,0.9898994565010071,exact_normalized_sequence,Whisper small.en word timestamp estimate,exact_text_whisper_estimate_auto_qc_pass,True,
-MeTTeMJBNc$_$0,3,happens,3,3,happens,1.52,2.0,1.52,2.0,0.9964807629585266,exact_normalized_sequence,Whisper small.en word timestamp estimate,exact_text_whisper_estimate_auto_qc_pass,True,
-MeTTeMJBNc$_$0,4,at,4,4,at,2.0,2.26,2.0,2.26,0.9905713796615601,exact_normalized_sequence,Whisper small.en word timestamp estimate,exact_text_whisper_estimate_auto_qc_pass,True,
-MeTTeMJBNc$_$0,5,this,5,5,this,2.26,2.52,2.26,2.52,0.9990037083625793,exact_normalized_sequence,Whisper small.en word timestamp estimate,exact_text_whisper_estimate_auto_qc_pass,True,
-MeTTeMJBNc$_$0,6,point,6,6,point,2.52,2.88,2.52,2.88,0.9991974234580994,exact_normalized_sequence,Whisper small.en word timestamp estimate,exact_text_whisper_estimate_auto_qc_pass,True,
-MeTTeMJBNc$_$0,7,after,7,7,after,2.88,3.36,2.88,3.36,0.7993671298027039,exact_normalized_sequence,Whisper small.en word timestamp estimate,exact_text_whisper_estimate_auto_qc_pass,True,
-MeTTeMJBNc$_$0,8,we've,8,8,we've,3.36,3.68,3.36,3.68,0.9373135268688202,exact_normalized_sequence,Whisper small.en word timestamp estimate,exact_text_whisper_estimate_auto_qc_pass,True,
-MeTTeMJBNc$_$0,9,taken,9,9,taken,3.68,3.92,3.68,3.92,0.995236337184906,exact_normalized_sequence,Whisper small.en word timestamp estimate,exact_text_whisper_estimate_auto_qc_pass,True,
-MeTTeMJBNc$_$0,10,this,10,10,this,3.92,4.26,3.92,4.26,0.9970525503158569,exact_normalized_sequence,Whisper small.en word timestamp estimate,exact_text_whisper_estimate_auto_qc_pass,True,
-MeTTeMJBNc$_$0,11,brief,11,11,brief,4.26,4.66,4.26,4.66,0.9951437711715698,exact_normalized_sequence,Whisper small.en word timestamp estimate,exact_text_whisper_estimate_auto_qc_pass,True,
-MeTTeMJBNc$_$0,12,walk,12,12,walk,4.66,5.1,4.66,5.1,0.9985418319702148,exact_normalized_sequence,Whisper small.en word timestamp estimate,exact_text_whisper_estimate_auto_qc_pass,True,
-MeTTeMJBNc$_$0,13,down,13,13,down,5.1,5.46,5.1,5.46,0.9929121136665344,exact_normalized_sequence,Whisper small.en word timestamp estimate,exact_text_whisper_estimate_auto_qc_pass,True,
-MeTTeMJBNc$_$0,14,memory,14,14,memory,5.46,5.84,5.46,5.84,0.9814305901527405,exact_normalized_sequence,Whisper small.en word timestamp estimate,exact_text_whisper_estimate_auto_qc_pass,True,
-MeTTeMJBNc$_$0,15,lane,15,15,lane,5.84,6.32,5.84,6.32,0.995576024055481,exact_normalized_sequence,Whisper small.en word timestamp estimate,exact_text_whisper_estimate_auto_qc_pass,True,
-MeTTeMJBNc$_$0,16,is,16,16,is,6.32,6.9,6.32,6.9,0.8313891887664795,exact_normalized_sequence,Whisper small.en word timestamp estimate,exact_text_whisper_estimate_auto_qc_pass,True,
-MeTTeMJBNc$_$0,17,the,17,17,the,6.9,7.1,6.9,7.1,0.9971151351928711,exact_normalized_sequence,Whisper small.en word timestamp estimate,exact_text_whisper_estimate_auto_qc_pass,True,
-MeTTeMJBNc$_$0,18,presentation,18,18,presentation,7.1,7.54,7.1,7.54,0.9959577918052673,exact_normalized_sequence,Whisper small.en word timestamp estimate,exact_text_whisper_estimate_auto_qc_pass,True,
-MeTTeMJBNc$_$0,19,of,19,19,of,7.54,8.0,7.54,8.0,0.998299777507782,exact_normalized_sequence,Whisper small.en word timestamp estimate,exact_text_whisper_estimate_auto_qc_pass,True,
-MeTTeMJBNc$_$0,20,the,20,20,the,8.0,8.18,8.0,8.18,0.9086568355560303,exact_normalized_sequence,Whisper small.en word timestamp estimate,exact_text_whisper_estimate_auto_qc_pass,True,
-MeTTeMJBNc$_$0,21,gift,21,21,gift,8.18,8.44,8.18,8.44,0.7065885066986084,exact_normalized_sequence,Whisper small.en word timestamp estimate,exact_text_whisper_estimate_auto_qc_pass,True,
-MeTTeMJBNc$_$13,1,It,2,2,it,0.06,0.18,0.06,0.18,0.9905738234519958,mandatory_unique_pair_in_all_optimal_LCS,Whisper small.en word timestamp estimate,partial_whisper_estimate_auto_qc_pass,True,
-MeTTeMJBNc$_$13,2,just,4,4,just,0.54,1.26,0.54,1.26,0.6961185932159424,mandatory_unique_pair_in_all_optimal_LCS,Whisper small.en word timestamp estimate,partial_whisper_estimate_auto_qc_pass,True,
-MeTTeMJBNc$_$13,3,needs,5,5,needs,1.26,1.58,1.26,1.58,0.980409562587738,mandatory_unique_pair_in_all_optimal_LCS,Whisper small.en word timestamp estimate,partial_whisper_estimate_auto_qc_pass,True,
-MeTTeMJBNc$_$13,4,to,6,6,to,1.58,1.8,1.58,1.8,0.997148334980011,mandatory_unique_pair_in_all_optimal_LCS,Whisper small.en word timestamp estimate,partial_whisper_estimate_auto_qc_pass,True,
-MeTTeMJBNc$_$13,5,be,7,7,be,1.8,1.94,1.8,1.94,0.9981433153152466,mandatory_unique_pair_in_all_optimal_LCS,Whisper small.en word timestamp estimate,partial_whisper_estimate_auto_qc_pass,True,
-MeTTeMJBNc$_$13,6,a,8,8,a,1.94,2.1,1.94,2.1,0.993121325969696,mandatory_unique_pair_in_all_optimal_LCS,Whisper small.en word timestamp estimate,partial_whisper_estimate_auto_qc_pass,True,
-MeTTeMJBNc$_$13,7,simple,9,9,simple,2.1,2.5,2.1,2.5,0.9959850311279297,mandatory_unique_pair_in_all_optimal_LCS,Whisper small.en word timestamp estimate,partial_whisper_estimate_auto_qc_pass,True,
-MeTTeMJBNc$_$13,8,statement,10,10,statement,2.5,3.12,2.5,3.12,0.9986532926559448,mandatory_unique_pair_in_all_optimal_LCS,Whisper small.en word timestamp estimate,partial_whisper_estimate_auto_qc_pass,True,
-MeTTeMJBNc$_$13,9,and,11,11,and,3.12,3.68,3.12,3.68,0.7874725461006165,mandatory_unique_pair_in_all_optimal_LCS,Whisper small.en word timestamp estimate,partial_whisper_estimate_auto_qc_pass,True,
-MeTTeMJBNc$_$13,10,then,12,12,then,3.68,3.78,3.68,3.78,0.9680339694023132,mandatory_unique_pair_in_all_optimal_LCS,Whisper small.en word timestamp estimate,partial_whisper_estimate_auto_qc_pass,True,
-MeTTeMJBNc$_$13,11,you,13,13,you,3.78,3.92,3.78,3.92,0.9938919544219971,mandatory_unique_pair_in_all_optimal_LCS,Whisper small.en word timestamp estimate,partial_whisper_estimate_auto_qc_pass,True,
-MeTTeMJBNc$_$13,12,present,14,14,present,3.92,4.26,3.92,4.26,0.9937437176704407,mandatory_unique_pair_in_all_optimal_LCS,Whisper small.en word timestamp estimate,partial_whisper_estimate_auto_qc_pass,True,
-MeTTeMJBNc$_$13,13,the,15,15,the,4.26,4.5,4.26,4.5,0.9920068383216858,mandatory_unique_pair_in_all_optimal_LCS,Whisper small.en word timestamp estimate,partial_whisper_estimate_auto_qc_pass,True,
-MeTTeMJBNc$_$13,14,gift,16,16,gift,4.5,4.72,4.5,4.72,0.9923845529556274,mandatory_unique_pair_in_all_optimal_LCS,Whisper small.en word timestamp estimate,partial_whisper_estimate_auto_qc_pass,True,
-MeTTeMJBNc$_$7,1,Maybe,1,1,Maybe,0.0,0.66,0.0,0.66,0.6682290434837341,mandatory_unique_pair_in_all_optimal_LCS,Whisper small.en word timestamp estimate,partial_whisper_estimate_auto_qc_pass,True,
-MeTTeMJBNc$_$7,2,you,2,2,you,0.66,0.9,0.66,0.9,0.9821351766586304,mandatory_unique_pair_in_all_optimal_LCS,Whisper small.en word timestamp estimate,partial_whisper_estimate_auto_qc_pass,True,
-MeTTeMJBNc$_$7,3,could,3,3,could,0.9,1.16,0.9,1.16,0.9770520925521851,mandatory_unique_pair_in_all_optimal_LCS,Whisper small.en word timestamp estimate,partial_whisper_estimate_auto_qc_pass,True,
-MeTTeMJBNc$_$7,4,find,4,4,find,1.16,1.8,1.16,1.8,0.9899057745933533,mandatory_unique_pair_in_all_optimal_LCS,Whisper small.en word timestamp estimate,partial_whisper_estimate_auto_qc_pass,True,
-MeTTeMJBNc$_$7,5,a,5,5,a,1.8,2.0,1.8,2.0,0.9955136179924011,mandatory_unique_pair_in_all_optimal_LCS,Whisper small.en word timestamp estimate,partial_whisper_estimate_auto_qc_pass,True,
-MeTTeMJBNc$_$7,6,picture,6,6,picture,2.0,2.2,2.0,2.2,0.9975971579551697,mandatory_unique_pair_in_all_optimal_LCS,Whisper small.en word timestamp estimate,partial_whisper_estimate_auto_qc_pass,True,
-MeTTeMJBNc$_$7,7,of,7,7,of,2.2,2.54,2.2,2.54,0.9755891561508179,mandatory_unique_pair_in_all_optimal_LCS,Whisper small.en word timestamp estimate,partial_whisper_estimate_auto_qc_pass,True,
-MeTTeMJBNc$_$7,8,the,8,8,the,2.54,2.66,2.54,2.66,0.9827290773391724,mandatory_unique_pair_in_all_optimal_LCS,Whisper small.en word timestamp estimate,partial_whisper_estimate_auto_qc_pass,True,
-MeTTeMJBNc$_$7,9,couple,9,9,couple,2.66,2.94,2.66,2.94,0.9983870983123779,mandatory_unique_pair_in_all_optimal_LCS,Whisper small.en word timestamp estimate,partial_whisper_estimate_auto_qc_pass,True,
-MeTTeMJBNc$_$7,10,from,10,10,from,2.94,3.36,2.94,3.36,0.9717920422554016,mandatory_unique_pair_in_all_optimal_LCS,Whisper small.en word timestamp estimate,partial_whisper_estimate_auto_qc_pass,True,
-MeTTeMJBNc$_$7,11,their,11,11,their,3.36,3.86,3.36,3.86,0.9938321113586426,mandatory_unique_pair_in_all_optimal_LCS,Whisper small.en word timestamp estimate,partial_whisper_estimate_auto_qc_pass,True,
-MeTTeMJBNc$_$7,12,wedding,12,12,wedding,3.86,4.26,3.86,4.26,0.9987244009971619,mandatory_unique_pair_in_all_optimal_LCS,Whisper small.en word timestamp estimate,partial_whisper_estimate_auto_qc_pass,True,
-MeTTeMJBNc$_$7,13,or,13,13,or,4.26,4.74,4.26,4.74,0.7367902994155884,mandatory_unique_pair_in_all_optimal_LCS,Whisper small.en word timestamp estimate,partial_whisper_estimate_auto_qc_pass,True,
-MeTTeMJBNc$_$7,14,sometime,,,,,,,,,mandatory_unique_pair_in_all_optimal_LCS,,official_word_unmatched_or_ambiguous,False,
-MeTTeMJBNc$_$7,15,in,16,16,in,5.3,5.48,5.3,5.48,0.9903241395950317,mandatory_unique_pair_in_all_optimal_LCS,Whisper small.en word timestamp estimate,partial_whisper_estimate_auto_qc_pass,True,
-MeTTeMJBNc$_$7,16,their,17,17,their,5.48,5.6,5.48,5.6,0.9953842759132385,mandatory_unique_pair_in_all_optimal_LCS,Whisper small.en word timestamp estimate,partial_whisper_estimate_auto_qc_pass,True,
-MeTTeMJBNc$_$7,17,life,18,18,life,5.6,6.02,5.6,6.02,0.9815467596054077,mandatory_unique_pair_in_all_optimal_LCS,Whisper small.en word timestamp estimate,partial_whisper_estimate_auto_qc_pass,True,
-MeTTeMJBNc$_$7,18,or,19,19,or,6.02,6.22,6.02,6.22,0.5319496393203735,mandatory_unique_pair_in_all_optimal_LCS,Whisper small.en word timestamp estimate,partial_whisper_estimate_auto_qc_pass,True,
-MeTTeMJBNc$_$7,19,maybe,20,20,maybe,6.22,6.4,6.22,6.4,0.9872912764549255,mandatory_unique_pair_in_all_optimal_LCS,Whisper small.en word timestamp estimate,partial_whisper_estimate_auto_qc_pass,True,
-MeTTeMJBNc$_$7,20,even,21,21,even,6.4,6.68,6.4,6.68,0.9895254373550415,mandatory_unique_pair_in_all_optimal_LCS,Whisper small.en word timestamp estimate,partial_whisper_estimate_auto_qc_pass,True,
-MeTTeMJBNc$_$7,21,a,22,22,a,6.68,6.88,6.68,6.88,0.9886828064918518,mandatory_unique_pair_in_all_optimal_LCS,Whisper small.en word timestamp estimate,partial_whisper_estimate_auto_qc_pass,True,
-MeTTeMJBNc$_$7,22,current,23,23,current,6.88,7.22,6.88,7.22,0.995465874671936,mandatory_unique_pair_in_all_optimal_LCS,Whisper small.en word timestamp estimate,partial_whisper_estimate_auto_qc_pass,True,
-MeTTeMJBNc$_$7,23,picture,24,24,picture,7.22,7.72,7.22,7.72,0.9978469610214233,mandatory_unique_pair_in_all_optimal_LCS,Whisper small.en word timestamp estimate,partial_whisper_estimate_auto_qc_pass,True,
-MeTTeMJBNc$_$7,24,and,25,25,and,7.72,8.26,7.72,8.26,0.955118715763092,mandatory_unique_pair_in_all_optimal_LCS,Whisper small.en word timestamp estimate,partial_whisper_estimate_auto_qc_pass,True,
-MeTTeMJBNc$_$7,25,have,26,26,have,8.26,8.42,8.26,8.42,0.9899638295173645,mandatory_unique_pair_in_all_optimal_LCS,Whisper small.en word timestamp estimate,partial_whisper_estimate_auto_qc_pass,True,
-MeTTeMJBNc$_$7,26,it,27,27,it,8.42,8.56,8.42,8.56,0.9841867089271545,mandatory_unique_pair_in_all_optimal_LCS,Whisper small.en word timestamp estimate,partial_whisper_estimate_auto_qc_pass,True,
-MeTTeMJBNc$_$7,27,put,28,28,put,8.56,8.7,8.56,8.7,0.9968166947364807,mandatory_unique_pair_in_all_optimal_LCS,Whisper small.en word timestamp estimate,partial_whisper_estimate_auto_qc_pass,True,
-MeTTeMJBNc$_$7,28,in,29,29,in,8.7,8.82,8.7,8.82,0.9905142784118652,mandatory_unique_pair_in_all_optimal_LCS,Whisper small.en word timestamp estimate,partial_whisper_estimate_auto_qc_pass,True,
-MeTTeMJBNc$_$7,29,a,30,30,a,8.82,8.94,8.82,8.94,0.9851443767547607,mandatory_unique_pair_in_all_optimal_LCS,Whisper small.en word timestamp estimate,partial_whisper_estimate_auto_qc_pass,True,
-MeTTeMJBNc$_$7,30,beautiful,31,31,beautiful,8.94,9.2,8.94,9.2,0.9986923336982727,mandatory_unique_pair_in_all_optimal_LCS,Whisper small.en word timestamp estimate,partial_whisper_estimate_auto_qc_pass,True,
-MeTTeMJBNc$_$7,31,frame,32,32,frame,9.2,9.7,9.2,9.7,0.9989470839500427,mandatory_unique_pair_in_all_optimal_LCS,Whisper small.en word timestamp estimate,partial_whisper_estimate_auto_qc_pass,True,
-RfYyzHpjk4$_$11,1,So,1,1,So,0.0,0.74,0.0,0.74,0.6937472224235535,exact_normalized_sequence,Whisper small.en word timestamp estimate,exact_text_whisper_estimate_auto_qc_pass,True,
-RfYyzHpjk4$_$11,2,get,2,2,get,0.74,1.46,0.74,1.46,0.5617382526397705,exact_normalized_sequence,Whisper small.en word timestamp estimate,exact_text_whisper_estimate_auto_qc_pass,True,
-RfYyzHpjk4$_$11,3,your,3,3,your,1.46,1.62,1.46,1.62,0.9782586693763733,exact_normalized_sequence,Whisper small.en word timestamp estimate,exact_text_whisper_estimate_auto_qc_pass,True,
-RfYyzHpjk4$_$11,4,friends,4,4,friends,1.62,1.8,1.62,1.8,0.9819011092185974,exact_normalized_sequence,Whisper small.en word timestamp estimate,exact_text_whisper_estimate_auto_qc_pass,True,
-RfYyzHpjk4$_$11,5,lined,5,5,lined,1.8,2.08,1.8,2.08,0.9913899302482605,exact_normalized_sequence,Whisper small.en word timestamp estimate,exact_text_whisper_estimate_auto_qc_pass,True,
-RfYyzHpjk4$_$11,6,up,6,6,up,2.08,2.32,2.08,2.32,0.9914052486419678,exact_normalized_sequence,Whisper small.en word timestamp estimate,exact_text_whisper_estimate_auto_qc_pass,True,
-RfYyzHpjk4$_$11,7,get,7,7,get,2.48,2.52,2.48,2.52,0.9922313690185547,exact_normalized_sequence,Whisper small.en word timestamp estimate,exact_text_whisper_estimate_auto_qc_pass,True,
-RfYyzHpjk4$_$11,8,your,8,8,your,2.52,2.7,2.52,2.7,0.969595193862915,exact_normalized_sequence,Whisper small.en word timestamp estimate,exact_text_whisper_estimate_auto_qc_pass,True,
-RfYyzHpjk4$_$11,9,business,9,9,business,2.7,2.9,2.7,2.9,0.9829115867614746,exact_normalized_sequence,Whisper small.en word timestamp estimate,exact_text_whisper_estimate_auto_qc_pass,True,
-RfYyzHpjk4$_$11,10,colleagues,10,10,colleagues,2.9,3.2,2.9,3.2,0.9836875200271606,exact_normalized_sequence,Whisper small.en word timestamp estimate,exact_text_whisper_estimate_auto_qc_pass,True,
-RfYyzHpjk4$_$11,11,lined,11,11,lined,3.2,3.5,3.2,3.5,0.9932577610015869,exact_normalized_sequence,Whisper small.en word timestamp estimate,exact_text_whisper_estimate_auto_qc_pass,True,
-RfYyzHpjk4$_$11,12,up,12,12,up,3.5,3.72,3.5,3.72,0.9972656965255737,exact_normalized_sequence,Whisper small.en word timestamp estimate,exact_text_whisper_estimate_auto_qc_pass,True,
-RfYyzHpjk4$_$11,13,and,13,13,and,3.72,3.86,3.72,3.86,0.5700903534889221,exact_normalized_sequence,Whisper small.en word timestamp estimate,exact_text_whisper_estimate_auto_qc_pass,True,
-RfYyzHpjk4$_$11,14,have,14,14,have,3.86,4.0,3.86,4.0,0.9955708384513855,exact_normalized_sequence,Whisper small.en word timestamp estimate,exact_text_whisper_estimate_auto_qc_pass,True,
-RfYyzHpjk4$_$11,15,a,15,15,a,4.0,4.12,4.0,4.12,0.9971222281455994,exact_normalized_sequence,Whisper small.en word timestamp estimate,exact_text_whisper_estimate_auto_qc_pass,True,
-RfYyzHpjk4$_$11,16,good,16,16,good,4.12,4.24,4.12,4.24,0.9977090358734131,exact_normalized_sequence,Whisper small.en word timestamp estimate,exact_text_whisper_estimate_auto_qc_pass,True,
-RfYyzHpjk4$_$11,17,time,17,17,time,4.24,4.5,4.24,4.5,0.9973920583724976,exact_normalized_sequence,Whisper small.en word timestamp estimate,exact_text_whisper_estimate_auto_qc_pass,True,
-RfYyzHpjk4$_$8,1,It's,1,1,It's,0.0,0.64,0.0,0.64,0.6773719787597656,mandatory_unique_pair_in_all_optimal_LCS,Whisper small.en word timestamp estimate,partial_whisper_estimate_auto_qc_pass,True,
-RfYyzHpjk4$_$8,2,pretty,2,2,pretty,0.64,0.94,0.64,0.94,0.9900107979774475,mandatory_unique_pair_in_all_optimal_LCS,Whisper small.en word timestamp estimate,partial_whisper_estimate_auto_qc_pass,True,
-RfYyzHpjk4$_$8,3,pretty,3,3,pretty,0.94,1.16,0.94,1.16,0.3917742073535919,mandatory_unique_pair_in_all_optimal_LCS,Whisper small.en word timestamp estimate,partial_whisper_estimate_auto_qc_pass,True,
-RfYyzHpjk4$_$8,4,easy,4,4,easy,1.16,1.48,1.16,1.48,0.9927079081535339,mandatory_unique_pair_in_all_optimal_LCS,Whisper small.en word timestamp estimate,partial_whisper_estimate_auto_qc_pass,True,
-RfYyzHpjk4$_$8,5,to,5,5,to,1.48,1.66,1.48,1.66,0.9972032308578491,mandatory_unique_pair_in_all_optimal_LCS,Whisper small.en word timestamp estimate,partial_whisper_estimate_auto_qc_pass,True,
-RfYyzHpjk4$_$8,6,do,6,6,do,1.66,1.86,1.66,1.86,0.9990472197532654,mandatory_unique_pair_in_all_optimal_LCS,Whisper small.en word timestamp estimate,partial_whisper_estimate_auto_qc_pass,True,
-RfYyzHpjk4$_$8,7,but,7,7,but,1.86,2.02,1.86,2.02,0.9987506866455078,mandatory_unique_pair_in_all_optimal_LCS,Whisper small.en word timestamp estimate,partial_whisper_estimate_auto_qc_pass,True,
-RfYyzHpjk4$_$8,8,you,,,,,,,,,mandatory_unique_pair_in_all_optimal_LCS,,official_word_unmatched_or_ambiguous,False,
-RfYyzHpjk4$_$8,9,got,9,9,got,2.24,2.3,2.24,2.3,0.9832171201705933,mandatory_unique_pair_in_all_optimal_LCS,Whisper small.en word timestamp estimate,partial_whisper_estimate_auto_qc_pass,True,
-RfYyzHpjk4$_$8,10,to,10,10,to,2.3,2.42,2.3,2.42,0.9956596493721008,mandatory_unique_pair_in_all_optimal_LCS,Whisper small.en word timestamp estimate,partial_whisper_estimate_auto_qc_pass,True,
-RfYyzHpjk4$_$8,11,set,11,11,set,2.42,2.6,2.42,2.6,0.997111439704895,mandatory_unique_pair_in_all_optimal_LCS,Whisper small.en word timestamp estimate,partial_whisper_estimate_auto_qc_pass,True,
-RfYyzHpjk4$_$8,12,up,12,12,up,2.6,2.78,2.6,2.78,0.9797883629798889,mandatory_unique_pair_in_all_optimal_LCS,Whisper small.en word timestamp estimate,partial_whisper_estimate_auto_qc_pass,True,
-RfYyzHpjk4$_$8,13,those,13,13,those,2.78,2.98,2.78,2.98,0.997826874256134,mandatory_unique_pair_in_all_optimal_LCS,Whisper small.en word timestamp estimate,partial_whisper_estimate_auto_qc_pass,True,
-RfYyzHpjk4$_$8,14,numbers,14,14,numbers,2.98,3.26,2.98,3.26,0.9976807832717896,mandatory_unique_pair_in_all_optimal_LCS,Whisper small.en word timestamp estimate,partial_whisper_estimate_auto_qc_pass,True,
-RfYyzHpjk4$_$8,15,ahead,15,15,ahead,3.26,3.5,3.26,3.5,0.9974296689033508,mandatory_unique_pair_in_all_optimal_LCS,Whisper small.en word timestamp estimate,partial_whisper_estimate_auto_qc_pass,True,
-RfYyzHpjk4$_$8,16,of,16,16,of,3.5,3.66,3.5,3.66,0.9990842342376709,mandatory_unique_pair_in_all_optimal_LCS,Whisper small.en word timestamp estimate,partial_whisper_estimate_auto_qc_pass,True,
-RfYyzHpjk4$_$8,17,time,17,17,time,3.66,4.12,3.66,4.12,0.9993454813957214,mandatory_unique_pair_in_all_optimal_LCS,Whisper small.en word timestamp estimate,partial_whisper_estimate_auto_qc_pass,True,
-RfYyzHpjk4$_$2,1,You,,,,,,,,,mandatory_unique_pair_in_all_optimal_LCS,,official_word_unmatched_or_ambiguous,False,
-RfYyzHpjk4$_$2,2,can,2,2,can,0.58,0.72,0.58,0.72,0.9740946292877197,mandatory_unique_pair_in_all_optimal_LCS,Whisper small.en word timestamp estimate,partial_whisper_estimate_auto_qc_pass,True,
-RfYyzHpjk4$_$2,3,make,3,3,make,0.72,0.88,0.72,0.88,0.9855905771255493,mandatory_unique_pair_in_all_optimal_LCS,Whisper small.en word timestamp estimate,partial_whisper_estimate_auto_qc_pass,True,
-RfYyzHpjk4$_$2,4,a,4,4,a,0.88,1.0,0.88,1.0,0.9672985076904297,mandatory_unique_pair_in_all_optimal_LCS,Whisper small.en word timestamp estimate,partial_whisper_estimate_auto_qc_pass,True,
-RfYyzHpjk4$_$2,5,conference,5,5,conference,1.0,1.28,1.0,1.28,0.6269723773002625,mandatory_unique_pair_in_all_optimal_LCS,Whisper small.en word timestamp estimate,partial_whisper_estimate_auto_qc_pass,True,
-RfYyzHpjk4$_$2,6,call,6,6,call,1.28,1.52,1.28,1.52,0.998849630355835,mandatory_unique_pair_in_all_optimal_LCS,Whisper small.en word timestamp estimate,partial_whisper_estimate_auto_qc_pass,True,
-RfYyzHpjk4$_$2,7,but,7,7,but,,,,,0.996036946773529,mandatory_unique_pair_in_all_optimal_LCS,,whisper_time_flagged_null,False,nonpositive_duration
-RfYyzHpjk4$_$2,8,it,8,8,it,1.64,1.74,1.64,1.74,0.9781688451766968,mandatory_unique_pair_in_all_optimal_LCS,Whisper small.en word timestamp estimate,partial_whisper_estimate_auto_qc_pass,True,
-RfYyzHpjk4$_$2,9,takes,9,9,takes,1.74,1.88,1.74,1.88,0.9880691170692444,mandatory_unique_pair_in_all_optimal_LCS,Whisper small.en word timestamp estimate,partial_whisper_estimate_auto_qc_pass,True,
-RfYyzHpjk4$_$2,10,quite,10,10,quite,1.88,2.18,1.88,2.18,0.9867442846298218,mandatory_unique_pair_in_all_optimal_LCS,Whisper small.en word timestamp estimate,partial_whisper_estimate_auto_qc_pass,True,
-RfYyzHpjk4$_$2,11,a,11,11,a,2.18,2.3,2.18,2.3,0.9968170523643494,mandatory_unique_pair_in_all_optimal_LCS,Whisper small.en word timestamp estimate,partial_whisper_estimate_auto_qc_pass,True,
-RfYyzHpjk4$_$2,12,bit,12,12,bit,2.3,2.4,2.3,2.4,0.9970037341117859,mandatory_unique_pair_in_all_optimal_LCS,Whisper small.en word timestamp estimate,partial_whisper_estimate_auto_qc_pass,True,
-RfYyzHpjk4$_$2,13,of,13,13,of,2.4,2.54,2.4,2.54,0.9865222573280334,mandatory_unique_pair_in_all_optimal_LCS,Whisper small.en word timestamp estimate,partial_whisper_estimate_auto_qc_pass,True,
-RfYyzHpjk4$_$2,14,planning,14,14,planning,2.54,2.8,2.54,2.8,0.997211754322052,mandatory_unique_pair_in_all_optimal_LCS,Whisper small.en word timestamp estimate,partial_whisper_estimate_auto_qc_pass,True,
-RfYyzHpjk4$_$2,15,well,15,15,Well,2.9,2.94,2.9,2.94,0.9618412256240845,mandatory_unique_pair_in_all_optimal_LCS,Whisper small.en word timestamp estimate,partial_whisper_estimate_auto_qc_pass,True,
-RfYyzHpjk4$_$2,16,not,16,16,not,2.98,3.06,2.98,3.06,0.9962664246559143,mandatory_unique_pair_in_all_optimal_LCS,Whisper small.en word timestamp estimate,partial_whisper_estimate_auto_qc_pass,True,
-RfYyzHpjk4$_$2,17,a,17,17,a,3.06,3.16,3.06,3.16,0.9974443912506104,mandatory_unique_pair_in_all_optimal_LCS,Whisper small.en word timestamp estimate,partial_whisper_estimate_auto_qc_pass,True,
-RfYyzHpjk4$_$2,18,lot,18,18,lot,3.16,3.3,3.16,3.3,0.998177170753479,mandatory_unique_pair_in_all_optimal_LCS,Whisper small.en word timestamp estimate,partial_whisper_estimate_auto_qc_pass,True,
-RfYyzHpjk4$_$2,19,of,19,19,of,3.3,3.42,3.3,3.42,0.9959575533866882,mandatory_unique_pair_in_all_optimal_LCS,Whisper small.en word timestamp estimate,partial_whisper_estimate_auto_qc_pass,True,
-RfYyzHpjk4$_$2,20,planning,20,20,planning,3.42,3.7,3.42,3.7,0.9983313679695129,mandatory_unique_pair_in_all_optimal_LCS,Whisper small.en word timestamp estimate,partial_whisper_estimate_auto_qc_pass,True,
-RfYyzHpjk4$_$2,21,it's,21,21,It's,3.84,3.96,3.84,3.96,0.9881561994552612,mandatory_unique_pair_in_all_optimal_LCS,Whisper small.en word timestamp estimate,partial_whisper_estimate_auto_qc_pass,True,
-RfYyzHpjk4$_$2,22,pretty,22,22,pretty,3.96,4.12,3.96,4.12,0.9973233342170715,mandatory_unique_pair_in_all_optimal_LCS,Whisper small.en word timestamp estimate,partial_whisper_estimate_auto_qc_pass,True,
-RfYyzHpjk4$_$2,23,easy,23,23,easy,4.12,4.4,4.12,4.4,0.9980838298797607,mandatory_unique_pair_in_all_optimal_LCS,Whisper small.en word timestamp estimate,partial_whisper_estimate_auto_qc_pass,True,
-RfYyzHpjk4$_$2,24,to,24,24,to,4.4,4.62,4.4,4.62,0.9975390434265137,mandatory_unique_pair_in_all_optimal_LCS,Whisper small.en word timestamp estimate,partial_whisper_estimate_auto_qc_pass,True,
-RfYyzHpjk4$_$2,25,do,25,25,do,4.62,4.86,4.62,4.86,0.9990830421447754,mandatory_unique_pair_in_all_optimal_LCS,Whisper small.en word timestamp estimate,partial_whisper_estimate_auto_qc_pass,True,
-UUCSKoHeMA$_$0,1,I,2,2,I,1.5,1.6,1.5,1.6,0.995182454586029,mandatory_unique_pair_in_all_optimal_LCS,Whisper small.en word timestamp estimate,partial_whisper_estimate_auto_qc_pass,True,
-UUCSKoHeMA$_$0,2,mentioned,3,3,mentioned,1.6,1.94,1.6,1.94,0.9919869899749756,mandatory_unique_pair_in_all_optimal_LCS,Whisper small.en word timestamp estimate,partial_whisper_estimate_auto_qc_pass,True,
-UUCSKoHeMA$_$0,3,a,4,4,a,1.94,2.16,1.94,2.16,0.6936694383621216,mandatory_unique_pair_in_all_optimal_LCS,Whisper small.en word timestamp estimate,partial_whisper_estimate_auto_qc_pass,True,
-UUCSKoHeMA$_$0,4,word,5,5,word,2.16,2.36,2.16,2.36,0.9989345669746399,mandatory_unique_pair_in_all_optimal_LCS,Whisper small.en word timestamp estimate,partial_whisper_estimate_auto_qc_pass,True,
-UUCSKoHeMA$_$0,5,in,6,6,in,2.36,2.76,2.36,2.76,0.9921393990516663,mandatory_unique_pair_in_all_optimal_LCS,Whisper small.en word timestamp estimate,partial_whisper_estimate_auto_qc_pass,True,
-UUCSKoHeMA$_$0,6,the,7,7,the,2.76,2.9,2.76,2.9,0.9970851540565491,mandatory_unique_pair_in_all_optimal_LCS,Whisper small.en word timestamp estimate,partial_whisper_estimate_auto_qc_pass,True,
-UUCSKoHeMA$_$0,7,last,8,8,last,2.9,3.2,2.9,3.2,0.9992108345031738,mandatory_unique_pair_in_all_optimal_LCS,Whisper small.en word timestamp estimate,partial_whisper_estimate_auto_qc_pass,True,
-UUCSKoHeMA$_$0,8,clip,9,9,clip,3.2,3.58,3.2,3.58,0.9973909258842468,mandatory_unique_pair_in_all_optimal_LCS,Whisper small.en word timestamp estimate,partial_whisper_estimate_auto_qc_pass,True,
-UUCSKoHeMA$_$0,9,called,10,10,called,3.58,4.0,3.58,4.0,0.9824762344360352,mandatory_unique_pair_in_all_optimal_LCS,Whisper small.en word timestamp estimate,partial_whisper_estimate_auto_qc_pass,True,
-UUCSKoHeMA$_$0,10,monotone,11,11,monotone,4.0,5.06,4.0,5.06,0.9340904355049133,mandatory_unique_pair_in_all_optimal_LCS,Whisper small.en word timestamp estimate,partial_whisper_estimate_auto_qc_pass,True,
-UUCSKoHeMA$_$0,11,and,12,12,and,5.16,5.54,5.16,5.54,0.9964823722839355,mandatory_unique_pair_in_all_optimal_LCS,Whisper small.en word timestamp estimate,partial_whisper_estimate_auto_qc_pass,True,
-UUCSKoHeMA$_$0,12,I,13,13,I,5.54,5.66,5.54,5.66,0.9970766305923462,mandatory_unique_pair_in_all_optimal_LCS,Whisper small.en word timestamp estimate,partial_whisper_estimate_auto_qc_pass,True,
-UUCSKoHeMA$_$0,13,want,14,14,want,5.66,5.74,5.66,5.74,0.9570671319961548,mandatory_unique_pair_in_all_optimal_LCS,Whisper small.en word timestamp estimate,partial_whisper_estimate_auto_qc_pass,True,
-UUCSKoHeMA$_$0,14,to,15,15,to,5.74,5.88,5.74,5.88,0.9993763566017151,mandatory_unique_pair_in_all_optimal_LCS,Whisper small.en word timestamp estimate,partial_whisper_estimate_auto_qc_pass,True,
-UUCSKoHeMA$_$0,15,talk,16,16,talk,5.88,6.08,5.88,6.08,0.9986341595649719,mandatory_unique_pair_in_all_optimal_LCS,Whisper small.en word timestamp estimate,partial_whisper_estimate_auto_qc_pass,True,
-UUCSKoHeMA$_$0,16,about,17,17,about,6.08,6.36,6.08,6.36,0.998760461807251,mandatory_unique_pair_in_all_optimal_LCS,Whisper small.en word timestamp estimate,partial_whisper_estimate_auto_qc_pass,True,
-UUCSKoHeMA$_$0,17,that,18,18,that,6.36,6.64,6.36,6.64,0.9974332451820374,mandatory_unique_pair_in_all_optimal_LCS,Whisper small.en word timestamp estimate,partial_whisper_estimate_auto_qc_pass,True,
-UUCSKoHeMA$_$0,18,briefly,19,19,briefly,6.64,7.12,6.64,7.12,0.9978663325309753,mandatory_unique_pair_in_all_optimal_LCS,Whisper small.en word timestamp estimate,partial_whisper_estimate_auto_qc_pass,True,
-ri04Z7vwnc$_$0,1,going,,,,,,,,,mandatory_unique_pair_in_all_optimal_LCS,,official_word_unmatched_or_ambiguous,False,
-ri04Z7vwnc$_$0,2,to,,,,,,,,,mandatory_unique_pair_in_all_optimal_LCS,,official_word_unmatched_or_ambiguous,False,
-ri04Z7vwnc$_$0,3,get,,,,,,,,,mandatory_unique_pair_in_all_optimal_LCS,,official_word_unmatched_or_ambiguous,False,
-ri04Z7vwnc$_$0,4,married,,,,,,,,,mandatory_unique_pair_in_all_optimal_LCS,,official_word_unmatched_or_ambiguous,False,
-ri04Z7vwnc$_$0,5,or,,,,,,,,,mandatory_unique_pair_in_all_optimal_LCS,,official_word_unmatched_or_ambiguous,False,
-ri04Z7vwnc$_$0,6,are,,,,,,,,,mandatory_unique_pair_in_all_optimal_LCS,,official_word_unmatched_or_ambiguous,False,
-ri04Z7vwnc$_$0,7,already,,,,,,,,,mandatory_unique_pair_in_all_optimal_LCS,,official_word_unmatched_or_ambiguous,False,
-ri04Z7vwnc$_$0,8,married,,,,,,,,,mandatory_unique_pair_in_all_optimal_LCS,,official_word_unmatched_or_ambiguous,False,
-ri04Z7vwnc$_$2,1,most,,,,,,,,,mandatory_unique_pair_in_all_optimal_LCS,,official_word_unmatched_or_ambiguous,False,
-ri04Z7vwnc$_$2,2,people,,,,,,,,,mandatory_unique_pair_in_all_optimal_LCS,,official_word_unmatched_or_ambiguous,False,
-ri04Z7vwnc$_$2,3,think,,,,,,,,,mandatory_unique_pair_in_all_optimal_LCS,,official_word_unmatched_or_ambiguous,False,
-ri04Z7vwnc$_$2,4,it'll,,,,,,,,,mandatory_unique_pair_in_all_optimal_LCS,,official_word_unmatched_or_ambiguous,False,
-ri04Z7vwnc$_$2,5,sort,,,,,,,,,mandatory_unique_pair_in_all_optimal_LCS,,official_word_unmatched_or_ambiguous,False,
-ri04Z7vwnc$_$2,6,itself,,,,,,,,,mandatory_unique_pair_in_all_optimal_LCS,,official_word_unmatched_or_ambiguous,False,
-ri04Z7vwnc$_$2,7,out,,,,,,,,,mandatory_unique_pair_in_all_optimal_LCS,,official_word_unmatched_or_ambiguous,False,
-ri04Z7vwnc$_$2,8,we'll,,,,,,,,,mandatory_unique_pair_in_all_optimal_LCS,,official_word_unmatched_or_ambiguous,False,
-ri04Z7vwnc$_$2,9,discuss,,,,,,,,,mandatory_unique_pair_in_all_optimal_LCS,,official_word_unmatched_or_ambiguous,False,
-ri04Z7vwnc$_$2,10,it,,,,,,,,,mandatory_unique_pair_in_all_optimal_LCS,,official_word_unmatched_or_ambiguous,False,
-ri04Z7vwnc$_$2,11,later,,,,,,,,,mandatory_unique_pair_in_all_optimal_LCS,,official_word_unmatched_or_ambiguous,False,
-ri04Z7vwnc$_$2,12,it's,,,,,,,,,mandatory_unique_pair_in_all_optimal_LCS,,official_word_unmatched_or_ambiguous,False,
-ri04Z7vwnc$_$2,13,not,,,,,,,,,mandatory_unique_pair_in_all_optimal_LCS,,official_word_unmatched_or_ambiguous,False,
-ri04Z7vwnc$_$2,14,something,,,,,,,,,mandatory_unique_pair_in_all_optimal_LCS,,official_word_unmatched_or_ambiguous,False,
-ri04Z7vwnc$_$2,15,too,,,,,,,,,mandatory_unique_pair_in_all_optimal_LCS,,official_word_unmatched_or_ambiguous,False,
-ri04Z7vwnc$_$2,16,important,,,,,,,,,mandatory_unique_pair_in_all_optimal_LCS,,official_word_unmatched_or_ambiguous,False,
-ri04Z7vwnc$_$5,1,So,,,,,,,,,mandatory_unique_pair_in_all_optimal_LCS,,official_word_unmatched_or_ambiguous,False,
-ri04Z7vwnc$_$5,2,I,,,,,,,,,mandatory_unique_pair_in_all_optimal_LCS,,official_word_unmatched_or_ambiguous,False,
-ri04Z7vwnc$_$5,3,think,,,,,,,,,mandatory_unique_pair_in_all_optimal_LCS,,official_word_unmatched_or_ambiguous,False,
-ri04Z7vwnc$_$5,4,it's,,,,,,,,,mandatory_unique_pair_in_all_optimal_LCS,,official_word_unmatched_or_ambiguous,False,
-ri04Z7vwnc$_$5,5,important,14,14,important,3.02,3.34,3.02,3.34,0.9967535138130188,mandatory_unique_pair_in_all_optimal_LCS,Whisper small.en word timestamp estimate,partial_whisper_estimate_auto_qc_pass,True,
-ri04Z7vwnc$_$5,6,to,,,,,,,,,mandatory_unique_pair_in_all_optimal_LCS,,official_word_unmatched_or_ambiguous,False,
-ri04Z7vwnc$_$5,7,discuss,,,,,,,,,mandatory_unique_pair_in_all_optimal_LCS,,official_word_unmatched_or_ambiguous,False,
-ri04Z7vwnc$_$5,8,finances,,,,,,,,,mandatory_unique_pair_in_all_optimal_LCS,,official_word_unmatched_or_ambiguous,False,
-s9qJ7ATP7w$_$1,1,But,,,,,,,,,mandatory_unique_pair_in_all_optimal_LCS,,official_word_unmatched_or_ambiguous,False,
-s9qJ7ATP7w$_$1,2,the,1,1,The,0.0,0.64,0.0,0.64,0.5735481977462769,mandatory_unique_pair_in_all_optimal_LCS,Whisper small.en word timestamp estimate,partial_whisper_estimate_auto_qc_pass,True,
-s9qJ7ATP7w$_$1,3,hardest,2,2,hardest,0.64,1.66,0.64,1.66,0.9647913575172424,mandatory_unique_pair_in_all_optimal_LCS,Whisper small.en word timestamp estimate,partial_whisper_estimate_auto_qc_pass,True,
-s9qJ7ATP7w$_$1,4,thing,3,3,thing,1.66,1.88,1.66,1.88,0.992546021938324,mandatory_unique_pair_in_all_optimal_LCS,Whisper small.en word timestamp estimate,partial_whisper_estimate_auto_qc_pass,True,
-s9qJ7ATP7w$_$1,5,in,4,4,in,1.88,2.02,1.88,2.02,0.9845594763755798,mandatory_unique_pair_in_all_optimal_LCS,Whisper small.en word timestamp estimate,partial_whisper_estimate_auto_qc_pass,True,
-s9qJ7ATP7w$_$1,6,life,5,5,life,2.02,2.12,2.02,2.12,0.9967677593231201,mandatory_unique_pair_in_all_optimal_LCS,Whisper small.en word timestamp estimate,partial_whisper_estimate_auto_qc_pass,True,
-s9qJ7ATP7w$_$1,7,to,6,6,to,2.12,2.3,2.12,2.3,0.9882728457450867,mandatory_unique_pair_in_all_optimal_LCS,Whisper small.en word timestamp estimate,partial_whisper_estimate_auto_qc_pass,True,
-s9qJ7ATP7w$_$1,8,learn,7,7,learn,2.3,2.54,2.3,2.54,0.9966333508491516,mandatory_unique_pair_in_all_optimal_LCS,Whisper small.en word timestamp estimate,partial_whisper_estimate_auto_qc_pass,True,
-s9qJ7ATP7w$_$1,9,is,8,8,is,2.54,3.18,2.54,3.18,0.9276497960090637,mandatory_unique_pair_in_all_optimal_LCS,Whisper small.en word timestamp estimate,partial_whisper_estimate_auto_qc_pass,True,
-s9qJ7ATP7w$_$1,10,to,9,9,to,3.18,3.38,3.18,3.38,0.9958152174949646,mandatory_unique_pair_in_all_optimal_LCS,Whisper small.en word timestamp estimate,partial_whisper_estimate_auto_qc_pass,True,
-s9qJ7ATP7w$_$1,11,lose,10,10,lose,3.38,3.58,3.38,3.58,0.9756535887718201,mandatory_unique_pair_in_all_optimal_LCS,Whisper small.en word timestamp estimate,partial_whisper_estimate_auto_qc_pass,True,
-s9qJ7ATP7w$_$0,1,they,1,1,They,0.0,0.16,0.0,0.16,0.6572685241699219,mandatory_unique_pair_in_all_optimal_LCS,Whisper small.en word timestamp estimate,partial_whisper_estimate_auto_qc_pass,True,
-s9qJ7ATP7w$_$0,2,have,2,2,have,0.16,0.28,0.16,0.28,0.964621365070343,mandatory_unique_pair_in_all_optimal_LCS,Whisper small.en word timestamp estimate,partial_whisper_estimate_auto_qc_pass,True,
-s9qJ7ATP7w$_$0,3,doubt,3,3,doubt,0.28,0.5,0.28,0.5,0.9751278162002563,mandatory_unique_pair_in_all_optimal_LCS,Whisper small.en word timestamp estimate,partial_whisper_estimate_auto_qc_pass,True,
-s9qJ7ATP7w$_$0,4,they,4,4,they,,,,,0.9862806797027588,mandatory_unique_pair_in_all_optimal_LCS,,whisper_time_flagged_null,False,nonpositive_duration
-s9qJ7ATP7w$_$0,5,have,5,5,have,0.82,0.96,0.82,0.96,0.9976512789726257,mandatory_unique_pair_in_all_optimal_LCS,Whisper small.en word timestamp estimate,partial_whisper_estimate_auto_qc_pass,True,
-s9qJ7ATP7w$_$0,6,fear,6,6,fear,0.96,1.32,0.96,1.32,0.9982913136482239,mandatory_unique_pair_in_all_optimal_LCS,Whisper small.en word timestamp estimate,partial_whisper_estimate_auto_qc_pass,True,
-s9qJ7ATP7w$_$0,7,they,,,,,,,,,mandatory_unique_pair_in_all_optimal_LCS,,official_word_unmatched_or_ambiguous,False,
-s9qJ7ATP7w$_$0,8,lose,,,,,,,,,mandatory_unique_pair_in_all_optimal_LCS,,official_word_unmatched_or_ambiguous,False,
-s9qJ7ATP7w$_$0,9,in,,,,,,,,,mandatory_unique_pair_in_all_optimal_LCS,,official_word_unmatched_or_ambiguous,False,
-s9qJ7ATP7w$_$0,10,a,9,9,a,2.12,2.34,2.12,2.34,0.9398986101150513,mandatory_unique_pair_in_all_optimal_LCS,Whisper small.en word timestamp estimate,partial_whisper_estimate_auto_qc_pass,True,
-s9qJ7ATP7w$_$0,11,Ferrari,10,10,Ferrari,2.34,2.62,2.34,2.62,0.9908744096755981,mandatory_unique_pair_in_all_optimal_LCS,Whisper small.en word timestamp estimate,partial_whisper_estimate_auto_qc_pass,True,
-s9qJ7ATP7w$_$0,12,race,11,11,race,2.62,3.06,2.62,3.06,0.9910128712654114,mandatory_unique_pair_in_all_optimal_LCS,Whisper small.en word timestamp estimate,partial_whisper_estimate_auto_qc_pass,True,
-s9qJ7ATP7w$_$0,13,or,12,12,or,3.06,3.22,3.06,3.22,0.6500444412231445,mandatory_unique_pair_in_all_optimal_LCS,Whisper small.en word timestamp estimate,partial_whisper_estimate_auto_qc_pass,True,
-s9qJ7ATP7w$_$0,14,they,,,,,,,,,mandatory_unique_pair_in_all_optimal_LCS,,official_word_unmatched_or_ambiguous,False,
-s9qJ7ATP7w$_$0,15,lose,,,,,,,,,mandatory_unique_pair_in_all_optimal_LCS,,official_word_unmatched_or_ambiguous,False,
-s9qJ7ATP7w$_$0,16,in,,,,,,,,,mandatory_unique_pair_in_all_optimal_LCS,,official_word_unmatched_or_ambiguous,False,
-s9qJ7ATP7w$_$0,17,a,15,15,a,3.74,4.22,3.74,4.22,0.7978749871253967,mandatory_unique_pair_in_all_optimal_LCS,Whisper small.en word timestamp estimate,partial_whisper_estimate_auto_qc_pass,True,
-s9qJ7ATP7w$_$0,18,race,16,16,race,4.22,4.74,4.22,4.74,0.9977400302886963,mandatory_unique_pair_in_all_optimal_LCS,Whisper small.en word timestamp estimate,partial_whisper_estimate_auto_qc_pass,True,
-s9qJ7ATP7w$_$0,19,and,17,17,and,4.74,5.26,4.74,5.26,0.6316869258880615,mandatory_unique_pair_in_all_optimal_LCS,Whisper small.en word timestamp estimate,partial_whisper_estimate_auto_qc_pass,True,
-s9qJ7ATP7w$_$0,20,then,18,18,then,5.26,5.4,5.26,5.4,0.9759222269058228,mandatory_unique_pair_in_all_optimal_LCS,Whisper small.en word timestamp estimate,partial_whisper_estimate_auto_qc_pass,True,
-s9qJ7ATP7w$_$0,21,they,19,19,they,5.4,5.52,5.4,5.52,0.99481600522995,mandatory_unique_pair_in_all_optimal_LCS,Whisper small.en word timestamp estimate,partial_whisper_estimate_auto_qc_pass,True,
-s9qJ7ATP7w$_$0,22,just,20,20,just,5.52,5.72,5.52,5.72,0.9970898628234863,mandatory_unique_pair_in_all_optimal_LCS,Whisper small.en word timestamp estimate,partial_whisper_estimate_auto_qc_pass,True,
-s9qJ7ATP7w$_$0,23,give,21,21,give,5.72,5.88,5.72,5.88,0.9980698227882385,mandatory_unique_pair_in_all_optimal_LCS,Whisper small.en word timestamp estimate,partial_whisper_estimate_auto_qc_pass,True,
-s9qJ7ATP7w$_$0,24,up,22,22,up,5.88,6.22,5.88,6.22,0.9989609718322754,mandatory_unique_pair_in_all_optimal_LCS,Whisper small.en word timestamp estimate,partial_whisper_estimate_auto_qc_pass,True,
-s9qJ7ATP7w$_$5,1,I,3,3,I,1.04,1.28,1.04,1.28,0.9933109283447266,mandatory_unique_pair_in_all_optimal_LCS,Whisper small.en word timestamp estimate,partial_whisper_estimate_auto_qc_pass,True,
-s9qJ7ATP7w$_$5,2,have,4,4,have,1.28,1.42,1.28,1.42,0.9928176403045654,mandatory_unique_pair_in_all_optimal_LCS,Whisper small.en word timestamp estimate,partial_whisper_estimate_auto_qc_pass,True,
-s9qJ7ATP7w$_$5,3,been,5,5,been,1.42,1.64,1.42,1.64,0.9966803789138794,mandatory_unique_pair_in_all_optimal_LCS,Whisper small.en word timestamp estimate,partial_whisper_estimate_auto_qc_pass,True,
-s9qJ7ATP7w$_$5,4,beat,6,6,beat,1.64,1.96,1.64,1.96,0.9896299242973328,mandatory_unique_pair_in_all_optimal_LCS,Whisper small.en word timestamp estimate,partial_whisper_estimate_auto_qc_pass,True,
-s9qJ7ATP7w$_$5,5,up,7,7,up,1.96,2.38,1.96,2.38,0.9942055344581604,mandatory_unique_pair_in_all_optimal_LCS,Whisper small.en word timestamp estimate,partial_whisper_estimate_auto_qc_pass,True,
-s9qJ7ATP7w$_$5,6,and,8,8,and,2.38,2.7,2.38,2.7,0.9043137431144714,mandatory_unique_pair_in_all_optimal_LCS,Whisper small.en word timestamp estimate,partial_whisper_estimate_auto_qc_pass,True,
-s9qJ7ATP7w$_$5,7,put,9,9,put,2.7,2.98,2.7,2.98,0.998698353767395,mandatory_unique_pair_in_all_optimal_LCS,Whisper small.en word timestamp estimate,partial_whisper_estimate_auto_qc_pass,True,
-s9qJ7ATP7w$_$5,8,down,10,10,down,2.98,3.48,2.98,3.48,0.9981982111930847,mandatory_unique_pair_in_all_optimal_LCS,Whisper small.en word timestamp estimate,partial_whisper_estimate_auto_qc_pass,True,
-s9qJ7ATP7w$_$5,9,and,11,11,and,3.48,4.06,3.48,4.06,0.7764820456504822,mandatory_unique_pair_in_all_optimal_LCS,Whisper small.en word timestamp estimate,partial_whisper_estimate_auto_qc_pass,True,
-s9qJ7ATP7w$_$5,10,everything,12,12,everything,4.06,5.1,4.06,5.1,0.9544148445129395,mandatory_unique_pair_in_all_optimal_LCS,Whisper small.en word timestamp estimate,partial_whisper_estimate_auto_qc_pass,True,
-s9qJ7ATP7w$_$5,11,that,13,13,that,5.1,5.38,5.1,5.38,0.9982543587684631,mandatory_unique_pair_in_all_optimal_LCS,Whisper small.en word timestamp estimate,partial_whisper_estimate_auto_qc_pass,True,
-s9qJ7ATP7w$_$5,12,can,14,14,can,5.38,5.54,5.38,5.54,0.9906134605407715,mandatory_unique_pair_in_all_optimal_LCS,Whisper small.en word timestamp estimate,partial_whisper_estimate_auto_qc_pass,True,
-s9qJ7ATP7w$_$5,13,go,15,15,go,5.54,5.78,5.54,5.78,0.9973236322402954,mandatory_unique_pair_in_all_optimal_LCS,Whisper small.en word timestamp estimate,partial_whisper_estimate_auto_qc_pass,True,
-s9qJ7ATP7w$_$5,14,wrong,16,16,wrong,5.78,6.24,5.78,6.24,0.9992318153381348,mandatory_unique_pair_in_all_optimal_LCS,Whisper small.en word timestamp estimate,partial_whisper_estimate_auto_qc_pass,True,
-s9qJ7ATP7w$_$5,15,has,17,17,has,6.24,6.8,6.24,6.8,0.9349565505981445,mandatory_unique_pair_in_all_optimal_LCS,Whisper small.en word timestamp estimate,partial_whisper_estimate_auto_qc_pass,True,
-s9qJ7ATP7w$_$5,16,gone,18,18,gone,6.8,7.06,6.8,7.06,0.995515763759613,mandatory_unique_pair_in_all_optimal_LCS,Whisper small.en word timestamp estimate,partial_whisper_estimate_auto_qc_pass,True,
-s9qJ7ATP7w$_$5,17,wrong,19,19,wrong,7.06,7.34,7.06,7.34,0.9991735816001892,mandatory_unique_pair_in_all_optimal_LCS,Whisper small.en word timestamp estimate,partial_whisper_estimate_auto_qc_pass,True,
-s9qJ7ATP7w$_$5,18,for,20,20,for,7.34,7.62,7.34,7.62,0.9963836669921875,mandatory_unique_pair_in_all_optimal_LCS,Whisper small.en word timestamp estimate,partial_whisper_estimate_auto_qc_pass,True,
-s9qJ7ATP7w$_$5,19,me,21,21,me,7.62,7.88,7.62,7.88,0.9996156692504883,mandatory_unique_pair_in_all_optimal_LCS,Whisper small.en word timestamp estimate,partial_whisper_estimate_auto_qc_pass,True,
-s9qJ7ATP7w$_$4,1,I,3,3,I,0.42,0.7,0.42,0.7,0.16996951401233673,mandatory_unique_pair_in_all_optimal_LCS,Whisper small.en word timestamp estimate,partial_whisper_estimate_auto_qc_pass,True,
-s9qJ7ATP7w$_$4,2,have,4,4,have,0.7,0.84,0.7,0.84,0.9909987449645996,mandatory_unique_pair_in_all_optimal_LCS,Whisper small.en word timestamp estimate,partial_whisper_estimate_auto_qc_pass,True,
-s9qJ7ATP7w$_$4,3,lost,5,5,lost,0.84,1.14,0.84,1.14,0.9918588995933533,mandatory_unique_pair_in_all_optimal_LCS,Whisper small.en word timestamp estimate,partial_whisper_estimate_auto_qc_pass,True,
-s9qJ7ATP7w$_$4,4,at,,,,,,,,,mandatory_unique_pair_in_all_optimal_LCS,,official_word_unmatched_or_ambiguous,False,
-s9qJ7ATP7w$_$4,5,everything,7,7,everything,1.4,1.88,1.4,1.88,0.9929355978965759,mandatory_unique_pair_in_all_optimal_LCS,Whisper small.en word timestamp estimate,partial_whisper_estimate_auto_qc_pass,True,
-s9qJ7ATP7w$_$4,6,you,8,8,you,1.88,2.24,1.88,2.24,0.9971246123313904,mandatory_unique_pair_in_all_optimal_LCS,Whisper small.en word timestamp estimate,partial_whisper_estimate_auto_qc_pass,True,
-s9qJ7ATP7w$_$4,7,can,9,9,can,2.24,2.4,2.24,2.4,0.9992056488990784,mandatory_unique_pair_in_all_optimal_LCS,Whisper small.en word timestamp estimate,partial_whisper_estimate_auto_qc_pass,True,
-s9qJ7ATP7w$_$4,8,imagine,10,10,imagine,2.4,2.8,2.4,2.8,0.996483564376831,mandatory_unique_pair_in_all_optimal_LCS,Whisper small.en word timestamp estimate,partial_whisper_estimate_auto_qc_pass,True,
-s9qJ7ATP7w$_$4,9,seriously,11,11,seriously,2.8,3.2,2.8,3.2,0.7959893941879272,mandatory_unique_pair_in_all_optimal_LCS,Whisper small.en word timestamp estimate,partial_whisper_estimate_auto_qc_pass,True,
-s9qJ7ATP7w$_$7,1,I,1,1,I,0.0,0.6,0.0,0.6,0.2862064242362976,mandatory_unique_pair_in_all_optimal_LCS,Whisper small.en word timestamp estimate,partial_whisper_estimate_auto_qc_pass,True,
-s9qJ7ATP7w$_$7,2,used,2,2,used,0.6,0.74,0.6,0.74,0.9026548266410828,mandatory_unique_pair_in_all_optimal_LCS,Whisper small.en word timestamp estimate,partial_whisper_estimate_auto_qc_pass,True,
-s9qJ7ATP7w$_$7,3,to,3,3,to,0.74,0.88,0.74,0.88,0.9986893534660339,mandatory_unique_pair_in_all_optimal_LCS,Whisper small.en word timestamp estimate,partial_whisper_estimate_auto_qc_pass,True,
-s9qJ7ATP7w$_$7,4,work,4,4,work,0.88,0.98,0.88,0.98,0.9958575367927551,mandatory_unique_pair_in_all_optimal_LCS,Whisper small.en word timestamp estimate,partial_whisper_estimate_auto_qc_pass,True,
-s9qJ7ATP7w$_$7,5,for,5,5,for,0.98,1.16,0.98,1.16,0.9939602613449097,mandatory_unique_pair_in_all_optimal_LCS,Whisper small.en word timestamp estimate,partial_whisper_estimate_auto_qc_pass,True,
-s9qJ7ATP7w$_$7,6,Warren,6,6,Warren,1.16,1.36,1.16,1.36,0.9480284452438354,mandatory_unique_pair_in_all_optimal_LCS,Whisper small.en word timestamp estimate,partial_whisper_estimate_auto_qc_pass,True,
-s9qJ7ATP7w$_$7,7,Avis,7,7,Avis,1.36,1.64,1.36,1.64,0.7892958223819733,mandatory_unique_pair_in_all_optimal_LCS,Whisper small.en word timestamp estimate,partial_whisper_estimate_auto_qc_pass,True,
-s9qJ7ATP7w$_$7,8,the,8,8,the,1.64,1.98,1.64,1.98,0.2068578153848648,mandatory_unique_pair_in_all_optimal_LCS,Whisper small.en word timestamp estimate,partial_whisper_estimate_auto_qc_pass,True,
-s9qJ7ATP7w$_$7,9,guy,9,9,guy,1.98,2.14,1.98,2.14,0.9766570329666138,mandatory_unique_pair_in_all_optimal_LCS,Whisper small.en word timestamp estimate,partial_whisper_estimate_auto_qc_pass,True,
-s9qJ7ATP7w$_$7,10,who,10,10,who,2.14,2.24,2.14,2.24,0.9820559620857239,mandatory_unique_pair_in_all_optimal_LCS,Whisper small.en word timestamp estimate,partial_whisper_estimate_auto_qc_pass,True,
-s9qJ7ATP7w$_$7,11,started,11,11,started,2.24,2.46,2.24,2.46,0.9598355889320374,mandatory_unique_pair_in_all_optimal_LCS,Whisper small.en word timestamp estimate,partial_whisper_estimate_auto_qc_pass,True,
-s9qJ7ATP7w$_$7,12,Avis,12,12,Avis,2.46,2.74,2.46,2.74,0.7138632833957672,mandatory_unique_pair_in_all_optimal_LCS,Whisper small.en word timestamp estimate,partial_whisper_estimate_auto_qc_pass,True,
-s9qJ7ATP7w$_$7,13,Rent,13,13,rent,2.74,2.9,2.74,2.9,0.658076822757721,mandatory_unique_pair_in_all_optimal_LCS,Whisper small.en word timestamp estimate,partial_whisper_estimate_auto_qc_pass,True,
-s9qJ7ATP7w$_$7,14,a,14,14,a,2.9,3.04,2.9,3.04,0.8716733455657959,mandatory_unique_pair_in_all_optimal_LCS,Whisper small.en word timestamp estimate,partial_whisper_estimate_auto_qc_pass,True,
-s9qJ7ATP7w$_$7,15,Car,15,15,car,3.04,3.18,3.04,3.18,0.974469780921936,mandatory_unique_pair_in_all_optimal_LCS,Whisper small.en word timestamp estimate,partial_whisper_estimate_auto_qc_pass,True,
-s9qJ7ATP7w$_$7,16,and,16,16,and,3.18,3.3,3.18,3.3,0.7621154189109802,mandatory_unique_pair_in_all_optimal_LCS,Whisper small.en word timestamp estimate,partial_whisper_estimate_auto_qc_pass,True,
-s9qJ7ATP7w$_$7,17,he,17,17,he,3.3,3.4,3.3,3.4,0.9975872039794922,mandatory_unique_pair_in_all_optimal_LCS,Whisper small.en word timestamp estimate,partial_whisper_estimate_auto_qc_pass,True,
-s9qJ7ATP7w$_$7,18,said,18,18,said,3.4,3.56,3.4,3.56,0.650060772895813,mandatory_unique_pair_in_all_optimal_LCS,Whisper small.en word timestamp estimate,partial_whisper_estimate_auto_qc_pass,True,
-s9qJ7ATP7w$_$7,19,to,19,19,to,3.56,3.68,3.56,3.68,0.9895500540733337,mandatory_unique_pair_in_all_optimal_LCS,Whisper small.en word timestamp estimate,partial_whisper_estimate_auto_qc_pass,True,
-s9qJ7ATP7w$_$7,20,me,20,20,me,3.68,3.8,3.68,3.8,0.9996203184127808,mandatory_unique_pair_in_all_optimal_LCS,Whisper small.en word timestamp estimate,partial_whisper_estimate_auto_qc_pass,True,
-s9qJ7ATP7w$_$7,21,one,21,21,one,3.8,3.94,3.8,3.94,0.9972959160804749,mandatory_unique_pair_in_all_optimal_LCS,Whisper small.en word timestamp estimate,partial_whisper_estimate_auto_qc_pass,True,
-s9qJ7ATP7w$_$7,22,day,22,22,day,3.94,4.28,3.94,4.28,0.9964989423751831,mandatory_unique_pair_in_all_optimal_LCS,Whisper small.en word timestamp estimate,partial_whisper_estimate_auto_qc_pass,True,
-s9qJ7ATP7w$_$7,23,Robert,23,23,Robert,4.72,5.04,4.72,5.04,0.861314594745636,mandatory_unique_pair_in_all_optimal_LCS,Whisper small.en word timestamp estimate,partial_whisper_estimate_auto_qc_pass,True,
-s9qJ7ATP7w$_$7,24,what's,24,24,what's,5.04,5.34,5.04,5.34,0.674916222691536,mandatory_unique_pair_in_all_optimal_LCS,Whisper small.en word timestamp estimate,partial_whisper_estimate_auto_qc_pass,True,
-s9qJ7ATP7w$_$7,25,the,25,25,the,5.34,5.46,5.34,5.46,0.9994781613349915,mandatory_unique_pair_in_all_optimal_LCS,Whisper small.en word timestamp estimate,partial_whisper_estimate_auto_qc_pass,True,
-s9qJ7ATP7w$_$7,26,purpose,26,26,purpose,5.46,5.68,5.46,5.68,0.9993736147880554,mandatory_unique_pair_in_all_optimal_LCS,Whisper small.en word timestamp estimate,partial_whisper_estimate_auto_qc_pass,True,
-s9qJ7ATP7w$_$7,27,of,27,27,of,5.68,5.92,5.68,5.92,0.9986302852630615,mandatory_unique_pair_in_all_optimal_LCS,Whisper small.en word timestamp estimate,partial_whisper_estimate_auto_qc_pass,True,
-s9qJ7ATP7w$_$7,28,business,28,28,business,5.92,6.24,5.92,6.24,0.9258980751037598,mandatory_unique_pair_in_all_optimal_LCS,Whisper small.en word timestamp estimate,partial_whisper_estimate_auto_qc_pass,True,
-s9qJ7ATP7w$_$6,1,But,3,3,but,0.6,0.76,0.6,0.76,0.9964448809623718,mandatory_unique_pair_in_all_optimal_LCS,Whisper small.en word timestamp estimate,partial_whisper_estimate_auto_qc_pass,True,
-s9qJ7ATP7w$_$6,2,I,4,4,I,0.76,1.02,0.76,1.02,0.9640856981277466,mandatory_unique_pair_in_all_optimal_LCS,Whisper small.en word timestamp estimate,partial_whisper_estimate_auto_qc_pass,True,
-s9qJ7ATP7w$_$6,3,just,5,5,just,1.02,1.42,1.02,1.42,0.8282859921455383,mandatory_unique_pair_in_all_optimal_LCS,Whisper small.en word timestamp estimate,partial_whisper_estimate_auto_qc_pass,True,
-s9qJ7ATP7w$_$6,4,kept,6,6,kept,1.42,1.58,1.42,1.58,0.9427909851074219,mandatory_unique_pair_in_all_optimal_LCS,Whisper small.en word timestamp estimate,partial_whisper_estimate_auto_qc_pass,True,
-s9qJ7ATP7w$_$6,5,going,7,7,going,1.58,1.8,1.58,1.8,0.9939790964126587,mandatory_unique_pair_in_all_optimal_LCS,Whisper small.en word timestamp estimate,partial_whisper_estimate_auto_qc_pass,True,
-s9qJ7ATP7w$_$8,1,And,2,2,and,0.26,0.6,0.26,0.6,0.48237115144729614,mandatory_unique_pair_in_all_optimal_LCS,Whisper small.en word timestamp estimate,partial_whisper_estimate_auto_qc_pass,True,
-s9qJ7ATP7w$_$8,2,I,3,3,I,0.6,0.7,0.6,0.7,0.9432905912399292,mandatory_unique_pair_in_all_optimal_LCS,Whisper small.en word timestamp estimate,partial_whisper_estimate_auto_qc_pass,True,
-s9qJ7ATP7w$_$8,3,said,4,4,said,0.7,0.88,0.7,0.88,0.994529664516449,mandatory_unique_pair_in_all_optimal_LCS,Whisper small.en word timestamp estimate,partial_whisper_estimate_auto_qc_pass,True,
-s9qJ7ATP7w$_$8,4,Oh,5,5,oh,0.88,1.06,0.88,1.06,0.48291298747062683,mandatory_unique_pair_in_all_optimal_LCS,Whisper small.en word timestamp estimate,partial_whisper_estimate_auto_qc_pass,True,
-s9qJ7ATP7w$_$8,5,make,6,6,make,1.06,1.26,1.06,1.26,0.9148472547531128,mandatory_unique_pair_in_all_optimal_LCS,Whisper small.en word timestamp estimate,partial_whisper_estimate_auto_qc_pass,True,
-s9qJ7ATP7w$_$8,6,a,7,7,a,1.26,1.4,1.26,1.4,0.9980897307395935,mandatory_unique_pair_in_all_optimal_LCS,Whisper small.en word timestamp estimate,partial_whisper_estimate_auto_qc_pass,True,
-s9qJ7ATP7w$_$8,7,profit,8,8,profit,1.4,1.8,1.4,1.8,0.9973625540733337,mandatory_unique_pair_in_all_optimal_LCS,Whisper small.en word timestamp estimate,partial_whisper_estimate_auto_qc_pass,True,
-s9qJ7ATP7w$_$8,8,and,9,9,and,1.8,1.96,1.8,1.96,0.9428396224975586,mandatory_unique_pair_in_all_optimal_LCS,Whisper small.en word timestamp estimate,partial_whisper_estimate_auto_qc_pass,True,
-s9qJ7ATP7w$_$8,9,all,10,10,all,1.96,2.04,1.96,2.04,0.9968585968017578,mandatory_unique_pair_in_all_optimal_LCS,Whisper small.en word timestamp estimate,partial_whisper_estimate_auto_qc_pass,True,
-s9qJ7ATP7w$_$8,10,these,11,11,these,2.04,2.16,2.04,2.16,0.9982415437698364,mandatory_unique_pair_in_all_optimal_LCS,Whisper small.en word timestamp estimate,partial_whisper_estimate_auto_qc_pass,True,
-s9qJ7ATP7w$_$8,11,other,12,12,other,2.16,2.36,2.16,2.36,0.9985511898994446,mandatory_unique_pair_in_all_optimal_LCS,Whisper small.en word timestamp estimate,partial_whisper_estimate_auto_qc_pass,True,
-s9qJ7ATP7w$_$8,12,things,13,13,things,2.36,2.62,2.36,2.62,0.9975426197052002,mandatory_unique_pair_in_all_optimal_LCS,Whisper small.en word timestamp estimate,partial_whisper_estimate_auto_qc_pass,True,
-yRb-Jum7EQ$_$1,1,it,,,,,,,,,mandatory_unique_pair_in_all_optimal_LCS,,asr_empty_no_original_time,False,
-yRb-Jum7EQ$_$1,2,comes,,,,,,,,,mandatory_unique_pair_in_all_optimal_LCS,,asr_empty_no_original_time,False,
-yRb-Jum7EQ$_$1,3,with,,,,,,,,,mandatory_unique_pair_in_all_optimal_LCS,,asr_empty_no_original_time,False,
-yRb-Jum7EQ$_$1,4,the,,,,,,,,,mandatory_unique_pair_in_all_optimal_LCS,,asr_empty_no_original_time,False,
-yRb-Jum7EQ$_$1,5,assistance,,,,,,,,,mandatory_unique_pair_in_all_optimal_LCS,,asr_empty_no_original_time,False,
-yRb-Jum7EQ$_$1,6,and,,,,,,,,,mandatory_unique_pair_in_all_optimal_LCS,,asr_empty_no_original_time,False,
-yRb-Jum7EQ$_$1,7,agitation,,,,,,,,,mandatory_unique_pair_in_all_optimal_LCS,,asr_empty_no_original_time,False,
-yRb-Jum7EQ$_$1,8,of,,,,,,,,,mandatory_unique_pair_in_all_optimal_LCS,,asr_empty_no_original_time,False,
-yRb-Jum7EQ$_$1,9,states,,,,,,,,,mandatory_unique_pair_in_all_optimal_LCS,,asr_empty_no_original_time,False,
-yRb-Jum7EQ$_$1,10,and,,,,,,,,,mandatory_unique_pair_in_all_optimal_LCS,,asr_empty_no_original_time,False,
-yRb-Jum7EQ$_$1,11,regimes,,,,,,,,,mandatory_unique_pair_in_all_optimal_LCS,,asr_empty_no_original_time,False,
-yRb-Jum7EQ$_$1,12,Yesterday,,,,,,,,,mandatory_unique_pair_in_all_optimal_LCS,,asr_empty_no_original_time,False,
-yRb-Jum7EQ$_$1,13,Iran,,,,,,,,,mandatory_unique_pair_in_all_optimal_LCS,,asr_empty_no_original_time,False,
-yRb-Jum7EQ$_$1,14,announced,,,,,,,,,mandatory_unique_pair_in_all_optimal_LCS,,asr_empty_no_original_time,False,
-yRb-Jum7EQ$_$1,15,that,,,,,,,,,mandatory_unique_pair_in_all_optimal_LCS,,asr_empty_no_original_time,False,
-yRb-Jum7EQ$_$1,16,it,,,,,,,,,mandatory_unique_pair_in_all_optimal_LCS,,asr_empty_no_original_time,False,
-yRb-Jum7EQ$_$1,17,will,,,,,,,,,mandatory_unique_pair_in_all_optimal_LCS,,asr_empty_no_original_time,False,
-yRb-Jum7EQ$_$1,18,finance,,,,,,,,,mandatory_unique_pair_in_all_optimal_LCS,,asr_empty_no_original_time,False,
-yRb-Jum7EQ$_$1,19,the,,,,,,,,,mandatory_unique_pair_in_all_optimal_LCS,,asr_empty_no_original_time,False,
-yRb-Jum7EQ$_$1,20,families,,,,,,,,,mandatory_unique_pair_in_all_optimal_LCS,,asr_empty_no_original_time,False,
-yRb-Jum7EQ$_$1,21,of,,,,,,,,,mandatory_unique_pair_in_all_optimal_LCS,,asr_empty_no_original_time,False,
-yRb-Jum7EQ$_$1,22,the,,,,,,,,,mandatory_unique_pair_in_all_optimal_LCS,,asr_empty_no_original_time,False,
-yRb-Jum7EQ$_$1,23,terrorists,,,,,,,,,mandatory_unique_pair_in_all_optimal_LCS,,asr_empty_no_original_time,False,
-yRb-Jum7EQ$_$1,24,and,,,,,,,,,mandatory_unique_pair_in_all_optimal_LCS,,asr_empty_no_original_time,False,
-yRb-Jum7EQ$_$1,25,murderers,,,,,,,,,mandatory_unique_pair_in_all_optimal_LCS,,asr_empty_no_original_time,False,
-yRb-Jum7EQ$_$1,26,this,,,,,,,,,mandatory_unique_pair_in_all_optimal_LCS,,asr_empty_no_original_time,False,
-yRb-Jum7EQ$_$1,27,shows,,,,,,,,,mandatory_unique_pair_in_all_optimal_LCS,,asr_empty_no_original_time,False,
-yRb-Jum7EQ$_$1,28,that,,,,,,,,,mandatory_unique_pair_in_all_optimal_LCS,,asr_empty_no_original_time,False,
-yRb-Jum7EQ$_$1,29,Iran,,,,,,,,,mandatory_unique_pair_in_all_optimal_LCS,,asr_empty_no_original_time,False,
-yRb-Jum7EQ$_$1,30,even,,,,,,,,,mandatory_unique_pair_in_all_optimal_LCS,,asr_empty_no_original_time,False,
-yRb-Jum7EQ$_$1,31,after,,,,,,,,,mandatory_unique_pair_in_all_optimal_LCS,,asr_empty_no_original_time,False,
-yRb-Jum7EQ$_$1,32,the,,,,,,,,,mandatory_unique_pair_in_all_optimal_LCS,,asr_empty_no_original_time,False,
-yRb-Jum7EQ$_$1,33,nuclear,,,,,,,,,mandatory_unique_pair_in_all_optimal_LCS,,asr_empty_no_original_time,False,
-yRb-Jum7EQ$_$1,34,agreement,,,,,,,,,mandatory_unique_pair_in_all_optimal_LCS,,asr_empty_no_original_time,False,
-yRb-Jum7EQ$_$1,35,is,,,,,,,,,mandatory_unique_pair_in_all_optimal_LCS,,asr_empty_no_original_time,False,
-yRb-Jum7EQ$_$1,36,continuing,,,,,,,,,mandatory_unique_pair_in_all_optimal_LCS,,asr_empty_no_original_time,False,
-yRb-Jum7EQ$_$1,37,to,,,,,,,,,mandatory_unique_pair_in_all_optimal_LCS,,asr_empty_no_original_time,False,
-yRb-Jum7EQ$_$1,38,aid,,,,,,,,,mandatory_unique_pair_in_all_optimal_LCS,,asr_empty_no_original_time,False,
-yRb-Jum7EQ$_$1,39,terrorism,,,,,,,,,mandatory_unique_pair_in_all_optimal_LCS,,asr_empty_no_original_time,False,
-yRb-Jum7EQ$_$1,40,including,,,,,,,,,mandatory_unique_pair_in_all_optimal_LCS,,asr_empty_no_original_time,False,
-yRb-Jum7EQ$_$1,41,Palestinian,,,,,,,,,mandatory_unique_pair_in_all_optimal_LCS,,asr_empty_no_original_time,False,
-yRb-Jum7EQ$_$1,42,terrorism,,,,,,,,,mandatory_unique_pair_in_all_optimal_LCS,,asr_empty_no_original_time,False,
-yRb-Jum7EQ$_$1,43,Hezbollah,,,,,,,,,mandatory_unique_pair_in_all_optimal_LCS,,asr_empty_no_original_time,False,
-yRb-Jum7EQ$_$1,44,terrorism,,,,,,,,,mandatory_unique_pair_in_all_optimal_LCS,,asr_empty_no_original_time,False,
-yRb-Jum7EQ$_$1,45,and,,,,,,,,,mandatory_unique_pair_in_all_optimal_LCS,,asr_empty_no_original_time,False,
-yRb-Jum7EQ$_$1,46,its,,,,,,,,,mandatory_unique_pair_in_all_optimal_LCS,,asr_empty_no_original_time,False,
-yRb-Jum7EQ$_$1,47,assistance,,,,,,,,,mandatory_unique_pair_in_all_optimal_LCS,,asr_empty_no_original_time,False,
-yRb-Jum7EQ$_$1,48,to,,,,,,,,,mandatory_unique_pair_in_all_optimal_LCS,,asr_empty_no_original_time,False,
-yRb-Jum7EQ$_$1,49,Hamas,,,,,,,,,mandatory_unique_pair_in_all_optimal_LCS,,asr_empty_no_original_time,False,
-yRb-Jum7EQ$_$5,1,Yesterday,,,,,,,,,mandatory_unique_pair_in_all_optimal_LCS,,official_word_unmatched_or_ambiguous,False,
-yRb-Jum7EQ$_$5,2,Eliav,,,,,,,,,mandatory_unique_pair_in_all_optimal_LCS,,official_word_unmatched_or_ambiguous,False,
-yRb-Jum7EQ$_$5,3,Gelman,,,,,,,,,mandatory_unique_pair_in_all_optimal_LCS,,official_word_unmatched_or_ambiguous,False,
-yRb-Jum7EQ$_$5,4,lost,,,,,,,,,mandatory_unique_pair_in_all_optimal_LCS,,official_word_unmatched_or_ambiguous,False,
-yRb-Jum7EQ$_$5,5,his,,,,,,,,,mandatory_unique_pair_in_all_optimal_LCS,,official_word_unmatched_or_ambiguous,False,
-yRb-Jum7EQ$_$5,6,life,,,,,,,,,mandatory_unique_pair_in_all_optimal_LCS,,official_word_unmatched_or_ambiguous,False,
-yRb-Jum7EQ$_$5,7,in,11,11,in,,,,,0.13447095453739166,mandatory_unique_pair_in_all_optimal_LCS,,whisper_time_flagged_null,False,very_long_duration_review
-yRb-Jum7EQ$_$5,8,another,,,,,,,,,mandatory_unique_pair_in_all_optimal_LCS,,official_word_unmatched_or_ambiguous,False,
-yRb-Jum7EQ$_$5,9,terrorist,,,,,,,,,mandatory_unique_pair_in_all_optimal_LCS,,official_word_unmatched_or_ambiguous,False,
-yRb-Jum7EQ$_$5,10,attack,,,,,,,,,mandatory_unique_pair_in_all_optimal_LCS,,official_word_unmatched_or_ambiguous,False,
-yRb-Jum7EQ$_$5,11,not,,,,,,,,,mandatory_unique_pair_in_all_optimal_LCS,,official_word_unmatched_or_ambiguous,False,
-yRb-Jum7EQ$_$5,12,by,,,,,,,,,mandatory_unique_pair_in_all_optimal_LCS,,official_word_unmatched_or_ambiguous,False,
-yRb-Jum7EQ$_$5,13,the,,,,,,,,,mandatory_unique_pair_in_all_optimal_LCS,,official_word_unmatched_or_ambiguous,False,
-yRb-Jum7EQ$_$5,14,students,,,,,,,,,mandatory_unique_pair_in_all_optimal_LCS,,official_word_unmatched_or_ambiguous,False,
-yRb-Jum7EQ$_$5,15,of,27,27,of,8.6,8.68,8.6,8.68,0.6557836532592773,mandatory_unique_pair_in_all_optimal_LCS,Whisper small.en word timestamp estimate,partial_whisper_estimate_auto_qc_pass,True,
-yRb-Jum7EQ$_$5,16,terrorism,,,,,,,,,mandatory_unique_pair_in_all_optimal_LCS,,official_word_unmatched_or_ambiguous,False,
-yRb-Jum7EQ$_$5,17,but,,,,,,,,,mandatory_unique_pair_in_all_optimal_LCS,,official_word_unmatched_or_ambiguous,False,
-yRb-Jum7EQ$_$5,18,by,,,,,,,,,mandatory_unique_pair_in_all_optimal_LCS,,official_word_unmatched_or_ambiguous,False,
-yRb-Jum7EQ$_$5,19,those,,,,,,,,,mandatory_unique_pair_in_all_optimal_LCS,,official_word_unmatched_or_ambiguous,False,
-yRb-Jum7EQ$_$5,20,who,,,,,,,,,mandatory_unique_pair_in_all_optimal_LCS,,official_word_unmatched_or_ambiguous,False,
-yRb-Jum7EQ$_$5,21,teach,,,,,,,,,mandatory_unique_pair_in_all_optimal_LCS,,official_word_unmatched_or_ambiguous,False,
-yRb-Jum7EQ$_$5,22,terrorism,,,,,,,,,mandatory_unique_pair_in_all_optimal_LCS,,official_word_unmatched_or_ambiguous,False,
-yRb-Jum7EQ$_$5,23,a,,,,,,,,,mandatory_unique_pair_in_all_optimal_LCS,,official_word_unmatched_or_ambiguous,False,
-yRb-Jum7EQ$_$5,24,Palestinian,,,,,,,,,mandatory_unique_pair_in_all_optimal_LCS,,official_word_unmatched_or_ambiguous,False,
-yRb-Jum7EQ$_$5,25,teacher,,,,,,,,,mandatory_unique_pair_in_all_optimal_LCS,,official_word_unmatched_or_ambiguous,False,
-yRb-Jum7EQ$_$6,1,Therefore,,,,,,,,,mandatory_unique_pair_in_all_optimal_LCS,,official_word_unmatched_or_ambiguous,False,
-yRb-Jum7EQ$_$6,2,the,,,,,,,,,mandatory_unique_pair_in_all_optimal_LCS,,official_word_unmatched_or_ambiguous,False,
-yRb-Jum7EQ$_$6,3,world,,,,,,,,,mandatory_unique_pair_in_all_optimal_LCS,,official_word_unmatched_or_ambiguous,False,
-yRb-Jum7EQ$_$6,4,needs,,,,,,,,,mandatory_unique_pair_in_all_optimal_LCS,,official_word_unmatched_or_ambiguous,False,
-yRb-Jum7EQ$_$6,5,to,5,5,to,0.86,1.4,0.86,1.4,0.9913163185119629,mandatory_unique_pair_in_all_optimal_LCS,Whisper small.en word timestamp estimate,partial_whisper_estimate_auto_qc_pass,True,
-yRb-Jum7EQ$_$6,6,stand,,,,,,,,,mandatory_unique_pair_in_all_optimal_LCS,,official_word_unmatched_or_ambiguous,False,
-yRb-Jum7EQ$_$6,7,with,,,,,,,,,mandatory_unique_pair_in_all_optimal_LCS,,official_word_unmatched_or_ambiguous,False,
-yRb-Jum7EQ$_$6,8,Israel,14,14,Israel,2.36,2.84,2.36,2.84,0.82113116979599,mandatory_unique_pair_in_all_optimal_LCS,Whisper small.en word timestamp estimate,partial_whisper_estimate_auto_qc_pass,True,
-yRb-Jum7EQ$_$6,9,against,,,,,,,,,mandatory_unique_pair_in_all_optimal_LCS,,official_word_unmatched_or_ambiguous,False,
-yRb-Jum7EQ$_$6,10,this,,,,,,,,,mandatory_unique_pair_in_all_optimal_LCS,,official_word_unmatched_or_ambiguous,False,
-yRb-Jum7EQ$_$6,11,incitement,,,,,,,,,mandatory_unique_pair_in_all_optimal_LCS,,official_word_unmatched_or_ambiguous,False,
-yRb-Jum7EQ$_$6,12,which,,,,,,,,,mandatory_unique_pair_in_all_optimal_LCS,,official_word_unmatched_or_ambiguous,False,
-yRb-Jum7EQ$_$6,13,is,27,27,is,6.96,7.22,6.96,7.22,0.5732213854789734,mandatory_unique_pair_in_all_optimal_LCS,Whisper small.en word timestamp estimate,partial_whisper_estimate_auto_qc_pass,True,
-yRb-Jum7EQ$_$6,14,the,,,,,,,,,mandatory_unique_pair_in_all_optimal_LCS,,official_word_unmatched_or_ambiguous,False,
-yRb-Jum7EQ$_$6,15,number,,,,,,,,,mandatory_unique_pair_in_all_optimal_LCS,,official_word_unmatched_or_ambiguous,False,
-yRb-Jum7EQ$_$6,16,one,,,,,,,,,mandatory_unique_pair_in_all_optimal_LCS,,official_word_unmatched_or_ambiguous,False,
-yRb-Jum7EQ$_$6,17,cause,,,,,,,,,mandatory_unique_pair_in_all_optimal_LCS,,official_word_unmatched_or_ambiguous,False,
-yRb-Jum7EQ$_$6,18,of,,,,,,,,,mandatory_unique_pair_in_all_optimal_LCS,,official_word_unmatched_or_ambiguous,False,
-yRb-Jum7EQ$_$6,19,terrorism,,,,,,,,,mandatory_unique_pair_in_all_optimal_LCS,,official_word_unmatched_or_ambiguous,False,
