sample_id,official_word_index,official_word,whisper_word_index,whisper_word,start_time_wav_s,end_time_wav_s,start_time_source_s,end_time_source_s,timestamp_source,timestamp_status,word_time_valid_mask,automatic_flags
-3g5yACwYnA$_$13,1,They've,,,,,,,,text_mismatch_no_original_time,False,
-3g5yACwYnA$_$13,2,been,,,,,,,,text_mismatch_no_original_time,False,
-3g5yACwYnA$_$13,3,able,,,,,,,,text_mismatch_no_original_time,False,
-3g5yACwYnA$_$13,4,to,,,,,,,,text_mismatch_no_original_time,False,
-3g5yACwYnA$_$13,5,find,,,,,,,,text_mismatch_no_original_time,False,
-3g5yACwYnA$_$13,6,solutions,,,,,,,,text_mismatch_no_original_time,False,
-3g5yACwYnA$_$13,7,or,,,,,,,,text_mismatch_no_original_time,False,
-3g5yACwYnA$_$13,8,at,,,,,,,,text_mismatch_no_original_time,False,
-3g5yACwYnA$_$13,9,least,,,,,,,,text_mismatch_no_original_time,False,
-3g5yACwYnA$_$13,10,bring,,,,,,,,text_mismatch_no_original_time,False,
-3g5yACwYnA$_$13,11,some,,,,,,,,text_mismatch_no_original_time,False,
-3g5yACwYnA$_$13,12,answers,,,,,,,,text_mismatch_no_original_time,False,
-3g5yACwYnA$_$13,13,to,,,,,,,,text_mismatch_no_original_time,False,
-3g5yACwYnA$_$13,14,the,,,,,,,,text_mismatch_no_original_time,False,
-3g5yACwYnA$_$13,15,table,,,,,,,,text_mismatch_no_original_time,False,
-3g5yACwYnA$_$3,1,We're,,,,,,,,text_mismatch_no_original_time,False,
-3g5yACwYnA$_$3,2,a,,,,,,,,text_mismatch_no_original_time,False,
-3g5yACwYnA$_$3,3,huge,,,,,,,,text_mismatch_no_original_time,False,
-3g5yACwYnA$_$3,4,user,,,,,,,,text_mismatch_no_original_time,False,
-3g5yACwYnA$_$3,5,of,,,,,,,,text_mismatch_no_original_time,False,
-3g5yACwYnA$_$3,6,adhesives,,,,,,,,text_mismatch_no_original_time,False,
-3g5yACwYnA$_$3,7,for,,,,,,,,text_mismatch_no_original_time,False,
-3g5yACwYnA$_$3,8,our,,,,,,,,text_mismatch_no_original_time,False,
-3g5yACwYnA$_$3,9,operation,,,,,,,,text_mismatch_no_original_time,False,
-3g5yACwYnA$_$3,10,called,,,,,,,,text_mismatch_no_original_time,False,
-3g5yACwYnA$_$3,11,flocking,,,,,,,,text_mismatch_no_original_time,False,
-3g5yACwYnA$_$3,12,and,,,,,,,,text_mismatch_no_original_time,False,
-3g5yACwYnA$_$3,13,we,,,,,,,,text_mismatch_no_original_time,False,
-3g5yACwYnA$_$3,14,don't,,,,,,,,text_mismatch_no_original_time,False,
-3g5yACwYnA$_$3,15,have,,,,,,,,text_mismatch_no_original_time,False,
-3g5yACwYnA$_$3,16,the,,,,,,,,text_mismatch_no_original_time,False,
-3g5yACwYnA$_$3,17,technical,,,,,,,,text_mismatch_no_original_time,False,
-3g5yACwYnA$_$3,18,inside,,,,,,,,text_mismatch_no_original_time,False,
-3g5yACwYnA$_$3,19,compounding,,,,,,,,text_mismatch_no_original_time,False,
-3g5yACwYnA$_$3,20,or,,,,,,,,text_mismatch_no_original_time,False,
-3g5yACwYnA$_$3,21,the,,,,,,,,text_mismatch_no_original_time,False,
-3g5yACwYnA$_$3,22,technical,,,,,,,,text_mismatch_no_original_time,False,
-3g5yACwYnA$_$3,23,expertise,,,,,,,,text_mismatch_no_original_time,False,
-3g5yACwYnA$_$3,24,to,,,,,,,,text_mismatch_no_original_time,False,
-3g5yACwYnA$_$3,25,do,,,,,,,,text_mismatch_no_original_time,False,
-3g5yACwYnA$_$3,26,these,,,,,,,,text_mismatch_no_original_time,False,
-3g5yACwYnA$_$3,27,types,,,,,,,,text_mismatch_no_original_time,False,
-3g5yACwYnA$_$3,28,of,,,,,,,,text_mismatch_no_original_time,False,
-3g5yACwYnA$_$3,29,things,,,,,,,,text_mismatch_no_original_time,False,
-3g5yACwYnA$_$2,1,Key,1,key,1.6599999999999984,2.459999999999999,1.6599999999999984,2.459999999999999,Whisper small.en word timestamp estimate,whisper_estimate_auto_qc_pass,True,
-3g5yACwYnA$_$2,2,Polymer,2,polymer,2.459999999999999,3.26,2.459999999999999,3.26,Whisper small.en word timestamp estimate,whisper_estimate_auto_qc_pass,True,
-3g5yACwYnA$_$2,3,brings,3,brings,3.26,3.54,3.26,3.54,Whisper small.en word timestamp estimate,whisper_estimate_auto_qc_pass,True,
-3g5yACwYnA$_$2,4,a,4,a,3.54,3.72,3.54,3.72,Whisper small.en word timestamp estimate,whisper_estimate_auto_qc_pass,True,
-3g5yACwYnA$_$2,5,technical,5,technical,3.72,4.02,3.72,4.02,Whisper small.en word timestamp estimate,whisper_estimate_auto_qc_pass,True,
-3g5yACwYnA$_$2,6,aspect,6,aspect,4.02,4.58,4.02,4.58,Whisper small.en word timestamp estimate,whisper_estimate_auto_qc_pass,True,
-3g5yACwYnA$_$2,7,to,7,to,4.58,4.98,4.58,4.98,Whisper small.en word timestamp estimate,whisper_estimate_auto_qc_pass,True,
-3g5yACwYnA$_$2,8,our,8,our,4.98,5.92,4.98,5.92,Whisper small.en word timestamp estimate,whisper_estimate_auto_qc_pass,True,
-3g5yACwYnA$_$2,9,operation,9,operation,5.92,6.34,5.92,6.34,Whisper small.en word timestamp estimate,whisper_estimate_auto_qc_pass,True,
-3g5yACwYnA$_$2,10,that,10,that,6.34,6.62,6.34,6.62,Whisper small.en word timestamp estimate,whisper_estimate_auto_qc_pass,True,
-3g5yACwYnA$_$2,11,we,11,we,6.62,6.78,6.62,6.78,Whisper small.en word timestamp estimate,whisper_estimate_auto_qc_pass,True,
-3g5yACwYnA$_$2,12,don't,12,don't,6.78,6.98,6.78,6.98,Whisper small.en word timestamp estimate,whisper_estimate_auto_qc_pass,True,
-3g5yACwYnA$_$2,13,have,13,have,6.98,7.18,6.98,7.18,Whisper small.en word timestamp estimate,whisper_estimate_auto_qc_pass,True,
-3g5yACwYnA$_$2,14,internally,14,internally,7.18,7.64,7.18,7.64,Whisper small.en word timestamp estimate,whisper_estimate_auto_qc_pass,True,
-3g5yACwYnA$_$9,1,We,,,,,,,,text_mismatch_no_original_time,False,
-3g5yACwYnA$_$9,2,have,,,,,,,,text_mismatch_no_original_time,False,
-3g5yACwYnA$_$9,3,many,,,,,,,,text_mismatch_no_original_time,False,
-3g5yACwYnA$_$9,4,new,,,,,,,,text_mismatch_no_original_time,False,
-3g5yACwYnA$_$9,5,opportunities,,,,,,,,text_mismatch_no_original_time,False,
-3g5yACwYnA$_$9,6,through,,,,,,,,text_mismatch_no_original_time,False,
-3g5yACwYnA$_$9,7,the,,,,,,,,text_mismatch_no_original_time,False,
-3g5yACwYnA$_$9,8,way,,,,,,,,text_mismatch_no_original_time,False,
-3g5yACwYnA$_$9,9,things,,,,,,,,text_mismatch_no_original_time,False,
-3g5yACwYnA$_$9,10,have,,,,,,,,text_mismatch_no_original_time,False,
-3g5yACwYnA$_$9,11,changed,,,,,,,,text_mismatch_no_original_time,False,
-3g5yACwYnA$_$9,12,through,,,,,,,,text_mismatch_no_original_time,False,
-3g5yACwYnA$_$9,13,the,,,,,,,,text_mismatch_no_original_time,False,
-3g5yACwYnA$_$9,14,years,,,,,,,,text_mismatch_no_original_time,False,
-3g5yACwYnA$_$9,15,looking,,,,,,,,text_mismatch_no_original_time,False,
-3g5yACwYnA$_$9,16,for,,,,,,,,text_mismatch_no_original_time,False,
-3g5yACwYnA$_$9,17,new,,,,,,,,text_mismatch_no_original_time,False,
-3g5yACwYnA$_$9,18,niche,,,,,,,,text_mismatch_no_original_time,False,
-3g5yACwYnA$_$9,19,high,,,,,,,,text_mismatch_no_original_time,False,
-3g5yACwYnA$_$9,20,end,,,,,,,,text_mismatch_no_original_time,False,
-3g5yACwYnA$_$9,21,value,,,,,,,,text_mismatch_no_original_time,False,
-3g5yACwYnA$_$9,22,added,,,,,,,,text_mismatch_no_original_time,False,
-3g5yACwYnA$_$9,23,products,,,,,,,,text_mismatch_no_original_time,False,
-3nNcZdcdvU$_$5,1,Noncompliance,,,,,,,,text_mismatch_no_original_time,False,
-3nNcZdcdvU$_$5,2,can,,,,,,,,text_mismatch_no_original_time,False,
-3nNcZdcdvU$_$5,3,result,,,,,,,,text_mismatch_no_original_time,False,
-3nNcZdcdvU$_$5,4,in,,,,,,,,text_mismatch_no_original_time,False,
-3nNcZdcdvU$_$5,5,legal,,,,,,,,text_mismatch_no_original_time,False,
-3nNcZdcdvU$_$5,6,liability,,,,,,,,text_mismatch_no_original_time,False,
-3nNcZdcdvU$_$5,7,to,,,,,,,,text_mismatch_no_original_time,False,
-3nNcZdcdvU$_$5,8,you,,,,,,,,text_mismatch_no_original_time,False,
-3nNcZdcdvU$_$5,9,and,,,,,,,,text_mismatch_no_original_time,False,
-3nNcZdcdvU$_$5,10,to,,,,,,,,text_mismatch_no_original_time,False,
-3nNcZdcdvU$_$5,11,the,,,,,,,,text_mismatch_no_original_time,False,
-3nNcZdcdvU$_$5,12,school,,,,,,,,text_mismatch_no_original_time,False,
-3nNcZdcdvU$_$5,13,district,,,,,,,,text_mismatch_no_original_time,False,
-3nNcZdcdvU$_$5,14,in,,,,,,,,text_mismatch_no_original_time,False,
-3nNcZdcdvU$_$5,15,which,,,,,,,,text_mismatch_no_original_time,False,
-3nNcZdcdvU$_$5,16,you,,,,,,,,text_mismatch_no_original_time,False,
-3nNcZdcdvU$_$5,17,are,,,,,,,,text_mismatch_no_original_time,False,
-3nNcZdcdvU$_$5,18,employed,,,,,,,,text_mismatch_no_original_time,False,
-HwX2H8Z4hY$_$2,1,President,,,,,,,,text_mismatch_no_original_time,False,
-HwX2H8Z4hY$_$2,2,Ronald,,,,,,,,text_mismatch_no_original_time,False,
-HwX2H8Z4hY$_$2,3,Reagan,,,,,,,,text_mismatch_no_original_time,False,
-HwX2H8Z4hY$_$2,4,Look,,,,,,,,text_mismatch_no_original_time,False,
-HwX2H8Z4hY$_$2,5,at,,,,,,,,text_mismatch_no_original_time,False,
-HwX2H8Z4hY$_$2,6,the,,,,,,,,text_mismatch_no_original_time,False,
-HwX2H8Z4hY$_$2,7,record,,,,,,,,text_mismatch_no_original_time,False,
-HwX2H8Z4hY$_$5,1,President,1,President,0.0,1.16,0.0,1.16,Whisper small.en word timestamp estimate,whisper_estimate_auto_qc_pass,True,
-HwX2H8Z4hY$_$5,2,Ronald,2,Ronald,1.16,1.56,1.16,1.56,Whisper small.en word timestamp estimate,whisper_estimate_auto_qc_pass,True,
-HwX2H8Z4hY$_$5,3,Reagan,3,Reagan,1.56,2.0,1.56,2.0,Whisper small.en word timestamp estimate,whisper_estimate_auto_qc_pass,True,
-HwX2H8Z4hY$_$5,4,blamed,4,blamed,2.0,2.44,2.0,2.44,Whisper small.en word timestamp estimate,whisper_estimate_auto_qc_pass,True,
-HwX2H8Z4hY$_$5,5,the,5,the,2.44,2.74,2.44,2.74,Whisper small.en word timestamp estimate,whisper_estimate_auto_qc_pass,True,
-HwX2H8Z4hY$_$5,6,professional,6,professional,2.74,3.34,2.74,3.34,Whisper small.en word timestamp estimate,whisper_estimate_auto_qc_pass,True,
-HwX2H8Z4hY$_$5,7,bureaucracy,7,bureaucracy,3.34,3.92,3.34,3.92,Whisper small.en word timestamp estimate,whisper_estimate_auto_qc_pass,True,
-HwX2H8Z4hY$_$5,8,of,8,of,3.92,4.38,3.92,4.38,Whisper small.en word timestamp estimate,whisper_estimate_auto_qc_pass,True,
-HwX2H8Z4hY$_$5,9,education,9,education,4.38,4.94,4.38,4.94,Whisper small.en word timestamp estimate,whisper_estimate_auto_qc_pass,True,
-HwX2H8Z4hY$_$6,1,And,,,,,,,,text_mismatch_no_original_time,False,
-HwX2H8Z4hY$_$6,2,in,,,,,,,,text_mismatch_no_original_time,False,
-HwX2H8Z4hY$_$6,3,part,,,,,,,,text_mismatch_no_original_time,False,
-HwX2H8Z4hY$_$6,4,Al,,,,,,,,text_mismatch_no_original_time,False,
-HwX2H8Z4hY$_$6,5,Shanker,,,,,,,,text_mismatch_no_original_time,False,
-HwX2H8Z4hY$_$6,6,did,,,,,,,,text_mismatch_no_original_time,False,
-HwX2H8Z4hY$_$6,7,too,,,,,,,,text_mismatch_no_original_time,False,
-HwX2H8Z4hY$_$9,1,It,,,,,,,,text_mismatch_no_original_time,False,
-HwX2H8Z4hY$_$9,2,is,,,,,,,,text_mismatch_no_original_time,False,
-HwX2H8Z4hY$_$9,3,a,,,,,,,,text_mismatch_no_original_time,False,
-HwX2H8Z4hY$_$9,4,word,,,,,,,,text_mismatch_no_original_time,False,
-HwX2H8Z4hY$_$9,5,which,,,,,,,,text_mismatch_no_original_time,False,
-HwX2H8Z4hY$_$9,6,the,,,,,,,,text_mismatch_no_original_time,False,
-HwX2H8Z4hY$_$9,7,administrator,,,,,,,,text_mismatch_no_original_time,False,
-HwX2H8Z4hY$_$9,8,uses,,,,,,,,text_mismatch_no_original_time,False,
-HwX2H8Z4hY$_$9,9,when,,,,,,,,text_mismatch_no_original_time,False,
-HwX2H8Z4hY$_$9,10,he,,,,,,,,text_mismatch_no_original_time,False,
-HwX2H8Z4hY$_$9,11,turns,,,,,,,,text_mismatch_no_original_time,False,
-HwX2H8Z4hY$_$9,12,around,,,,,,,,text_mismatch_no_original_time,False,
-HwX2H8Z4hY$_$9,13,anything,,,,,,,,text_mismatch_no_original_time,False,
-HwX2H8Z4hY$_$9,14,which,,,,,,,,text_mismatch_no_original_time,False,
-HwX2H8Z4hY$_$9,15,he,,,,,,,,text_mismatch_no_original_time,False,
-HwX2H8Z4hY$_$9,16,doesn't,,,,,,,,text_mismatch_no_original_time,False,
-HwX2H8Z4hY$_$9,17,like,,,,,,,,text_mismatch_no_original_time,False,
-HwX2H8Z4hY$_$9,18,that,,,,,,,,text_mismatch_no_original_time,False,
-HwX2H8Z4hY$_$9,19,the,,,,,,,,text_mismatch_no_original_time,False,
-HwX2H8Z4hY$_$9,20,teacher,,,,,,,,text_mismatch_no_original_time,False,
-HwX2H8Z4hY$_$9,21,is,,,,,,,,text_mismatch_no_original_time,False,
-HwX2H8Z4hY$_$9,22,doing,,,,,,,,text_mismatch_no_original_time,False,
-NFrJFQijFE$_$1,1,Structural,,,,,,,,asr_empty_no_original_time,False,
-NFrJFQijFE$_$1,2,mounts,,,,,,,,asr_empty_no_original_time,False,
-NFrJFQijFE$_$1,3,inside,,,,,,,,asr_empty_no_original_time,False,
-NFrJFQijFE$_$1,4,have,,,,,,,,asr_empty_no_original_time,False,
-NFrJFQijFE$_$1,5,to,,,,,,,,asr_empty_no_original_time,False,
-NFrJFQijFE$_$1,6,be,,,,,,,,asr_empty_no_original_time,False,
-NFrJFQijFE$_$1,7,properly,,,,,,,,asr_empty_no_original_time,False,
-NFrJFQijFE$_$1,8,stress,,,,,,,,asr_empty_no_original_time,False,
-NFrJFQijFE$_$1,9,analyzed,,,,,,,,asr_empty_no_original_time,False,
-NFrJFQijFE$_$1,10,so,,,,,,,,asr_empty_no_original_time,False,
-NFrJFQijFE$_$1,11,we,,,,,,,,asr_empty_no_original_time,False,
-NFrJFQijFE$_$1,12,make,,,,,,,,asr_empty_no_original_time,False,
-NFrJFQijFE$_$1,13,sure,,,,,,,,asr_empty_no_original_time,False,
-NFrJFQijFE$_$1,14,all,,,,,,,,asr_empty_no_original_time,False,
-NFrJFQijFE$_$1,15,that,,,,,,,,asr_empty_no_original_time,False,
-NFrJFQijFE$_$1,16,happens,,,,,,,,asr_empty_no_original_time,False,
-NFrJFQijFE$_$2,1,So,,,,,,,,text_mismatch_no_original_time,False,
-NFrJFQijFE$_$2,2,we,,,,,,,,text_mismatch_no_original_time,False,
-NFrJFQijFE$_$2,3,coordinate,,,,,,,,text_mismatch_no_original_time,False,
-NFrJFQijFE$_$2,4,with,,,,,,,,text_mismatch_no_original_time,False,
-NFrJFQijFE$_$2,5,all,,,,,,,,text_mismatch_no_original_time,False,
-NFrJFQijFE$_$2,6,the,,,,,,,,text_mismatch_no_original_time,False,
-NFrJFQijFE$_$2,7,proper,,,,,,,,text_mismatch_no_original_time,False,
-NFrJFQijFE$_$2,8,technical,,,,,,,,text_mismatch_no_original_time,False,
-NFrJFQijFE$_$2,9,fields,,,,,,,,text_mismatch_no_original_time,False,
-NFrJFQijFE$_$2,10,to,,,,,,,,text_mismatch_no_original_time,False,
-NFrJFQijFE$_$2,11,get,,,,,,,,text_mismatch_no_original_time,False,
-NFrJFQijFE$_$2,12,ready,,,,,,,,text_mismatch_no_original_time,False,
-NFrJFQijFE$_$2,13,for,,,,,,,,text_mismatch_no_original_time,False,
-NFrJFQijFE$_$2,14,the,,,,,,,,text_mismatch_no_original_time,False,
-NFrJFQijFE$_$2,15,instrument,,,,,,,,text_mismatch_no_original_time,False,
-NFrJFQijFE$_$2,16,to,,,,,,,,text_mismatch_no_original_time,False,
-NFrJFQijFE$_$2,17,arrive,,,,,,,,text_mismatch_no_original_time,False,
-NFrJFQijFE$_$2,18,here,,,,,,,,text_mismatch_no_original_time,False,
-THoVjtIkeU$_$12,1,What,,,,,,,,text_mismatch_no_original_time,False,
-THoVjtIkeU$_$12,2,ever,,,,,,,,text_mismatch_no_original_time,False,
-THoVjtIkeU$_$12,3,we,,,,,,,,text_mismatch_no_original_time,False,
-THoVjtIkeU$_$12,4,turn,,,,,,,,text_mismatch_no_original_time,False,
-THoVjtIkeU$_$12,5,our,,,,,,,,text_mismatch_no_original_time,False,
-THoVjtIkeU$_$12,6,attention,,,,,,,,text_mismatch_no_original_time,False,
-THoVjtIkeU$_$12,7,to,,,,,,,,text_mismatch_no_original_time,False,
-THoVjtIkeU$_$12,8,is,,,,,,,,text_mismatch_no_original_time,False,
-THoVjtIkeU$_$12,9,what,,,,,,,,text_mismatch_no_original_time,False,
-THoVjtIkeU$_$12,10,grows,,,,,,,,text_mismatch_no_original_time,False,
-THoVjtIkeU$_$12,11,and,,,,,,,,text_mismatch_no_original_time,False,
-THoVjtIkeU$_$12,12,so,,,,,,,,text_mismatch_no_original_time,False,
-THoVjtIkeU$_$12,13,if,,,,,,,,text_mismatch_no_original_time,False,
-THoVjtIkeU$_$12,14,we,,,,,,,,text_mismatch_no_original_time,False,
-THoVjtIkeU$_$12,15,believe,,,,,,,,text_mismatch_no_original_time,False,
-THoVjtIkeU$_$12,16,that,,,,,,,,text_mismatch_no_original_time,False,
-THoVjtIkeU$_$12,17,anything,,,,,,,,text_mismatch_no_original_time,False,
-THoVjtIkeU$_$12,18,is,,,,,,,,text_mismatch_no_original_time,False,
-THoVjtIkeU$_$12,19,possible,,,,,,,,text_mismatch_no_original_time,False,
-THoVjtIkeU$_$12,20,if,,,,,,,,text_mismatch_no_original_time,False,
-THoVjtIkeU$_$12,21,we,,,,,,,,text_mismatch_no_original_time,False,
-THoVjtIkeU$_$12,22,believe,,,,,,,,text_mismatch_no_original_time,False,
-THoVjtIkeU$_$12,23,that,,,,,,,,text_mismatch_no_original_time,False,
-THoVjtIkeU$_$12,24,social,,,,,,,,text_mismatch_no_original_time,False,
-THoVjtIkeU$_$12,25,justice,,,,,,,,text_mismatch_no_original_time,False,
-THoVjtIkeU$_$12,26,can,,,,,,,,text_mismatch_no_original_time,False,
-THoVjtIkeU$_$12,27,be,,,,,,,,text_mismatch_no_original_time,False,
-THoVjtIkeU$_$12,28,achieved,,,,,,,,text_mismatch_no_original_time,False,
-THoVjtIkeU$_$12,29,and,,,,,,,,text_mismatch_no_original_time,False,
-THoVjtIkeU$_$12,30,if,,,,,,,,text_mismatch_no_original_time,False,
-THoVjtIkeU$_$12,31,we,,,,,,,,text_mismatch_no_original_time,False,
-THoVjtIkeU$_$12,32,believe,,,,,,,,text_mismatch_no_original_time,False,
-THoVjtIkeU$_$12,33,in,,,,,,,,text_mismatch_no_original_time,False,
-THoVjtIkeU$_$12,34,youth,,,,,,,,text_mismatch_no_original_time,False,
-THoVjtIkeU$_$12,35,they,,,,,,,,text_mismatch_no_original_time,False,
-THoVjtIkeU$_$12,36,will,,,,,,,,text_mismatch_no_original_time,False,
-THoVjtIkeU$_$12,37,believe,,,,,,,,text_mismatch_no_original_time,False,
-THoVjtIkeU$_$12,38,in,,,,,,,,text_mismatch_no_original_time,False,
-THoVjtIkeU$_$12,39,themselves,,,,,,,,text_mismatch_no_original_time,False,
-THoVjtIkeU$_$2,1,I,1,I,0.0,0.1,0.0,0.1,Whisper small.en word timestamp estimate,whisper_estimate_auto_qc_pass,True,
-THoVjtIkeU$_$2,2,think,2,think,0.1,0.4,0.1,0.4,Whisper small.en word timestamp estimate,whisper_estimate_auto_qc_pass,True,
-THoVjtIkeU$_$2,3,social,3,social,0.4,1.36,0.4,1.36,Whisper small.en word timestamp estimate,whisper_estimate_auto_qc_pass,True,
-THoVjtIkeU$_$2,4,justice,4,justice,1.36,1.66,1.36,1.66,Whisper small.en word timestamp estimate,whisper_estimate_auto_qc_pass,True,
-THoVjtIkeU$_$2,5,is,5,is,1.66,1.92,1.66,1.92,Whisper small.en word timestamp estimate,whisper_estimate_auto_qc_pass,True,
-THoVjtIkeU$_$2,6,extremely,6,extremely,1.92,2.24,1.92,2.24,Whisper small.en word timestamp estimate,whisper_estimate_auto_qc_pass,True,
-THoVjtIkeU$_$2,7,important,7,important,2.24,2.7,2.24,2.7,Whisper small.en word timestamp estimate,whisper_estimate_auto_qc_pass,True,
-THoVjtIkeU$_$2,8,for,8,for,2.7,2.98,2.7,2.98,Whisper small.en word timestamp estimate,whisper_estimate_auto_qc_pass,True,
-THoVjtIkeU$_$2,9,young,9,young,2.98,3.2,2.98,3.2,Whisper small.en word timestamp estimate,whisper_estimate_auto_qc_pass,True,
-THoVjtIkeU$_$2,10,people,10,people,3.2,3.58,3.2,3.58,Whisper small.en word timestamp estimate,whisper_estimate_auto_qc_pass,True,
-THoVjtIkeU$_$6,1,You,,,,,,,,text_mismatch_no_original_time,False,
-THoVjtIkeU$_$6,2,know,,,,,,,,text_mismatch_no_original_time,False,
-THoVjtIkeU$_$6,3,that,,,,,,,,text_mismatch_no_original_time,False,
-THoVjtIkeU$_$6,4,I,,,,,,,,text_mismatch_no_original_time,False,
-THoVjtIkeU$_$6,5,think,,,,,,,,text_mismatch_no_original_time,False,
-THoVjtIkeU$_$6,6,listening,,,,,,,,text_mismatch_no_original_time,False,
-THoVjtIkeU$_$6,7,to,,,,,,,,text_mismatch_no_original_time,False,
-THoVjtIkeU$_$6,8,young,,,,,,,,text_mismatch_no_original_time,False,
-THoVjtIkeU$_$6,9,people,,,,,,,,text_mismatch_no_original_time,False,
-THoVjtIkeU$_$6,10,taking,,,,,,,,text_mismatch_no_original_time,False,
-THoVjtIkeU$_$6,11,in,,,,,,,,text_mismatch_no_original_time,False,
-THoVjtIkeU$_$6,12,what,,,,,,,,text_mismatch_no_original_time,False,
-THoVjtIkeU$_$6,13,they,,,,,,,,text_mismatch_no_original_time,False,
-THoVjtIkeU$_$6,14,have,,,,,,,,text_mismatch_no_original_time,False,
-THoVjtIkeU$_$6,15,to,,,,,,,,text_mismatch_no_original_time,False,
-THoVjtIkeU$_$6,16,say,,,,,,,,text_mismatch_no_original_time,False,
-THoVjtIkeU$_$6,17,because,,,,,,,,text_mismatch_no_original_time,False,
-THoVjtIkeU$_$6,18,what,,,,,,,,text_mismatch_no_original_time,False,
-THoVjtIkeU$_$6,19,we,,,,,,,,text_mismatch_no_original_time,False,
-THoVjtIkeU$_$6,20,have,,,,,,,,text_mismatch_no_original_time,False,
-THoVjtIkeU$_$6,21,seen,,,,,,,,text_mismatch_no_original_time,False,
-THoVjtIkeU$_$6,22,all,,,,,,,,text_mismatch_no_original_time,False,
-THoVjtIkeU$_$6,23,around,,,,,,,,text_mismatch_no_original_time,False,
-THoVjtIkeU$_$6,24,the,,,,,,,,text_mismatch_no_original_time,False,
-THoVjtIkeU$_$6,25,world,,,,,,,,text_mismatch_no_original_time,False,
-THoVjtIkeU$_$6,26,is,,,,,,,,text_mismatch_no_original_time,False,
-THoVjtIkeU$_$6,27,the,,,,,,,,text_mismatch_no_original_time,False,
-THoVjtIkeU$_$6,28,power,,,,,,,,text_mismatch_no_original_time,False,
-THoVjtIkeU$_$6,29,of,,,,,,,,text_mismatch_no_original_time,False,
-THoVjtIkeU$_$6,30,youth,,,,,,,,text_mismatch_no_original_time,False,
-UuX1xuaiiE$_$1,1,And,1,And,0.0,0.54,0.0,0.54,Whisper small.en word timestamp estimate,whisper_estimate_auto_qc_pass,True,
-UuX1xuaiiE$_$1,2,all,2,all,0.54,0.78,0.54,0.78,Whisper small.en word timestamp estimate,whisper_estimate_auto_qc_pass,True,
-UuX1xuaiiE$_$1,3,of,3,of,0.78,0.92,0.78,0.92,Whisper small.en word timestamp estimate,whisper_estimate_auto_qc_pass,True,
-UuX1xuaiiE$_$1,4,them,4,them,0.92,1.06,0.92,1.06,Whisper small.en word timestamp estimate,whisper_estimate_auto_qc_pass,True,
-UuX1xuaiiE$_$1,5,are,5,are,1.06,1.32,1.06,1.32,Whisper small.en word timestamp estimate,whisper_estimate_auto_qc_pass,True,
-UuX1xuaiiE$_$1,6,really,6,really,1.32,1.58,1.32,1.58,Whisper small.en word timestamp estimate,whisper_estimate_auto_qc_pass,True,
-UuX1xuaiiE$_$1,7,being,7,being,1.58,1.84,1.58,1.84,Whisper small.en word timestamp estimate,whisper_estimate_auto_qc_pass,True,
-UuX1xuaiiE$_$1,8,able,8,able,1.84,2.66,1.84,2.66,Whisper small.en word timestamp estimate,whisper_estimate_auto_qc_pass,True,
-UuX1xuaiiE$_$1,9,to,9,to,2.66,2.9,2.66,2.9,Whisper small.en word timestamp estimate,whisper_estimate_auto_qc_pass,True,
-UuX1xuaiiE$_$1,10,explore,10,explore,2.9,3.5,2.9,3.5,Whisper small.en word timestamp estimate,whisper_estimate_auto_qc_pass,True,
-UuX1xuaiiE$_$1,11,these,11,these,3.5,4.22,3.5,4.22,Whisper small.en word timestamp estimate,whisper_estimate_auto_qc_pass,True,
-UuX1xuaiiE$_$1,12,different,12,different,4.22,4.74,4.22,4.74,Whisper small.en word timestamp estimate,whisper_estimate_auto_qc_pass,True,
-UuX1xuaiiE$_$1,13,areas,13,areas,4.74,5.12,4.74,5.12,Whisper small.en word timestamp estimate,whisper_estimate_auto_qc_pass,True,
-UuX1xuaiiE$_$1,14,in,14,in,5.12,5.64,5.12,5.64,Whisper small.en word timestamp estimate,whisper_estimate_auto_qc_pass,True,
-UuX1xuaiiE$_$1,15,depth,15,depth,5.64,6.24,5.64,6.24,Whisper small.en word timestamp estimate,whisper_estimate_auto_qc_pass,True,
-UuX1xuaiiE$_$1,16,in,16,in,6.24,6.62,6.24,6.62,Whisper small.en word timestamp estimate,whisper_estimate_auto_qc_pass,True,
-UuX1xuaiiE$_$1,17,a,17,a,6.62,6.74,6.62,6.74,Whisper small.en word timestamp estimate,whisper_estimate_auto_qc_pass,True,
-UuX1xuaiiE$_$1,18,way,18,way,6.74,6.92,6.74,6.92,Whisper small.en word timestamp estimate,whisper_estimate_auto_qc_pass,True,
-UuX1xuaiiE$_$1,19,that,19,that,6.92,7.2,6.92,7.2,Whisper small.en word timestamp estimate,whisper_estimate_auto_qc_pass,True,
-UuX1xuaiiE$_$1,20,really,20,really,7.2,7.46,7.2,7.46,Whisper small.en word timestamp estimate,whisper_estimate_auto_qc_pass,True,
-UuX1xuaiiE$_$1,21,wasn't,21,wasn't,7.46,7.78,7.46,7.78,Whisper small.en word timestamp estimate,whisper_estimate_auto_qc_pass,True,
-UuX1xuaiiE$_$1,22,available,22,available,7.78,8.12,7.78,8.12,Whisper small.en word timestamp estimate,whisper_estimate_auto_qc_pass,True,
-UuX1xuaiiE$_$1,23,before,23,before,8.12,8.62,8.12,8.62,Whisper small.en word timestamp estimate,whisper_estimate_auto_qc_pass,True,
-UuX1xuaiiE$_$1,24,the,24,the,8.62,8.8,8.62,8.8,Whisper small.en word timestamp estimate,whisper_estimate_auto_qc_pass,True,
-UuX1xuaiiE$_$1,25,center,25,center,8.8,9.04,8.8,9.04,Whisper small.en word timestamp estimate,whisper_estimate_auto_qc_pass,True,
-UuX1xuaiiE$_$1,26,was,26,was,9.04,9.34,9.04,9.34,Whisper small.en word timestamp estimate,whisper_estimate_auto_qc_pass,True,
-UuX1xuaiiE$_$1,27,here,27,here,9.34,9.7,9.34,9.7,Whisper small.en word timestamp estimate,whisper_estimate_auto_qc_pass,True,
-UuX1xuaiiE$_$0,1,it's,1,It's,0.0,0.14,0.0,0.14,Whisper small.en word timestamp estimate,whisper_estimate_auto_qc_pass,True,
-UuX1xuaiiE$_$0,2,amazing,2,amazing,0.14,0.54,0.14,0.54,Whisper small.en word timestamp estimate,whisper_estimate_auto_qc_pass,True,
-UuX1xuaiiE$_$0,3,to,3,to,0.54,1.0,0.54,1.0,Whisper small.en word timestamp estimate,whisper_estimate_auto_qc_pass,True,
-UuX1xuaiiE$_$0,4,see,4,see,1.0,1.24,1.0,1.24,Whisper small.en word timestamp estimate,whisper_estimate_auto_qc_pass,True,
-UuX1xuaiiE$_$0,5,their,5,their,1.24,1.46,1.24,1.46,Whisper small.en word timestamp estimate,whisper_estimate_auto_qc_pass,True,
-UuX1xuaiiE$_$0,6,enthusiasm,6,enthusiasm,1.46,2.0,1.46,2.0,Whisper small.en word timestamp estimate,whisper_estimate_auto_qc_pass,True,
-UuX1xuaiiE$_$0,7,and,7,and,2.0,2.4,2.0,2.4,Whisper small.en word timestamp estimate,whisper_estimate_auto_qc_pass,True,
-UuX1xuaiiE$_$0,8,their,8,their,2.4,2.52,2.4,2.52,Whisper small.en word timestamp estimate,whisper_estimate_auto_qc_pass,True,
-UuX1xuaiiE$_$0,9,passion,9,passion,2.52,2.94,2.52,2.94,Whisper small.en word timestamp estimate,whisper_estimate_auto_qc_pass,True,
-UuX1xuaiiE$_$3,1,My,1,My,0.0,0.64,0.0,0.64,Whisper small.en word timestamp estimate,whisper_estimate_auto_qc_pass,True,
-UuX1xuaiiE$_$3,2,goal,2,goal,0.64,0.9,0.64,0.9,Whisper small.en word timestamp estimate,whisper_estimate_auto_qc_pass,True,
-UuX1xuaiiE$_$3,3,is,3,is,0.9,1.32,0.9,1.32,Whisper small.en word timestamp estimate,whisper_estimate_auto_qc_pass,True,
-UuX1xuaiiE$_$3,4,to,4,to,1.32,1.62,1.32,1.62,Whisper small.en word timestamp estimate,whisper_estimate_auto_qc_pass,True,
-UuX1xuaiiE$_$3,5,become,5,become,1.62,2.0,1.62,2.0,Whisper small.en word timestamp estimate,whisper_estimate_auto_qc_pass,True,
-UuX1xuaiiE$_$3,6,a,6,a,2.0,2.66,2.0,2.66,Whisper small.en word timestamp estimate,whisper_estimate_auto_qc_pass,True,
-UuX1xuaiiE$_$3,7,human,7,human,2.66,2.82,2.66,2.82,Whisper small.en word timestamp estimate,whisper_estimate_auto_qc_pass,True,
-UuX1xuaiiE$_$3,8,rights,8,rights,2.82,3.14,2.82,3.14,Whisper small.en word timestamp estimate,whisper_estimate_auto_qc_pass,True,
-UuX1xuaiiE$_$3,9,lawyer,9,lawyer,3.14,3.52,3.14,3.52,Whisper small.en word timestamp estimate,whisper_estimate_auto_qc_pass,True,
-UuX1xuaiiE$_$6,1,I,,,,,,,,text_mismatch_no_original_time,False,
-UuX1xuaiiE$_$6,2,ended,,,,,,,,text_mismatch_no_original_time,False,
-UuX1xuaiiE$_$6,3,up,,,,,,,,text_mismatch_no_original_time,False,
-UuX1xuaiiE$_$6,4,going,,,,,,,,text_mismatch_no_original_time,False,
-UuX1xuaiiE$_$6,5,to,,,,,,,,text_mismatch_no_original_time,False,
-UuX1xuaiiE$_$6,6,work,,,,,,,,text_mismatch_no_original_time,False,
-UuX1xuaiiE$_$6,7,for,,,,,,,,text_mismatch_no_original_time,False,
-UuX1xuaiiE$_$6,8,the,,,,,,,,text_mismatch_no_original_time,False,
-UuX1xuaiiE$_$6,9,US,,,,,,,,text_mismatch_no_original_time,False,
-UuX1xuaiiE$_$6,10,government,,,,,,,,text_mismatch_no_original_time,False,
-UuX1xuaiiE$_$6,11,as,,,,,,,,text_mismatch_no_original_time,False,
-UuX1xuaiiE$_$6,12,an,,,,,,,,text_mismatch_no_original_time,False,
-UuX1xuaiiE$_$6,13,intelligence,,,,,,,,text_mismatch_no_original_time,False,
-UuX1xuaiiE$_$6,14,analyst,,,,,,,,text_mismatch_no_original_time,False,
-UuX1xuaiiE$_$6,15,specializing,,,,,,,,text_mismatch_no_original_time,False,
-UuX1xuaiiE$_$6,16,in,,,,,,,,text_mismatch_no_original_time,False,
-UuX1xuaiiE$_$6,17,war,,,,,,,,text_mismatch_no_original_time,False,
-UuX1xuaiiE$_$6,18,crimes,,,,,,,,text_mismatch_no_original_time,False,
-UuX1xuaiiE$_$6,19,and,,,,,,,,text_mismatch_no_original_time,False,
-UuX1xuaiiE$_$6,20,human,,,,,,,,text_mismatch_no_original_time,False,
-UuX1xuaiiE$_$6,21,rights,,,,,,,,text_mismatch_no_original_time,False,
-UuX1xuaiiE$_$6,22,issues,,,,,,,,text_mismatch_no_original_time,False,
-a55Q6RWvTA$_$3,1,And,1,And,0.0,0.84,0.0,0.84,Whisper small.en word timestamp estimate,whisper_estimate_auto_qc_pass,True,
-a55Q6RWvTA$_$3,2,if,2,if,0.84,1.14,0.84,1.14,Whisper small.en word timestamp estimate,whisper_estimate_auto_qc_pass,True,
-a55Q6RWvTA$_$3,3,you,3,you,1.14,1.34,1.14,1.34,Whisper small.en word timestamp estimate,whisper_estimate_auto_qc_pass,True,
-a55Q6RWvTA$_$3,4,clip,4,clip,1.34,1.68,1.34,1.68,Whisper small.en word timestamp estimate,whisper_estimate_auto_qc_pass,True,
-a55Q6RWvTA$_$3,5,coupons,5,coupons,1.68,2.22,1.68,2.22,Whisper small.en word timestamp estimate,whisper_estimate_auto_qc_pass,True,
-a55Q6RWvTA$_$3,6,if,6,if,2.74,2.78,2.74,2.78,Whisper small.en word timestamp estimate,whisper_estimate_auto_qc_pass,True,
-a55Q6RWvTA$_$3,7,you,7,you,2.78,2.92,2.78,2.92,Whisper small.en word timestamp estimate,whisper_estimate_auto_qc_pass,True,
-a55Q6RWvTA$_$3,8,don't,8,don't,2.92,3.24,2.92,3.24,Whisper small.en word timestamp estimate,whisper_estimate_auto_qc_pass,True,
-a55Q6RWvTA$_$3,9,go,9,go,3.24,3.44,3.24,3.44,Whisper small.en word timestamp estimate,whisper_estimate_auto_qc_pass,True,
-a55Q6RWvTA$_$3,10,out,10,out,3.44,3.68,3.44,3.68,Whisper small.en word timestamp estimate,whisper_estimate_auto_qc_pass,True,
-a55Q6RWvTA$_$3,11,for,11,for,3.68,3.88,3.68,3.88,Whisper small.en word timestamp estimate,whisper_estimate_auto_qc_pass,True,
-a55Q6RWvTA$_$3,12,dinner,12,dinner,3.88,4.14,3.88,4.14,Whisper small.en word timestamp estimate,whisper_estimate_auto_qc_pass,True,
-a55Q6RWvTA$_$3,13,and,13,and,4.14,4.54,4.14,4.54,Whisper small.en word timestamp estimate,whisper_estimate_auto_qc_pass,True,
-a55Q6RWvTA$_$3,14,movies,14,movies,4.54,5.06,4.54,5.06,Whisper small.en word timestamp estimate,whisper_estimate_auto_qc_pass,True,
-a55Q6RWvTA$_$3,15,and,15,and,5.06,5.32,5.06,5.32,Whisper small.en word timestamp estimate,whisper_estimate_auto_qc_pass,True,
-a55Q6RWvTA$_$3,16,things,16,things,5.32,5.52,5.32,5.52,Whisper small.en word timestamp estimate,whisper_estimate_auto_qc_pass,True,
-a55Q6RWvTA$_$3,17,of,17,of,5.52,5.66,5.52,5.66,Whisper small.en word timestamp estimate,whisper_estimate_auto_qc_pass,True,
-a55Q6RWvTA$_$3,18,that,18,that,5.66,5.8,5.66,5.8,Whisper small.en word timestamp estimate,whisper_estimate_auto_qc_pass,True,
-a55Q6RWvTA$_$3,19,nature,19,nature,5.8,6.26,5.8,6.26,Whisper small.en word timestamp estimate,whisper_estimate_auto_qc_pass,True,
-a55Q6RWvTA$_$3,20,and,20,and,6.82,7.06,6.82,7.06,Whisper small.en word timestamp estimate,whisper_estimate_auto_qc_pass,True,
-a55Q6RWvTA$_$3,21,try,21,try,7.06,7.32,7.06,7.32,Whisper small.en word timestamp estimate,whisper_estimate_auto_qc_pass,True,
-a55Q6RWvTA$_$3,22,to,22,to,7.32,7.46,7.32,7.46,Whisper small.en word timestamp estimate,whisper_estimate_auto_qc_pass,True,
-a55Q6RWvTA$_$3,23,take,23,take,7.46,7.64,7.46,7.64,Whisper small.en word timestamp estimate,whisper_estimate_auto_qc_pass,True,
-a55Q6RWvTA$_$3,24,up,24,up,7.64,7.8,7.64,7.8,Whisper small.en word timestamp estimate,whisper_estimate_auto_qc_pass,True,
-a55Q6RWvTA$_$3,25,things,25,things,7.8,8.18,7.8,8.18,Whisper small.en word timestamp estimate,whisper_estimate_auto_qc_pass,True,
-a55Q6RWvTA$_$3,26,in,26,in,8.18,8.44,8.18,8.44,Whisper small.en word timestamp estimate,whisper_estimate_auto_qc_pass,True,
-a55Q6RWvTA$_$3,27,life,27,life,8.44,8.76,8.44,8.76,Whisper small.en word timestamp estimate,whisper_estimate_auto_qc_pass,True,
-a55Q6RWvTA$_$3,28,that,28,that,8.76,9.0,8.76,9.0,Whisper small.en word timestamp estimate,whisper_estimate_auto_qc_pass,True,
-a55Q6RWvTA$_$3,29,well,29,well,9.06,9.28,9.06,9.28,Whisper small.en word timestamp estimate,whisper_estimate_auto_qc_pass,True,
-a55Q6RWvTA$_$3,30,they,30,they,9.5,9.58,9.5,9.58,Whisper small.en word timestamp estimate,whisper_estimate_auto_qc_pass,True,
-a55Q6RWvTA$_$3,31,always,31,always,9.58,9.86,9.58,9.86,Whisper small.en word timestamp estimate,whisper_estimate_auto_qc_pass,True,
-a55Q6RWvTA$_$3,32,say,32,say,9.86,10.14,9.86,10.14,Whisper small.en word timestamp estimate,whisper_estimate_auto_qc_pass,True,
-a55Q6RWvTA$_$3,33,the,33,the,10.22,10.32,10.22,10.32,Whisper small.en word timestamp estimate,whisper_estimate_auto_qc_pass,True,
-a55Q6RWvTA$_$3,34,best,34,best,10.32,10.5,10.32,10.5,Whisper small.en word timestamp estimate,whisper_estimate_auto_qc_pass,True,
-a55Q6RWvTA$_$3,35,things,35,things,10.5,10.72,10.5,10.72,Whisper small.en word timestamp estimate,whisper_estimate_auto_qc_pass,True,
-a55Q6RWvTA$_$3,36,in,36,in,10.72,10.9,10.72,10.9,Whisper small.en word timestamp estimate,whisper_estimate_auto_qc_pass,True,
-a55Q6RWvTA$_$3,37,life,37,life,10.9,11.12,10.9,11.12,Whisper small.en word timestamp estimate,whisper_estimate_auto_qc_pass,True,
-a55Q6RWvTA$_$3,38,are,38,are,11.12,11.32,11.12,11.32,Whisper small.en word timestamp estimate,whisper_estimate_auto_qc_pass,True,
-a55Q6RWvTA$_$3,39,free,39,free,11.32,11.7,11.32,11.7,Whisper small.en word timestamp estimate,whisper_estimate_auto_qc_pass,True,
-a55Q6RWvTA$_$3,40,Reading,40,Reading,12.42,12.62,12.42,12.62,Whisper small.en word timestamp estimate,whisper_estimate_auto_qc_pass,True,
-a55Q6RWvTA$_$3,41,a,41,a,12.62,12.86,12.62,12.86,Whisper small.en word timestamp estimate,whisper_estimate_auto_qc_pass,True,
-a55Q6RWvTA$_$3,42,book,42,book,12.86,13.18,12.86,13.18,Whisper small.en word timestamp estimate,whisper_estimate_auto_qc_pass,True,
-a55Q6RWvTA$_$3,43,going,43,going,13.8,14.54,13.8,14.54,Whisper small.en word timestamp estimate,whisper_estimate_auto_qc_pass,True,
-a55Q6RWvTA$_$3,44,for,44,for,14.54,14.76,14.54,14.76,Whisper small.en word timestamp estimate,whisper_estimate_auto_qc_pass,True,
-a55Q6RWvTA$_$3,45,a,45,a,14.76,14.86,14.76,14.86,Whisper small.en word timestamp estimate,whisper_estimate_auto_qc_pass,True,
-a55Q6RWvTA$_$3,46,nice,46,nice,14.86,15.04,14.86,15.04,Whisper small.en word timestamp estimate,whisper_estimate_auto_qc_pass,True,
-a55Q6RWvTA$_$3,47,walk,47,walk,15.04,15.46,15.04,15.46,Whisper small.en word timestamp estimate,whisper_estimate_auto_qc_pass,True,
-a55Q6RWvTA$_$3,48,and,48,and,15.54,15.62,15.54,15.62,Whisper small.en word timestamp estimate,whisper_estimate_auto_qc_pass,True,
-a55Q6RWvTA$_$3,49,of,49,of,15.62,15.68,15.62,15.68,Whisper small.en word timestamp estimate,whisper_estimate_auto_qc_pass,True,
-a55Q6RWvTA$_$3,50,course,50,course,15.68,15.84,15.68,15.84,Whisper small.en word timestamp estimate,whisper_estimate_auto_qc_pass,True,
-a55Q6RWvTA$_$3,51,combining,51,combining,15.84,16.36,15.84,16.36,Whisper small.en word timestamp estimate,whisper_estimate_auto_qc_pass,True,
-a55Q6RWvTA$_$3,52,exercise,52,exercise,16.36,17.02,16.36,17.02,Whisper small.en word timestamp estimate,whisper_estimate_auto_qc_pass,True,
-a55Q6RWvTA$_$3,53,and,53,and,17.02,17.3,17.02,17.3,Whisper small.en word timestamp estimate,whisper_estimate_auto_qc_pass,True,
-a55Q6RWvTA$_$3,54,various,54,various,17.3,17.54,17.3,17.54,Whisper small.en word timestamp estimate,whisper_estimate_auto_qc_pass,True,
-a55Q6RWvTA$_$3,55,things,55,things,17.54,17.82,17.54,17.82,Whisper small.en word timestamp estimate,whisper_estimate_auto_qc_pass,True,
-a55Q6RWvTA$_$3,56,of,56,of,17.82,17.98,17.82,17.98,Whisper small.en word timestamp estimate,whisper_estimate_auto_qc_pass,True,
-a55Q6RWvTA$_$3,57,that,57,that,17.98,18.06,17.98,18.06,Whisper small.en word timestamp estimate,whisper_estimate_auto_qc_pass,True,
-a55Q6RWvTA$_$3,58,nature,58,nature,18.06,18.5,18.06,18.5,Whisper small.en word timestamp estimate,whisper_estimate_auto_qc_pass,True,
-a55Q6RWvTA$_$3,59,where,59,where,18.88,19.06,18.88,19.06,Whisper small.en word timestamp estimate,whisper_estimate_auto_qc_pass,True,
-a55Q6RWvTA$_$3,60,you're,60,you're,19.06,19.22,19.06,19.22,Whisper small.en word timestamp estimate,whisper_estimate_auto_qc_pass,True,
-a55Q6RWvTA$_$3,61,not,61,not,19.22,19.4,19.22,19.4,Whisper small.en word timestamp estimate,whisper_estimate_auto_qc_pass,True,
-a55Q6RWvTA$_$3,62,spending,62,spending,19.4,19.9,19.4,19.9,Whisper small.en word timestamp estimate,whisper_estimate_auto_qc_pass,True,
-a55Q6RWvTA$_$3,63,money,63,money,19.9,20.58,19.9,20.58,Whisper small.en word timestamp estimate,whisper_estimate_auto_qc_pass,True,
-a55Q6RWvTA$_$3,64,per,64,per,20.58,21.06,20.58,21.06,Whisper small.en word timestamp estimate,whisper_estimate_auto_qc_pass,True,
-a55Q6RWvTA$_$3,65,se,65,se,21.06,21.46,21.06,21.46,Whisper small.en word timestamp estimate,whisper_estimate_auto_qc_pass,True,
-aNfi7CP8vM$_$7,1,Maybe,1,Maybe,0.0,0.68,0.0,0.68,Whisper small.en word timestamp estimate,whisper_estimate_auto_qc_pass,True,
-aNfi7CP8vM$_$7,2,they,2,they,0.68,0.9,0.68,0.9,Whisper small.en word timestamp estimate,whisper_estimate_auto_qc_pass,True,
-aNfi7CP8vM$_$7,3,have,3,have,0.9,1.04,0.9,1.04,Whisper small.en word timestamp estimate,whisper_estimate_auto_qc_pass,True,
-aNfi7CP8vM$_$7,4,no,4,no,1.04,2.06,1.04,2.06,Whisper small.en word timestamp estimate,whisper_estimate_auto_qc_pass,True,
-aNfi7CP8vM$_$7,5,political,5,political,2.06,2.44,2.06,2.44,Whisper small.en word timestamp estimate,whisper_estimate_auto_qc_pass,True,
-aNfi7CP8vM$_$7,6,party,6,party,2.44,2.92,2.44,2.92,Whisper small.en word timestamp estimate,whisper_estimate_auto_qc_pass,True,
-aNfi7CP8vM$_$7,7,affiliation,7,affiliation,2.92,3.56,2.92,3.56,Whisper small.en word timestamp estimate,whisper_estimate_auto_qc_pass,True,
-aNfi7CP8vM$_$7,8,they're,8,they're,4.22,4.42,4.22,4.42,Whisper small.en word timestamp estimate,whisper_estimate_auto_qc_pass,True,
-aNfi7CP8vM$_$7,9,not,9,not,4.42,4.62,4.42,4.62,Whisper small.en word timestamp estimate,whisper_estimate_auto_qc_pass,True,
-aNfi7CP8vM$_$7,10,interested,10,interested,4.62,5.0,4.62,5.0,Whisper small.en word timestamp estimate,whisper_estimate_auto_qc_pass,True,
-aNfi7CP8vM$_$7,11,in,11,in,5.0,5.34,5.0,5.34,Whisper small.en word timestamp estimate,whisper_estimate_auto_qc_pass,True,
-aNfi7CP8vM$_$7,12,politics,12,politics,5.34,5.64,5.34,5.64,Whisper small.en word timestamp estimate,whisper_estimate_auto_qc_pass,True,
-aNfi7CP8vM$_$7,13,they,13,they,6.0,6.12,6.0,6.12,Whisper small.en word timestamp estimate,whisper_estimate_auto_qc_pass,True,
-aNfi7CP8vM$_$7,14,could,14,could,6.12,6.28,6.12,6.28,Whisper small.en word timestamp estimate,whisper_estimate_auto_qc_pass,True,
-aNfi7CP8vM$_$7,15,care,15,care,6.28,6.48,6.28,6.48,Whisper small.en word timestamp estimate,whisper_estimate_auto_qc_pass,True,
-aNfi7CP8vM$_$7,16,less,16,less,6.48,6.76,6.48,6.76,Whisper small.en word timestamp estimate,whisper_estimate_auto_qc_pass,True,
-aNfi7CP8vM$_$7,17,about,17,about,6.76,7.08,6.76,7.08,Whisper small.en word timestamp estimate,whisper_estimate_auto_qc_pass,True,
-aNfi7CP8vM$_$7,18,politics,18,politics,7.08,7.72,7.08,7.72,Whisper small.en word timestamp estimate,whisper_estimate_auto_qc_pass,True,
-aqamKhZ1Ec$_$0,1,In,,,,,,,,text_mismatch_no_original_time,False,
-aqamKhZ1Ec$_$0,2,2008,,,,,,,,text_mismatch_no_original_time,False,
-aqamKhZ1Ec$_$0,3,there,,,,,,,,text_mismatch_no_original_time,False,
-aqamKhZ1Ec$_$0,4,were,,,,,,,,text_mismatch_no_original_time,False,
-aqamKhZ1Ec$_$0,5,very,,,,,,,,text_mismatch_no_original_time,False,
-aqamKhZ1Ec$_$0,6,serious,,,,,,,,text_mismatch_no_original_time,False,
-aqamKhZ1Ec$_$0,7,tribal,,,,,,,,text_mismatch_no_original_time,False,
-aqamKhZ1Ec$_$0,8,warfare,,,,,,,,text_mismatch_no_original_time,False,
-aqamKhZ1Ec$_$0,9,in,,,,,,,,text_mismatch_no_original_time,False,
-aqamKhZ1Ec$_$0,10,Kenya,,,,,,,,text_mismatch_no_original_time,False,
-aqamKhZ1Ec$_$0,11,following,,,,,,,,text_mismatch_no_original_time,False,
-aqamKhZ1Ec$_$0,12,a,,,,,,,,text_mismatch_no_original_time,False,
-aqamKhZ1Ec$_$0,13,disputed,,,,,,,,text_mismatch_no_original_time,False,
-aqamKhZ1Ec$_$0,14,election,,,,,,,,text_mismatch_no_original_time,False,
-dxfTGcXJoc$_$1,1,For,,,,,,,,text_mismatch_no_original_time,False,
-dxfTGcXJoc$_$1,2,the,,,,,,,,text_mismatch_no_original_time,False,
-dxfTGcXJoc$_$1,3,10th,,,,,,,,text_mismatch_no_original_time,False,
-dxfTGcXJoc$_$1,4,straight,,,,,,,,text_mismatch_no_original_time,False,
-dxfTGcXJoc$_$1,5,year,,,,,,,,text_mismatch_no_original_time,False,
-dxfTGcXJoc$_$1,6,some,,,,,,,,text_mismatch_no_original_time,False,
-dxfTGcXJoc$_$1,7,of,,,,,,,,text_mismatch_no_original_time,False,
-dxfTGcXJoc$_$1,8,Kentucky's,,,,,,,,text_mismatch_no_original_time,False,
-dxfTGcXJoc$_$1,9,best,,,,,,,,text_mismatch_no_original_time,False,
-dxfTGcXJoc$_$1,10,and,,,,,,,,text_mismatch_no_original_time,False,
-dxfTGcXJoc$_$1,11,most,,,,,,,,text_mismatch_no_original_time,False,
-dxfTGcXJoc$_$1,12,innovative,,,,,,,,text_mismatch_no_original_time,False,
-dxfTGcXJoc$_$1,13,biotech,,,,,,,,text_mismatch_no_original_time,False,
-dxfTGcXJoc$_$1,14,companies,,,,,,,,text_mismatch_no_original_time,False,
-dxfTGcXJoc$_$1,15,and,,,,,,,,text_mismatch_no_original_time,False,
-dxfTGcXJoc$_$1,16,technologies,,,,,,,,text_mismatch_no_original_time,False,
-dxfTGcXJoc$_$1,17,were,,,,,,,,text_mismatch_no_original_time,False,
-dxfTGcXJoc$_$1,18,on,,,,,,,,text_mismatch_no_original_time,False,
-dxfTGcXJoc$_$1,19,display,,,,,,,,text_mismatch_no_original_time,False,
-dxfTGcXJoc$_$1,20,at,,,,,,,,text_mismatch_no_original_time,False,
-dxfTGcXJoc$_$1,21,the,,,,,,,,text_mismatch_no_original_time,False,
-dxfTGcXJoc$_$1,22,annual,,,,,,,,text_mismatch_no_original_time,False,
-dxfTGcXJoc$_$1,23,BIO,,,,,,,,text_mismatch_no_original_time,False,
-dxfTGcXJoc$_$1,24,International,,,,,,,,text_mismatch_no_original_time,False,
-dxfTGcXJoc$_$1,25,Convention,,,,,,,,text_mismatch_no_original_time,False,
-dxfTGcXJoc$_$1,26,which,,,,,,,,text_mismatch_no_original_time,False,
-dxfTGcXJoc$_$1,27,I,,,,,,,,text_mismatch_no_original_time,False,
-dxfTGcXJoc$_$1,28,and,,,,,,,,text_mismatch_no_original_time,False,
-dxfTGcXJoc$_$1,29,other,,,,,,,,text_mismatch_no_original_time,False,
-dxfTGcXJoc$_$1,30,state,,,,,,,,text_mismatch_no_original_time,False,
-dxfTGcXJoc$_$1,31,officials,,,,,,,,text_mismatch_no_original_time,False,
-dxfTGcXJoc$_$1,32,attended,,,,,,,,text_mismatch_no_original_time,False,
-dxfTGcXJoc$_$1,33,this,,,,,,,,text_mismatch_no_original_time,False,
-dxfTGcXJoc$_$1,34,week,,,,,,,,text_mismatch_no_original_time,False,
-dxfTGcXJoc$_$1,35,in,,,,,,,,text_mismatch_no_original_time,False,
-dxfTGcXJoc$_$1,36,Chicago,,,,,,,,text_mismatch_no_original_time,False,
-dxfTGcXJoc$_$0,1,This,,,,,,,,text_mismatch_no_original_time,False,
-dxfTGcXJoc$_$0,2,is,,,,,,,,text_mismatch_no_original_time,False,
-dxfTGcXJoc$_$0,3,Governor,,,,,,,,text_mismatch_no_original_time,False,
-dxfTGcXJoc$_$0,4,Steve,,,,,,,,text_mismatch_no_original_time,False,
-dxfTGcXJoc$_$0,5,Beshear,,,,,,,,text_mismatch_no_original_time,False,
-dxfTGcXJoc$_$0,6,About,,,,,,,,text_mismatch_no_original_time,False,
-dxfTGcXJoc$_$0,7,Kentucky,,,,,,,,text_mismatch_no_original_time,False,
-dxfTGcXJoc$_$0,8,Our,,,,,,,,text_mismatch_no_original_time,False,
-dxfTGcXJoc$_$0,9,state,,,,,,,,text_mismatch_no_original_time,False,
-dxfTGcXJoc$_$0,10,is,,,,,,,,text_mismatch_no_original_time,False,
-dxfTGcXJoc$_$0,11,home,,,,,,,,text_mismatch_no_original_time,False,
-dxfTGcXJoc$_$0,12,to,,,,,,,,text_mismatch_no_original_time,False,
-dxfTGcXJoc$_$0,13,more,,,,,,,,text_mismatch_no_original_time,False,
-dxfTGcXJoc$_$0,14,than,,,,,,,,text_mismatch_no_original_time,False,
-dxfTGcXJoc$_$0,15,1,,,,,,,,text_mismatch_no_original_time,False,
-dxfTGcXJoc$_$0,16,500,,,,,,,,text_mismatch_no_original_time,False,
-dxfTGcXJoc$_$0,17,bioscience,,,,,,,,text_mismatch_no_original_time,False,
-dxfTGcXJoc$_$0,18,and,,,,,,,,text_mismatch_no_original_time,False,
-dxfTGcXJoc$_$0,19,lifescience,,,,,,,,text_mismatch_no_original_time,False,
-dxfTGcXJoc$_$0,20,companies,,,,,,,,text_mismatch_no_original_time,False,
-dxfTGcXJoc$_$0,21,and,,,,,,,,text_mismatch_no_original_time,False,
-dxfTGcXJoc$_$0,22,more,,,,,,,,text_mismatch_no_original_time,False,
-dxfTGcXJoc$_$0,23,than,,,,,,,,text_mismatch_no_original_time,False,
-dxfTGcXJoc$_$0,24,100,,,,,,,,text_mismatch_no_original_time,False,
-dxfTGcXJoc$_$0,25,000,,,,,,,,text_mismatch_no_original_time,False,
-dxfTGcXJoc$_$0,26,people,,,,,,,,text_mismatch_no_original_time,False,
-dxfTGcXJoc$_$0,27,who,,,,,,,,text_mismatch_no_original_time,False,
-dxfTGcXJoc$_$0,28,work,,,,,,,,text_mismatch_no_original_time,False,
-dxfTGcXJoc$_$0,29,for,,,,,,,,text_mismatch_no_original_time,False,
-dxfTGcXJoc$_$0,30,these,,,,,,,,text_mismatch_no_original_time,False,
-dxfTGcXJoc$_$0,31,firms,,,,,,,,text_mismatch_no_original_time,False,
-dxfTGcXJoc$_$0,32,in,,,,,,,,text_mismatch_no_original_time,False,
-dxfTGcXJoc$_$0,33,areas,,,,,,,,text_mismatch_no_original_time,False,
-dxfTGcXJoc$_$0,34,from,,,,,,,,text_mismatch_no_original_time,False,
-dxfTGcXJoc$_$0,35,nutrigenomics,,,,,,,,text_mismatch_no_original_time,False,
-dxfTGcXJoc$_$0,36,and,,,,,,,,text_mismatch_no_original_time,False,
-dxfTGcXJoc$_$0,37,pharmaceuticals,,,,,,,,text_mismatch_no_original_time,False,
-dxfTGcXJoc$_$0,38,to,,,,,,,,text_mismatch_no_original_time,False,
-dxfTGcXJoc$_$0,39,nanotechnology,,,,,,,,text_mismatch_no_original_time,False,
-dxfTGcXJoc$_$0,40,and,,,,,,,,text_mismatch_no_original_time,False,
-dxfTGcXJoc$_$0,41,medical,,,,,,,,text_mismatch_no_original_time,False,
-dxfTGcXJoc$_$0,42,devices,,,,,,,,text_mismatch_no_original_time,False,
-dxfTGcXJoc$_$2,1,An,1,An,0.0,0.62,0.0,0.62,Whisper small.en word timestamp estimate,whisper_estimate_auto_qc_pass,True,
-dxfTGcXJoc$_$2,2,estimated,2,estimated,0.62,1.16,0.62,1.16,Whisper small.en word timestamp estimate,whisper_estimate_auto_qc_pass,True,
-dxfTGcXJoc$_$2,3,20,3,20,1.16,1.64,1.16,1.64,Whisper small.en word timestamp estimate,whisper_estimate_auto_qc_pass,True,
-dxfTGcXJoc$_$2,4,000,4,000,1.64,2.28,1.64,2.28,Whisper small.en word timestamp estimate,whisper_estimate_auto_qc_pass,True,
-dxfTGcXJoc$_$2,5,biotech,5,biotech,2.28,2.82,2.28,2.82,Whisper small.en word timestamp estimate,whisper_estimate_auto_qc_pass,True,
-dxfTGcXJoc$_$2,6,scientists,6,scientists,2.82,3.52,2.82,3.52,Whisper small.en word timestamp estimate,whisper_estimate_auto_qc_pass,True,
-dxfTGcXJoc$_$2,7,executives,7,executives,3.9,4.28,3.9,4.28,Whisper small.en word timestamp estimate,whisper_estimate_auto_qc_pass,True,
-dxfTGcXJoc$_$2,8,and,8,and,4.82,4.88,4.82,4.88,Whisper small.en word timestamp estimate,whisper_estimate_auto_qc_pass,True,
-dxfTGcXJoc$_$2,9,industry,9,industry,4.88,5.42,4.88,5.42,Whisper small.en word timestamp estimate,whisper_estimate_auto_qc_pass,True,
-dxfTGcXJoc$_$2,10,experts,10,experts,5.42,5.92,5.42,5.92,Whisper small.en word timestamp estimate,whisper_estimate_auto_qc_pass,True,
-dxfTGcXJoc$_$2,11,from,11,from,5.92,6.54,5.92,6.54,Whisper small.en word timestamp estimate,whisper_estimate_auto_qc_pass,True,
-dxfTGcXJoc$_$2,12,more,12,more,6.54,6.74,6.54,6.74,Whisper small.en word timestamp estimate,whisper_estimate_auto_qc_pass,True,
-dxfTGcXJoc$_$2,13,than,13,than,6.74,6.94,6.74,6.94,Whisper small.en word timestamp estimate,whisper_estimate_auto_qc_pass,True,
-dxfTGcXJoc$_$2,14,50,14,50,6.94,7.22,6.94,7.22,Whisper small.en word timestamp estimate,whisper_estimate_auto_qc_pass,True,
-dxfTGcXJoc$_$2,15,nations,15,nations,7.22,7.7,7.22,7.7,Whisper small.en word timestamp estimate,whisper_estimate_auto_qc_pass,True,
-dxfTGcXJoc$_$2,16,were,16,were,7.7,8.2,7.7,8.2,Whisper small.en word timestamp estimate,whisper_estimate_auto_qc_pass,True,
-dxfTGcXJoc$_$2,17,at,17,at,8.2,8.48,8.2,8.48,Whisper small.en word timestamp estimate,whisper_estimate_auto_qc_pass,True,
-dxfTGcXJoc$_$2,18,the,18,the,8.48,8.66,8.48,8.66,Whisper small.en word timestamp estimate,whisper_estimate_auto_qc_pass,True,
-dxfTGcXJoc$_$2,19,BIO,19,bio,8.66,8.9,8.66,8.9,Whisper small.en word timestamp estimate,whisper_estimate_auto_qc_pass,True,
-dxfTGcXJoc$_$2,20,conference,20,conference,8.9,9.4,8.9,9.4,Whisper small.en word timestamp estimate,whisper_estimate_auto_qc_pass,True,
-dxfTGcXJoc$_$2,21,to,21,to,9.4,9.74,9.4,9.74,Whisper small.en word timestamp estimate,whisper_estimate_auto_qc_pass,True,
-dxfTGcXJoc$_$2,22,learn,22,learn,9.74,10.0,9.74,10.0,Whisper small.en word timestamp estimate,whisper_estimate_auto_qc_pass,True,
-dxfTGcXJoc$_$2,23,about,23,about,10.0,10.38,10.0,10.38,Whisper small.en word timestamp estimate,whisper_estimate_auto_qc_pass,True,
-dxfTGcXJoc$_$2,24,the,24,the,10.38,10.56,10.38,10.56,Whisper small.en word timestamp estimate,whisper_estimate_auto_qc_pass,True,
-dxfTGcXJoc$_$2,25,latest,25,latest,10.56,10.84,10.56,10.84,Whisper small.en word timestamp estimate,whisper_estimate_auto_qc_pass,True,
-dxfTGcXJoc$_$2,26,scientific,26,scientific,10.84,11.38,10.84,11.38,Whisper small.en word timestamp estimate,whisper_estimate_auto_qc_pass,True,
-dxfTGcXJoc$_$2,27,advances,27,advances,11.38,11.98,11.38,11.98,Whisper small.en word timestamp estimate,whisper_estimate_auto_qc_pass,True,
-dxfTGcXJoc$_$2,28,and,28,and,11.98,12.64,11.98,12.64,Whisper small.en word timestamp estimate,whisper_estimate_auto_qc_pass,True,
-dxfTGcXJoc$_$2,29,to,29,to,12.64,12.76,12.64,12.76,Whisper small.en word timestamp estimate,whisper_estimate_auto_qc_pass,True,
-dxfTGcXJoc$_$2,30,exchange,30,exchange,12.76,13.26,12.76,13.26,Whisper small.en word timestamp estimate,whisper_estimate_auto_qc_pass,True,
-dxfTGcXJoc$_$2,31,ideas,31,ideas,13.26,13.78,13.26,13.78,Whisper small.en word timestamp estimate,whisper_estimate_auto_qc_pass,True,
-dxfTGcXJoc$_$2,32,and,32,and,13.78,14.3,13.78,14.3,Whisper small.en word timestamp estimate,whisper_estimate_auto_qc_pass,True,
-dxfTGcXJoc$_$2,33,establish,33,establish,14.3,14.7,14.3,14.7,Whisper small.en word timestamp estimate,whisper_estimate_auto_qc_pass,True,
-dxfTGcXJoc$_$2,34,business,34,business,14.7,15.18,14.7,15.18,Whisper small.en word timestamp estimate,whisper_estimate_auto_qc_pass,True,
-dxfTGcXJoc$_$2,35,relationships,35,relationships,15.18,15.84,15.18,15.84,Whisper small.en word timestamp estimate,whisper_estimate_auto_qc_pass,True,
-dxfTGcXJoc$_$6,1,Kentucky's,1,Kentucky's,0.0,0.94,0.0,0.94,Whisper small.en word timestamp estimate,whisper_estimate_auto_qc_pass,True,
-dxfTGcXJoc$_$6,2,participation,2,participation,0.94,1.54,0.94,1.54,Whisper small.en word timestamp estimate,whisper_estimate_auto_qc_pass,True,
-dxfTGcXJoc$_$6,3,at,3,at,1.54,1.98,1.54,1.98,Whisper small.en word timestamp estimate,whisper_estimate_auto_qc_pass,True,
-dxfTGcXJoc$_$6,4,the,4,the,1.98,2.16,1.98,2.16,Whisper small.en word timestamp estimate,whisper_estimate_auto_qc_pass,True,
-dxfTGcXJoc$_$6,5,annual,5,annual,2.16,2.62,2.16,2.62,Whisper small.en word timestamp estimate,whisper_estimate_auto_qc_pass,True,
-dxfTGcXJoc$_$6,6,BIO,6,Bio,2.62,2.98,2.62,2.98,Whisper small.en word timestamp estimate,whisper_estimate_auto_qc_pass,True,
-dxfTGcXJoc$_$6,7,International,7,International,2.98,3.6,2.98,3.6,Whisper small.en word timestamp estimate,whisper_estimate_auto_qc_pass,True,
-dxfTGcXJoc$_$6,8,Convention,8,Convention,3.6,4.08,3.6,4.08,Whisper small.en word timestamp estimate,whisper_estimate_auto_qc_pass,True,
-dxfTGcXJoc$_$6,9,is,9,is,4.08,4.9,4.08,4.9,Whisper small.en word timestamp estimate,whisper_estimate_auto_qc_pass,True,
-dxfTGcXJoc$_$6,10,the,10,the,4.9,5.14,4.9,5.14,Whisper small.en word timestamp estimate,whisper_estimate_auto_qc_pass,True,
-dxfTGcXJoc$_$6,11,primary,11,primary,5.14,5.56,5.14,5.56,Whisper small.en word timestamp estimate,whisper_estimate_auto_qc_pass,True,
-dxfTGcXJoc$_$6,12,means,12,means,5.56,6.1,5.56,6.1,Whisper small.en word timestamp estimate,whisper_estimate_auto_qc_pass,True,
-dxfTGcXJoc$_$6,13,by,13,by,6.1,6.4,6.1,6.4,Whisper small.en word timestamp estimate,whisper_estimate_auto_qc_pass,True,
-dxfTGcXJoc$_$6,14,which,14,which,6.4,6.72,6.4,6.72,Whisper small.en word timestamp estimate,whisper_estimate_auto_qc_pass,True,
-dxfTGcXJoc$_$6,15,our,15,our,6.72,7.12,6.72,7.12,Whisper small.en word timestamp estimate,whisper_estimate_auto_qc_pass,True,
-dxfTGcXJoc$_$6,16,high,16,high,7.12,7.38,7.12,7.38,Whisper small.en word timestamp estimate,whisper_estimate_auto_qc_pass,True,
-dxfTGcXJoc$_$6,17,tech,17,tech,7.38,7.62,7.38,7.62,Whisper small.en word timestamp estimate,whisper_estimate_auto_qc_pass,True,
-dxfTGcXJoc$_$6,18,companies,18,companies,7.62,8.1,7.62,8.1,Whisper small.en word timestamp estimate,whisper_estimate_auto_qc_pass,True,
-dxfTGcXJoc$_$6,19,and,19,and,8.1,8.36,8.1,8.36,Whisper small.en word timestamp estimate,whisper_estimate_auto_qc_pass,True,
-dxfTGcXJoc$_$6,20,institutions,20,institutions,8.36,8.9,8.36,8.9,Whisper small.en word timestamp estimate,whisper_estimate_auto_qc_pass,True,
-dxfTGcXJoc$_$6,21,can,21,can,8.9,9.52,8.9,9.52,Whisper small.en word timestamp estimate,whisper_estimate_auto_qc_pass,True,
-dxfTGcXJoc$_$6,22,reach,22,reach,9.52,9.8,9.52,9.8,Whisper small.en word timestamp estimate,whisper_estimate_auto_qc_pass,True,
-dxfTGcXJoc$_$6,23,out,23,out,9.8,10.12,9.8,10.12,Whisper small.en word timestamp estimate,whisper_estimate_auto_qc_pass,True,
-dxfTGcXJoc$_$6,24,to,24,to,10.12,10.38,10.12,10.38,Whisper small.en word timestamp estimate,whisper_estimate_auto_qc_pass,True,
-dxfTGcXJoc$_$6,25,the,25,the,10.38,10.52,10.38,10.52,Whisper small.en word timestamp estimate,whisper_estimate_auto_qc_pass,True,
-dxfTGcXJoc$_$6,26,global,26,global,10.52,10.82,10.52,10.82,Whisper small.en word timestamp estimate,whisper_estimate_auto_qc_pass,True,
-dxfTGcXJoc$_$6,27,scientific,27,scientific,10.82,11.4,10.82,11.4,Whisper small.en word timestamp estimate,whisper_estimate_auto_qc_pass,True,
-dxfTGcXJoc$_$6,28,community,28,community,11.4,11.9,11.4,11.9,Whisper small.en word timestamp estimate,whisper_estimate_auto_qc_pass,True,
-egA8-b7-3M$_$26,1,We're,,,,,,,,text_mismatch_no_original_time,False,
-egA8-b7-3M$_$26,2,updating,,,,,,,,text_mismatch_no_original_time,False,
-egA8-b7-3M$_$26,3,it,,,,,,,,text_mismatch_no_original_time,False,
-egA8-b7-3M$_$26,4,all,,,,,,,,text_mismatch_no_original_time,False,
-egA8-b7-3M$_$26,5,the,,,,,,,,text_mismatch_no_original_time,False,
-egA8-b7-3M$_$26,6,time,,,,,,,,text_mismatch_no_original_time,False,
-egA8-b7-3M$_$26,7,and,,,,,,,,text_mismatch_no_original_time,False,
-egA8-b7-3M$_$26,8,looking,,,,,,,,text_mismatch_no_original_time,False,
-egA8-b7-3M$_$26,9,forward,,,,,,,,text_mismatch_no_original_time,False,
-egA8-b7-3M$_$26,10,to,,,,,,,,text_mismatch_no_original_time,False,
-egA8-b7-3M$_$26,11,your,,,,,,,,text_mismatch_no_original_time,False,
-egA8-b7-3M$_$26,12,comments,,,,,,,,text_mismatch_no_original_time,False,
-egA8-b7-3M$_$26,13,on,,,,,,,,text_mismatch_no_original_time,False,
-egA8-b7-3M$_$26,14,our,,,,,,,,text_mismatch_no_original_time,False,
-egA8-b7-3M$_$26,15,videos,,,,,,,,text_mismatch_no_original_time,False,
-egA8-b7-3M$_$17,1,As,1,As,0.0,0.7,0.0,0.7,Whisper small.en word timestamp estimate,whisper_estimate_auto_qc_pass,True,
-egA8-b7-3M$_$17,2,you,2,you,0.7,0.88,0.7,0.88,Whisper small.en word timestamp estimate,whisper_estimate_auto_qc_pass,True,
-egA8-b7-3M$_$17,3,have,3,have,0.88,1.1,0.88,1.1,Whisper small.en word timestamp estimate,whisper_estimate_auto_qc_pass,True,
-egA8-b7-3M$_$17,4,more,4,more,1.1,1.34,1.1,1.34,Whisper small.en word timestamp estimate,whisper_estimate_auto_qc_pass,True,
-egA8-b7-3M$_$17,5,experience,5,experience,1.34,2.02,1.34,2.02,Whisper small.en word timestamp estimate,whisper_estimate_auto_qc_pass,True,
-egA8-b7-3M$_$17,6,you,6,you,3.24,3.32,3.24,3.32,Whisper small.en word timestamp estimate,whisper_estimate_auto_qc_pass,True,
-egA8-b7-3M$_$17,7,have,7,have,3.32,3.5,3.32,3.5,Whisper small.en word timestamp estimate,whisper_estimate_auto_qc_pass,True,
-egA8-b7-3M$_$17,8,more,8,more,3.5,3.76,3.5,3.76,Whisper small.en word timestamp estimate,whisper_estimate_auto_qc_pass,True,
-egA8-b7-3M$_$17,9,times,9,times,3.76,4.14,3.76,4.14,Whisper small.en word timestamp estimate,whisper_estimate_auto_qc_pass,True,
-egA8-b7-3M$_$17,10,exhibiting,10,exhibiting,4.14,4.7,4.14,4.7,Whisper small.en word timestamp estimate,whisper_estimate_auto_qc_pass,True,
-egA8-b7-3M$_$17,11,you,11,you,5.16,5.36,5.16,5.36,Whisper small.en word timestamp estimate,whisper_estimate_auto_qc_pass,True,
-egA8-b7-3M$_$17,12,get,12,get,5.36,5.52,5.36,5.52,Whisper small.en word timestamp estimate,whisper_estimate_auto_qc_pass,True,
-egA8-b7-3M$_$17,13,to,13,to,5.52,5.66,5.52,5.66,Whisper small.en word timestamp estimate,whisper_estimate_auto_qc_pass,True,
-egA8-b7-3M$_$17,14,know,14,know,5.66,5.86,5.66,5.86,Whisper small.en word timestamp estimate,whisper_estimate_auto_qc_pass,True,
-egA8-b7-3M$_$17,15,more,15,more,5.86,6.08,5.86,6.08,Whisper small.en word timestamp estimate,whisper_estimate_auto_qc_pass,True,
-egA8-b7-3M$_$17,16,people,16,people,6.08,6.42,6.08,6.42,Whisper small.en word timestamp estimate,whisper_estimate_auto_qc_pass,True,
-egA8-b7-3M$_$18,1,It,1,It,0.0,0.62,0.0,0.62,Whisper small.en word timestamp estimate,whisper_estimate_auto_qc_pass,True,
-egA8-b7-3M$_$18,2,becomes,2,becomes,0.62,1.04,0.62,1.04,Whisper small.en word timestamp estimate,whisper_estimate_auto_qc_pass,True,
-egA8-b7-3M$_$18,3,easier,3,easier,1.04,1.7,1.04,1.7,Whisper small.en word timestamp estimate,whisper_estimate_auto_qc_pass,True,
-egA8-b7-3M$_$18,4,at,4,at,1.7,2.04,1.7,2.04,Whisper small.en word timestamp estimate,whisper_estimate_auto_qc_pass,True,
-egA8-b7-3M$_$18,5,each,5,each,2.04,2.28,2.04,2.28,Whisper small.en word timestamp estimate,whisper_estimate_auto_qc_pass,True,
-egA8-b7-3M$_$18,6,one,6,one,2.28,2.54,2.28,2.54,Whisper small.en word timestamp estimate,whisper_estimate_auto_qc_pass,True,
-egA8-b7-3M$_$18,7,of,7,of,2.54,2.68,2.54,2.68,Whisper small.en word timestamp estimate,whisper_estimate_auto_qc_pass,True,
-egA8-b7-3M$_$18,8,these,8,these,2.68,2.86,2.68,2.86,Whisper small.en word timestamp estimate,whisper_estimate_auto_qc_pass,True,
-egA8-b7-3M$_$18,9,conferences,9,conferences,2.86,3.42,2.86,3.42,Whisper small.en word timestamp estimate,whisper_estimate_auto_qc_pass,True,
-egA8-b7-3M$_$18,10,to,10,to,3.42,4.22,3.42,4.22,Whisper small.en word timestamp estimate,whisper_estimate_auto_qc_pass,True,
-egA8-b7-3M$_$18,11,connect,11,connect,4.22,4.54,4.22,4.54,Whisper small.en word timestamp estimate,whisper_estimate_auto_qc_pass,True,
-egA8-b7-3M$_$18,12,with,12,with,4.54,4.78,4.54,4.78,Whisper small.en word timestamp estimate,whisper_estimate_auto_qc_pass,True,
-egA8-b7-3M$_$18,13,people,13,people,4.78,5.12,4.78,5.12,Whisper small.en word timestamp estimate,whisper_estimate_auto_qc_pass,True,
-egA8-b7-3M$_$18,14,that,14,that,5.12,5.36,5.12,5.36,Whisper small.en word timestamp estimate,whisper_estimate_auto_qc_pass,True,
-egA8-b7-3M$_$18,15,you've,15,you've,5.36,5.62,5.36,5.62,Whisper small.en word timestamp estimate,whisper_estimate_auto_qc_pass,True,
-egA8-b7-3M$_$18,16,met,16,met,5.62,5.88,5.62,5.88,Whisper small.en word timestamp estimate,whisper_estimate_auto_qc_pass,True,
-egA8-b7-3M$_$18,17,or,17,or,5.88,6.5,5.88,6.5,Whisper small.en word timestamp estimate,whisper_estimate_auto_qc_pass,True,
-egA8-b7-3M$_$18,18,that,18,that,6.5,6.68,6.5,6.68,Whisper small.en word timestamp estimate,whisper_estimate_auto_qc_pass,True,
-egA8-b7-3M$_$18,19,you're,19,you're,6.68,6.84,6.68,6.84,Whisper small.en word timestamp estimate,whisper_estimate_auto_qc_pass,True,
-egA8-b7-3M$_$18,20,doing,20,doing,6.84,7.06,6.84,7.06,Whisper small.en word timestamp estimate,whisper_estimate_auto_qc_pass,True,
-egA8-b7-3M$_$18,21,business,21,business,7.06,7.44,7.06,7.44,Whisper small.en word timestamp estimate,whisper_estimate_auto_qc_pass,True,
-egA8-b7-3M$_$18,22,with,22,with,7.44,7.78,7.44,7.78,Whisper small.en word timestamp estimate,whisper_estimate_auto_qc_pass,True,
-egA8-b7-3M$_$16,1,Third,1,Third,0.0,0.74,0.0,0.74,Whisper small.en word timestamp estimate,whisper_estimate_auto_qc_pass,True,
-egA8-b7-3M$_$16,2,another,2,another,0.98,1.16,0.98,1.16,Whisper small.en word timestamp estimate,whisper_estimate_auto_qc_pass,True,
-egA8-b7-3M$_$16,3,big,3,big,1.16,1.48,1.16,1.48,Whisper small.en word timestamp estimate,whisper_estimate_auto_qc_pass,True,
-egA8-b7-3M$_$16,4,benefit,4,benefit,1.48,1.9,1.48,1.9,Whisper small.en word timestamp estimate,whisper_estimate_auto_qc_pass,True,
-egA8-b7-3M$_$16,5,of,5,of,1.9,2.1,1.9,2.1,Whisper small.en word timestamp estimate,whisper_estimate_auto_qc_pass,True,
-egA8-b7-3M$_$16,6,exhibiting,6,exhibiting,2.1,2.52,2.1,2.52,Whisper small.en word timestamp estimate,whisper_estimate_auto_qc_pass,True,
-egA8-b7-3M$_$16,7,is,7,is,2.52,2.9,2.52,2.9,Whisper small.en word timestamp estimate,whisper_estimate_auto_qc_pass,True,
-egA8-b7-3M$_$16,8,connecting,8,connecting,2.9,3.32,2.9,3.32,Whisper small.en word timestamp estimate,whisper_estimate_auto_qc_pass,True,
-egA8-b7-3M$_$16,9,with,9,with,3.32,3.68,3.32,3.68,Whisper small.en word timestamp estimate,whisper_estimate_auto_qc_pass,True,
-egA8-b7-3M$_$16,10,existing,10,existing,3.68,4.1,3.68,4.1,Whisper small.en word timestamp estimate,whisper_estimate_auto_qc_pass,True,
-egA8-b7-3M$_$16,11,clients,11,clients,4.1,4.64,4.1,4.64,Whisper small.en word timestamp estimate,whisper_estimate_auto_qc_pass,True,
-egA8-b7-3M$_$13,1,What,1,What,0.0,0.64,0.0,0.64,Whisper small.en word timestamp estimate,whisper_estimate_auto_qc_pass,True,
-egA8-b7-3M$_$13,2,are,2,are,0.64,0.74,0.64,0.74,Whisper small.en word timestamp estimate,whisper_estimate_auto_qc_pass,True,
-egA8-b7-3M$_$13,3,you,3,you,0.74,0.86,0.74,0.86,Whisper small.en word timestamp estimate,whisper_estimate_auto_qc_pass,True,
-egA8-b7-3M$_$13,4,doing,4,doing,0.86,1.1,0.86,1.1,Whisper small.en word timestamp estimate,whisper_estimate_auto_qc_pass,True,
-egA8-b7-3M$_$13,5,that's,5,that's,1.1,1.38,1.1,1.38,Whisper small.en word timestamp estimate,whisper_estimate_auto_qc_pass,True,
-egA8-b7-3M$_$13,6,different,6,different,1.38,1.66,1.38,1.66,Whisper small.en word timestamp estimate,whisper_estimate_auto_qc_pass,True,
-egA8-b7-3M$_$13,7,They,7,They,2.22,2.46,2.22,2.46,Whisper small.en word timestamp estimate,whisper_estimate_auto_qc_pass,True,
-egA8-b7-3M$_$13,8,always,8,always,2.46,2.7,2.46,2.7,Whisper small.en word timestamp estimate,whisper_estimate_auto_qc_pass,True,
-egA8-b7-3M$_$13,9,want,9,want,2.7,2.96,2.7,2.96,Whisper small.en word timestamp estimate,whisper_estimate_auto_qc_pass,True,
-egA8-b7-3M$_$13,10,an,10,an,2.96,3.1,2.96,3.1,Whisper small.en word timestamp estimate,whisper_estimate_auto_qc_pass,True,
-egA8-b7-3M$_$13,11,answer,11,answer,3.1,3.42,3.1,3.42,Whisper small.en word timestamp estimate,whisper_estimate_auto_qc_pass,True,
-egA8-b7-3M$_$1,1,I,,,,,,,,text_mismatch_no_original_time,False,
-egA8-b7-3M$_$1,2,started,,,,,,,,text_mismatch_no_original_time,False,
-egA8-b7-3M$_$1,3,a,,,,,,,,text_mismatch_no_original_time,False,
-egA8-b7-3M$_$1,4,successful,,,,,,,,text_mismatch_no_original_time,False,
-egA8-b7-3M$_$1,5,Legal,,,,,,,,text_mismatch_no_original_time,False,
-egA8-b7-3M$_$1,6,Nurse,,,,,,,,text_mismatch_no_original_time,False,
-egA8-b7-3M$_$1,7,Consulting,,,,,,,,text_mismatch_no_original_time,False,
-egA8-b7-3M$_$1,8,Business,,,,,,,,text_mismatch_no_original_time,False,
-egA8-b7-3M$_$1,9,in,,,,,,,,text_mismatch_no_original_time,False,
-egA8-b7-3M$_$1,10,1989,,,,,,,,text_mismatch_no_original_time,False,
-egA8-b7-3M$_$1,11,I,,,,,,,,text_mismatch_no_original_time,False,
-egA8-b7-3M$_$1,12,mentor,,,,,,,,text_mismatch_no_original_time,False,
-egA8-b7-3M$_$1,13,nurses,,,,,,,,text_mismatch_no_original_time,False,
-egA8-b7-3M$_$1,14,who,,,,,,,,text_mismatch_no_original_time,False,
-egA8-b7-3M$_$1,15,want,,,,,,,,text_mismatch_no_original_time,False,
-egA8-b7-3M$_$1,16,to,,,,,,,,text_mismatch_no_original_time,False,
-egA8-b7-3M$_$1,17,become,,,,,,,,text_mismatch_no_original_time,False,
-egA8-b7-3M$_$1,18,Legal,,,,,,,,text_mismatch_no_original_time,False,
-egA8-b7-3M$_$1,19,Nurse,,,,,,,,text_mismatch_no_original_time,False,
-egA8-b7-3M$_$1,20,Consultants,,,,,,,,text_mismatch_no_original_time,False,
-egA8-b7-3M$_$6,1,First,1,First,0.0,0.8,0.0,0.8,Whisper small.en word timestamp estimate,whisper_estimate_auto_qc_pass,True,
-egA8-b7-3M$_$6,2,exhibiting,2,exhibiting,1.06,1.42,1.06,1.42,Whisper small.en word timestamp estimate,whisper_estimate_auto_qc_pass,True,
-egA8-b7-3M$_$6,3,is,3,is,1.42,1.72,1.42,1.72,Whisper small.en word timestamp estimate,whisper_estimate_auto_qc_pass,True,
-egA8-b7-3M$_$6,4,a,4,a,1.72,1.88,1.72,1.88,Whisper small.en word timestamp estimate,whisper_estimate_auto_qc_pass,True,
-egA8-b7-3M$_$6,5,wonderful,5,wonderful,1.88,2.3,1.88,2.3,Whisper small.en word timestamp estimate,whisper_estimate_auto_qc_pass,True,
-egA8-b7-3M$_$6,6,opportunity,6,opportunity,2.3,2.9,2.3,2.9,Whisper small.en word timestamp estimate,whisper_estimate_auto_qc_pass,True,
-egA8-b7-3M$_$6,7,to,7,to,2.9,3.4,2.9,3.4,Whisper small.en word timestamp estimate,whisper_estimate_auto_qc_pass,True,
-egA8-b7-3M$_$6,8,network,8,network,3.4,3.7,3.4,3.7,Whisper small.en word timestamp estimate,whisper_estimate_auto_qc_pass,True,
-egA8-b7-3M$_$6,9,with,9,with,3.7,4.08,3.7,4.08,Whisper small.en word timestamp estimate,whisper_estimate_auto_qc_pass,True,
-egA8-b7-3M$_$6,10,other,10,other,4.08,4.44,4.08,4.44,Whisper small.en word timestamp estimate,whisper_estimate_auto_qc_pass,True,
-egA8-b7-3M$_$6,11,legal,11,legal,4.44,4.82,4.44,4.82,Whisper small.en word timestamp estimate,whisper_estimate_auto_qc_pass,True,
-egA8-b7-3M$_$6,12,vendors,12,vendors,4.82,5.24,4.82,5.24,Whisper small.en word timestamp estimate,whisper_estimate_auto_qc_pass,True,
-egA8-b7-3M$_$9,1,Secondly,1,Secondly,0.0,0.96,0.0,0.96,Whisper small.en word timestamp estimate,whisper_estimate_auto_qc_pass,True,
-egA8-b7-3M$_$9,2,another,2,another,1.28,1.52,1.28,1.52,Whisper small.en word timestamp estimate,whisper_estimate_auto_qc_pass,True,
-egA8-b7-3M$_$9,3,goal,3,goal,1.52,1.86,1.52,1.86,Whisper small.en word timestamp estimate,whisper_estimate_auto_qc_pass,True,
-egA8-b7-3M$_$9,4,of,4,of,1.86,2.02,1.86,2.02,Whisper small.en word timestamp estimate,whisper_estimate_auto_qc_pass,True,
-egA8-b7-3M$_$9,5,exhibiting,5,exhibiting,2.02,2.42,2.02,2.42,Whisper small.en word timestamp estimate,whisper_estimate_auto_qc_pass,True,
-egA8-b7-3M$_$9,6,is,6,is,2.42,2.82,2.42,2.82,Whisper small.en word timestamp estimate,whisper_estimate_auto_qc_pass,True,
-egA8-b7-3M$_$9,7,building,7,building,2.82,3.1,2.82,3.1,Whisper small.en word timestamp estimate,whisper_estimate_auto_qc_pass,True,
-egA8-b7-3M$_$9,8,your,8,your,3.1,3.46,3.1,3.46,Whisper small.en word timestamp estimate,whisper_estimate_auto_qc_pass,True,
-egA8-b7-3M$_$9,9,company,9,company,3.46,3.82,3.46,3.82,Whisper small.en word timestamp estimate,whisper_estimate_auto_qc_pass,True,
-egA8-b7-3M$_$9,10,image,10,image,3.82,4.3,3.82,4.3,Whisper small.en word timestamp estimate,whisper_estimate_auto_qc_pass,True,
-egA8-b7-3M$_$20,1,Now,1,Now,0.0,0.72,0.0,0.72,Whisper small.en word timestamp estimate,whisper_estimate_auto_qc_pass,True,
-egA8-b7-3M$_$20,2,you've,2,you've,0.72,0.98,0.72,0.98,Whisper small.en word timestamp estimate,whisper_estimate_auto_qc_pass,True,
-egA8-b7-3M$_$20,3,got,3,got,0.98,1.12,0.98,1.12,Whisper small.en word timestamp estimate,whisper_estimate_auto_qc_pass,True,
-egA8-b7-3M$_$20,4,a,4,a,1.12,1.26,1.12,1.26,Whisper small.en word timestamp estimate,whisper_estimate_auto_qc_pass,True,
-egA8-b7-3M$_$20,5,face,5,face,1.26,1.52,1.26,1.52,Whisper small.en word timestamp estimate,whisper_estimate_auto_qc_pass,True,
-egA8-b7-3M$_$20,6,that,6,that,1.52,1.76,1.52,1.76,Whisper small.en word timestamp estimate,whisper_estimate_auto_qc_pass,True,
-egA8-b7-3M$_$20,7,you,7,you,1.76,1.9,1.76,1.9,Whisper small.en word timestamp estimate,whisper_estimate_auto_qc_pass,True,
-egA8-b7-3M$_$20,8,can,8,can,1.9,2.1,1.9,2.1,Whisper small.en word timestamp estimate,whisper_estimate_auto_qc_pass,True,
-egA8-b7-3M$_$20,9,connect,9,connect,2.1,2.42,2.1,2.42,Whisper small.en word timestamp estimate,whisper_estimate_auto_qc_pass,True,
-egA8-b7-3M$_$20,10,with,10,with,2.42,2.68,2.42,2.68,Whisper small.en word timestamp estimate,whisper_estimate_auto_qc_pass,True,
-egA8-b7-3M$_$20,11,a,11,a,2.68,2.84,2.68,2.84,Whisper small.en word timestamp estimate,whisper_estimate_auto_qc_pass,True,
-egA8-b7-3M$_$20,12,voice,12,voice,2.84,3.14,2.84,3.14,Whisper small.en word timestamp estimate,whisper_estimate_auto_qc_pass,True,
-egA8-b7-3M$_$20,13,and,13,and,3.14,4.04,3.14,4.04,Whisper small.en word timestamp estimate,whisper_estimate_auto_qc_pass,True,
-egA8-b7-3M$_$20,14,that,14,that,4.04,4.24,4.04,4.24,Whisper small.en word timestamp estimate,whisper_estimate_auto_qc_pass,True,
-egA8-b7-3M$_$20,15,makes,15,makes,4.24,4.46,4.24,4.46,Whisper small.en word timestamp estimate,whisper_estimate_auto_qc_pass,True,
-egA8-b7-3M$_$20,16,you,16,you,4.46,4.68,4.46,4.68,Whisper small.en word timestamp estimate,whisper_estimate_auto_qc_pass,True,
-egA8-b7-3M$_$20,17,closer,17,closer,4.68,4.98,4.68,4.98,Whisper small.en word timestamp estimate,whisper_estimate_auto_qc_pass,True,
-egA8-b7-3M$_$20,18,to,18,to,4.98,5.3,4.98,5.3,Whisper small.en word timestamp estimate,whisper_estimate_auto_qc_pass,True,
-egA8-b7-3M$_$20,19,that,19,that,5.3,5.52,5.3,5.52,Whisper small.en word timestamp estimate,whisper_estimate_auto_qc_pass,True,
-egA8-b7-3M$_$20,20,client,20,client,5.52,5.84,5.52,5.84,Whisper small.en word timestamp estimate,whisper_estimate_auto_qc_pass,True,
-iRBcNs9oI8$_$3,1,Well,,,,,,,,text_mismatch_no_original_time,False,
-iRBcNs9oI8$_$3,2,it,,,,,,,,text_mismatch_no_original_time,False,
-iRBcNs9oI8$_$3,3,is,,,,,,,,text_mismatch_no_original_time,False,
-iRBcNs9oI8$_$3,4,the,,,,,,,,text_mismatch_no_original_time,False,
-iRBcNs9oI8$_$3,5,secret,,,,,,,,text_mismatch_no_original_time,False,
-iRBcNs9oI8$_$3,6,of,,,,,,,,text_mismatch_no_original_time,False,
-iRBcNs9oI8$_$3,7,power,,,,,,,,text_mismatch_no_original_time,False,
-iRBcNs9oI8$_$3,8,pose,,,,,,,,text_mismatch_no_original_time,False,
-iRBcNs9oI8$_$7,1,Well,,,,,,,,text_mismatch_no_original_time,False,
-iRBcNs9oI8$_$7,2,for,,,,,,,,text_mismatch_no_original_time,False,
-iRBcNs9oI8$_$7,3,starters,,,,,,,,text_mismatch_no_original_time,False,
-iRBcNs9oI8$_$7,4,let's,,,,,,,,text_mismatch_no_original_time,False,
-iRBcNs9oI8$_$7,5,look,,,,,,,,text_mismatch_no_original_time,False,
-iRBcNs9oI8$_$7,6,at,,,,,,,,text_mismatch_no_original_time,False,
-iRBcNs9oI8$_$7,7,the,,,,,,,,text_mismatch_no_original_time,False,
-iRBcNs9oI8$_$7,8,word,,,,,,,,text_mismatch_no_original_time,False,
-iRBcNs9oI8$_$7,9,power,,,,,,,,text_mismatch_no_original_time,False,
-iRBcNs9oI8$_$6,1,What,,,,,,,,text_mismatch_no_original_time,False,
-iRBcNs9oI8$_$6,2,is,,,,,,,,text_mismatch_no_original_time,False,
-iRBcNs9oI8$_$6,3,a,,,,,,,,text_mismatch_no_original_time,False,
-iRBcNs9oI8$_$6,4,power,,,,,,,,text_mismatch_no_original_time,False,
-iRBcNs9oI8$_$6,5,pose,,,,,,,,text_mismatch_no_original_time,False,
-iRBcNs9oI8$_$9,1,Power,,,,,,,,text_mismatch_no_original_time,False,
-iRBcNs9oI8$_$9,2,is,,,,,,,,text_mismatch_no_original_time,False,
-iRBcNs9oI8$_$9,3,similar,,,,,,,,text_mismatch_no_original_time,False,
-iRBcNs9oI8$_$9,4,to,,,,,,,,text_mismatch_no_original_time,False,
-iRBcNs9oI8$_$9,5,strength,,,,,,,,text_mismatch_no_original_time,False,
-iRBcNs9oI8$_$8,1,I've,,,,,,,,text_mismatch_no_original_time,False,
-iRBcNs9oI8$_$8,2,drawn,,,,,,,,text_mismatch_no_original_time,False,
-iRBcNs9oI8$_$8,3,this,,,,,,,,text_mismatch_no_original_time,False,
-iRBcNs9oI8$_$8,4,man,,,,,,,,text_mismatch_no_original_time,False,
-iRBcNs9oI8$_$8,5,here,,,,,,,,text_mismatch_no_original_time,False,
-iRBcNs9oI8$_$8,6,and,,,,,,,,text_mismatch_no_original_time,False,
-iRBcNs9oI8$_$8,7,if,,,,,,,,text_mismatch_no_original_time,False,
-iRBcNs9oI8$_$8,8,you,,,,,,,,text_mismatch_no_original_time,False,
-iRBcNs9oI8$_$8,9,can,,,,,,,,text_mismatch_no_original_time,False,
-iRBcNs9oI8$_$8,10,tell,,,,,,,,text_mismatch_no_original_time,False,
-iRBcNs9oI8$_$8,11,he,,,,,,,,text_mismatch_no_original_time,False,
-iRBcNs9oI8$_$8,12,has,,,,,,,,text_mismatch_no_original_time,False,
-iRBcNs9oI8$_$8,13,a,,,,,,,,text_mismatch_no_original_time,False,
-iRBcNs9oI8$_$8,14,lot,,,,,,,,text_mismatch_no_original_time,False,
-iRBcNs9oI8$_$8,15,of,,,,,,,,text_mismatch_no_original_time,False,
-iRBcNs9oI8$_$8,16,big,,,,,,,,text_mismatch_no_original_time,False,
-iRBcNs9oI8$_$8,17,muscles,,,,,,,,text_mismatch_no_original_time,False,
-iRBcNs9oI8$_$8,18,he,,,,,,,,text_mismatch_no_original_time,False,
-iRBcNs9oI8$_$8,19,looks,,,,,,,,text_mismatch_no_original_time,False,
-iRBcNs9oI8$_$8,20,very,,,,,,,,text_mismatch_no_original_time,False,
-iRBcNs9oI8$_$8,21,strong,,,,,,,,text_mismatch_no_original_time,False,
-lzEya4AM_4$_$5,1,If,,,,,,,,text_mismatch_no_original_time,False,
-lzEya4AM_4$_$5,2,it,,,,,,,,text_mismatch_no_original_time,False,
-lzEya4AM_4$_$5,3,falls,,,,,,,,text_mismatch_no_original_time,False,
-lzEya4AM_4$_$5,4,into,,,,,,,,text_mismatch_no_original_time,False,
-lzEya4AM_4$_$5,5,oh,,,,,,,,text_mismatch_no_original_time,False,
-lzEya4AM_4$_$5,6,any,,,,,,,,text_mismatch_no_original_time,False,
-lzEya4AM_4$_$5,7,of,,,,,,,,text_mismatch_no_original_time,False,
-lzEya4AM_4$_$5,8,those,,,,,,,,text_mismatch_no_original_time,False,
-lzEya4AM_4$_$5,9,three,,,,,,,,text_mismatch_no_original_time,False,
-lzEya4AM_4$_$5,10,categories,,,,,,,,text_mismatch_no_original_time,False,
-lzEya4AM_4$_$5,11,inducing,,,,,,,,text_mismatch_no_original_time,False,
-lzEya4AM_4$_$5,12,nausea,,,,,,,,text_mismatch_no_original_time,False,
-lzEya4AM_4$_$5,13,and,,,,,,,,text_mismatch_no_original_time,False,
-lzEya4AM_4$_$5,14,vomiting,,,,,,,,text_mismatch_no_original_time,False,
-lzEya4AM_4$_$5,15,would,,,,,,,,text_mismatch_no_original_time,False,
-lzEya4AM_4$_$5,16,be,,,,,,,,text_mismatch_no_original_time,False,
-lzEya4AM_4$_$5,17,your,,,,,,,,text_mismatch_no_original_time,False,
-lzEya4AM_4$_$5,18,next,,,,,,,,text_mismatch_no_original_time,False,
-lzEya4AM_4$_$5,19,step,,,,,,,,text_mismatch_no_original_time,False,
-lzEya4AM_4$_$6,1,If,,,,,,,,text_mismatch_no_original_time,False,
-lzEya4AM_4$_$6,2,the,,,,,,,,text_mismatch_no_original_time,False,
-lzEya4AM_4$_$6,3,product,,,,,,,,text_mismatch_no_original_time,False,
-lzEya4AM_4$_$6,4,or,,,,,,,,text_mismatch_no_original_time,False,
-lzEya4AM_4$_$6,5,poison,,,,,,,,text_mismatch_no_original_time,False,
-lzEya4AM_4$_$6,6,is,,,,,,,,text_mismatch_no_original_time,False,
-lzEya4AM_4$_$6,7,some,,,,,,,,text_mismatch_no_original_time,False,
-lzEya4AM_4$_$6,8,type,,,,,,,,text_mismatch_no_original_time,False,
-lzEya4AM_4$_$6,9,of,,,,,,,,text_mismatch_no_original_time,False,
-lzEya4AM_4$_$6,10,petroleum,,,,,,,,text_mismatch_no_original_time,False,
-lzEya4AM_4$_$6,11,product,,,,,,,,text_mismatch_no_original_time,False,
-lzEya4AM_4$_$6,12,or,,,,,,,,text_mismatch_no_original_time,False,
-lzEya4AM_4$_$6,13,corrosive,,,,,,,,text_mismatch_no_original_time,False,
-lzEya4AM_4$_$6,14,product,,,,,,,,text_mismatch_no_original_time,False,
-lzEya4AM_4$_$6,15,you,,,,,,,,text_mismatch_no_original_time,False,
-lzEya4AM_4$_$6,16,would,,,,,,,,text_mismatch_no_original_time,False,
-lzEya4AM_4$_$6,17,not,,,,,,,,text_mismatch_no_original_time,False,
-lzEya4AM_4$_$6,18,attempt,,,,,,,,text_mismatch_no_original_time,False,
-lzEya4AM_4$_$6,19,to,,,,,,,,text_mismatch_no_original_time,False,
-lzEya4AM_4$_$6,20,induce,,,,,,,,text_mismatch_no_original_time,False,
-lzEya4AM_4$_$6,21,vomiting,,,,,,,,text_mismatch_no_original_time,False,
-lzEya4AM_4$_$6,22,and,,,,,,,,text_mismatch_no_original_time,False,
-lzEya4AM_4$_$6,23,nausea,,,,,,,,text_mismatch_no_original_time,False,
-lzEya4AM_4$_$6,24,as,,,,,,,,text_mismatch_no_original_time,False,
-lzEya4AM_4$_$6,25,as,,,,,,,,text_mismatch_no_original_time,False,
-lzEya4AM_4$_$6,26,the,,,,,,,,text_mismatch_no_original_time,False,
-lzEya4AM_4$_$6,27,product,,,,,,,,text_mismatch_no_original_time,False,
-lzEya4AM_4$_$6,28,burned,,,,,,,,text_mismatch_no_original_time,False,
-lzEya4AM_4$_$6,29,on,,,,,,,,text_mismatch_no_original_time,False,
-lzEya4AM_4$_$6,30,the,,,,,,,,text_mismatch_no_original_time,False,
-lzEya4AM_4$_$6,31,way,,,,,,,,text_mismatch_no_original_time,False,
-lzEya4AM_4$_$6,32,down,,,,,,,,text_mismatch_no_original_time,False,
-lzEya4AM_4$_$6,33,it,,,,,,,,text_mismatch_no_original_time,False,
-lzEya4AM_4$_$6,34,could,,,,,,,,text_mismatch_no_original_time,False,
-lzEya4AM_4$_$6,35,cause,,,,,,,,text_mismatch_no_original_time,False,
-lzEya4AM_4$_$6,36,damage,,,,,,,,text_mismatch_no_original_time,False,
-lzEya4AM_4$_$6,37,and,,,,,,,,text_mismatch_no_original_time,False,
-lzEya4AM_4$_$6,38,burning,,,,,,,,text_mismatch_no_original_time,False,
-lzEya4AM_4$_$6,39,on,,,,,,,,text_mismatch_no_original_time,False,
-lzEya4AM_4$_$6,40,the,,,,,,,,text_mismatch_no_original_time,False,
-lzEya4AM_4$_$6,41,way,,,,,,,,text_mismatch_no_original_time,False,
-lzEya4AM_4$_$6,42,back,,,,,,,,text_mismatch_no_original_time,False,
-lzEya4AM_4$_$6,43,up,,,,,,,,text_mismatch_no_original_time,False,
-mJ2ud6oKI8$_$1,1,There,,,,,,,,text_mismatch_no_original_time,False,
-mJ2ud6oKI8$_$1,2,are,,,,,,,,text_mismatch_no_original_time,False,
-mJ2ud6oKI8$_$1,3,a,,,,,,,,text_mismatch_no_original_time,False,
-mJ2ud6oKI8$_$1,4,dozen,,,,,,,,text_mismatch_no_original_time,False,
-mJ2ud6oKI8$_$1,5,or,,,,,,,,text_mismatch_no_original_time,False,
-mJ2ud6oKI8$_$1,6,more,,,,,,,,text_mismatch_no_original_time,False,
-mJ2ud6oKI8$_$1,7,hands,,,,,,,,text_mismatch_no_original_time,False,
-mJ2ud6oKI8$_$1,8,on,,,,,,,,text_mismatch_no_original_time,False,
-mJ2ud6oKI8$_$1,9,techniques,,,,,,,,text_mismatch_no_original_time,False,
-mJ2ud6oKI8$_$1,10,that,,,,,,,,text_mismatch_no_original_time,False,
-mJ2ud6oKI8$_$1,11,we,,,,,,,,text_mismatch_no_original_time,False,
-mJ2ud6oKI8$_$1,12,can,,,,,,,,text_mismatch_no_original_time,False,
-mJ2ud6oKI8$_$1,13,do,,,,,,,,text_mismatch_no_original_time,False,
-mJ2ud6oKI8$_$2,1,So,,,,,,,,text_mismatch_no_original_time,False,
-mJ2ud6oKI8$_$2,2,physical,,,,,,,,text_mismatch_no_original_time,False,
-mJ2ud6oKI8$_$2,3,therapists,,,,,,,,text_mismatch_no_original_time,False,
-mJ2ud6oKI8$_$2,4,and,,,,,,,,text_mismatch_no_original_time,False,
-mJ2ud6oKI8$_$2,5,chiropractors,,,,,,,,text_mismatch_no_original_time,False,
-mJ2ud6oKI8$_$2,6,will,,,,,,,,text_mismatch_no_original_time,False,
-mJ2ud6oKI8$_$2,7,do,,,,,,,,text_mismatch_no_original_time,False,
-mJ2ud6oKI8$_$2,8,joint,,,,,,,,text_mismatch_no_original_time,False,
-mJ2ud6oKI8$_$2,9,manipulations,,,,,,,,text_mismatch_no_original_time,False,
-mJ2ud6oKI8$_$2,10,and,,,,,,,,text_mismatch_no_original_time,False,
-mJ2ud6oKI8$_$2,11,mobilizations,,,,,,,,text_mismatch_no_original_time,False,
-mJ2ud6oKI8$_$6,1,They,,,,,,,,text_mismatch_no_original_time,False,
-mJ2ud6oKI8$_$6,2,are,,,,,,,,text_mismatch_no_original_time,False,
-mJ2ud6oKI8$_$6,3,all,,,,,,,,text_mismatch_no_original_time,False,
-mJ2ud6oKI8$_$6,4,very,,,,,,,,text_mismatch_no_original_time,False,
-mJ2ud6oKI8$_$6,5,safe,,,,,,,,text_mismatch_no_original_time,False,
-mJ2ud6oKI8$_$9,1,It's,,,,,,,,text_mismatch_no_original_time,False,
-mJ2ud6oKI8$_$9,2,safe,,,,,,,,text_mismatch_no_original_time,False,
-mJ2ud6oKI8$_$9,3,and,,,,,,,,text_mismatch_no_original_time,False,
-mJ2ud6oKI8$_$9,4,the,,,,,,,,text_mismatch_no_original_time,False,
-mJ2ud6oKI8$_$9,5,person,,,,,,,,text_mismatch_no_original_time,False,
-mJ2ud6oKI8$_$9,6,will,,,,,,,,text_mismatch_no_original_time,False,
-mJ2ud6oKI8$_$9,7,feel,,,,,,,,text_mismatch_no_original_time,False,
-mJ2ud6oKI8$_$9,8,better,,,,,,,,text_mismatch_no_original_time,False,
-mJ2ud6oKI8$_$9,9,later,,,,,,,,text_mismatch_no_original_time,False,
-mJ2ud6oKI8$_$9,10,on,,,,,,,,text_mismatch_no_original_time,False,
-mJ2ud6oKI8$_$9,11,but,,,,,,,,text_mismatch_no_original_time,False,
-mJ2ud6oKI8$_$9,12,it's,,,,,,,,text_mismatch_no_original_time,False,
-mJ2ud6oKI8$_$9,13,sort,,,,,,,,text_mismatch_no_original_time,False,
-mJ2ud6oKI8$_$9,14,of,,,,,,,,text_mismatch_no_original_time,False,
-mJ2ud6oKI8$_$9,15,like,,,,,,,,text_mismatch_no_original_time,False,
-mJ2ud6oKI8$_$9,16,flossing,,,,,,,,text_mismatch_no_original_time,False,
-mJ2ud6oKI8$_$9,17,your,,,,,,,,text_mismatch_no_original_time,False,
-mJ2ud6oKI8$_$9,18,teeth,,,,,,,,text_mismatch_no_original_time,False,
-mJ2ud6oKI8$_$9,19,for,,,,,,,,text_mismatch_no_original_time,False,
-mJ2ud6oKI8$_$9,20,the,,,,,,,,text_mismatch_no_original_time,False,
-mJ2ud6oKI8$_$9,21,first,,,,,,,,text_mismatch_no_original_time,False,
-mJ2ud6oKI8$_$9,22,time,,,,,,,,text_mismatch_no_original_time,False,
-mJ2ud6oKI8$_$8,1,Sometimes,,,,,,,,text_mismatch_no_original_time,False,
-mJ2ud6oKI8$_$8,2,we,,,,,,,,text_mismatch_no_original_time,False,
-mJ2ud6oKI8$_$8,3,have,,,,,,,,text_mismatch_no_original_time,False,
-mJ2ud6oKI8$_$8,4,to,,,,,,,,text_mismatch_no_original_time,False,
-mJ2ud6oKI8$_$8,5,stretch,,,,,,,,text_mismatch_no_original_time,False,
-mJ2ud6oKI8$_$8,6,that,,,,,,,,text_mismatch_no_original_time,False,
-mJ2ud6oKI8$_$8,7,joint,,,,,,,,text_mismatch_no_original_time,False,
-mJ2ud6oKI8$_$8,8,that,,,,,,,,text_mismatch_no_original_time,False,
-mJ2ud6oKI8$_$8,9,is,,,,,,,,text_mismatch_no_original_time,False,
-mJ2ud6oKI8$_$8,10,already,,,,,,,,text_mismatch_no_original_time,False,
-mJ2ud6oKI8$_$8,11,irritated,,,,,,,,text_mismatch_no_original_time,False,
-mqbVkbCndg$_$0,1,How,1,How,0.0,0.38,0.0,0.38,Whisper small.en word timestamp estimate,whisper_estimate_auto_qc_pass,True,
-mqbVkbCndg$_$0,2,at,2,at,0.38,0.94,0.38,0.94,Whisper small.en word timestamp estimate,whisper_estimate_auto_qc_pass,True,
-mqbVkbCndg$_$0,3,a,3,a,0.94,1.06,0.94,1.06,Whisper small.en word timestamp estimate,whisper_estimate_auto_qc_pass,True,
-mqbVkbCndg$_$0,4,particular,4,particular,1.06,1.34,1.06,1.34,Whisper small.en word timestamp estimate,whisper_estimate_auto_qc_pass,True,
-mqbVkbCndg$_$0,5,moment,5,moment,1.34,1.84,1.34,1.84,Whisper small.en word timestamp estimate,whisper_estimate_auto_qc_pass,True,
-mqbVkbCndg$_$0,6,in,6,in,1.84,2.18,1.84,2.18,Whisper small.en word timestamp estimate,whisper_estimate_auto_qc_pass,True,
-mqbVkbCndg$_$0,7,time,7,time,2.18,2.52,2.18,2.52,Whisper small.en word timestamp estimate,whisper_estimate_auto_qc_pass,True,
-mqbVkbCndg$_$0,8,our,8,our,2.7,2.92,2.7,2.92,Whisper small.en word timestamp estimate,whisper_estimate_auto_qc_pass,True,
-mqbVkbCndg$_$0,9,moment,9,moment,2.92,3.24,2.92,3.24,Whisper small.en word timestamp estimate,whisper_estimate_auto_qc_pass,True,
-mqbVkbCndg$_$0,10,in,10,in,3.24,3.6,3.24,3.6,Whisper small.en word timestamp estimate,whisper_estimate_auto_qc_pass,True,
-mqbVkbCndg$_$0,11,time,11,time,3.6,4.0,3.6,4.0,Whisper small.en word timestamp estimate,whisper_estimate_auto_qc_pass,True,
-mqbVkbCndg$_$0,12,are,12,are,4.32,4.62,4.32,4.62,Whisper small.en word timestamp estimate,whisper_estimate_auto_qc_pass,True,
-mqbVkbCndg$_$0,13,they,13,they,4.62,4.94,4.62,4.94,Whisper small.en word timestamp estimate,whisper_estimate_auto_qc_pass,True,
-mqbVkbCndg$_$0,14,limited,14,limited,4.94,5.64,4.94,5.64,Whisper small.en word timestamp estimate,whisper_estimate_auto_qc_pass,True,
-t217m2on-s$_$2,1,But,1,But,0.0,0.68,0.0,0.68,Whisper small.en word timestamp estimate,whisper_estimate_auto_qc_pass,True,
-t217m2on-s$_$2,2,a,2,a,0.68,1.38,0.68,1.38,Whisper small.en word timestamp estimate,whisper_estimate_auto_qc_pass,True,
-t217m2on-s$_$2,3,good,3,good,1.38,1.54,1.38,1.54,Whisper small.en word timestamp estimate,whisper_estimate_auto_qc_pass,True,
-t217m2on-s$_$2,4,thing,4,thing,1.54,1.74,1.54,1.74,Whisper small.en word timestamp estimate,whisper_estimate_auto_qc_pass,True,
-t217m2on-s$_$2,5,to,5,to,1.74,1.86,1.74,1.86,Whisper small.en word timestamp estimate,whisper_estimate_auto_qc_pass,True,
-t217m2on-s$_$2,6,do,6,do,1.86,1.96,1.86,1.96,Whisper small.en word timestamp estimate,whisper_estimate_auto_qc_pass,True,
-t217m2on-s$_$2,7,is,7,is,1.96,2.08,1.96,2.08,Whisper small.en word timestamp estimate,whisper_estimate_auto_qc_pass,True,
-t217m2on-s$_$2,8,yawning,8,yawning,2.08,3.08,2.08,3.08,Whisper small.en word timestamp estimate,whisper_estimate_auto_qc_pass,True,
-t217m2on-s$_$2,9,chewing,9,Chewing,3.62,3.88,3.62,3.88,Whisper small.en word timestamp estimate,whisper_estimate_auto_qc_pass,True,
-t217m2on-s$_$2,10,gum,10,gum,3.88,4.18,3.88,4.18,Whisper small.en word timestamp estimate,whisper_estimate_auto_qc_pass,True,
-t217m2on-s$_$2,11,is,11,is,4.18,4.4,4.18,4.4,Whisper small.en word timestamp estimate,whisper_estimate_auto_qc_pass,True,
-t217m2on-s$_$2,12,effective,12,effective,4.4,4.86,4.4,4.86,Whisper small.en word timestamp estimate,whisper_estimate_auto_qc_pass,True,
-t217m2on-s$_$7,1,If,1,If,0.0,0.62,0.0,0.62,Whisper small.en word timestamp estimate,whisper_estimate_auto_qc_pass,True,
-t217m2on-s$_$7,2,you,2,you,0.62,0.78,0.62,0.78,Whisper small.en word timestamp estimate,whisper_estimate_auto_qc_pass,True,
-t217m2on-s$_$7,3,find,3,find,0.78,1.06,0.78,1.06,Whisper small.en word timestamp estimate,whisper_estimate_auto_qc_pass,True,
-t217m2on-s$_$7,4,that,4,that,1.06,1.32,1.06,1.32,Whisper small.en word timestamp estimate,whisper_estimate_auto_qc_pass,True,
-t217m2on-s$_$7,5,your,5,your,1.32,1.56,1.32,1.56,Whisper small.en word timestamp estimate,whisper_estimate_auto_qc_pass,True,
-t217m2on-s$_$7,6,ears,6,ears,1.56,1.96,1.56,1.96,Whisper small.en word timestamp estimate,whisper_estimate_auto_qc_pass,True,
-t217m2on-s$_$7,7,consistently,7,consistently,,,,,,whisper_time_flagged_null,False,very_long_duration_review
-t217m2on-s$_$7,8,do,8,do,3.6,4.42,3.6,4.42,Whisper small.en word timestamp estimate,whisper_estimate_auto_qc_pass,True,
-t217m2on-s$_$7,9,this,9,this,4.42,4.66,4.42,4.66,Whisper small.en word timestamp estimate,whisper_estimate_auto_qc_pass,True,
-t217m2on-s$_$7,10,and,10,and,4.66,4.86,4.66,4.86,Whisper small.en word timestamp estimate,whisper_estimate_auto_qc_pass,True,
-t217m2on-s$_$7,11,you,11,you,4.86,5.0,4.86,5.0,Whisper small.en word timestamp estimate,whisper_estimate_auto_qc_pass,True,
-t217m2on-s$_$7,12,can't,12,can't,5.0,5.44,5.0,5.44,Whisper small.en word timestamp estimate,whisper_estimate_auto_qc_pass,True,
-t217m2on-s$_$7,13,pop,13,pop,5.44,5.78,5.44,5.78,Whisper small.en word timestamp estimate,whisper_estimate_auto_qc_pass,True,
-t217m2on-s$_$7,14,them,14,them,5.78,6.02,5.78,6.02,Whisper small.en word timestamp estimate,whisper_estimate_auto_qc_pass,True,
-t217m2on-s$_$7,15,often,15,often,6.02,6.44,6.02,6.44,Whisper small.en word timestamp estimate,whisper_estimate_auto_qc_pass,True,
-t217m2on-s$_$7,16,you'll,16,you'll,6.9,7.1,6.9,7.1,Whisper small.en word timestamp estimate,whisper_estimate_auto_qc_pass,True,
-t217m2on-s$_$7,17,definitely,17,definitely,7.1,7.3,7.1,7.3,Whisper small.en word timestamp estimate,whisper_estimate_auto_qc_pass,True,
-t217m2on-s$_$7,18,need,18,need,7.3,7.86,7.3,7.86,Whisper small.en word timestamp estimate,whisper_estimate_auto_qc_pass,True,
-t217m2on-s$_$7,19,to,19,to,7.86,8.02,7.86,8.02,Whisper small.en word timestamp estimate,whisper_estimate_auto_qc_pass,True,
-t217m2on-s$_$7,20,see,20,see,8.02,8.2,8.02,8.2,Whisper small.en word timestamp estimate,whisper_estimate_auto_qc_pass,True,
-t217m2on-s$_$7,21,a,21,a,8.2,8.34,8.2,8.34,Whisper small.en word timestamp estimate,whisper_estimate_auto_qc_pass,True,
-t217m2on-s$_$7,22,physician,22,physician,8.34,8.78,8.34,8.78,Whisper small.en word timestamp estimate,whisper_estimate_auto_qc_pass,True,
-t217m2on-s$_$7,23,regarding,23,regarding,8.78,9.76,8.78,9.76,Whisper small.en word timestamp estimate,whisper_estimate_auto_qc_pass,True,
-t217m2on-s$_$7,24,those,24,those,9.76,10.1,9.76,10.1,Whisper small.en word timestamp estimate,whisper_estimate_auto_qc_pass,True,
-t217m2on-s$_$7,25,things,25,things,10.1,10.44,10.1,10.44,Whisper small.en word timestamp estimate,whisper_estimate_auto_qc_pass,True,
-t217m2on-s$_$7,26,it,26,It,10.86,10.98,10.86,10.98,Whisper small.en word timestamp estimate,whisper_estimate_auto_qc_pass,True,
-t217m2on-s$_$7,27,could,27,could,10.98,11.14,10.98,11.14,Whisper small.en word timestamp estimate,whisper_estimate_auto_qc_pass,True,
-t217m2on-s$_$7,28,be,28,be,11.14,11.36,11.14,11.36,Whisper small.en word timestamp estimate,whisper_estimate_auto_qc_pass,True,
-t217m2on-s$_$7,29,something,29,something,11.36,11.56,11.36,11.56,Whisper small.en word timestamp estimate,whisper_estimate_auto_qc_pass,True,
-t217m2on-s$_$7,30,more,30,more,11.56,11.94,11.56,11.94,Whisper small.en word timestamp estimate,whisper_estimate_auto_qc_pass,True,
-t217m2on-s$_$7,31,of,31,of,11.94,12.08,11.94,12.08,Whisper small.en word timestamp estimate,whisper_estimate_auto_qc_pass,True,
-t217m2on-s$_$7,32,a,32,a,12.08,12.16,12.08,12.16,Whisper small.en word timestamp estimate,whisper_estimate_auto_qc_pass,True,
-t217m2on-s$_$7,33,nasal,33,nasal,12.16,12.46,12.16,12.46,Whisper small.en word timestamp estimate,whisper_estimate_auto_qc_pass,True,
-t217m2on-s$_$7,34,infection,34,infection,12.46,12.94,12.46,12.94,Whisper small.en word timestamp estimate,whisper_estimate_auto_qc_pass,True,
-t217m2on-s$_$7,35,or,35,or,12.94,13.4,12.94,13.4,Whisper small.en word timestamp estimate,whisper_estimate_auto_qc_pass,True,
-t217m2on-s$_$7,36,a,36,a,13.4,13.52,13.4,13.52,Whisper small.en word timestamp estimate,whisper_estimate_auto_qc_pass,True,
-t217m2on-s$_$7,37,sinus,37,sinus,13.52,13.92,13.52,13.92,Whisper small.en word timestamp estimate,whisper_estimate_auto_qc_pass,True,
-t217m2on-s$_$7,38,infection,38,infection,13.92,14.5,13.92,14.5,Whisper small.en word timestamp estimate,whisper_estimate_auto_qc_pass,True,
-t217m2on-s$_$7,39,that,39,that,14.5,15.28,14.5,15.28,Whisper small.en word timestamp estimate,whisper_estimate_auto_qc_pass,True,
-t217m2on-s$_$7,40,he,40,he,15.28,15.5,15.28,15.5,Whisper small.en word timestamp estimate,whisper_estimate_auto_qc_pass,True,
-t217m2on-s$_$7,41,would,41,would,15.5,15.72,15.5,15.72,Whisper small.en word timestamp estimate,whisper_estimate_auto_qc_pass,True,
-t217m2on-s$_$7,42,need,42,need,15.72,15.92,15.72,15.92,Whisper small.en word timestamp estimate,whisper_estimate_auto_qc_pass,True,
-t217m2on-s$_$7,43,to,43,to,15.92,16.08,15.92,16.08,Whisper small.en word timestamp estimate,whisper_estimate_auto_qc_pass,True,
-t217m2on-s$_$7,44,deal,44,deal,16.08,16.24,16.08,16.24,Whisper small.en word timestamp estimate,whisper_estimate_auto_qc_pass,True,
-t217m2on-s$_$7,45,with,45,with,16.24,16.48,16.24,16.48,Whisper small.en word timestamp estimate,whisper_estimate_auto_qc_pass,True,
-tANM6ETl_M$_$3,1,The,,,,,,,,text_mismatch_no_original_time,False,
-tANM6ETl_M$_$3,2,first,,,,,,,,text_mismatch_no_original_time,False,
-tANM6ETl_M$_$3,3,place,,,,,,,,text_mismatch_no_original_time,False,
-tANM6ETl_M$_$3,4,is,,,,,,,,text_mismatch_no_original_time,False,
-tANM6ETl_M$_$3,5,either,,,,,,,,text_mismatch_no_original_time,False,
-tANM6ETl_M$_$3,6,you,,,,,,,,text_mismatch_no_original_time,False,
-tANM6ETl_M$_$3,7,have,,,,,,,,text_mismatch_no_original_time,False,
-tANM6ETl_M$_$3,8,a,,,,,,,,text_mismatch_no_original_time,False,
-tANM6ETl_M$_$3,9,prospect,,,,,,,,text_mismatch_no_original_time,False,
-tANM6ETl_M$_$3,10,or,,,,,,,,text_mismatch_no_original_time,False,
-tANM6ETl_M$_$3,11,a,,,,,,,,text_mismatch_no_original_time,False,
-tANM6ETl_M$_$3,12,customer,,,,,,,,text_mismatch_no_original_time,False,
-tANM6ETl_M$_$3,13,who's,,,,,,,,text_mismatch_no_original_time,False,
-tANM6ETl_M$_$3,14,never,,,,,,,,text_mismatch_no_original_time,False,
-tANM6ETl_M$_$3,15,done,,,,,,,,text_mismatch_no_original_time,False,
-tANM6ETl_M$_$3,16,it,,,,,,,,text_mismatch_no_original_time,False,
-tANM6ETl_M$_$3,17,before,,,,,,,,text_mismatch_no_original_time,False,
-tANM6ETl_M$_$3,18,or,,,,,,,,text_mismatch_no_original_time,False,
-tANM6ETl_M$_$3,19,they've,,,,,,,,text_mismatch_no_original_time,False,
-tANM6ETl_M$_$3,20,never,,,,,,,,text_mismatch_no_original_time,False,
-tANM6ETl_M$_$3,21,tried,,,,,,,,text_mismatch_no_original_time,False,
-tANM6ETl_M$_$3,22,it,,,,,,,,text_mismatch_no_original_time,False,
-tPCytz4rww$_$11,1,Make,,,,,,,,text_mismatch_no_original_time,False,
-tPCytz4rww$_$11,2,sure,,,,,,,,text_mismatch_no_original_time,False,
-tPCytz4rww$_$11,3,that,,,,,,,,text_mismatch_no_original_time,False,
-tPCytz4rww$_$11,4,your,,,,,,,,text_mismatch_no_original_time,False,
-tPCytz4rww$_$11,5,using,,,,,,,,text_mismatch_no_original_time,False,
-tPCytz4rww$_$11,6,comps,,,,,,,,text_mismatch_no_original_time,False,
-tPCytz4rww$_$11,7,that,,,,,,,,text_mismatch_no_original_time,False,
-tPCytz4rww$_$11,8,are,,,,,,,,text_mismatch_no_original_time,False,
-tPCytz4rww$_$11,9,not,,,,,,,,text_mismatch_no_original_time,False,
-tPCytz4rww$_$11,10,larger,,,,,,,,text_mismatch_no_original_time,False,
-tPCytz4rww$_$11,11,no,,,,,,,,text_mismatch_no_original_time,False,
-tPCytz4rww$_$11,12,larger,,,,,,,,text_mismatch_no_original_time,False,
-tPCytz4rww$_$11,13,than,,,,,,,,text_mismatch_no_original_time,False,
-tPCytz4rww$_$11,14,twelve,,,,,,,,text_mismatch_no_original_time,False,
-tPCytz4rww$_$11,15,hundred,,,,,,,,text_mismatch_no_original_time,False,
-tPCytz4rww$_$11,16,square,,,,,,,,text_mismatch_no_original_time,False,
-tPCytz4rww$_$11,17,feet,,,,,,,,text_mismatch_no_original_time,False,
-tPCytz4rww$_$10,1,Say,,,,,,,,text_mismatch_no_original_time,False,
-tPCytz4rww$_$10,2,twenty,,,,,,,,text_mismatch_no_original_time,False,
-tPCytz4rww$_$10,3,percent,,,,,,,,text_mismatch_no_original_time,False,
-tPCytz4rww$_$10,4,so,,,,,,,,text_mismatch_no_original_time,False,
-tPCytz4rww$_$10,5,if,,,,,,,,text_mismatch_no_original_time,False,
-tPCytz4rww$_$10,6,you've,,,,,,,,text_mismatch_no_original_time,False,
-tPCytz4rww$_$10,7,got,,,,,,,,text_mismatch_no_original_time,False,
-tPCytz4rww$_$10,8,a,,,,,,,,text_mismatch_no_original_time,False,
-tPCytz4rww$_$10,9,thousand,,,,,,,,text_mismatch_no_original_time,False,
-tPCytz4rww$_$10,10,square,,,,,,,,text_mismatch_no_original_time,False,
-tPCytz4rww$_$10,11,foot,,,,,,,,text_mismatch_no_original_time,False,
-tPCytz4rww$_$10,12,condo,,,,,,,,text_mismatch_no_original_time,False,
-tPCytz4rww$_$12,1,No,,,,,,,,text_mismatch_no_original_time,False,
-tPCytz4rww$_$12,2,less,,,,,,,,text_mismatch_no_original_time,False,
-tPCytz4rww$_$12,3,than,,,,,,,,text_mismatch_no_original_time,False,
-tPCytz4rww$_$12,4,eight,,,,,,,,text_mismatch_no_original_time,False,
-tPCytz4rww$_$12,5,hundred,,,,,,,,text_mismatch_no_original_time,False,
-tPCytz4rww$_$12,6,squire,,,,,,,,text_mismatch_no_original_time,False,
-tPCytz4rww$_$12,7,feet,,,,,,,,text_mismatch_no_original_time,False,
-tPCytz4rww$_$12,8,and,,,,,,,,text_mismatch_no_original_time,False,
-tPCytz4rww$_$12,9,going,,,,,,,,text_mismatch_no_original_time,False,
-tPCytz4rww$_$12,10,to,,,,,,,,text_mismatch_no_original_time,False,
-tPCytz4rww$_$12,11,similar,,,,,,,,text_mismatch_no_original_time,False,
-tPCytz4rww$_$12,12,in,,,,,,,,text_mismatch_no_original_time,False,
-tPCytz4rww$_$12,13,similar,,,,,,,,text_mismatch_no_original_time,False,
-tPCytz4rww$_$12,14,with,,,,,,,,text_mismatch_no_original_time,False,
-tPCytz4rww$_$12,15,bedrooms,,,,,,,,text_mismatch_no_original_time,False,
-tPCytz4rww$_$12,16,and,,,,,,,,text_mismatch_no_original_time,False,
-tPCytz4rww$_$12,17,bathrooms,,,,,,,,text_mismatch_no_original_time,False,
-tPCytz4rww$_$12,18,as,,,,,,,,text_mismatch_no_original_time,False,
-tPCytz4rww$_$12,19,well,,,,,,,,text_mismatch_no_original_time,False,
-tPCytz4rww$_$12,20,and,,,,,,,,text_mismatch_no_original_time,False,
-tPCytz4rww$_$12,21,hopefully,,,,,,,,text_mismatch_no_original_time,False,
-tPCytz4rww$_$12,22,the,,,,,,,,text_mismatch_no_original_time,False,
-tPCytz4rww$_$12,23,complexes,,,,,,,,text_mismatch_no_original_time,False,
-tPCytz4rww$_$12,24,have,,,,,,,,text_mismatch_no_original_time,False,
-tPCytz4rww$_$12,25,similar,,,,,,,,text_mismatch_no_original_time,False,
-tPCytz4rww$_$12,26,amenities,,,,,,,,text_mismatch_no_original_time,False,
-tPCytz4rww$_$16,1,So,,,,,,,,text_mismatch_no_original_time,False,
-tPCytz4rww$_$16,2,make,,,,,,,,text_mismatch_no_original_time,False,
-tPCytz4rww$_$16,3,sure,,,,,,,,text_mismatch_no_original_time,False,
-tPCytz4rww$_$16,4,to,,,,,,,,text_mismatch_no_original_time,False,
-tPCytz4rww$_$16,5,get,,,,,,,,text_mismatch_no_original_time,False,
-tPCytz4rww$_$16,6,a,,,,,,,,text_mismatch_no_original_time,False,
-tPCytz4rww$_$16,7,through,,,,,,,,text_mismatch_no_original_time,False,
-tPCytz4rww$_$16,8,or,,,,,,,,text_mismatch_no_original_time,False,
-tPCytz4rww$_$16,9,to,,,,,,,,text_mismatch_no_original_time,False,
-tPCytz4rww$_$16,10,do,,,,,,,,text_mismatch_no_original_time,False,
-tPCytz4rww$_$16,11,a,,,,,,,,text_mismatch_no_original_time,False,
-tPCytz4rww$_$16,12,through,,,,,,,,text_mismatch_no_original_time,False,
-tPCytz4rww$_$16,13,cleaning,,,,,,,,text_mismatch_no_original_time,False,
-tPCytz4rww$_$16,14,of,,,,,,,,text_mismatch_no_original_time,False,
-tPCytz4rww$_$16,15,the,,,,,,,,text_mismatch_no_original_time,False,
-tPCytz4rww$_$16,16,property,,,,,,,,text_mismatch_no_original_time,False,
-tPCytz4rww$_$18,1,Do,,,,,,,,text_mismatch_no_original_time,False,
-tPCytz4rww$_$18,2,so,,,,,,,,text_mismatch_no_original_time,False,
-tPCytz4rww$_$18,3,and,,,,,,,,text_mismatch_no_original_time,False,
-tPCytz4rww$_$18,4,as,,,,,,,,text_mismatch_no_original_time,False,
-tPCytz4rww$_$18,5,well,,,,,,,,text_mismatch_no_original_time,False,
-tPCytz4rww$_$18,6,you'll,,,,,,,,text_mismatch_no_original_time,False,
-tPCytz4rww$_$18,7,also,,,,,,,,text_mismatch_no_original_time,False,
-tPCytz4rww$_$18,8,want,,,,,,,,text_mismatch_no_original_time,False,
-tPCytz4rww$_$18,9,to,,,,,,,,text_mismatch_no_original_time,False,
-tPCytz4rww$_$18,10,remove,,,,,,,,text_mismatch_no_original_time,False,
-tPCytz4rww$_$18,11,any,,,,,,,,text_mismatch_no_original_time,False,
-tPCytz4rww$_$18,12,clutter,,,,,,,,text_mismatch_no_original_time,False,
-tPCytz4rww$_$18,13,from,,,,,,,,text_mismatch_no_original_time,False,
-tPCytz4rww$_$18,14,that,,,,,,,,text_mismatch_no_original_time,False,
-tPCytz4rww$_$18,15,you've,,,,,,,,text_mismatch_no_original_time,False,
-tPCytz4rww$_$18,16,accumulated,,,,,,,,text_mismatch_no_original_time,False,
-vxjVxOeScU$_$4,1,You're,1,You're,0.0,0.68,0.0,0.68,Whisper small.en word timestamp estimate,whisper_estimate_auto_qc_pass,True,
-vxjVxOeScU$_$4,2,going,2,going,,,,,,whisper_time_flagged_null,False,very_short_duration_review
-vxjVxOeScU$_$4,3,to,3,to,0.7,0.82,0.7,0.82,Whisper small.en word timestamp estimate,whisper_estimate_auto_qc_pass,True,
-vxjVxOeScU$_$4,4,talk,4,talk,0.82,1.04,0.82,1.04,Whisper small.en word timestamp estimate,whisper_estimate_auto_qc_pass,True,
-vxjVxOeScU$_$4,5,about,5,about,1.04,1.5,1.04,1.5,Whisper small.en word timestamp estimate,whisper_estimate_auto_qc_pass,True,
-vxjVxOeScU$_$4,6,their,6,their,1.5,2.02,1.5,2.02,Whisper small.en word timestamp estimate,whisper_estimate_auto_qc_pass,True,
-vxjVxOeScU$_$4,7,life,7,life,2.02,2.56,2.02,2.56,Whisper small.en word timestamp estimate,whisper_estimate_auto_qc_pass,True,
-vxjVxOeScU$_$4,8,their,8,their,3.0,3.1,3.0,3.1,Whisper small.en word timestamp estimate,whisper_estimate_auto_qc_pass,True,
-vxjVxOeScU$_$4,9,marriage,9,marriage,3.1,3.78,3.1,3.78,Whisper small.en word timestamp estimate,whisper_estimate_auto_qc_pass,True,
-vxjVxOeScU$_$4,10,and,10,and,4.52,4.82,4.52,4.82,Whisper small.en word timestamp estimate,whisper_estimate_auto_qc_pass,True,
-vxjVxOeScU$_$4,11,usually,11,usually,4.82,5.28,4.82,5.28,Whisper small.en word timestamp estimate,whisper_estimate_auto_qc_pass,True,
-vxjVxOeScU$_$4,12,how,12,how,5.28,5.78,5.28,5.78,Whisper small.en word timestamp estimate,whisper_estimate_auto_qc_pass,True,
-vxjVxOeScU$_$4,13,amazing,13,amazing,5.78,6.2,5.78,6.2,Whisper small.en word timestamp estimate,whisper_estimate_auto_qc_pass,True,
-vxjVxOeScU$_$4,14,it,14,it,6.2,6.52,6.2,6.52,Whisper small.en word timestamp estimate,whisper_estimate_auto_qc_pass,True,
-vxjVxOeScU$_$4,15,is,15,is,6.52,6.74,6.52,6.74,Whisper small.en word timestamp estimate,whisper_estimate_auto_qc_pass,True,
-vxjVxOeScU$_$4,16,that,16,that,6.74,6.94,6.74,6.94,Whisper small.en word timestamp estimate,whisper_estimate_auto_qc_pass,True,
-vxjVxOeScU$_$4,17,they've,17,they've,6.94,7.18,6.94,7.18,Whisper small.en word timestamp estimate,whisper_estimate_auto_qc_pass,True,
-vxjVxOeScU$_$4,18,stayed,18,stayed,7.18,7.4,7.18,7.4,Whisper small.en word timestamp estimate,whisper_estimate_auto_qc_pass,True,
-vxjVxOeScU$_$4,19,together,19,together,7.4,7.84,7.4,7.84,Whisper small.en word timestamp estimate,whisper_estimate_auto_qc_pass,True,
-vxjVxOeScU$_$4,20,this,20,this,7.84,8.1,7.84,8.1,Whisper small.en word timestamp estimate,whisper_estimate_auto_qc_pass,True,
-vxjVxOeScU$_$4,21,long,21,long,8.1,8.46,8.1,8.46,Whisper small.en word timestamp estimate,whisper_estimate_auto_qc_pass,True,
-wMB_hJL-3o$_$7,1,So,1,So,0.4600000000000011,0.8200000000000005,0.4600000000000011,0.8200000000000005,Whisper small.en word timestamp estimate,whisper_estimate_auto_qc_pass,True,
-wMB_hJL-3o$_$7,2,if,2,if,0.8200000000000005,1.18,0.8200000000000005,1.18,Whisper small.en word timestamp estimate,whisper_estimate_auto_qc_pass,True,
-wMB_hJL-3o$_$7,3,you,3,you,1.18,1.3,1.18,1.3,Whisper small.en word timestamp estimate,whisper_estimate_auto_qc_pass,True,
-wMB_hJL-3o$_$7,4,have,4,have,1.3,1.46,1.3,1.46,Whisper small.en word timestamp estimate,whisper_estimate_auto_qc_pass,True,
-wMB_hJL-3o$_$7,5,a,5,a,1.46,1.58,1.46,1.58,Whisper small.en word timestamp estimate,whisper_estimate_auto_qc_pass,True,
-wMB_hJL-3o$_$7,6,loved,6,loved,1.58,1.72,1.58,1.72,Whisper small.en word timestamp estimate,whisper_estimate_auto_qc_pass,True,
-wMB_hJL-3o$_$7,7,one,7,one,1.72,1.96,1.72,1.96,Whisper small.en word timestamp estimate,whisper_estimate_auto_qc_pass,True,
-wMB_hJL-3o$_$7,8,who,8,who,1.96,2.16,1.96,2.16,Whisper small.en word timestamp estimate,whisper_estimate_auto_qc_pass,True,
-wMB_hJL-3o$_$7,9,is,9,is,2.16,2.26,2.16,2.26,Whisper small.en word timestamp estimate,whisper_estimate_auto_qc_pass,True,
-wMB_hJL-3o$_$7,10,depressed,10,depressed,2.26,2.74,2.26,2.74,Whisper small.en word timestamp estimate,whisper_estimate_auto_qc_pass,True,
-wMB_hJL-3o$_$7,11,those,11,those,3.2,3.42,3.2,3.42,Whisper small.en word timestamp estimate,whisper_estimate_auto_qc_pass,True,
-wMB_hJL-3o$_$7,12,are,12,are,3.42,3.56,3.42,3.56,Whisper small.en word timestamp estimate,whisper_estimate_auto_qc_pass,True,
-wMB_hJL-3o$_$7,13,some,13,some,3.56,3.72,3.56,3.72,Whisper small.en word timestamp estimate,whisper_estimate_auto_qc_pass,True,
-wMB_hJL-3o$_$7,14,of,14,of,3.72,3.84,3.72,3.84,Whisper small.en word timestamp estimate,whisper_estimate_auto_qc_pass,True,
-wMB_hJL-3o$_$7,15,the,15,the,3.84,3.96,3.84,3.96,Whisper small.en word timestamp estimate,whisper_estimate_auto_qc_pass,True,
-wMB_hJL-3o$_$7,16,things,16,things,3.96,4.16,3.96,4.16,Whisper small.en word timestamp estimate,whisper_estimate_auto_qc_pass,True,
-wMB_hJL-3o$_$7,17,that,17,that,4.16,4.34,4.16,4.34,Whisper small.en word timestamp estimate,whisper_estimate_auto_qc_pass,True,
-wMB_hJL-3o$_$7,18,you,18,you,4.34,4.5,4.34,4.5,Whisper small.en word timestamp estimate,whisper_estimate_auto_qc_pass,True,
-wMB_hJL-3o$_$7,19,should,19,should,4.5,4.66,4.5,4.66,Whisper small.en word timestamp estimate,whisper_estimate_auto_qc_pass,True,
-wMB_hJL-3o$_$7,20,think,20,think,4.66,4.84,4.66,4.84,Whisper small.en word timestamp estimate,whisper_estimate_auto_qc_pass,True,
-wMB_hJL-3o$_$7,21,about,21,about,4.84,5.08,4.84,5.08,Whisper small.en word timestamp estimate,whisper_estimate_auto_qc_pass,True,
-wMB_hJL-3o$_$7,22,doing,22,doing,5.08,5.42,5.08,5.42,Whisper small.en word timestamp estimate,whisper_estimate_auto_qc_pass,True,
-wny0OAz3g8$_$1,1,And,,,,,,,,text_mismatch_no_original_time,False,
-wny0OAz3g8$_$1,2,because,,,,,,,,text_mismatch_no_original_time,False,
-wny0OAz3g8$_$1,3,they,,,,,,,,text_mismatch_no_original_time,False,
-wny0OAz3g8$_$1,4,couldn't,,,,,,,,text_mismatch_no_original_time,False,
-wny0OAz3g8$_$1,5,join,,,,,,,,text_mismatch_no_original_time,False,
-wny0OAz3g8$_$1,6,unions,,,,,,,,text_mismatch_no_original_time,False,
-wny0OAz3g8$_$1,7,many,,,,,,,,text_mismatch_no_original_time,False,
-wny0OAz3g8$_$1,8,Black,,,,,,,,text_mismatch_no_original_time,False,
-wny0OAz3g8$_$1,9,workers,,,,,,,,text_mismatch_no_original_time,False,
-wny0OAz3g8$_$1,10,couldn't,,,,,,,,text_mismatch_no_original_time,False,
-wny0OAz3g8$_$1,11,get,,,,,,,,text_mismatch_no_original_time,False,
-wny0OAz3g8$_$1,12,manufacturing,,,,,,,,text_mismatch_no_original_time,False,
-wny0OAz3g8$_$1,13,or,,,,,,,,text_mismatch_no_original_time,False,
-wny0OAz3g8$_$1,14,trade,,,,,,,,text_mismatch_no_original_time,False,
-wny0OAz3g8$_$1,15,work,,,,,,,,text_mismatch_no_original_time,False,
-wny0OAz3g8$_$1,16,which,,,,,,,,text_mismatch_no_original_time,False,
-wny0OAz3g8$_$1,17,paid,,,,,,,,text_mismatch_no_original_time,False,
-wny0OAz3g8$_$1,18,much,,,,,,,,text_mismatch_no_original_time,False,
-wny0OAz3g8$_$1,19,better,,,,,,,,text_mismatch_no_original_time,False,
-wny0OAz3g8$_$1,20,than,,,,,,,,text_mismatch_no_original_time,False,
-wny0OAz3g8$_$1,21,service,,,,,,,,text_mismatch_no_original_time,False,
-wny0OAz3g8$_$1,22,work,,,,,,,,text_mismatch_no_original_time,False,
-wny0OAz3g8$_$0,1,trade,,,,,,,,text_mismatch_no_original_time,False,
-wny0OAz3g8$_$0,2,labor,,,,,,,,text_mismatch_no_original_time,False,
-wny0OAz3g8$_$0,3,unions,,,,,,,,text_mismatch_no_original_time,False,
-wny0OAz3g8$_$0,4,didn't,,,,,,,,text_mismatch_no_original_time,False,
-wny0OAz3g8$_$0,5,allow,,,,,,,,text_mismatch_no_original_time,False,
-wny0OAz3g8$_$0,6,Black,,,,,,,,text_mismatch_no_original_time,False,
-wny0OAz3g8$_$0,7,workers,,,,,,,,text_mismatch_no_original_time,False,
-wny0OAz3g8$_$0,8,to,,,,,,,,text_mismatch_no_original_time,False,
-wny0OAz3g8$_$0,9,join,,,,,,,,text_mismatch_no_original_time,False,
-wny0OAz3g8$_$3,1,Which,,,,,,,,text_mismatch_no_original_time,False,
-wny0OAz3g8$_$3,2,then,,,,,,,,text_mismatch_no_original_time,False,
-wny0OAz3g8$_$3,3,allowed,,,,,,,,text_mismatch_no_original_time,False,
-wny0OAz3g8$_$3,4,the,,,,,,,,text_mismatch_no_original_time,False,
-wny0OAz3g8$_$3,5,white,,,,,,,,text_mismatch_no_original_time,False,
-wny0OAz3g8$_$3,6,workers,,,,,,,,text_mismatch_no_original_time,False,
-wny0OAz3g8$_$3,7,and,,,,,,,,text_mismatch_no_original_time,False,
-wny0OAz3g8$_$3,8,unions,,,,,,,,text_mismatch_no_original_time,False,
-wny0OAz3g8$_$3,9,to,,,,,,,,text_mismatch_no_original_time,False,
-wny0OAz3g8$_$3,10,justify,,,,,,,,text_mismatch_no_original_time,False,
-wny0OAz3g8$_$3,11,their,,,,,,,,text_mismatch_no_original_time,False,
-wny0OAz3g8$_$3,12,decision,,,,,,,,text_mismatch_no_original_time,False,
-wny0OAz3g8$_$3,13,to,,,,,,,,text_mismatch_no_original_time,False,
-wny0OAz3g8$_$3,14,not,,,,,,,,text_mismatch_no_original_time,False,
-wny0OAz3g8$_$3,15,allow,,,,,,,,text_mismatch_no_original_time,False,
-wny0OAz3g8$_$3,16,black,,,,,,,,text_mismatch_no_original_time,False,
-wny0OAz3g8$_$3,17,workers,,,,,,,,text_mismatch_no_original_time,False,
-wny0OAz3g8$_$3,18,into,,,,,,,,text_mismatch_no_original_time,False,
-wny0OAz3g8$_$3,19,their,,,,,,,,text_mismatch_no_original_time,False,
-wny0OAz3g8$_$3,20,union,,,,,,,,text_mismatch_no_original_time,False,
-wny0OAz3g8$_$2,1,And,,,,,,,,text_mismatch_no_original_time,False,
-wny0OAz3g8$_$2,2,because,,,,,,,,text_mismatch_no_original_time,False,
-wny0OAz3g8$_$2,3,they,,,,,,,,text_mismatch_no_original_time,False,
-wny0OAz3g8$_$2,4,couldn't,,,,,,,,text_mismatch_no_original_time,False,
-wny0OAz3g8$_$2,5,get,,,,,,,,text_mismatch_no_original_time,False,
-wny0OAz3g8$_$2,6,these,,,,,,,,text_mismatch_no_original_time,False,
-wny0OAz3g8$_$2,7,jobs,,,,,,,,text_mismatch_no_original_time,False,
-wny0OAz3g8$_$2,8,Black,,,,,,,,text_mismatch_no_original_time,False,
-wny0OAz3g8$_$2,9,communities,,,,,,,,text_mismatch_no_original_time,False,
-wny0OAz3g8$_$2,10,had,,,,,,,,text_mismatch_no_original_time,False,
-wny0OAz3g8$_$2,11,more,,,,,,,,text_mismatch_no_original_time,False,
-wny0OAz3g8$_$2,12,men,,,,,,,,text_mismatch_no_original_time,False,
-wny0OAz3g8$_$2,13,out,,,,,,,,text_mismatch_no_original_time,False,
-wny0OAz3g8$_$2,14,of,,,,,,,,text_mismatch_no_original_time,False,
-wny0OAz3g8$_$2,15,work,,,,,,,,text_mismatch_no_original_time,False,
-wny0OAz3g8$_$2,16,higher,,,,,,,,text_mismatch_no_original_time,False,
-wny0OAz3g8$_$2,17,rates,,,,,,,,text_mismatch_no_original_time,False,
-wny0OAz3g8$_$2,18,of,,,,,,,,text_mismatch_no_original_time,False,
-wny0OAz3g8$_$2,19,poverty,,,,,,,,text_mismatch_no_original_time,False,
-wny0OAz3g8$_$2,20,and,,,,,,,,text_mismatch_no_original_time,False,
-wny0OAz3g8$_$2,21,more,,,,,,,,text_mismatch_no_original_time,False,
-wny0OAz3g8$_$2,22,criminal,,,,,,,,text_mismatch_no_original_time,False,
-wny0OAz3g8$_$2,23,behavior,,,,,,,,text_mismatch_no_original_time,False,
-wny0OAz3g8$_$5,1,This,1,This,0.0,0.68,0.0,0.68,Whisper small.en word timestamp estimate,whisper_estimate_auto_qc_pass,True,
-wny0OAz3g8$_$5,2,is,2,is,0.68,0.84,0.68,0.84,Whisper small.en word timestamp estimate,whisper_estimate_auto_qc_pass,True,
-wny0OAz3g8$_$5,3,what's,3,what's,0.84,1.1,0.84,1.1,Whisper small.en word timestamp estimate,whisper_estimate_auto_qc_pass,True,
-wny0OAz3g8$_$5,4,now,4,now,1.1,1.24,1.1,1.24,Whisper small.en word timestamp estimate,whisper_estimate_auto_qc_pass,True,
-wny0OAz3g8$_$5,5,known,5,known,1.24,1.44,1.24,1.44,Whisper small.en word timestamp estimate,whisper_estimate_auto_qc_pass,True,
-wny0OAz3g8$_$5,6,as,6,as,1.44,1.66,1.44,1.66,Whisper small.en word timestamp estimate,whisper_estimate_auto_qc_pass,True,
-wny0OAz3g8$_$5,7,racial,7,racial,1.66,1.92,1.66,1.92,Whisper small.en word timestamp estimate,whisper_estimate_auto_qc_pass,True,
-wny0OAz3g8$_$5,8,formation,8,formation,1.92,2.28,1.92,2.28,Whisper small.en word timestamp estimate,whisper_estimate_auto_qc_pass,True,
-wny0OAz3g8$_$5,9,theory,9,theory,2.28,2.76,2.28,2.76,Whisper small.en word timestamp estimate,whisper_estimate_auto_qc_pass,True,
-wny0OAz3g8$_$5,10,a,10,a,3.12,3.16,3.12,3.16,Whisper small.en word timestamp estimate,whisper_estimate_auto_qc_pass,True,
-wny0OAz3g8$_$5,11,theory,11,theory,3.16,3.3,3.16,3.3,Whisper small.en word timestamp estimate,whisper_estimate_auto_qc_pass,True,
-wny0OAz3g8$_$5,12,formalized,12,formalized,3.3,3.86,3.3,3.86,Whisper small.en word timestamp estimate,whisper_estimate_auto_qc_pass,True,
-wny0OAz3g8$_$5,13,by,13,by,3.86,4.04,3.86,4.04,Whisper small.en word timestamp estimate,whisper_estimate_auto_qc_pass,True,
-wny0OAz3g8$_$5,14,modern,14,modern,4.04,4.3,4.04,4.3,Whisper small.en word timestamp estimate,whisper_estimate_auto_qc_pass,True,
-wny0OAz3g8$_$5,15,sociologists,15,sociologists,4.3,4.86,4.3,4.86,Whisper small.en word timestamp estimate,whisper_estimate_auto_qc_pass,True,
-wny0OAz3g8$_$5,16,Michael,16,Michael,4.86,5.1,4.86,5.1,Whisper small.en word timestamp estimate,whisper_estimate_auto_qc_pass,True,
-wny0OAz3g8$_$5,17,Omi,17,Omi,5.1,5.44,5.1,5.44,Whisper small.en word timestamp estimate,whisper_estimate_auto_qc_pass,True,
-wny0OAz3g8$_$5,18,and,18,and,5.44,5.62,5.44,5.62,Whisper small.en word timestamp estimate,whisper_estimate_auto_qc_pass,True,
-wny0OAz3g8$_$5,19,Howard,19,Howard,5.62,5.88,5.62,5.88,Whisper small.en word timestamp estimate,whisper_estimate_auto_qc_pass,True,
-wny0OAz3g8$_$5,20,Winant,20,Winant,5.88,6.16,5.88,6.16,Whisper small.en word timestamp estimate,whisper_estimate_auto_qc_pass,True,
-wny0OAz3g8$_$7,1,Omi,,,,,,,,text_mismatch_no_original_time,False,
-wny0OAz3g8$_$7,2,and,,,,,,,,text_mismatch_no_original_time,False,
-wny0OAz3g8$_$7,3,Winant,,,,,,,,text_mismatch_no_original_time,False,
-wny0OAz3g8$_$7,4,argue,,,,,,,,text_mismatch_no_original_time,False,
-wny0OAz3g8$_$7,5,that,,,,,,,,text_mismatch_no_original_time,False,
-wny0OAz3g8$_$7,6,the,,,,,,,,text_mismatch_no_original_time,False,
-wny0OAz3g8$_$7,7,concept,,,,,,,,text_mismatch_no_original_time,False,
-wny0OAz3g8$_$7,8,of,,,,,,,,text_mismatch_no_original_time,False,
-wny0OAz3g8$_$7,9,race,,,,,,,,text_mismatch_no_original_time,False,
-wny0OAz3g8$_$7,10,came,,,,,,,,text_mismatch_no_original_time,False,
-wny0OAz3g8$_$7,11,about,,,,,,,,text_mismatch_no_original_time,False,
-wny0OAz3g8$_$7,12,as,,,,,,,,text_mismatch_no_original_time,False,
-wny0OAz3g8$_$7,13,a,,,,,,,,text_mismatch_no_original_time,False,
-wny0OAz3g8$_$7,14,tool,,,,,,,,text_mismatch_no_original_time,False,
-wny0OAz3g8$_$7,15,to,,,,,,,,text_mismatch_no_original_time,False,
-wny0OAz3g8$_$7,16,justify,,,,,,,,text_mismatch_no_original_time,False,
-wny0OAz3g8$_$7,17,and,,,,,,,,text_mismatch_no_original_time,False,
-wny0OAz3g8$_$7,18,maintain,,,,,,,,text_mismatch_no_original_time,False,
-wny0OAz3g8$_$7,19,the,,,,,,,,text_mismatch_no_original_time,False,
-wny0OAz3g8$_$7,20,economic,,,,,,,,text_mismatch_no_original_time,False,
-wny0OAz3g8$_$7,21,and,,,,,,,,text_mismatch_no_original_time,False,
-wny0OAz3g8$_$7,22,political,,,,,,,,text_mismatch_no_original_time,False,
-wny0OAz3g8$_$7,23,power,,,,,,,,text_mismatch_no_original_time,False,
-wny0OAz3g8$_$7,24,held,,,,,,,,text_mismatch_no_original_time,False,
-wny0OAz3g8$_$7,25,by,,,,,,,,text_mismatch_no_original_time,False,
-wny0OAz3g8$_$7,26,those,,,,,,,,text_mismatch_no_original_time,False,
-wny0OAz3g8$_$7,27,of,,,,,,,,text_mismatch_no_original_time,False,
-wny0OAz3g8$_$7,28,European,,,,,,,,text_mismatch_no_original_time,False,
-wny0OAz3g8$_$7,29,descent,,,,,,,,text_mismatch_no_original_time,False,
-wny0OAz3g8$_$9,1,He,,,,,,,,text_mismatch_no_original_time,False,
-wny0OAz3g8$_$9,2,explores,,,,,,,,text_mismatch_no_original_time,False,
-wny0OAz3g8$_$9,3,why,,,,,,,,text_mismatch_no_original_time,False,
-wny0OAz3g8$_$9,4,Black,,,,,,,,text_mismatch_no_original_time,False,
-wny0OAz3g8$_$9,5,and,,,,,,,,text_mismatch_no_original_time,False,
-wny0OAz3g8$_$9,6,White,,,,,,,,text_mismatch_no_original_time,False,
-wny0OAz3g8$_$9,7,Americans,,,,,,,,text_mismatch_no_original_time,False,
-wny0OAz3g8$_$9,8,tend,,,,,,,,text_mismatch_no_original_time,False,
-wny0OAz3g8$_$9,9,to,,,,,,,,text_mismatch_no_original_time,False,
-wny0OAz3g8$_$9,10,have,,,,,,,,text_mismatch_no_original_time,False,
-wny0OAz3g8$_$9,11,such,,,,,,,,text_mismatch_no_original_time,False,
-wny0OAz3g8$_$9,12,different,,,,,,,,text_mismatch_no_original_time,False,
-wny0OAz3g8$_$9,13,outcomes,,,,,,,,text_mismatch_no_original_time,False,
-wny0OAz3g8$_$9,14,in,,,,,,,,text_mismatch_no_original_time,False,
-wny0OAz3g8$_$9,15,terms,,,,,,,,text_mismatch_no_original_time,False,
-wny0OAz3g8$_$9,16,of,,,,,,,,text_mismatch_no_original_time,False,
-wny0OAz3g8$_$9,17,income,,,,,,,,text_mismatch_no_original_time,False,
-wny0OAz3g8$_$9,18,education,,,,,,,,text_mismatch_no_original_time,False,
-wny0OAz3g8$_$9,19,and,,,,,,,,text_mismatch_no_original_time,False,
-wny0OAz3g8$_$9,20,more,,,,,,,,text_mismatch_no_original_time,False,
-571d8cVauQ$_$0,1,This,1,This,0.6999999999999995,1.18,0.6999999999999995,1.18,Whisper small.en word timestamp estimate,whisper_estimate_auto_qc_pass,True,
-571d8cVauQ$_$0,2,is,2,is,1.18,1.3,1.18,1.3,Whisper small.en word timestamp estimate,whisper_estimate_auto_qc_pass,True,
-571d8cVauQ$_$0,3,Rhett,3,Rhett,1.3,1.52,1.3,1.52,Whisper small.en word timestamp estimate,whisper_estimate_auto_qc_pass,True,
-571d8cVauQ$_$0,4,Reiger,4,Reiger,1.52,1.84,1.52,1.84,Whisper small.en word timestamp estimate,whisper_estimate_auto_qc_pass,True,
-571d8cVauQ$_$0,5,White,5,White,2.02,2.12,2.02,2.12,Whisper small.en word timestamp estimate,whisper_estimate_auto_qc_pass,True,
-571d8cVauQ$_$0,6,Caspian,6,Caspian,2.12,2.56,2.12,2.56,Whisper small.en word timestamp estimate,whisper_estimate_auto_qc_pass,True,
-571d8cVauQ$_$0,7,Studios,7,Studios,2.56,2.9,2.56,2.9,Whisper small.en word timestamp estimate,whisper_estimate_auto_qc_pass,True,
-571d8cVauQ$_$0,8,on,8,on,3.14,3.24,3.14,3.24,Whisper small.en word timestamp estimate,whisper_estimate_auto_qc_pass,True,
-571d8cVauQ$_$0,9,behalf,9,behalf,3.24,3.46,3.24,3.46,Whisper small.en word timestamp estimate,whisper_estimate_auto_qc_pass,True,
-571d8cVauQ$_$0,10,of,10,of,3.46,3.68,3.46,3.68,Whisper small.en word timestamp estimate,whisper_estimate_auto_qc_pass,True,
-571d8cVauQ$_$0,11,Expert,11,Expert,3.68,3.96,3.68,3.96,Whisper small.en word timestamp estimate,whisper_estimate_auto_qc_pass,True,
-571d8cVauQ$_$0,12,Village,12,Village,3.96,4.38,3.96,4.38,Whisper small.en word timestamp estimate,whisper_estimate_auto_qc_pass,True,
-571d8cVauQ$_$5,1,So,,,,,,,,text_mismatch_no_original_time,False,
-571d8cVauQ$_$5,2,very,,,,,,,,text_mismatch_no_original_time,False,
-571d8cVauQ$_$5,3,important,,,,,,,,text_mismatch_no_original_time,False,
-571d8cVauQ$_$5,4,to,,,,,,,,text_mismatch_no_original_time,False,
-571d8cVauQ$_$5,5,go,,,,,,,,text_mismatch_no_original_time,False,
-571d8cVauQ$_$5,6,out,,,,,,,,text_mismatch_no_original_time,False,
-571d8cVauQ$_$5,7,to,,,,,,,,text_mismatch_no_original_time,False,
-571d8cVauQ$_$5,8,the,,,,,,,,text_mismatch_no_original_time,False,
-571d8cVauQ$_$5,9,locations,,,,,,,,text_mismatch_no_original_time,False,
-571d8cVauQ$_$5,10,walk,,,,,,,,text_mismatch_no_original_time,False,
-571d8cVauQ$_$5,11,around,,,,,,,,text_mismatch_no_original_time,False,
-571d8cVauQ$_$5,12,talk,,,,,,,,text_mismatch_no_original_time,False,
-571d8cVauQ$_$5,13,with,,,,,,,,text_mismatch_no_original_time,False,
-571d8cVauQ$_$5,14,the,,,,,,,,text_mismatch_no_original_time,False,
-571d8cVauQ$_$5,15,owners,,,,,,,,text_mismatch_no_original_time,False,
-571d8cVauQ$_$5,16,if,,,,,,,,text_mismatch_no_original_time,False,
-571d8cVauQ$_$5,17,you,,,,,,,,text_mismatch_no_original_time,False,
-571d8cVauQ$_$5,18,can,,,,,,,,text_mismatch_no_original_time,False,
-571d8cVauQ$_$5,19,tell,,,,,,,,text_mismatch_no_original_time,False,
-571d8cVauQ$_$5,20,them,,,,,,,,text_mismatch_no_original_time,False,
-571d8cVauQ$_$5,21,what,,,,,,,,text_mismatch_no_original_time,False,
-571d8cVauQ$_$5,22,you're,,,,,,,,text_mismatch_no_original_time,False,
-571d8cVauQ$_$5,23,doing,,,,,,,,text_mismatch_no_original_time,False,
-571d8cVauQ$_$5,24,build,,,,,,,,text_mismatch_no_original_time,False,
-571d8cVauQ$_$5,25,a,,,,,,,,text_mismatch_no_original_time,False,
-571d8cVauQ$_$5,26,little,,,,,,,,text_mismatch_no_original_time,False,
-571d8cVauQ$_$5,27,excitement,,,,,,,,text_mismatch_no_original_time,False,
-571d8cVauQ$_$5,28,put,,,,,,,,text_mismatch_no_original_time,False,
-571d8cVauQ$_$5,29,a,,,,,,,,text_mismatch_no_original_time,False,
-571d8cVauQ$_$5,30,little,,,,,,,,text_mismatch_no_original_time,False,
-571d8cVauQ$_$5,31,glitz,,,,,,,,text_mismatch_no_original_time,False,
-571d8cVauQ$_$5,32,on,,,,,,,,text_mismatch_no_original_time,False,
-571d8cVauQ$_$5,33,there,,,,,,,,text_mismatch_no_original_time,False,
-571d8cVauQ$_$5,34,and,,,,,,,,text_mismatch_no_original_time,False,
-571d8cVauQ$_$5,35,let,,,,,,,,text_mismatch_no_original_time,False,
-571d8cVauQ$_$5,36,everybody,,,,,,,,text_mismatch_no_original_time,False,
-571d8cVauQ$_$5,37,knows,,,,,,,,text_mismatch_no_original_time,False,
-571d8cVauQ$_$5,38,this,,,,,,,,text_mismatch_no_original_time,False,
-571d8cVauQ$_$5,39,is,,,,,,,,text_mismatch_no_original_time,False,
-571d8cVauQ$_$5,40,a,,,,,,,,text_mismatch_no_original_time,False,
-571d8cVauQ$_$5,41,very,,,,,,,,text_mismatch_no_original_time,False,
-571d8cVauQ$_$5,42,valuable,,,,,,,,text_mismatch_no_original_time,False,
-571d8cVauQ$_$5,43,spot,,,,,,,,text_mismatch_no_original_time,False,
-I_e4mIh0yE$_$1,1,In,1,In,0.0,0.86,0.0,0.86,Whisper small.en word timestamp estimate,whisper_estimate_auto_qc_pass,True,
-I_e4mIh0yE$_$1,2,the,2,the,0.86,1.0,0.86,1.0,Whisper small.en word timestamp estimate,whisper_estimate_auto_qc_pass,True,
-I_e4mIh0yE$_$1,3,United,3,United,1.0,1.18,1.0,1.18,Whisper small.en word timestamp estimate,whisper_estimate_auto_qc_pass,True,
-I_e4mIh0yE$_$1,4,States,4,States,1.18,1.54,1.18,1.54,Whisper small.en word timestamp estimate,whisper_estimate_auto_qc_pass,True,
-I_e4mIh0yE$_$1,5,we,5,we,1.54,1.76,1.54,1.76,Whisper small.en word timestamp estimate,whisper_estimate_auto_qc_pass,True,
-I_e4mIh0yE$_$1,6,don't,6,don't,1.76,2.2,1.76,2.2,Whisper small.en word timestamp estimate,whisper_estimate_auto_qc_pass,True,
-I_e4mIh0yE$_$1,7,punish,7,punish,2.2,2.54,2.2,2.54,Whisper small.en word timestamp estimate,whisper_estimate_auto_qc_pass,True,
-I_e4mIh0yE$_$1,8,failure,8,failure,2.54,3.08,2.54,3.08,Whisper small.en word timestamp estimate,whisper_estimate_auto_qc_pass,True,
-I_e4mIh0yE$_$1,9,to,9,to,3.08,3.64,3.08,3.64,Whisper small.en word timestamp estimate,whisper_estimate_auto_qc_pass,True,
-I_e4mIh0yE$_$1,10,the,10,the,3.64,3.76,3.64,3.76,Whisper small.en word timestamp estimate,whisper_estimate_auto_qc_pass,True,
-I_e4mIh0yE$_$1,11,degree,11,degree,3.76,4.08,3.76,4.08,Whisper small.en word timestamp estimate,whisper_estimate_auto_qc_pass,True,
-I_e4mIh0yE$_$1,12,to,12,to,4.08,4.34,4.08,4.34,Whisper small.en word timestamp estimate,whisper_estimate_auto_qc_pass,True,
-I_e4mIh0yE$_$1,13,which,13,which,4.34,4.68,4.34,4.68,Whisper small.en word timestamp estimate,whisper_estimate_auto_qc_pass,True,
-I_e4mIh0yE$_$1,14,failure,14,failure,4.68,5.16,4.68,5.16,Whisper small.en word timestamp estimate,whisper_estimate_auto_qc_pass,True,
-I_e4mIh0yE$_$1,15,is,15,is,5.16,5.42,5.16,5.42,Whisper small.en word timestamp estimate,whisper_estimate_auto_qc_pass,True,
-I_e4mIh0yE$_$1,16,punished,16,punished,5.42,5.74,5.42,5.74,Whisper small.en word timestamp estimate,whisper_estimate_auto_qc_pass,True,
-I_e4mIh0yE$_$1,17,in,17,in,5.74,6.42,5.74,6.42,Whisper small.en word timestamp estimate,whisper_estimate_auto_qc_pass,True,
-I_e4mIh0yE$_$1,18,Europe,18,Europe,6.42,6.8,6.42,6.8,Whisper small.en word timestamp estimate,whisper_estimate_auto_qc_pass,True,
-I_e4mIh0yE$_$3,1,It's,,,,,,,,text_mismatch_no_original_time,False,
-I_e4mIh0yE$_$3,2,perceived,,,,,,,,text_mismatch_no_original_time,False,
-I_e4mIh0yE$_$3,3,that,,,,,,,,text_mismatch_no_original_time,False,
-I_e4mIh0yE$_$3,4,you,,,,,,,,text_mismatch_no_original_time,False,
-I_e4mIh0yE$_$3,5,have,,,,,,,,text_mismatch_no_original_time,False,
-I_e4mIh0yE$_$3,6,actually,,,,,,,,text_mismatch_no_original_time,False,
-I_e4mIh0yE$_$3,7,learned,,,,,,,,text_mismatch_no_original_time,False,
-I_e4mIh0yE$_$3,8,something,,,,,,,,text_mismatch_no_original_time,False,
-I_e4mIh0yE$_$3,9,over,,,,,,,,text_mismatch_no_original_time,False,
-I_e4mIh0yE$_$3,10,the,,,,,,,,text_mismatch_no_original_time,False,
-I_e4mIh0yE$_$3,11,course,,,,,,,,text_mismatch_no_original_time,False,
-I_e4mIh0yE$_$3,12,of,,,,,,,,text_mismatch_no_original_time,False,
-I_e4mIh0yE$_$3,13,your,,,,,,,,text_mismatch_no_original_time,False,
-I_e4mIh0yE$_$3,14,carreer,,,,,,,,text_mismatch_no_original_time,False,
-I_e4mIh0yE$_$3,15,and,,,,,,,,text_mismatch_no_original_time,False,
-I_e4mIh0yE$_$3,16,that,,,,,,,,text_mismatch_no_original_time,False,
-I_e4mIh0yE$_$3,17,you,,,,,,,,text_mismatch_no_original_time,False,
-I_e4mIh0yE$_$3,18,won't,,,,,,,,text_mismatch_no_original_time,False,
-I_e4mIh0yE$_$3,19,make,,,,,,,,text_mismatch_no_original_time,False,
-I_e4mIh0yE$_$3,20,the,,,,,,,,text_mismatch_no_original_time,False,
-I_e4mIh0yE$_$3,21,mistake,,,,,,,,text_mismatch_no_original_time,False,
-I_e4mIh0yE$_$3,22,twice,,,,,,,,text_mismatch_no_original_time,False,
-UacrmKiTn4$_$10,1,Because,1,because,0.0,0.58,0.0,0.58,Whisper small.en word timestamp estimate,whisper_estimate_auto_qc_pass,True,
-UacrmKiTn4$_$10,2,if,2,if,0.58,0.96,0.58,0.96,Whisper small.en word timestamp estimate,whisper_estimate_auto_qc_pass,True,
-UacrmKiTn4$_$10,3,they,3,they,0.96,1.16,0.96,1.16,Whisper small.en word timestamp estimate,whisper_estimate_auto_qc_pass,True,
-UacrmKiTn4$_$10,4,are,4,are,1.16,1.3,1.16,1.3,Whisper small.en word timestamp estimate,whisper_estimate_auto_qc_pass,True,
-UacrmKiTn4$_$10,5,not,5,not,1.3,1.66,1.3,1.66,Whisper small.en word timestamp estimate,whisper_estimate_auto_qc_pass,True,
-UacrmKiTn4$_$10,6,in,6,in,1.66,2.28,1.66,2.28,Whisper small.en word timestamp estimate,whisper_estimate_auto_qc_pass,True,
-UacrmKiTn4$_$10,7,any,7,any,2.28,2.58,2.28,2.58,Whisper small.en word timestamp estimate,whisper_estimate_auto_qc_pass,True,
-UacrmKiTn4$_$10,8,way,8,way,2.58,2.76,2.58,2.76,Whisper small.en word timestamp estimate,whisper_estimate_auto_qc_pass,True,
-UacrmKiTn4$_$10,9,held,9,held,2.76,3.04,2.76,3.04,Whisper small.en word timestamp estimate,whisper_estimate_auto_qc_pass,True,
-UacrmKiTn4$_$10,10,accountable,10,accountable,3.04,3.68,3.04,3.68,Whisper small.en word timestamp estimate,whisper_estimate_auto_qc_pass,True,
-UacrmKiTn4$_$10,11,for,11,for,3.68,4.16,3.68,4.16,Whisper small.en word timestamp estimate,whisper_estimate_auto_qc_pass,True,
-UacrmKiTn4$_$10,12,reading,12,reading,4.16,4.46,4.16,4.46,Whisper small.en word timestamp estimate,whisper_estimate_auto_qc_pass,True,
-UacrmKiTn4$_$10,13,the,13,the,4.46,4.68,4.46,4.68,Whisper small.en word timestamp estimate,whisper_estimate_auto_qc_pass,True,
-UacrmKiTn4$_$10,14,material,14,material,4.68,5.16,4.68,5.16,Whisper small.en word timestamp estimate,whisper_estimate_auto_qc_pass,True,
-UacrmKiTn4$_$10,15,they,15,they,5.74,6.08,5.74,6.08,Whisper small.en word timestamp estimate,whisper_estimate_auto_qc_pass,True,
-UacrmKiTn4$_$10,16,won't,16,won't,6.08,6.4,6.08,6.4,Whisper small.en word timestamp estimate,whisper_estimate_auto_qc_pass,True,
-UacrmKiTn4$_$10,17,do,17,do,6.4,6.52,6.4,6.52,Whisper small.en word timestamp estimate,whisper_estimate_auto_qc_pass,True,
-UacrmKiTn4$_$10,18,it,18,it,6.52,6.72,6.52,6.72,Whisper small.en word timestamp estimate,whisper_estimate_auto_qc_pass,True,
-UacrmKiTn4$_$4,1,Just,,,,,,,,text_mismatch_no_original_time,False,
-UacrmKiTn4$_$4,2,given,,,,,,,,text_mismatch_no_original_time,False,
-UacrmKiTn4$_$4,3,to,,,,,,,,text_mismatch_no_original_time,False,
-UacrmKiTn4$_$4,4,their,,,,,,,,text_mismatch_no_original_time,False,
-UacrmKiTn4$_$4,5,own,,,,,,,,text_mismatch_no_original_time,False,
-UacrmKiTn4$_$4,6,devices,,,,,,,,text_mismatch_no_original_time,False,
-UacrmKiTn4$_$4,7,they,,,,,,,,text_mismatch_no_original_time,False,
-UacrmKiTn4$_$4,8,are,,,,,,,,text_mismatch_no_original_time,False,
-UacrmKiTn4$_$4,9,not,,,,,,,,text_mismatch_no_original_time,False,
-UacrmKiTn4$_$4,10,going,,,,,,,,text_mismatch_no_original_time,False,
-UacrmKiTn4$_$4,11,to,,,,,,,,text_mismatch_no_original_time,False,
-UacrmKiTn4$_$4,12,read,,,,,,,,text_mismatch_no_original_time,False,
-UacrmKiTn4$_$4,13,the,,,,,,,,text_mismatch_no_original_time,False,
-UacrmKiTn4$_$4,14,textbook,,,,,,,,text_mismatch_no_original_time,False,
-hnBHBN8p5A$_$7,1,Picture,,,,,,,,text_mismatch_no_original_time,False,
-hnBHBN8p5A$_$7,2,this,,,,,,,,text_mismatch_no_original_time,False,
-hnBHBN8p5A$_$7,3,before,,,,,,,,text_mismatch_no_original_time,False,
-hnBHBN8p5A$_$7,4,we,,,,,,,,text_mismatch_no_original_time,False,
-hnBHBN8p5A$_$7,5,actually,,,,,,,,text_mismatch_no_original_time,False,
-hnBHBN8p5A$_$7,6,start,,,,,,,,text_mismatch_no_original_time,False,
-hnBHBN8p5A$_$7,7,hacking,,,,,,,,text_mismatch_no_original_time,False,
-hnBHBN8p5A$_$7,8,we're,,,,,,,,text_mismatch_no_original_time,False,
-hnBHBN8p5A$_$7,9,in,,,,,,,,text_mismatch_no_original_time,False,
-hnBHBN8p5A$_$7,10,a,,,,,,,,text_mismatch_no_original_time,False,
-hnBHBN8p5A$_$7,11,room,,,,,,,,text_mismatch_no_original_time,False,
-hnBHBN8p5A$_$7,12,formal,,,,,,,,text_mismatch_no_original_time,False,
-hnBHBN8p5A$_$7,13,setting,,,,,,,,text_mismatch_no_original_time,False,
-hnBHBN8p5A$_$6,1,Discussion,,,,,,,,text_mismatch_no_original_time,False,
-hnBHBN8p5A$_$6,2,how,,,,,,,,text_mismatch_no_original_time,False,
-hnBHBN8p5A$_$6,3,to,,,,,,,,text_mismatch_no_original_time,False,
-hnBHBN8p5A$_$6,4,discuss,,,,,,,,text_mismatch_no_original_time,False,
-hnBHBN8p5A$_$6,5,ideas,,,,,,,,text_mismatch_no_original_time,False,
-hnBHBN8p5A$_$6,6,and,,,,,,,,text_mismatch_no_original_time,False,
-hnBHBN8p5A$_$6,7,opinions,,,,,,,,text_mismatch_no_original_time,False,
-hnBHBN8p5A$_$6,8,more,,,,,,,,text_mismatch_no_original_time,False,
-hnBHBN8p5A$_$6,9,effectively,,,,,,,,text_mismatch_no_original_time,False,
-hnBHBN8p5A$_$6,10,than,,,,,,,,text_mismatch_no_original_time,False,
-hnBHBN8p5A$_$6,11,a,,,,,,,,text_mismatch_no_original_time,False,
-hnBHBN8p5A$_$6,12,native,,,,,,,,text_mismatch_no_original_time,False,
-hnBHBN8p5A$_$6,13,speaker,,,,,,,,text_mismatch_no_original_time,False,
-qDkUB0GgYY$_$6,1,We,,,,,,,,text_mismatch_no_original_time,False,
-qDkUB0GgYY$_$6,2,always,,,,,,,,text_mismatch_no_original_time,False,
-qDkUB0GgYY$_$6,3,love,,,,,,,,text_mismatch_no_original_time,False,
-qDkUB0GgYY$_$6,4,to,,,,,,,,text_mismatch_no_original_time,False,
-qDkUB0GgYY$_$6,5,hear,,,,,,,,text_mismatch_no_original_time,False,
-qDkUB0GgYY$_$6,6,what,,,,,,,,text_mismatch_no_original_time,False,
-qDkUB0GgYY$_$6,7,you,,,,,,,,text_mismatch_no_original_time,False,
-qDkUB0GgYY$_$6,8,say,,,,,,,,text_mismatch_no_original_time,False,
-qDkUB0GgYY$_$6,9,and,,,,,,,,text_mismatch_no_original_time,False,
-qDkUB0GgYY$_$6,10,like,,,,,,,,text_mismatch_no_original_time,False,
-qDkUB0GgYY$_$6,11,and,,,,,,,,text_mismatch_no_original_time,False,
-qDkUB0GgYY$_$6,12,share,,,,,,,,text_mismatch_no_original_time,False,
-qDkUB0GgYY$_$6,13,this,,,,,,,,text_mismatch_no_original_time,False,
-qDkUB0GgYY$_$6,14,video,,,,,,,,text_mismatch_no_original_time,False,
-qDkUB0GgYY$_$6,15,as,,,,,,,,text_mismatch_no_original_time,False,
-qDkUB0GgYY$_$6,16,well,,,,,,,,text_mismatch_no_original_time,False,
-uywlfIYOS8$_$4,1,And,,,,,,,,text_mismatch_no_original_time,False,
-uywlfIYOS8$_$4,2,then,,,,,,,,text_mismatch_no_original_time,False,
-uywlfIYOS8$_$4,3,from,,,,,,,,text_mismatch_no_original_time,False,
-uywlfIYOS8$_$4,4,a,,,,,,,,text_mismatch_no_original_time,False,
-uywlfIYOS8$_$4,5,brand,,,,,,,,text_mismatch_no_original_time,False,
-uywlfIYOS8$_$4,6,point,,,,,,,,text_mismatch_no_original_time,False,
-uywlfIYOS8$_$4,7,of,,,,,,,,text_mismatch_no_original_time,False,
-uywlfIYOS8$_$4,8,view,,,,,,,,text_mismatch_no_original_time,False,
-uywlfIYOS8$_$4,9,we,,,,,,,,text_mismatch_no_original_time,False,
-uywlfIYOS8$_$4,10,need,,,,,,,,text_mismatch_no_original_time,False,
-uywlfIYOS8$_$4,11,to,,,,,,,,text_mismatch_no_original_time,False,
-uywlfIYOS8$_$4,12,make,,,,,,,,text_mismatch_no_original_time,False,
-uywlfIYOS8$_$4,13,sure,,,,,,,,text_mismatch_no_original_time,False,
-uywlfIYOS8$_$4,14,we're,,,,,,,,text_mismatch_no_original_time,False,
-uywlfIYOS8$_$4,15,driving,,,,,,,,text_mismatch_no_original_time,False,
-uywlfIYOS8$_$4,16,the,,,,,,,,text_mismatch_no_original_time,False,
-uywlfIYOS8$_$4,17,relevant,,,,,,,,text_mismatch_no_original_time,False,
-uywlfIYOS8$_$4,18,insight,,,,,,,,text_mismatch_no_original_time,False,
-6rXp3zJ3kc$_$8,1,Many,,,,,,,,text_mismatch_no_original_time,False,
-6rXp3zJ3kc$_$8,2,people,,,,,,,,text_mismatch_no_original_time,False,
-6rXp3zJ3kc$_$8,3,are,,,,,,,,text_mismatch_no_original_time,False,
-6rXp3zJ3kc$_$8,4,not,,,,,,,,text_mismatch_no_original_time,False,
-6rXp3zJ3kc$_$8,5,until,,,,,,,,text_mismatch_no_original_time,False,
-6rXp3zJ3kc$_$8,6,they,,,,,,,,text_mismatch_no_original_time,False,
-6rXp3zJ3kc$_$8,7,get,,,,,,,,text_mismatch_no_original_time,False,
-6rXp3zJ3kc$_$8,8,to,,,,,,,,text_mismatch_no_original_time,False,
-6rXp3zJ3kc$_$8,9,be,,,,,,,,text_mismatch_no_original_time,False,
-6rXp3zJ3kc$_$8,10,a,,,,,,,,text_mismatch_no_original_time,False,
-6rXp3zJ3kc$_$8,11,older,,,,,,,,text_mismatch_no_original_time,False,
-6rXp3zJ3kc$_$8,12,age,,,,,,,,text_mismatch_no_original_time,False,
-6rXp3zJ3kc$_$8,13,and,,,,,,,,text_mismatch_no_original_time,False,
-6rXp3zJ3kc$_$8,14,they,,,,,,,,text_mismatch_no_original_time,False,
-6rXp3zJ3kc$_$8,15,realize,,,,,,,,text_mismatch_no_original_time,False,
-6rXp3zJ3kc$_$8,16,that,,,,,,,,text_mismatch_no_original_time,False,
-6rXp3zJ3kc$_$8,17,gosh,,,,,,,,text_mismatch_no_original_time,False,
-6rXp3zJ3kc$_$8,18,they,,,,,,,,text_mismatch_no_original_time,False,
-6rXp3zJ3kc$_$8,19,wasted,,,,,,,,text_mismatch_no_original_time,False,
-6rXp3zJ3kc$_$8,20,a,,,,,,,,text_mismatch_no_original_time,False,
-6rXp3zJ3kc$_$8,21,lot,,,,,,,,text_mismatch_no_original_time,False,
-6rXp3zJ3kc$_$8,22,of,,,,,,,,text_mismatch_no_original_time,False,
-6rXp3zJ3kc$_$8,23,time,,,,,,,,text_mismatch_no_original_time,False,
-6rXp3zJ3kc$_$8,24,and,,,,,,,,text_mismatch_no_original_time,False,
-6rXp3zJ3kc$_$8,25,money,,,,,,,,text_mismatch_no_original_time,False,
-6rXp3zJ3kc$_$8,26,in,,,,,,,,text_mismatch_no_original_time,False,
-6rXp3zJ3kc$_$8,27,placing,,,,,,,,text_mismatch_no_original_time,False,
-6rXp3zJ3kc$_$8,28,bets,,,,,,,,text_mismatch_no_original_time,False,
-6rXp3zJ3kc$_$8,29,on,,,,,,,,text_mismatch_no_original_time,False,
-6rXp3zJ3kc$_$8,30,stock,,,,,,,,text_mismatch_no_original_time,False,
-6rXp3zJ3kc$_$8,31,that's,,,,,,,,text_mismatch_no_original_time,False,
-6rXp3zJ3kc$_$8,32,ultimately,,,,,,,,text_mismatch_no_original_time,False,
-6rXp3zJ3kc$_$8,33,lost,,,,,,,,text_mismatch_no_original_time,False,
-6rXp3zJ3kc$_$8,34,value,,,,,,,,text_mismatch_no_original_time,False,
-9y-fZ3swSY$_$0,1,is,,,,,,,,text_mismatch_no_original_time,False,
-9y-fZ3swSY$_$0,2,you,,,,,,,,text_mismatch_no_original_time,False,
-9y-fZ3swSY$_$0,3,can,,,,,,,,text_mismatch_no_original_time,False,
-9y-fZ3swSY$_$0,4,say,,,,,,,,text_mismatch_no_original_time,False,
-9y-fZ3swSY$_$0,5,hey,,,,,,,,text_mismatch_no_original_time,False,
-9y-fZ3swSY$_$0,6,I,,,,,,,,text_mismatch_no_original_time,False,
-9y-fZ3swSY$_$0,7,really,,,,,,,,text_mismatch_no_original_time,False,
-9y-fZ3swSY$_$0,8,like,,,,,,,,text_mismatch_no_original_time,False,
-9y-fZ3swSY$_$0,9,baby,,,,,,,,text_mismatch_no_original_time,False,
-9y-fZ3swSY$_$0,10,skin,,,,,,,,text_mismatch_no_original_time,False,
-9y-fZ3swSY$_$0,11,they,,,,,,,,text_mismatch_no_original_time,False,
-9y-fZ3swSY$_$0,12,are,,,,,,,,text_mismatch_no_original_time,False,
-9y-fZ3swSY$_$0,13,so,,,,,,,,text_mismatch_no_original_time,False,
-9y-fZ3swSY$_$0,14,soft,,,,,,,,text_mismatch_no_original_time,False,
-9y-fZ3swSY$_$0,15,they,,,,,,,,text_mismatch_no_original_time,False,
-9y-fZ3swSY$_$0,16,don't,,,,,,,,text_mismatch_no_original_time,False,
-9y-fZ3swSY$_$0,17,have,,,,,,,,text_mismatch_no_original_time,False,
-9y-fZ3swSY$_$0,18,any,,,,,,,,text_mismatch_no_original_time,False,
-9y-fZ3swSY$_$0,19,hair,,,,,,,,text_mismatch_no_original_time,False,
-9y-fZ3swSY$_$0,20,on,,,,,,,,text_mismatch_no_original_time,False,
-9y-fZ3swSY$_$0,21,their,,,,,,,,text_mismatch_no_original_time,False,
-9y-fZ3swSY$_$0,22,face,,,,,,,,text_mismatch_no_original_time,False,
-9y-fZ3swSY$_$4,1,I've,1,I've,0.0,0.52,0.0,0.52,Whisper small.en word timestamp estimate,whisper_estimate_auto_qc_pass,True,
-9y-fZ3swSY$_$4,2,seen,2,seen,0.52,0.68,0.52,0.68,Whisper small.en word timestamp estimate,whisper_estimate_auto_qc_pass,True,
-9y-fZ3swSY$_$4,3,this,3,this,0.68,0.9,0.68,0.9,Whisper small.en word timestamp estimate,whisper_estimate_auto_qc_pass,True,
-9y-fZ3swSY$_$4,4,in,4,in,0.9,1.12,0.9,1.12,Whisper small.en word timestamp estimate,whisper_estimate_auto_qc_pass,True,
-9y-fZ3swSY$_$4,5,US,5,US,1.12,1.4,1.12,1.4,Whisper small.en word timestamp estimate,whisper_estimate_auto_qc_pass,True,
-9y-fZ3swSY$_$4,6,or,6,or,1.4,1.88,1.4,1.88,Whisper small.en word timestamp estimate,whisper_estimate_auto_qc_pass,True,
-9y-fZ3swSY$_$4,7,in,7,in,1.88,2.02,1.88,2.02,Whisper small.en word timestamp estimate,whisper_estimate_auto_qc_pass,True,
-9y-fZ3swSY$_$4,8,the,8,the,2.02,2.16,2.02,2.16,Whisper small.en word timestamp estimate,whisper_estimate_auto_qc_pass,True,
-9y-fZ3swSY$_$4,9,US,9,US,2.16,2.42,2.16,2.42,Whisper small.en word timestamp estimate,whisper_estimate_auto_qc_pass,True,
-9y-fZ3swSY$_$8,1,That's,,,,,,,,text_mismatch_no_original_time,False,
-9y-fZ3swSY$_$8,2,a,,,,,,,,text_mismatch_no_original_time,False,
-9y-fZ3swSY$_$8,3,more,,,,,,,,text_mismatch_no_original_time,False,
-9y-fZ3swSY$_$8,4,decent,,,,,,,,text_mismatch_no_original_time,False,
-9y-fZ3swSY$_$8,5,and,,,,,,,,text_mismatch_no_original_time,False,
-9y-fZ3swSY$_$8,6,more,,,,,,,,text_mismatch_no_original_time,False,
-9y-fZ3swSY$_$8,7,polite,,,,,,,,text_mismatch_no_original_time,False,
-9y-fZ3swSY$_$8,8,way,,,,,,,,text_mismatch_no_original_time,False,
-9y-fZ3swSY$_$8,9,to,,,,,,,,text_mismatch_no_original_time,False,
-9y-fZ3swSY$_$8,10,call,,,,,,,,text_mismatch_no_original_time,False,
-9y-fZ3swSY$_$8,11,a,,,,,,,,text_mismatch_no_original_time,False,
-9y-fZ3swSY$_$8,12,lady,,,,,,,,text_mismatch_no_original_time,False,
-AUZQgSxyPQ$_$2,1,The,,,,,,,,text_mismatch_no_original_time,False,
-AUZQgSxyPQ$_$2,2,perfect,,,,,,,,text_mismatch_no_original_time,False,
-AUZQgSxyPQ$_$2,3,soul,,,,,,,,text_mismatch_no_original_time,False,
-AUZQgSxyPQ$_$2,4,mate,,,,,,,,text_mismatch_no_original_time,False,
-AUZQgSxyPQ$_$2,5,to,,,,,,,,text_mismatch_no_original_time,False,
-AUZQgSxyPQ$_$2,6,the,,,,,,,,text_mismatch_no_original_time,False,
-AUZQgSxyPQ$_$2,7,Clarisonic,,,,,,,,text_mismatch_no_original_time,False,
-AUZQgSxyPQ$_$2,8,Spot,,,,,,,,text_mismatch_no_original_time,False,
-AUZQgSxyPQ$_$2,9,Therapy,,,,,,,,text_mismatch_no_original_time,False,
-AUZQgSxyPQ$_$2,10,Brush,,,,,,,,text_mismatch_no_original_time,False,
-AUZQgSxyPQ$_$2,11,this,,,,,,,,text_mismatch_no_original_time,False,
-AUZQgSxyPQ$_$2,12,gentle,,,,,,,,text_mismatch_no_original_time,False,
-AUZQgSxyPQ$_$2,13,Ph,,,,,,,,text_mismatch_no_original_time,False,
-AUZQgSxyPQ$_$2,14,balanced,,,,,,,,text_mismatch_no_original_time,False,
-AUZQgSxyPQ$_$2,15,and,,,,,,,,text_mismatch_no_original_time,False,
-AUZQgSxyPQ$_$2,16,hydrating,,,,,,,,text_mismatch_no_original_time,False,
-AUZQgSxyPQ$_$2,17,exfoliant,,,,,,,,text_mismatch_no_original_time,False,
-AUZQgSxyPQ$_$2,18,containing,,,,,,,,text_mismatch_no_original_time,False,
-AUZQgSxyPQ$_$2,19,jojoba,,,,,,,,text_mismatch_no_original_time,False,
-AUZQgSxyPQ$_$2,20,and,,,,,,,,text_mismatch_no_original_time,False,
-AUZQgSxyPQ$_$2,21,acai,,,,,,,,text_mismatch_no_original_time,False,
-AUZQgSxyPQ$_$2,22,fruit,,,,,,,,text_mismatch_no_original_time,False,
-AUZQgSxyPQ$_$2,23,oils,,,,,,,,text_mismatch_no_original_time,False,
-AUZQgSxyPQ$_$2,24,and,,,,,,,,text_mismatch_no_original_time,False,
-AUZQgSxyPQ$_$2,25,bamboo,,,,,,,,text_mismatch_no_original_time,False,
-AUZQgSxyPQ$_$2,26,and,,,,,,,,text_mismatch_no_original_time,False,
-AUZQgSxyPQ$_$2,27,prickly,,,,,,,,text_mismatch_no_original_time,False,
-AUZQgSxyPQ$_$2,28,bear,,,,,,,,text_mismatch_no_original_time,False,
-AUZQgSxyPQ$_$2,29,extracts,,,,,,,,text_mismatch_no_original_time,False,
-AUZQgSxyPQ$_$2,30,deliver,,,,,,,,text_mismatch_no_original_time,False,
-AUZQgSxyPQ$_$2,31,intense,,,,,,,,text_mismatch_no_original_time,False,
-AUZQgSxyPQ$_$2,32,healing,,,,,,,,text_mismatch_no_original_time,False,
-AUZQgSxyPQ$_$2,33,while,,,,,,,,text_mismatch_no_original_time,False,
-AUZQgSxyPQ$_$2,34,smooth,,,,,,,,text_mismatch_no_original_time,False,
-AUZQgSxyPQ$_$2,35,granules,,,,,,,,text_mismatch_no_original_time,False,
-AUZQgSxyPQ$_$2,36,buff,,,,,,,,text_mismatch_no_original_time,False,
-AUZQgSxyPQ$_$2,37,away,,,,,,,,text_mismatch_no_original_time,False,
-AUZQgSxyPQ$_$2,38,dead,,,,,,,,text_mismatch_no_original_time,False,
-AUZQgSxyPQ$_$2,39,dry,,,,,,,,text_mismatch_no_original_time,False,
-AUZQgSxyPQ$_$2,40,skin,,,,,,,,text_mismatch_no_original_time,False,
-AUZQgSxyPQ$_$2,41,cells,,,,,,,,text_mismatch_no_original_time,False,
-HeZS2-Prhc$_$2,1,The,,,,,,,,text_mismatch_no_original_time,False,
-HeZS2-Prhc$_$2,2,August,,,,,,,,text_mismatch_no_original_time,False,
-HeZS2-Prhc$_$2,3,jobs,,,,,,,,text_mismatch_no_original_time,False,
-HeZS2-Prhc$_$2,4,report,,,,,,,,text_mismatch_no_original_time,False,
-HeZS2-Prhc$_$2,5,is,,,,,,,,text_mismatch_no_original_time,False,
-HeZS2-Prhc$_$2,6,out,,,,,,,,text_mismatch_no_original_time,False,
-HeZS2-Prhc$_$2,7,and,,,,,,,,text_mismatch_no_original_time,False,
-HeZS2-Prhc$_$2,8,it,,,,,,,,text_mismatch_no_original_time,False,
-HeZS2-Prhc$_$2,9,was,,,,,,,,text_mismatch_no_original_time,False,
-HeZS2-Prhc$_$2,10,seen,,,,,,,,text_mismatch_no_original_time,False,
-HeZS2-Prhc$_$2,11,overall,,,,,,,,text_mismatch_no_original_time,False,
-HeZS2-Prhc$_$2,12,as,,,,,,,,text_mismatch_no_original_time,False,
-HeZS2-Prhc$_$2,13,solid,,,,,,,,text_mismatch_no_original_time,False,
-HeZS2-Prhc$_$2,14,but,,,,,,,,text_mismatch_no_original_time,False,
-HeZS2-Prhc$_$2,15,not,,,,,,,,text_mismatch_no_original_time,False,
-HeZS2-Prhc$_$2,16,great,,,,,,,,text_mismatch_no_original_time,False,
-MeTTeMJBNc$_$0,1,Okay,1,Okay,0.0,1.2,0.0,1.2,Whisper small.en word timestamp estimate,whisper_estimate_auto_qc_pass,True,
-MeTTeMJBNc$_$0,2,what,2,what,1.36,1.52,1.36,1.52,Whisper small.en word timestamp estimate,whisper_estimate_auto_qc_pass,True,
-MeTTeMJBNc$_$0,3,happens,3,happens,1.52,2.0,1.52,2.0,Whisper small.en word timestamp estimate,whisper_estimate_auto_qc_pass,True,
-MeTTeMJBNc$_$0,4,at,4,at,2.0,2.26,2.0,2.26,Whisper small.en word timestamp estimate,whisper_estimate_auto_qc_pass,True,
-MeTTeMJBNc$_$0,5,this,5,this,2.26,2.52,2.26,2.52,Whisper small.en word timestamp estimate,whisper_estimate_auto_qc_pass,True,
-MeTTeMJBNc$_$0,6,point,6,point,2.52,2.88,2.52,2.88,Whisper small.en word timestamp estimate,whisper_estimate_auto_qc_pass,True,
-MeTTeMJBNc$_$0,7,after,7,after,2.88,3.36,2.88,3.36,Whisper small.en word timestamp estimate,whisper_estimate_auto_qc_pass,True,
-MeTTeMJBNc$_$0,8,we've,8,we've,3.36,3.68,3.36,3.68,Whisper small.en word timestamp estimate,whisper_estimate_auto_qc_pass,True,
-MeTTeMJBNc$_$0,9,taken,9,taken,3.68,3.92,3.68,3.92,Whisper small.en word timestamp estimate,whisper_estimate_auto_qc_pass,True,
-MeTTeMJBNc$_$0,10,this,10,this,3.92,4.26,3.92,4.26,Whisper small.en word timestamp estimate,whisper_estimate_auto_qc_pass,True,
-MeTTeMJBNc$_$0,11,brief,11,brief,4.26,4.66,4.26,4.66,Whisper small.en word timestamp estimate,whisper_estimate_auto_qc_pass,True,
-MeTTeMJBNc$_$0,12,walk,12,walk,4.66,5.1,4.66,5.1,Whisper small.en word timestamp estimate,whisper_estimate_auto_qc_pass,True,
-MeTTeMJBNc$_$0,13,down,13,down,5.1,5.46,5.1,5.46,Whisper small.en word timestamp estimate,whisper_estimate_auto_qc_pass,True,
-MeTTeMJBNc$_$0,14,memory,14,memory,5.46,5.84,5.46,5.84,Whisper small.en word timestamp estimate,whisper_estimate_auto_qc_pass,True,
-MeTTeMJBNc$_$0,15,lane,15,lane,5.84,6.32,5.84,6.32,Whisper small.en word timestamp estimate,whisper_estimate_auto_qc_pass,True,
-MeTTeMJBNc$_$0,16,is,16,is,6.32,6.9,6.32,6.9,Whisper small.en word timestamp estimate,whisper_estimate_auto_qc_pass,True,
-MeTTeMJBNc$_$0,17,the,17,the,6.9,7.1,6.9,7.1,Whisper small.en word timestamp estimate,whisper_estimate_auto_qc_pass,True,
-MeTTeMJBNc$_$0,18,presentation,18,presentation,7.1,7.54,7.1,7.54,Whisper small.en word timestamp estimate,whisper_estimate_auto_qc_pass,True,
-MeTTeMJBNc$_$0,19,of,19,of,7.54,8.0,7.54,8.0,Whisper small.en word timestamp estimate,whisper_estimate_auto_qc_pass,True,
-MeTTeMJBNc$_$0,20,the,20,the,8.0,8.18,8.0,8.18,Whisper small.en word timestamp estimate,whisper_estimate_auto_qc_pass,True,
-MeTTeMJBNc$_$0,21,gift,21,gift,8.18,8.44,8.18,8.44,Whisper small.en word timestamp estimate,whisper_estimate_auto_qc_pass,True,
-MeTTeMJBNc$_$13,1,It,,,,,,,,text_mismatch_no_original_time,False,
-MeTTeMJBNc$_$13,2,just,,,,,,,,text_mismatch_no_original_time,False,
-MeTTeMJBNc$_$13,3,needs,,,,,,,,text_mismatch_no_original_time,False,
-MeTTeMJBNc$_$13,4,to,,,,,,,,text_mismatch_no_original_time,False,
-MeTTeMJBNc$_$13,5,be,,,,,,,,text_mismatch_no_original_time,False,
-MeTTeMJBNc$_$13,6,a,,,,,,,,text_mismatch_no_original_time,False,
-MeTTeMJBNc$_$13,7,simple,,,,,,,,text_mismatch_no_original_time,False,
-MeTTeMJBNc$_$13,8,statement,,,,,,,,text_mismatch_no_original_time,False,
-MeTTeMJBNc$_$13,9,and,,,,,,,,text_mismatch_no_original_time,False,
-MeTTeMJBNc$_$13,10,then,,,,,,,,text_mismatch_no_original_time,False,
-MeTTeMJBNc$_$13,11,you,,,,,,,,text_mismatch_no_original_time,False,
-MeTTeMJBNc$_$13,12,present,,,,,,,,text_mismatch_no_original_time,False,
-MeTTeMJBNc$_$13,13,the,,,,,,,,text_mismatch_no_original_time,False,
-MeTTeMJBNc$_$13,14,gift,,,,,,,,text_mismatch_no_original_time,False,
-MeTTeMJBNc$_$7,1,Maybe,,,,,,,,text_mismatch_no_original_time,False,
-MeTTeMJBNc$_$7,2,you,,,,,,,,text_mismatch_no_original_time,False,
-MeTTeMJBNc$_$7,3,could,,,,,,,,text_mismatch_no_original_time,False,
-MeTTeMJBNc$_$7,4,find,,,,,,,,text_mismatch_no_original_time,False,
-MeTTeMJBNc$_$7,5,a,,,,,,,,text_mismatch_no_original_time,False,
-MeTTeMJBNc$_$7,6,picture,,,,,,,,text_mismatch_no_original_time,False,
-MeTTeMJBNc$_$7,7,of,,,,,,,,text_mismatch_no_original_time,False,
-MeTTeMJBNc$_$7,8,the,,,,,,,,text_mismatch_no_original_time,False,
-MeTTeMJBNc$_$7,9,couple,,,,,,,,text_mismatch_no_original_time,False,
-MeTTeMJBNc$_$7,10,from,,,,,,,,text_mismatch_no_original_time,False,
-MeTTeMJBNc$_$7,11,their,,,,,,,,text_mismatch_no_original_time,False,
-MeTTeMJBNc$_$7,12,wedding,,,,,,,,text_mismatch_no_original_time,False,
-MeTTeMJBNc$_$7,13,or,,,,,,,,text_mismatch_no_original_time,False,
-MeTTeMJBNc$_$7,14,sometime,,,,,,,,text_mismatch_no_original_time,False,
-MeTTeMJBNc$_$7,15,in,,,,,,,,text_mismatch_no_original_time,False,
-MeTTeMJBNc$_$7,16,their,,,,,,,,text_mismatch_no_original_time,False,
-MeTTeMJBNc$_$7,17,life,,,,,,,,text_mismatch_no_original_time,False,
-MeTTeMJBNc$_$7,18,or,,,,,,,,text_mismatch_no_original_time,False,
-MeTTeMJBNc$_$7,19,maybe,,,,,,,,text_mismatch_no_original_time,False,
-MeTTeMJBNc$_$7,20,even,,,,,,,,text_mismatch_no_original_time,False,
-MeTTeMJBNc$_$7,21,a,,,,,,,,text_mismatch_no_original_time,False,
-MeTTeMJBNc$_$7,22,current,,,,,,,,text_mismatch_no_original_time,False,
-MeTTeMJBNc$_$7,23,picture,,,,,,,,text_mismatch_no_original_time,False,
-MeTTeMJBNc$_$7,24,and,,,,,,,,text_mismatch_no_original_time,False,
-MeTTeMJBNc$_$7,25,have,,,,,,,,text_mismatch_no_original_time,False,
-MeTTeMJBNc$_$7,26,it,,,,,,,,text_mismatch_no_original_time,False,
-MeTTeMJBNc$_$7,27,put,,,,,,,,text_mismatch_no_original_time,False,
-MeTTeMJBNc$_$7,28,in,,,,,,,,text_mismatch_no_original_time,False,
-MeTTeMJBNc$_$7,29,a,,,,,,,,text_mismatch_no_original_time,False,
-MeTTeMJBNc$_$7,30,beautiful,,,,,,,,text_mismatch_no_original_time,False,
-MeTTeMJBNc$_$7,31,frame,,,,,,,,text_mismatch_no_original_time,False,
-RfYyzHpjk4$_$11,1,So,1,So,0.0,0.74,0.0,0.74,Whisper small.en word timestamp estimate,whisper_estimate_auto_qc_pass,True,
-RfYyzHpjk4$_$11,2,get,2,get,0.74,1.46,0.74,1.46,Whisper small.en word timestamp estimate,whisper_estimate_auto_qc_pass,True,
-RfYyzHpjk4$_$11,3,your,3,your,1.46,1.62,1.46,1.62,Whisper small.en word timestamp estimate,whisper_estimate_auto_qc_pass,True,
-RfYyzHpjk4$_$11,4,friends,4,friends,1.62,1.8,1.62,1.8,Whisper small.en word timestamp estimate,whisper_estimate_auto_qc_pass,True,
-RfYyzHpjk4$_$11,5,lined,5,lined,1.8,2.08,1.8,2.08,Whisper small.en word timestamp estimate,whisper_estimate_auto_qc_pass,True,
-RfYyzHpjk4$_$11,6,up,6,up,2.08,2.32,2.08,2.32,Whisper small.en word timestamp estimate,whisper_estimate_auto_qc_pass,True,
-RfYyzHpjk4$_$11,7,get,7,get,2.48,2.52,2.48,2.52,Whisper small.en word timestamp estimate,whisper_estimate_auto_qc_pass,True,
-RfYyzHpjk4$_$11,8,your,8,your,2.52,2.7,2.52,2.7,Whisper small.en word timestamp estimate,whisper_estimate_auto_qc_pass,True,
-RfYyzHpjk4$_$11,9,business,9,business,2.7,2.9,2.7,2.9,Whisper small.en word timestamp estimate,whisper_estimate_auto_qc_pass,True,
-RfYyzHpjk4$_$11,10,colleagues,10,colleagues,2.9,3.2,2.9,3.2,Whisper small.en word timestamp estimate,whisper_estimate_auto_qc_pass,True,
-RfYyzHpjk4$_$11,11,lined,11,lined,3.2,3.5,3.2,3.5,Whisper small.en word timestamp estimate,whisper_estimate_auto_qc_pass,True,
-RfYyzHpjk4$_$11,12,up,12,up,3.5,3.72,3.5,3.72,Whisper small.en word timestamp estimate,whisper_estimate_auto_qc_pass,True,
-RfYyzHpjk4$_$11,13,and,13,and,3.72,3.86,3.72,3.86,Whisper small.en word timestamp estimate,whisper_estimate_auto_qc_pass,True,
-RfYyzHpjk4$_$11,14,have,14,have,3.86,4.0,3.86,4.0,Whisper small.en word timestamp estimate,whisper_estimate_auto_qc_pass,True,
-RfYyzHpjk4$_$11,15,a,15,a,4.0,4.12,4.0,4.12,Whisper small.en word timestamp estimate,whisper_estimate_auto_qc_pass,True,
-RfYyzHpjk4$_$11,16,good,16,good,4.12,4.24,4.12,4.24,Whisper small.en word timestamp estimate,whisper_estimate_auto_qc_pass,True,
-RfYyzHpjk4$_$11,17,time,17,time,4.24,4.5,4.24,4.5,Whisper small.en word timestamp estimate,whisper_estimate_auto_qc_pass,True,
-RfYyzHpjk4$_$8,1,It's,,,,,,,,text_mismatch_no_original_time,False,
-RfYyzHpjk4$_$8,2,pretty,,,,,,,,text_mismatch_no_original_time,False,
-RfYyzHpjk4$_$8,3,pretty,,,,,,,,text_mismatch_no_original_time,False,
-RfYyzHpjk4$_$8,4,easy,,,,,,,,text_mismatch_no_original_time,False,
-RfYyzHpjk4$_$8,5,to,,,,,,,,text_mismatch_no_original_time,False,
-RfYyzHpjk4$_$8,6,do,,,,,,,,text_mismatch_no_original_time,False,
-RfYyzHpjk4$_$8,7,but,,,,,,,,text_mismatch_no_original_time,False,
-RfYyzHpjk4$_$8,8,you,,,,,,,,text_mismatch_no_original_time,False,
-RfYyzHpjk4$_$8,9,got,,,,,,,,text_mismatch_no_original_time,False,
-RfYyzHpjk4$_$8,10,to,,,,,,,,text_mismatch_no_original_time,False,
-RfYyzHpjk4$_$8,11,set,,,,,,,,text_mismatch_no_original_time,False,
-RfYyzHpjk4$_$8,12,up,,,,,,,,text_mismatch_no_original_time,False,
-RfYyzHpjk4$_$8,13,those,,,,,,,,text_mismatch_no_original_time,False,
-RfYyzHpjk4$_$8,14,numbers,,,,,,,,text_mismatch_no_original_time,False,
-RfYyzHpjk4$_$8,15,ahead,,,,,,,,text_mismatch_no_original_time,False,
-RfYyzHpjk4$_$8,16,of,,,,,,,,text_mismatch_no_original_time,False,
-RfYyzHpjk4$_$8,17,time,,,,,,,,text_mismatch_no_original_time,False,
-RfYyzHpjk4$_$2,1,You,,,,,,,,text_mismatch_no_original_time,False,
-RfYyzHpjk4$_$2,2,can,,,,,,,,text_mismatch_no_original_time,False,
-RfYyzHpjk4$_$2,3,make,,,,,,,,text_mismatch_no_original_time,False,
-RfYyzHpjk4$_$2,4,a,,,,,,,,text_mismatch_no_original_time,False,
-RfYyzHpjk4$_$2,5,conference,,,,,,,,text_mismatch_no_original_time,False,
-RfYyzHpjk4$_$2,6,call,,,,,,,,text_mismatch_no_original_time,False,
-RfYyzHpjk4$_$2,7,but,,,,,,,,text_mismatch_no_original_time,False,
-RfYyzHpjk4$_$2,8,it,,,,,,,,text_mismatch_no_original_time,False,
-RfYyzHpjk4$_$2,9,takes,,,,,,,,text_mismatch_no_original_time,False,
-RfYyzHpjk4$_$2,10,quite,,,,,,,,text_mismatch_no_original_time,False,
-RfYyzHpjk4$_$2,11,a,,,,,,,,text_mismatch_no_original_time,False,
-RfYyzHpjk4$_$2,12,bit,,,,,,,,text_mismatch_no_original_time,False,
-RfYyzHpjk4$_$2,13,of,,,,,,,,text_mismatch_no_original_time,False,
-RfYyzHpjk4$_$2,14,planning,,,,,,,,text_mismatch_no_original_time,False,
-RfYyzHpjk4$_$2,15,well,,,,,,,,text_mismatch_no_original_time,False,
-RfYyzHpjk4$_$2,16,not,,,,,,,,text_mismatch_no_original_time,False,
-RfYyzHpjk4$_$2,17,a,,,,,,,,text_mismatch_no_original_time,False,
-RfYyzHpjk4$_$2,18,lot,,,,,,,,text_mismatch_no_original_time,False,
-RfYyzHpjk4$_$2,19,of,,,,,,,,text_mismatch_no_original_time,False,
-RfYyzHpjk4$_$2,20,planning,,,,,,,,text_mismatch_no_original_time,False,
-RfYyzHpjk4$_$2,21,it's,,,,,,,,text_mismatch_no_original_time,False,
-RfYyzHpjk4$_$2,22,pretty,,,,,,,,text_mismatch_no_original_time,False,
-RfYyzHpjk4$_$2,23,easy,,,,,,,,text_mismatch_no_original_time,False,
-RfYyzHpjk4$_$2,24,to,,,,,,,,text_mismatch_no_original_time,False,
-RfYyzHpjk4$_$2,25,do,,,,,,,,text_mismatch_no_original_time,False,
-UUCSKoHeMA$_$0,1,I,,,,,,,,text_mismatch_no_original_time,False,
-UUCSKoHeMA$_$0,2,mentioned,,,,,,,,text_mismatch_no_original_time,False,
-UUCSKoHeMA$_$0,3,a,,,,,,,,text_mismatch_no_original_time,False,
-UUCSKoHeMA$_$0,4,word,,,,,,,,text_mismatch_no_original_time,False,
-UUCSKoHeMA$_$0,5,in,,,,,,,,text_mismatch_no_original_time,False,
-UUCSKoHeMA$_$0,6,the,,,,,,,,text_mismatch_no_original_time,False,
-UUCSKoHeMA$_$0,7,last,,,,,,,,text_mismatch_no_original_time,False,
-UUCSKoHeMA$_$0,8,clip,,,,,,,,text_mismatch_no_original_time,False,
-UUCSKoHeMA$_$0,9,called,,,,,,,,text_mismatch_no_original_time,False,
-UUCSKoHeMA$_$0,10,monotone,,,,,,,,text_mismatch_no_original_time,False,
-UUCSKoHeMA$_$0,11,and,,,,,,,,text_mismatch_no_original_time,False,
-UUCSKoHeMA$_$0,12,I,,,,,,,,text_mismatch_no_original_time,False,
-UUCSKoHeMA$_$0,13,want,,,,,,,,text_mismatch_no_original_time,False,
-UUCSKoHeMA$_$0,14,to,,,,,,,,text_mismatch_no_original_time,False,
-UUCSKoHeMA$_$0,15,talk,,,,,,,,text_mismatch_no_original_time,False,
-UUCSKoHeMA$_$0,16,about,,,,,,,,text_mismatch_no_original_time,False,
-UUCSKoHeMA$_$0,17,that,,,,,,,,text_mismatch_no_original_time,False,
-UUCSKoHeMA$_$0,18,briefly,,,,,,,,text_mismatch_no_original_time,False,
-ri04Z7vwnc$_$0,1,going,,,,,,,,text_mismatch_no_original_time,False,
-ri04Z7vwnc$_$0,2,to,,,,,,,,text_mismatch_no_original_time,False,
-ri04Z7vwnc$_$0,3,get,,,,,,,,text_mismatch_no_original_time,False,
-ri04Z7vwnc$_$0,4,married,,,,,,,,text_mismatch_no_original_time,False,
-ri04Z7vwnc$_$0,5,or,,,,,,,,text_mismatch_no_original_time,False,
-ri04Z7vwnc$_$0,6,are,,,,,,,,text_mismatch_no_original_time,False,
-ri04Z7vwnc$_$0,7,already,,,,,,,,text_mismatch_no_original_time,False,
-ri04Z7vwnc$_$0,8,married,,,,,,,,text_mismatch_no_original_time,False,
-ri04Z7vwnc$_$2,1,most,,,,,,,,text_mismatch_no_original_time,False,
-ri04Z7vwnc$_$2,2,people,,,,,,,,text_mismatch_no_original_time,False,
-ri04Z7vwnc$_$2,3,think,,,,,,,,text_mismatch_no_original_time,False,
-ri04Z7vwnc$_$2,4,it'll,,,,,,,,text_mismatch_no_original_time,False,
-ri04Z7vwnc$_$2,5,sort,,,,,,,,text_mismatch_no_original_time,False,
-ri04Z7vwnc$_$2,6,itself,,,,,,,,text_mismatch_no_original_time,False,
-ri04Z7vwnc$_$2,7,out,,,,,,,,text_mismatch_no_original_time,False,
-ri04Z7vwnc$_$2,8,we'll,,,,,,,,text_mismatch_no_original_time,False,
-ri04Z7vwnc$_$2,9,discuss,,,,,,,,text_mismatch_no_original_time,False,
-ri04Z7vwnc$_$2,10,it,,,,,,,,text_mismatch_no_original_time,False,
-ri04Z7vwnc$_$2,11,later,,,,,,,,text_mismatch_no_original_time,False,
-ri04Z7vwnc$_$2,12,it's,,,,,,,,text_mismatch_no_original_time,False,
-ri04Z7vwnc$_$2,13,not,,,,,,,,text_mismatch_no_original_time,False,
-ri04Z7vwnc$_$2,14,something,,,,,,,,text_mismatch_no_original_time,False,
-ri04Z7vwnc$_$2,15,too,,,,,,,,text_mismatch_no_original_time,False,
-ri04Z7vwnc$_$2,16,important,,,,,,,,text_mismatch_no_original_time,False,
-ri04Z7vwnc$_$5,1,So,,,,,,,,text_mismatch_no_original_time,False,
-ri04Z7vwnc$_$5,2,I,,,,,,,,text_mismatch_no_original_time,False,
-ri04Z7vwnc$_$5,3,think,,,,,,,,text_mismatch_no_original_time,False,
-ri04Z7vwnc$_$5,4,it's,,,,,,,,text_mismatch_no_original_time,False,
-ri04Z7vwnc$_$5,5,important,,,,,,,,text_mismatch_no_original_time,False,
-ri04Z7vwnc$_$5,6,to,,,,,,,,text_mismatch_no_original_time,False,
-ri04Z7vwnc$_$5,7,discuss,,,,,,,,text_mismatch_no_original_time,False,
-ri04Z7vwnc$_$5,8,finances,,,,,,,,text_mismatch_no_original_time,False,
-s9qJ7ATP7w$_$1,1,But,,,,,,,,text_mismatch_no_original_time,False,
-s9qJ7ATP7w$_$1,2,the,,,,,,,,text_mismatch_no_original_time,False,
-s9qJ7ATP7w$_$1,3,hardest,,,,,,,,text_mismatch_no_original_time,False,
-s9qJ7ATP7w$_$1,4,thing,,,,,,,,text_mismatch_no_original_time,False,
-s9qJ7ATP7w$_$1,5,in,,,,,,,,text_mismatch_no_original_time,False,
-s9qJ7ATP7w$_$1,6,life,,,,,,,,text_mismatch_no_original_time,False,
-s9qJ7ATP7w$_$1,7,to,,,,,,,,text_mismatch_no_original_time,False,
-s9qJ7ATP7w$_$1,8,learn,,,,,,,,text_mismatch_no_original_time,False,
-s9qJ7ATP7w$_$1,9,is,,,,,,,,text_mismatch_no_original_time,False,
-s9qJ7ATP7w$_$1,10,to,,,,,,,,text_mismatch_no_original_time,False,
-s9qJ7ATP7w$_$1,11,lose,,,,,,,,text_mismatch_no_original_time,False,
-s9qJ7ATP7w$_$0,1,they,,,,,,,,text_mismatch_no_original_time,False,
-s9qJ7ATP7w$_$0,2,have,,,,,,,,text_mismatch_no_original_time,False,
-s9qJ7ATP7w$_$0,3,doubt,,,,,,,,text_mismatch_no_original_time,False,
-s9qJ7ATP7w$_$0,4,they,,,,,,,,text_mismatch_no_original_time,False,
-s9qJ7ATP7w$_$0,5,have,,,,,,,,text_mismatch_no_original_time,False,
-s9qJ7ATP7w$_$0,6,fear,,,,,,,,text_mismatch_no_original_time,False,
-s9qJ7ATP7w$_$0,7,they,,,,,,,,text_mismatch_no_original_time,False,
-s9qJ7ATP7w$_$0,8,lose,,,,,,,,text_mismatch_no_original_time,False,
-s9qJ7ATP7w$_$0,9,in,,,,,,,,text_mismatch_no_original_time,False,
-s9qJ7ATP7w$_$0,10,a,,,,,,,,text_mismatch_no_original_time,False,
-s9qJ7ATP7w$_$0,11,Ferrari,,,,,,,,text_mismatch_no_original_time,False,
-s9qJ7ATP7w$_$0,12,race,,,,,,,,text_mismatch_no_original_time,False,
-s9qJ7ATP7w$_$0,13,or,,,,,,,,text_mismatch_no_original_time,False,
-s9qJ7ATP7w$_$0,14,they,,,,,,,,text_mismatch_no_original_time,False,
-s9qJ7ATP7w$_$0,15,lose,,,,,,,,text_mismatch_no_original_time,False,
-s9qJ7ATP7w$_$0,16,in,,,,,,,,text_mismatch_no_original_time,False,
-s9qJ7ATP7w$_$0,17,a,,,,,,,,text_mismatch_no_original_time,False,
-s9qJ7ATP7w$_$0,18,race,,,,,,,,text_mismatch_no_original_time,False,
-s9qJ7ATP7w$_$0,19,and,,,,,,,,text_mismatch_no_original_time,False,
-s9qJ7ATP7w$_$0,20,then,,,,,,,,text_mismatch_no_original_time,False,
-s9qJ7ATP7w$_$0,21,they,,,,,,,,text_mismatch_no_original_time,False,
-s9qJ7ATP7w$_$0,22,just,,,,,,,,text_mismatch_no_original_time,False,
-s9qJ7ATP7w$_$0,23,give,,,,,,,,text_mismatch_no_original_time,False,
-s9qJ7ATP7w$_$0,24,up,,,,,,,,text_mismatch_no_original_time,False,
-s9qJ7ATP7w$_$5,1,I,,,,,,,,text_mismatch_no_original_time,False,
-s9qJ7ATP7w$_$5,2,have,,,,,,,,text_mismatch_no_original_time,False,
-s9qJ7ATP7w$_$5,3,been,,,,,,,,text_mismatch_no_original_time,False,
-s9qJ7ATP7w$_$5,4,beat,,,,,,,,text_mismatch_no_original_time,False,
-s9qJ7ATP7w$_$5,5,up,,,,,,,,text_mismatch_no_original_time,False,
-s9qJ7ATP7w$_$5,6,and,,,,,,,,text_mismatch_no_original_time,False,
-s9qJ7ATP7w$_$5,7,put,,,,,,,,text_mismatch_no_original_time,False,
-s9qJ7ATP7w$_$5,8,down,,,,,,,,text_mismatch_no_original_time,False,
-s9qJ7ATP7w$_$5,9,and,,,,,,,,text_mismatch_no_original_time,False,
-s9qJ7ATP7w$_$5,10,everything,,,,,,,,text_mismatch_no_original_time,False,
-s9qJ7ATP7w$_$5,11,that,,,,,,,,text_mismatch_no_original_time,False,
-s9qJ7ATP7w$_$5,12,can,,,,,,,,text_mismatch_no_original_time,False,
-s9qJ7ATP7w$_$5,13,go,,,,,,,,text_mismatch_no_original_time,False,
-s9qJ7ATP7w$_$5,14,wrong,,,,,,,,text_mismatch_no_original_time,False,
-s9qJ7ATP7w$_$5,15,has,,,,,,,,text_mismatch_no_original_time,False,
-s9qJ7ATP7w$_$5,16,gone,,,,,,,,text_mismatch_no_original_time,False,
-s9qJ7ATP7w$_$5,17,wrong,,,,,,,,text_mismatch_no_original_time,False,
-s9qJ7ATP7w$_$5,18,for,,,,,,,,text_mismatch_no_original_time,False,
-s9qJ7ATP7w$_$5,19,me,,,,,,,,text_mismatch_no_original_time,False,
-s9qJ7ATP7w$_$4,1,I,,,,,,,,text_mismatch_no_original_time,False,
-s9qJ7ATP7w$_$4,2,have,,,,,,,,text_mismatch_no_original_time,False,
-s9qJ7ATP7w$_$4,3,lost,,,,,,,,text_mismatch_no_original_time,False,
-s9qJ7ATP7w$_$4,4,at,,,,,,,,text_mismatch_no_original_time,False,
-s9qJ7ATP7w$_$4,5,everything,,,,,,,,text_mismatch_no_original_time,False,
-s9qJ7ATP7w$_$4,6,you,,,,,,,,text_mismatch_no_original_time,False,
-s9qJ7ATP7w$_$4,7,can,,,,,,,,text_mismatch_no_original_time,False,
-s9qJ7ATP7w$_$4,8,imagine,,,,,,,,text_mismatch_no_original_time,False,
-s9qJ7ATP7w$_$4,9,seriously,,,,,,,,text_mismatch_no_original_time,False,
-s9qJ7ATP7w$_$7,1,I,,,,,,,,text_mismatch_no_original_time,False,
-s9qJ7ATP7w$_$7,2,used,,,,,,,,text_mismatch_no_original_time,False,
-s9qJ7ATP7w$_$7,3,to,,,,,,,,text_mismatch_no_original_time,False,
-s9qJ7ATP7w$_$7,4,work,,,,,,,,text_mismatch_no_original_time,False,
-s9qJ7ATP7w$_$7,5,for,,,,,,,,text_mismatch_no_original_time,False,
-s9qJ7ATP7w$_$7,6,Warren,,,,,,,,text_mismatch_no_original_time,False,
-s9qJ7ATP7w$_$7,7,Avis,,,,,,,,text_mismatch_no_original_time,False,
-s9qJ7ATP7w$_$7,8,the,,,,,,,,text_mismatch_no_original_time,False,
-s9qJ7ATP7w$_$7,9,guy,,,,,,,,text_mismatch_no_original_time,False,
-s9qJ7ATP7w$_$7,10,who,,,,,,,,text_mismatch_no_original_time,False,
-s9qJ7ATP7w$_$7,11,started,,,,,,,,text_mismatch_no_original_time,False,
-s9qJ7ATP7w$_$7,12,Avis,,,,,,,,text_mismatch_no_original_time,False,
-s9qJ7ATP7w$_$7,13,Rent,,,,,,,,text_mismatch_no_original_time,False,
-s9qJ7ATP7w$_$7,14,a,,,,,,,,text_mismatch_no_original_time,False,
-s9qJ7ATP7w$_$7,15,Car,,,,,,,,text_mismatch_no_original_time,False,
-s9qJ7ATP7w$_$7,16,and,,,,,,,,text_mismatch_no_original_time,False,
-s9qJ7ATP7w$_$7,17,he,,,,,,,,text_mismatch_no_original_time,False,
-s9qJ7ATP7w$_$7,18,said,,,,,,,,text_mismatch_no_original_time,False,
-s9qJ7ATP7w$_$7,19,to,,,,,,,,text_mismatch_no_original_time,False,
-s9qJ7ATP7w$_$7,20,me,,,,,,,,text_mismatch_no_original_time,False,
-s9qJ7ATP7w$_$7,21,one,,,,,,,,text_mismatch_no_original_time,False,
-s9qJ7ATP7w$_$7,22,day,,,,,,,,text_mismatch_no_original_time,False,
-s9qJ7ATP7w$_$7,23,Robert,,,,,,,,text_mismatch_no_original_time,False,
-s9qJ7ATP7w$_$7,24,what's,,,,,,,,text_mismatch_no_original_time,False,
-s9qJ7ATP7w$_$7,25,the,,,,,,,,text_mismatch_no_original_time,False,
-s9qJ7ATP7w$_$7,26,purpose,,,,,,,,text_mismatch_no_original_time,False,
-s9qJ7ATP7w$_$7,27,of,,,,,,,,text_mismatch_no_original_time,False,
-s9qJ7ATP7w$_$7,28,business,,,,,,,,text_mismatch_no_original_time,False,
-s9qJ7ATP7w$_$6,1,But,,,,,,,,text_mismatch_no_original_time,False,
-s9qJ7ATP7w$_$6,2,I,,,,,,,,text_mismatch_no_original_time,False,
-s9qJ7ATP7w$_$6,3,just,,,,,,,,text_mismatch_no_original_time,False,
-s9qJ7ATP7w$_$6,4,kept,,,,,,,,text_mismatch_no_original_time,False,
-s9qJ7ATP7w$_$6,5,going,,,,,,,,text_mismatch_no_original_time,False,
-s9qJ7ATP7w$_$8,1,And,,,,,,,,text_mismatch_no_original_time,False,
-s9qJ7ATP7w$_$8,2,I,,,,,,,,text_mismatch_no_original_time,False,
-s9qJ7ATP7w$_$8,3,said,,,,,,,,text_mismatch_no_original_time,False,
-s9qJ7ATP7w$_$8,4,Oh,,,,,,,,text_mismatch_no_original_time,False,
-s9qJ7ATP7w$_$8,5,make,,,,,,,,text_mismatch_no_original_time,False,
-s9qJ7ATP7w$_$8,6,a,,,,,,,,text_mismatch_no_original_time,False,
-s9qJ7ATP7w$_$8,7,profit,,,,,,,,text_mismatch_no_original_time,False,
-s9qJ7ATP7w$_$8,8,and,,,,,,,,text_mismatch_no_original_time,False,
-s9qJ7ATP7w$_$8,9,all,,,,,,,,text_mismatch_no_original_time,False,
-s9qJ7ATP7w$_$8,10,these,,,,,,,,text_mismatch_no_original_time,False,
-s9qJ7ATP7w$_$8,11,other,,,,,,,,text_mismatch_no_original_time,False,
-s9qJ7ATP7w$_$8,12,things,,,,,,,,text_mismatch_no_original_time,False,
-yRb-Jum7EQ$_$1,1,it,,,,,,,,asr_empty_no_original_time,False,
-yRb-Jum7EQ$_$1,2,comes,,,,,,,,asr_empty_no_original_time,False,
-yRb-Jum7EQ$_$1,3,with,,,,,,,,asr_empty_no_original_time,False,
-yRb-Jum7EQ$_$1,4,the,,,,,,,,asr_empty_no_original_time,False,
-yRb-Jum7EQ$_$1,5,assistance,,,,,,,,asr_empty_no_original_time,False,
-yRb-Jum7EQ$_$1,6,and,,,,,,,,asr_empty_no_original_time,False,
-yRb-Jum7EQ$_$1,7,agitation,,,,,,,,asr_empty_no_original_time,False,
-yRb-Jum7EQ$_$1,8,of,,,,,,,,asr_empty_no_original_time,False,
-yRb-Jum7EQ$_$1,9,states,,,,,,,,asr_empty_no_original_time,False,
-yRb-Jum7EQ$_$1,10,and,,,,,,,,asr_empty_no_original_time,False,
-yRb-Jum7EQ$_$1,11,regimes,,,,,,,,asr_empty_no_original_time,False,
-yRb-Jum7EQ$_$1,12,Yesterday,,,,,,,,asr_empty_no_original_time,False,
-yRb-Jum7EQ$_$1,13,Iran,,,,,,,,asr_empty_no_original_time,False,
-yRb-Jum7EQ$_$1,14,announced,,,,,,,,asr_empty_no_original_time,False,
-yRb-Jum7EQ$_$1,15,that,,,,,,,,asr_empty_no_original_time,False,
-yRb-Jum7EQ$_$1,16,it,,,,,,,,asr_empty_no_original_time,False,
-yRb-Jum7EQ$_$1,17,will,,,,,,,,asr_empty_no_original_time,False,
-yRb-Jum7EQ$_$1,18,finance,,,,,,,,asr_empty_no_original_time,False,
-yRb-Jum7EQ$_$1,19,the,,,,,,,,asr_empty_no_original_time,False,
-yRb-Jum7EQ$_$1,20,families,,,,,,,,asr_empty_no_original_time,False,
-yRb-Jum7EQ$_$1,21,of,,,,,,,,asr_empty_no_original_time,False,
-yRb-Jum7EQ$_$1,22,the,,,,,,,,asr_empty_no_original_time,False,
-yRb-Jum7EQ$_$1,23,terrorists,,,,,,,,asr_empty_no_original_time,False,
-yRb-Jum7EQ$_$1,24,and,,,,,,,,asr_empty_no_original_time,False,
-yRb-Jum7EQ$_$1,25,murderers,,,,,,,,asr_empty_no_original_time,False,
-yRb-Jum7EQ$_$1,26,this,,,,,,,,asr_empty_no_original_time,False,
-yRb-Jum7EQ$_$1,27,shows,,,,,,,,asr_empty_no_original_time,False,
-yRb-Jum7EQ$_$1,28,that,,,,,,,,asr_empty_no_original_time,False,
-yRb-Jum7EQ$_$1,29,Iran,,,,,,,,asr_empty_no_original_time,False,
-yRb-Jum7EQ$_$1,30,even,,,,,,,,asr_empty_no_original_time,False,
-yRb-Jum7EQ$_$1,31,after,,,,,,,,asr_empty_no_original_time,False,
-yRb-Jum7EQ$_$1,32,the,,,,,,,,asr_empty_no_original_time,False,
-yRb-Jum7EQ$_$1,33,nuclear,,,,,,,,asr_empty_no_original_time,False,
-yRb-Jum7EQ$_$1,34,agreement,,,,,,,,asr_empty_no_original_time,False,
-yRb-Jum7EQ$_$1,35,is,,,,,,,,asr_empty_no_original_time,False,
-yRb-Jum7EQ$_$1,36,continuing,,,,,,,,asr_empty_no_original_time,False,
-yRb-Jum7EQ$_$1,37,to,,,,,,,,asr_empty_no_original_time,False,
-yRb-Jum7EQ$_$1,38,aid,,,,,,,,asr_empty_no_original_time,False,
-yRb-Jum7EQ$_$1,39,terrorism,,,,,,,,asr_empty_no_original_time,False,
-yRb-Jum7EQ$_$1,40,including,,,,,,,,asr_empty_no_original_time,False,
-yRb-Jum7EQ$_$1,41,Palestinian,,,,,,,,asr_empty_no_original_time,False,
-yRb-Jum7EQ$_$1,42,terrorism,,,,,,,,asr_empty_no_original_time,False,
-yRb-Jum7EQ$_$1,43,Hezbollah,,,,,,,,asr_empty_no_original_time,False,
-yRb-Jum7EQ$_$1,44,terrorism,,,,,,,,asr_empty_no_original_time,False,
-yRb-Jum7EQ$_$1,45,and,,,,,,,,asr_empty_no_original_time,False,
-yRb-Jum7EQ$_$1,46,its,,,,,,,,asr_empty_no_original_time,False,
-yRb-Jum7EQ$_$1,47,assistance,,,,,,,,asr_empty_no_original_time,False,
-yRb-Jum7EQ$_$1,48,to,,,,,,,,asr_empty_no_original_time,False,
-yRb-Jum7EQ$_$1,49,Hamas,,,,,,,,asr_empty_no_original_time,False,
-yRb-Jum7EQ$_$5,1,Yesterday,,,,,,,,text_mismatch_no_original_time,False,
-yRb-Jum7EQ$_$5,2,Eliav,,,,,,,,text_mismatch_no_original_time,False,
-yRb-Jum7EQ$_$5,3,Gelman,,,,,,,,text_mismatch_no_original_time,False,
-yRb-Jum7EQ$_$5,4,lost,,,,,,,,text_mismatch_no_original_time,False,
-yRb-Jum7EQ$_$5,5,his,,,,,,,,text_mismatch_no_original_time,False,
-yRb-Jum7EQ$_$5,6,life,,,,,,,,text_mismatch_no_original_time,False,
-yRb-Jum7EQ$_$5,7,in,,,,,,,,text_mismatch_no_original_time,False,
-yRb-Jum7EQ$_$5,8,another,,,,,,,,text_mismatch_no_original_time,False,
-yRb-Jum7EQ$_$5,9,terrorist,,,,,,,,text_mismatch_no_original_time,False,
-yRb-Jum7EQ$_$5,10,attack,,,,,,,,text_mismatch_no_original_time,False,
-yRb-Jum7EQ$_$5,11,not,,,,,,,,text_mismatch_no_original_time,False,
-yRb-Jum7EQ$_$5,12,by,,,,,,,,text_mismatch_no_original_time,False,
-yRb-Jum7EQ$_$5,13,the,,,,,,,,text_mismatch_no_original_time,False,
-yRb-Jum7EQ$_$5,14,students,,,,,,,,text_mismatch_no_original_time,False,
-yRb-Jum7EQ$_$5,15,of,,,,,,,,text_mismatch_no_original_time,False,
-yRb-Jum7EQ$_$5,16,terrorism,,,,,,,,text_mismatch_no_original_time,False,
-yRb-Jum7EQ$_$5,17,but,,,,,,,,text_mismatch_no_original_time,False,
-yRb-Jum7EQ$_$5,18,by,,,,,,,,text_mismatch_no_original_time,False,
-yRb-Jum7EQ$_$5,19,those,,,,,,,,text_mismatch_no_original_time,False,
-yRb-Jum7EQ$_$5,20,who,,,,,,,,text_mismatch_no_original_time,False,
-yRb-Jum7EQ$_$5,21,teach,,,,,,,,text_mismatch_no_original_time,False,
-yRb-Jum7EQ$_$5,22,terrorism,,,,,,,,text_mismatch_no_original_time,False,
-yRb-Jum7EQ$_$5,23,a,,,,,,,,text_mismatch_no_original_time,False,
-yRb-Jum7EQ$_$5,24,Palestinian,,,,,,,,text_mismatch_no_original_time,False,
-yRb-Jum7EQ$_$5,25,teacher,,,,,,,,text_mismatch_no_original_time,False,
-yRb-Jum7EQ$_$6,1,Therefore,,,,,,,,text_mismatch_no_original_time,False,
-yRb-Jum7EQ$_$6,2,the,,,,,,,,text_mismatch_no_original_time,False,
-yRb-Jum7EQ$_$6,3,world,,,,,,,,text_mismatch_no_original_time,False,
-yRb-Jum7EQ$_$6,4,needs,,,,,,,,text_mismatch_no_original_time,False,
-yRb-Jum7EQ$_$6,5,to,,,,,,,,text_mismatch_no_original_time,False,
-yRb-Jum7EQ$_$6,6,stand,,,,,,,,text_mismatch_no_original_time,False,
-yRb-Jum7EQ$_$6,7,with,,,,,,,,text_mismatch_no_original_time,False,
-yRb-Jum7EQ$_$6,8,Israel,,,,,,,,text_mismatch_no_original_time,False,
-yRb-Jum7EQ$_$6,9,against,,,,,,,,text_mismatch_no_original_time,False,
-yRb-Jum7EQ$_$6,10,this,,,,,,,,text_mismatch_no_original_time,False,
-yRb-Jum7EQ$_$6,11,incitement,,,,,,,,text_mismatch_no_original_time,False,
-yRb-Jum7EQ$_$6,12,which,,,,,,,,text_mismatch_no_original_time,False,
-yRb-Jum7EQ$_$6,13,is,,,,,,,,text_mismatch_no_original_time,False,
-yRb-Jum7EQ$_$6,14,the,,,,,,,,text_mismatch_no_original_time,False,
-yRb-Jum7EQ$_$6,15,number,,,,,,,,text_mismatch_no_original_time,False,
-yRb-Jum7EQ$_$6,16,one,,,,,,,,text_mismatch_no_original_time,False,
-yRb-Jum7EQ$_$6,17,cause,,,,,,,,text_mismatch_no_original_time,False,
-yRb-Jum7EQ$_$6,18,of,,,,,,,,text_mismatch_no_original_time,False,
-yRb-Jum7EQ$_$6,19,terrorism,,,,,,,,text_mismatch_no_original_time,False,
