sample_id,comparison_operation,official_token_index,official_token,whisper_token_index,whisper_token,critical_token_difference,whisper_start_time_wav_s,whisper_end_time_wav_s,whisper_start_time_source_s,whisper_end_time_source_s,whisper_time_automatic_flags,timestamp_comparison_note
-3g5yACwYnA$_$13,insertion_whisper,,,1,that,False,0.0,0.2,0.0,0.2,,Whisper估计时间；原文词时间待MFA步骤
-3g5yACwYnA$_$13,insertion_whisper,,,2,we,False,0.2,0.38,0.2,0.38,,Whisper估计时间；原文词时间待MFA步骤
-3g5yACwYnA$_$13,insertion_whisper,,,3,do,False,0.38,0.64,0.38,0.64,,Whisper估计时间；原文词时间待MFA步骤
-3g5yACwYnA$_$13,insertion_whisper,,,4,They,False,1.04,1.56,1.04,1.56,,Whisper估计时间；原文词时间待MFA步骤
-3g5yACwYnA$_$13,substitution,1,They've,5,have,False,1.56,1.62,1.56,1.62,,Whisper估计时间；原文词时间待MFA步骤
-3g5yACwYnA$_$13,match,2,been,6,been,False,1.62,1.68,1.62,1.68,,Whisper估计时间；原文词时间待MFA步骤
-3g5yACwYnA$_$13,match,3,able,7,able,False,1.68,1.88,1.68,1.88,,Whisper估计时间；原文词时间待MFA步骤
-3g5yACwYnA$_$13,match,4,to,8,to,False,1.88,2.06,1.88,2.06,,Whisper估计时间；原文词时间待MFA步骤
-3g5yACwYnA$_$13,match,5,find,9,find,False,2.06,2.36,2.06,2.36,,Whisper估计时间；原文词时间待MFA步骤
-3g5yACwYnA$_$13,match,6,solutions,10,solutions,False,2.36,2.78,2.36,2.78,,Whisper估计时间；原文词时间待MFA步骤
-3g5yACwYnA$_$13,match,7,or,11,or,False,2.78,3.14,2.78,3.14,,Whisper估计时间；原文词时间待MFA步骤
-3g5yACwYnA$_$13,match,8,at,12,at,False,3.14,3.24,3.14,3.24,,Whisper估计时间；原文词时间待MFA步骤
-3g5yACwYnA$_$13,match,9,least,13,least,False,3.24,3.34,3.24,3.34,,Whisper估计时间；原文词时间待MFA步骤
-3g5yACwYnA$_$13,match,10,bring,14,bring,False,3.34,3.68,3.34,3.68,,Whisper估计时间；原文词时间待MFA步骤
-3g5yACwYnA$_$13,match,11,some,15,some,False,3.68,3.94,3.68,3.94,,Whisper估计时间；原文词时间待MFA步骤
-3g5yACwYnA$_$13,match,12,answers,16,answers,False,3.94,4.24,3.94,4.24,,Whisper估计时间；原文词时间待MFA步骤
-3g5yACwYnA$_$13,match,13,to,17,to,False,4.24,4.46,4.24,4.46,,Whisper估计时间；原文词时间待MFA步骤
-3g5yACwYnA$_$13,match,14,the,18,the,False,4.46,4.56,4.46,4.56,,Whisper估计时间；原文词时间待MFA步骤
-3g5yACwYnA$_$13,match,15,table,19,table,False,4.56,4.82,4.56,4.82,,Whisper估计时间；原文词时间待MFA步骤
-3g5yACwYnA$_$3,match,1,We're,1,We're,False,0.0,1.06,0.0,1.06,,Whisper估计时间；原文词时间待MFA步骤
-3g5yACwYnA$_$3,match,2,a,2,a,False,1.06,1.32,1.06,1.32,,Whisper估计时间；原文词时间待MFA步骤
-3g5yACwYnA$_$3,match,3,huge,3,huge,False,1.32,1.7,1.32,1.7,,Whisper估计时间；原文词时间待MFA步骤
-3g5yACwYnA$_$3,match,4,user,4,user,False,1.7,2.84,1.7,2.84,,Whisper估计时间；原文词时间待MFA步骤
-3g5yACwYnA$_$3,match,5,of,5,of,False,2.84,3.04,2.84,3.04,,Whisper估计时间；原文词时间待MFA步骤
-3g5yACwYnA$_$3,match,6,adhesives,6,adhesives,False,3.04,3.54,3.04,3.54,,Whisper估计时间；原文词时间待MFA步骤
-3g5yACwYnA$_$3,match,7,for,7,for,False,3.54,4.38,3.54,4.38,,Whisper估计时间；原文词时间待MFA步骤
-3g5yACwYnA$_$3,match,8,our,8,our,False,4.38,4.64,4.38,4.64,,Whisper估计时间；原文词时间待MFA步骤
-3g5yACwYnA$_$3,match,9,operation,9,operation,False,4.64,5.16,4.64,5.16,,Whisper估计时间；原文词时间待MFA步骤
-3g5yACwYnA$_$3,match,10,called,10,called,False,5.16,5.8,5.16,5.8,,Whisper估计时间；原文词时间待MFA步骤
-3g5yACwYnA$_$3,match,11,flocking,11,flocking,False,5.8,6.12,5.8,6.12,,Whisper估计时间；原文词时间待MFA步骤
-3g5yACwYnA$_$3,match,12,and,12,and,False,6.76,6.76,6.76,6.76,nonpositive_duration,Whisper估计时间；原文词时间待MFA步骤
-3g5yACwYnA$_$3,match,13,we,13,we,False,6.76,7.12,6.76,7.12,,Whisper估计时间；原文词时间待MFA步骤
-3g5yACwYnA$_$3,match,14,don't,14,don't,False,7.12,7.22,7.12,7.22,,Whisper估计时间；原文词时间待MFA步骤
-3g5yACwYnA$_$3,match,15,have,15,have,False,7.22,7.36,7.22,7.36,,Whisper估计时间；原文词时间待MFA步骤
-3g5yACwYnA$_$3,match,16,the,16,the,False,7.36,7.48,7.36,7.48,,Whisper估计时间；原文词时间待MFA步骤
-3g5yACwYnA$_$3,match,17,technical,17,technical,False,7.48,7.86,7.48,7.86,,Whisper估计时间；原文词时间待MFA步骤
-3g5yACwYnA$_$3,insertion_whisper,,,18,insight,False,7.86,8.58,7.86,8.58,,Whisper估计时间；原文词时间待MFA步骤
-3g5yACwYnA$_$3,insertion_whisper,,,19,in,False,8.58,8.76,8.58,8.76,,Whisper估计时间；原文词时间待MFA步骤
-3g5yACwYnA$_$3,substitution,18,inside,20,for,False,8.76,8.92,8.76,8.92,,Whisper估计时间；原文词时间待MFA步骤
-3g5yACwYnA$_$3,match,19,compounding,21,compounding,False,8.92,9.92,8.92,9.92,,Whisper估计时间；原文词时间待MFA步骤
-3g5yACwYnA$_$3,match,20,or,22,or,False,9.92,10.26,9.92,10.26,,Whisper估计时间；原文词时间待MFA步骤
-3g5yACwYnA$_$3,match,21,the,23,the,False,10.26,10.4,10.26,10.4,,Whisper估计时间；原文词时间待MFA步骤
-3g5yACwYnA$_$3,match,22,technical,24,technical,False,10.4,10.76,10.4,10.76,,Whisper估计时间；原文词时间待MFA步骤
-3g5yACwYnA$_$3,match,23,expertise,25,expertise,False,10.76,11.08,10.76,11.08,,Whisper估计时间；原文词时间待MFA步骤
-3g5yACwYnA$_$3,match,24,to,26,to,False,11.08,11.4,11.08,11.4,,Whisper估计时间；原文词时间待MFA步骤
-3g5yACwYnA$_$3,match,25,do,27,do,False,11.4,11.52,11.4,11.52,,Whisper估计时间；原文词时间待MFA步骤
-3g5yACwYnA$_$3,match,26,these,28,these,False,11.52,11.72,11.52,11.72,,Whisper估计时间；原文词时间待MFA步骤
-3g5yACwYnA$_$3,match,27,types,29,types,False,11.72,11.9,11.72,11.9,,Whisper估计时间；原文词时间待MFA步骤
-3g5yACwYnA$_$3,match,28,of,30,of,False,11.9,12.06,11.9,12.06,,Whisper估计时间；原文词时间待MFA步骤
-3g5yACwYnA$_$3,match,29,things,31,things,False,12.06,12.36,12.06,12.36,,Whisper估计时间；原文词时间待MFA步骤
-3g5yACwYnA$_$3,insertion_whisper,,,32,So,False,12.36,13.12,12.36,13.12,,Whisper估计时间；原文词时间待MFA步骤
-3g5yACwYnA$_$3,insertion_whisper,,,33,key,False,13.62,14.0,13.62,14.0,,Whisper估计时间；原文词时间待MFA步骤
-3g5yACwYnA$_$3,insertion_whisper,,,34,brings,False,14.0,14.22,14.0,14.22,,Whisper估计时间；原文词时间待MFA步骤
-3g5yACwYnA$_$2,match,1,Key,1,key,False,1.6599999999999984,2.459999999999999,1.6599999999999984,2.459999999999999,,Whisper估计时间；原文词时间待MFA步骤
-3g5yACwYnA$_$2,match,2,Polymer,2,polymer,False,2.459999999999999,3.26,2.459999999999999,3.26,,Whisper估计时间；原文词时间待MFA步骤
-3g5yACwYnA$_$2,match,3,brings,3,brings,False,3.26,3.54,3.26,3.54,,Whisper估计时间；原文词时间待MFA步骤
-3g5yACwYnA$_$2,match,4,a,4,a,False,3.54,3.72,3.54,3.72,,Whisper估计时间；原文词时间待MFA步骤
-3g5yACwYnA$_$2,match,5,technical,5,technical,False,3.72,4.02,3.72,4.02,,Whisper估计时间；原文词时间待MFA步骤
-3g5yACwYnA$_$2,match,6,aspect,6,aspect,False,4.02,4.58,4.02,4.58,,Whisper估计时间；原文词时间待MFA步骤
-3g5yACwYnA$_$2,match,7,to,7,to,False,4.58,4.98,4.58,4.98,,Whisper估计时间；原文词时间待MFA步骤
-3g5yACwYnA$_$2,match,8,our,8,our,False,4.98,5.92,4.98,5.92,,Whisper估计时间；原文词时间待MFA步骤
-3g5yACwYnA$_$2,match,9,operation,9,operation,False,5.92,6.34,5.92,6.34,,Whisper估计时间；原文词时间待MFA步骤
-3g5yACwYnA$_$2,match,10,that,10,that,False,6.34,6.62,6.34,6.62,,Whisper估计时间；原文词时间待MFA步骤
-3g5yACwYnA$_$2,match,11,we,11,we,False,6.62,6.78,6.62,6.78,,Whisper估计时间；原文词时间待MFA步骤
-3g5yACwYnA$_$2,match,12,don't,12,don't,False,6.78,6.98,6.78,6.98,,Whisper估计时间；原文词时间待MFA步骤
-3g5yACwYnA$_$2,match,13,have,13,have,False,6.98,7.18,6.98,7.18,,Whisper估计时间；原文词时间待MFA步骤
-3g5yACwYnA$_$2,match,14,internally,14,internally,False,7.18,7.64,7.18,7.64,,Whisper估计时间；原文词时间待MFA步骤
-3g5yACwYnA$_$9,insertion_whisper,,,1,Like,False,0.0,0.08,0.0,0.08,,Whisper估计时间；原文词时间待MFA步骤
-3g5yACwYnA$_$9,match,1,We,2,we,False,0.58,0.92,0.58,0.92,,Whisper估计时间；原文词时间待MFA步骤
-3g5yACwYnA$_$9,match,2,have,3,have,False,0.92,1.06,0.92,1.06,,Whisper估计时间；原文词时间待MFA步骤
-3g5yACwYnA$_$9,match,3,many,4,many,False,1.06,1.32,1.06,1.32,,Whisper估计时间；原文词时间待MFA步骤
-3g5yACwYnA$_$9,match,4,new,5,new,False,1.32,1.84,1.32,1.84,,Whisper估计时间；原文词时间待MFA步骤
-3g5yACwYnA$_$9,match,5,opportunities,6,opportunities,False,1.84,2.3,1.84,2.3,,Whisper估计时间；原文词时间待MFA步骤
-3g5yACwYnA$_$9,match,6,through,7,through,False,2.3,2.76,2.3,2.76,,Whisper估计时间；原文词时间待MFA步骤
-3g5yACwYnA$_$9,match,7,the,8,the,False,2.76,3.46,2.76,3.46,,Whisper估计时间；原文词时间待MFA步骤
-3g5yACwYnA$_$9,match,8,way,9,way,False,3.46,3.6,3.46,3.6,,Whisper估计时间；原文词时间待MFA步骤
-3g5yACwYnA$_$9,match,9,things,10,things,False,3.6,3.84,3.6,3.84,,Whisper估计时间；原文词时间待MFA步骤
-3g5yACwYnA$_$9,match,10,have,11,have,False,3.84,4.0,3.84,4.0,,Whisper估计时间；原文词时间待MFA步骤
-3g5yACwYnA$_$9,match,11,changed,12,changed,False,4.0,4.2,4.0,4.2,,Whisper估计时间；原文词时间待MFA步骤
-3g5yACwYnA$_$9,match,12,through,13,through,False,4.2,4.42,4.2,4.42,,Whisper估计时间；原文词时间待MFA步骤
-3g5yACwYnA$_$9,match,13,the,14,the,False,4.42,4.56,4.42,4.56,,Whisper估计时间；原文词时间待MFA步骤
-3g5yACwYnA$_$9,match,14,years,15,years,False,4.56,4.84,4.56,4.84,,Whisper估计时间；原文词时间待MFA步骤
-3g5yACwYnA$_$9,match,15,looking,16,looking,False,5.58,5.8,5.58,5.8,,Whisper估计时间；原文词时间待MFA步骤
-3g5yACwYnA$_$9,match,16,for,17,for,False,5.8,6.02,5.8,6.02,,Whisper估计时间；原文词时间待MFA步骤
-3g5yACwYnA$_$9,match,17,new,18,new,False,6.02,6.18,6.02,6.18,,Whisper估计时间；原文词时间待MFA步骤
-3g5yACwYnA$_$9,match,18,niche,19,niche,False,6.18,6.46,6.18,6.46,,Whisper估计时间；原文词时间待MFA步骤
-3g5yACwYnA$_$9,match,19,high,20,high,False,6.74,6.82,6.74,6.82,,Whisper估计时间；原文词时间待MFA步骤
-3g5yACwYnA$_$9,match,20,end,21,end,False,6.82,7.0,6.82,7.0,,Whisper估计时间；原文词时间待MFA步骤
-3g5yACwYnA$_$9,match,21,value,22,value,False,7.0,7.34,7.0,7.34,,Whisper估计时间；原文词时间待MFA步骤
-3g5yACwYnA$_$9,match,22,added,23,added,False,7.34,7.52,7.34,7.52,,Whisper估计时间；原文词时间待MFA步骤
-3g5yACwYnA$_$9,match,23,products,24,products,False,7.52,7.98,7.52,7.98,,Whisper估计时间；原文词时间待MFA步骤
-3nNcZdcdvU$_$5,insertion_whisper,,,1,Non,False,0.0,0.8,0.0,0.8,,Whisper估计时间；原文词时间待MFA步骤
-3nNcZdcdvU$_$5,substitution,1,Noncompliance,2,compliance,False,0.8,1.32,0.8,1.32,,Whisper估计时间；原文词时间待MFA步骤
-3nNcZdcdvU$_$5,match,2,can,3,can,False,1.32,1.86,1.32,1.86,,Whisper估计时间；原文词时间待MFA步骤
-3nNcZdcdvU$_$5,match,3,result,4,result,False,1.86,2.4,1.86,2.4,,Whisper估计时间；原文词时间待MFA步骤
-3nNcZdcdvU$_$5,match,4,in,5,in,False,2.4,2.76,2.4,2.76,,Whisper估计时间；原文词时间待MFA步骤
-3nNcZdcdvU$_$5,match,5,legal,6,legal,False,2.76,3.0,2.76,3.0,,Whisper估计时间；原文词时间待MFA步骤
-3nNcZdcdvU$_$5,match,6,liability,7,liability,False,3.0,3.58,3.0,3.58,,Whisper估计时间；原文词时间待MFA步骤
-3nNcZdcdvU$_$5,match,7,to,8,to,False,3.58,4.16,3.58,4.16,,Whisper估计时间；原文词时间待MFA步骤
-3nNcZdcdvU$_$5,match,8,you,9,you,False,4.16,4.54,4.16,4.54,,Whisper估计时间；原文词时间待MFA步骤
-3nNcZdcdvU$_$5,match,9,and,10,and,False,4.54,5.14,4.54,5.14,,Whisper估计时间；原文词时间待MFA步骤
-3nNcZdcdvU$_$5,match,10,to,11,to,False,5.14,5.38,5.14,5.38,,Whisper估计时间；原文词时间待MFA步骤
-3nNcZdcdvU$_$5,match,11,the,12,the,False,5.38,5.52,5.38,5.52,,Whisper估计时间；原文词时间待MFA步骤
-3nNcZdcdvU$_$5,match,12,school,13,school,False,5.52,5.72,5.52,5.72,,Whisper估计时间；原文词时间待MFA步骤
-3nNcZdcdvU$_$5,match,13,district,14,district,False,5.72,6.06,5.72,6.06,,Whisper估计时间；原文词时间待MFA步骤
-3nNcZdcdvU$_$5,match,14,in,15,in,False,6.06,6.28,6.06,6.28,,Whisper估计时间；原文词时间待MFA步骤
-3nNcZdcdvU$_$5,match,15,which,16,which,False,6.28,6.4,6.28,6.4,,Whisper估计时间；原文词时间待MFA步骤
-3nNcZdcdvU$_$5,match,16,you,17,you,False,6.4,6.62,6.4,6.62,,Whisper估计时间；原文词时间待MFA步骤
-3nNcZdcdvU$_$5,match,17,are,18,are,False,6.62,6.74,6.62,6.74,,Whisper估计时间；原文词时间待MFA步骤
-3nNcZdcdvU$_$5,match,18,employed,19,employed,False,6.74,7.12,6.74,7.12,,Whisper估计时间；原文词时间待MFA步骤
-HwX2H8Z4hY$_$2,deletion_official,1,President,,,False,,,,,,原文词时间待MFA步骤
-HwX2H8Z4hY$_$2,deletion_official,2,Ronald,,,False,,,,,,原文词时间待MFA步骤
-HwX2H8Z4hY$_$2,substitution,3,Reagan,1,mediocrity,False,0.0,0.8,0.0,0.8,,Whisper估计时间；原文词时间待MFA步骤
-HwX2H8Z4hY$_$2,match,4,Look,2,Look,False,2.28,2.82,2.28,2.82,,Whisper估计时间；原文词时间待MFA步骤
-HwX2H8Z4hY$_$2,match,5,at,3,at,False,2.82,2.92,2.82,2.92,,Whisper估计时间；原文词时间待MFA步骤
-HwX2H8Z4hY$_$2,match,6,the,4,the,False,2.92,3.04,2.92,3.04,,Whisper估计时间；原文词时间待MFA步骤
-HwX2H8Z4hY$_$2,match,7,record,5,record,False,3.04,3.3,3.04,3.3,,Whisper估计时间；原文词时间待MFA步骤
-HwX2H8Z4hY$_$5,match,1,President,1,President,False,0.0,1.16,0.0,1.16,,Whisper估计时间；原文词时间待MFA步骤
-HwX2H8Z4hY$_$5,match,2,Ronald,2,Ronald,False,1.16,1.56,1.16,1.56,,Whisper估计时间；原文词时间待MFA步骤
-HwX2H8Z4hY$_$5,match,3,Reagan,3,Reagan,False,1.56,2.0,1.56,2.0,,Whisper估计时间；原文词时间待MFA步骤
-HwX2H8Z4hY$_$5,match,4,blamed,4,blamed,False,2.0,2.44,2.0,2.44,,Whisper估计时间；原文词时间待MFA步骤
-HwX2H8Z4hY$_$5,match,5,the,5,the,False,2.44,2.74,2.44,2.74,,Whisper估计时间；原文词时间待MFA步骤
-HwX2H8Z4hY$_$5,match,6,professional,6,professional,False,2.74,3.34,2.74,3.34,,Whisper估计时间；原文词时间待MFA步骤
-HwX2H8Z4hY$_$5,match,7,bureaucracy,7,bureaucracy,False,3.34,3.92,3.34,3.92,,Whisper估计时间；原文词时间待MFA步骤
-HwX2H8Z4hY$_$5,match,8,of,8,of,False,3.92,4.38,3.92,4.38,,Whisper估计时间；原文词时间待MFA步骤
-HwX2H8Z4hY$_$5,match,9,education,9,education,False,4.38,4.94,4.38,4.94,,Whisper估计时间；原文词时间待MFA步骤
-HwX2H8Z4hY$_$6,match,1,And,1,And,False,0.0,0.64,0.0,0.64,,Whisper估计时间；原文词时间待MFA步骤
-HwX2H8Z4hY$_$6,match,2,in,2,in,False,0.64,0.76,0.64,0.76,,Whisper估计时间；原文词时间待MFA步骤
-HwX2H8Z4hY$_$6,match,3,part,3,part,False,0.76,1.12,0.76,1.12,,Whisper估计时间；原文词时间待MFA步骤
-HwX2H8Z4hY$_$6,match,4,Al,4,Al,False,1.58,1.62,1.58,1.62,,Whisper估计时间；原文词时间待MFA步骤
-HwX2H8Z4hY$_$6,substitution,5,Shanker,5,Schenker,False,1.62,2.1,1.62,2.1,,Whisper估计时间；原文词时间待MFA步骤
-HwX2H8Z4hY$_$6,match,6,did,6,did,False,2.1,2.4,2.1,2.4,,Whisper估计时间；原文词时间待MFA步骤
-HwX2H8Z4hY$_$6,match,7,too,7,too,False,2.4,2.74,2.4,2.74,,Whisper估计时间；原文词时间待MFA步骤
-HwX2H8Z4hY$_$9,match,1,It,1,It,False,0.0,0.62,0.0,0.62,,Whisper估计时间；原文词时间待MFA步骤
-HwX2H8Z4hY$_$9,match,2,is,2,is,False,0.62,0.74,0.62,0.74,,Whisper估计时间；原文词时间待MFA步骤
-HwX2H8Z4hY$_$9,match,3,a,3,a,False,0.74,0.88,0.74,0.88,,Whisper估计时间；原文词时间待MFA步骤
-HwX2H8Z4hY$_$9,match,4,word,4,word,False,0.88,1.14,0.88,1.14,,Whisper估计时间；原文词时间待MFA步骤
-HwX2H8Z4hY$_$9,insertion_whisper,,,5,with,False,1.14,1.38,1.14,1.38,,Whisper估计时间；原文词时间待MFA步骤
-HwX2H8Z4hY$_$9,match,5,which,6,which,False,1.38,1.58,1.38,1.58,,Whisper估计时间；原文词时间待MFA步骤
-HwX2H8Z4hY$_$9,match,6,the,7,the,False,1.58,1.76,1.58,1.76,,Whisper估计时间；原文词时间待MFA步骤
-HwX2H8Z4hY$_$9,match,7,administrator,8,administrator,False,1.76,2.3,1.76,2.3,,Whisper估计时间；原文词时间待MFA步骤
-HwX2H8Z4hY$_$9,match,8,uses,9,uses,False,2.3,2.78,2.3,2.78,,Whisper估计时间；原文词时间待MFA步骤
-HwX2H8Z4hY$_$9,match,9,when,10,when,False,2.78,4.42,2.78,4.42,very_long_duration_review,Whisper估计时间；原文词时间待MFA步骤
-HwX2H8Z4hY$_$9,match,10,he,11,he,False,4.42,4.54,4.42,4.54,,Whisper估计时间；原文词时间待MFA步骤
-HwX2H8Z4hY$_$9,match,11,turns,12,turns,False,4.54,4.72,4.54,4.72,,Whisper估计时间；原文词时间待MFA步骤
-HwX2H8Z4hY$_$9,match,12,around,13,around,False,4.72,5.06,4.72,5.06,,Whisper估计时间；原文词时间待MFA步骤
-HwX2H8Z4hY$_$9,match,13,anything,14,anything,False,5.06,5.38,5.06,5.38,,Whisper估计时间；原文词时间待MFA步骤
-HwX2H8Z4hY$_$9,match,14,which,15,which,False,5.38,5.6,5.38,5.6,,Whisper估计时间；原文词时间待MFA步骤
-HwX2H8Z4hY$_$9,match,15,he,16,he,False,5.6,5.76,5.6,5.76,,Whisper估计时间；原文词时间待MFA步骤
-HwX2H8Z4hY$_$9,match,16,doesn't,17,doesn't,False,5.76,6.02,5.76,6.02,,Whisper估计时间；原文词时间待MFA步骤
-HwX2H8Z4hY$_$9,match,17,like,18,like,False,6.02,6.18,6.02,6.18,,Whisper估计时间；原文词时间待MFA步骤
-HwX2H8Z4hY$_$9,deletion_official,18,that,,,False,,,,,,原文词时间待MFA步骤
-HwX2H8Z4hY$_$9,match,19,the,19,the,False,6.18,6.38,6.18,6.38,,Whisper估计时间；原文词时间待MFA步骤
-HwX2H8Z4hY$_$9,match,20,teacher,20,teacher,False,6.38,6.7,6.38,6.7,,Whisper估计时间；原文词时间待MFA步骤
-HwX2H8Z4hY$_$9,match,21,is,21,is,False,6.7,6.88,6.7,6.88,,Whisper估计时间；原文词时间待MFA步骤
-HwX2H8Z4hY$_$9,match,22,doing,22,doing,False,6.88,7.06,6.88,7.06,,Whisper估计时间；原文词时间待MFA步骤
-HwX2H8Z4hY$_$9,insertion_whisper,,,23,he,False,7.06,7.22,7.06,7.22,,Whisper估计时间；原文词时间待MFA步骤
-HwX2H8Z4hY$_$9,insertion_whisper,,,24,says,False,7.22,7.38,7.22,7.38,,Whisper估计时间；原文词时间待MFA步骤
-HwX2H8Z4hY$_$9,insertion_whisper,,,25,you,False,7.38,7.6,7.38,7.6,,Whisper估计时间；原文词时间待MFA步骤
-NFrJFQijFE$_$1,deletion_official,1,Structural,,,False,,,,,,原文词时间待MFA步骤
-NFrJFQijFE$_$1,deletion_official,2,mounts,,,False,,,,,,原文词时间待MFA步骤
-NFrJFQijFE$_$1,deletion_official,3,inside,,,False,,,,,,原文词时间待MFA步骤
-NFrJFQijFE$_$1,deletion_official,4,have,,,False,,,,,,原文词时间待MFA步骤
-NFrJFQijFE$_$1,deletion_official,5,to,,,False,,,,,,原文词时间待MFA步骤
-NFrJFQijFE$_$1,deletion_official,6,be,,,False,,,,,,原文词时间待MFA步骤
-NFrJFQijFE$_$1,deletion_official,7,properly,,,False,,,,,,原文词时间待MFA步骤
-NFrJFQijFE$_$1,deletion_official,8,stress,,,False,,,,,,原文词时间待MFA步骤
-NFrJFQijFE$_$1,deletion_official,9,analyzed,,,False,,,,,,原文词时间待MFA步骤
-NFrJFQijFE$_$1,deletion_official,10,so,,,False,,,,,,原文词时间待MFA步骤
-NFrJFQijFE$_$1,deletion_official,11,we,,,False,,,,,,原文词时间待MFA步骤
-NFrJFQijFE$_$1,deletion_official,12,make,,,False,,,,,,原文词时间待MFA步骤
-NFrJFQijFE$_$1,deletion_official,13,sure,,,False,,,,,,原文词时间待MFA步骤
-NFrJFQijFE$_$1,deletion_official,14,all,,,False,,,,,,原文词时间待MFA步骤
-NFrJFQijFE$_$1,deletion_official,15,that,,,False,,,,,,原文词时间待MFA步骤
-NFrJFQijFE$_$1,deletion_official,16,happens,,,False,,,,,,原文词时间待MFA步骤
-NFrJFQijFE$_$2,deletion_official,1,So,,,False,,,,,,原文词时间待MFA步骤
-NFrJFQijFE$_$2,deletion_official,2,we,,,False,,,,,,原文词时间待MFA步骤
-NFrJFQijFE$_$2,deletion_official,3,coordinate,,,False,,,,,,原文词时间待MFA步骤
-NFrJFQijFE$_$2,deletion_official,4,with,,,False,,,,,,原文词时间待MFA步骤
-NFrJFQijFE$_$2,deletion_official,5,all,,,False,,,,,,原文词时间待MFA步骤
-NFrJFQijFE$_$2,deletion_official,6,the,,,False,,,,,,原文词时间待MFA步骤
-NFrJFQijFE$_$2,deletion_official,7,proper,,,False,,,,,,原文词时间待MFA步骤
-NFrJFQijFE$_$2,deletion_official,8,technical,,,False,,,,,,原文词时间待MFA步骤
-NFrJFQijFE$_$2,substitution,9,fields,1,Hock's,False,3.4600000000000004,3.98,3.4600000000000004,3.98,,Whisper估计时间；原文词时间待MFA步骤
-NFrJFQijFE$_$2,substitution,10,to,2,sense,False,3.98,4.24,3.98,4.24,,Whisper估计时间；原文词时间待MFA步骤
-NFrJFQijFE$_$2,substitution,11,get,3,of,False,4.24,4.44,4.24,4.44,,Whisper估计时间；原文词时间待MFA步骤
-NFrJFQijFE$_$2,substitution,12,ready,4,hearing,False,4.44,4.7,4.44,4.7,,Whisper估计时间；原文词时间待MFA步骤
-NFrJFQijFE$_$2,substitution,13,for,5,is,False,4.7,4.98,4.7,4.98,,Whisper估计时间；原文词时间待MFA步骤
-NFrJFQijFE$_$2,substitution,14,the,6,excellent,False,4.98,5.5,4.98,5.5,,Whisper估计时间；原文词时间待MFA步骤
-NFrJFQijFE$_$2,substitution,15,instrument,7,and,False,5.74,6.16,5.74,6.16,,Whisper估计时间；原文词时间待MFA步骤
-NFrJFQijFE$_$2,substitution,16,to,8,their,False,6.16,6.28,6.16,6.28,,Whisper估计时间；原文词时间待MFA步骤
-NFrJFQijFE$_$2,substitution,17,arrive,9,eyes,False,6.28,6.52,6.28,6.52,,Whisper估计时间；原文词时间待MFA步骤
-NFrJFQijFE$_$2,substitution,18,here,10,are,False,6.52,6.66,6.52,6.66,,Whisper估计时间；原文词时间待MFA步骤
-THoVjtIkeU$_$12,deletion_official,1,What,,,False,,,,,,原文词时间待MFA步骤
-THoVjtIkeU$_$12,substitution,2,ever,1,Whatever,False,1.1999999999999986,1.76,1.1999999999999986,1.76,,Whisper估计时间；原文词时间待MFA步骤
-THoVjtIkeU$_$12,match,3,we,2,we,False,1.76,2.08,1.76,2.08,,Whisper估计时间；原文词时间待MFA步骤
-THoVjtIkeU$_$12,match,4,turn,3,turn,False,2.08,2.28,2.08,2.28,,Whisper估计时间；原文词时间待MFA步骤
-THoVjtIkeU$_$12,match,5,our,4,our,False,2.28,2.44,2.28,2.44,,Whisper估计时间；原文词时间待MFA步骤
-THoVjtIkeU$_$12,match,6,attention,5,attention,False,2.44,2.7,2.44,2.7,,Whisper估计时间；原文词时间待MFA步骤
-THoVjtIkeU$_$12,match,7,to,6,to,False,2.7,3.1,2.7,3.1,,Whisper估计时间；原文词时间待MFA步骤
-THoVjtIkeU$_$12,match,8,is,7,is,False,3.1,3.3,3.1,3.3,,Whisper估计时间；原文词时间待MFA步骤
-THoVjtIkeU$_$12,match,9,what,8,what,False,3.3,3.46,3.3,3.46,,Whisper估计时间；原文词时间待MFA步骤
-THoVjtIkeU$_$12,match,10,grows,9,grows,False,3.46,3.74,3.46,3.74,,Whisper估计时间；原文词时间待MFA步骤
-THoVjtIkeU$_$12,match,11,and,10,And,False,4.44,4.44,4.44,4.44,nonpositive_duration,Whisper估计时间；原文词时间待MFA步骤
-THoVjtIkeU$_$12,match,12,so,11,so,False,4.44,4.66,4.44,4.66,,Whisper估计时间；原文词时间待MFA步骤
-THoVjtIkeU$_$12,match,13,if,12,if,False,4.66,4.8,4.66,4.8,,Whisper估计时间；原文词时间待MFA步骤
-THoVjtIkeU$_$12,match,14,we,13,we,False,4.8,5.0,4.8,5.0,,Whisper估计时间；原文词时间待MFA步骤
-THoVjtIkeU$_$12,match,15,believe,14,believe,False,5.0,5.4,5.0,5.4,,Whisper估计时间；原文词时间待MFA步骤
-THoVjtIkeU$_$12,match,16,that,15,that,False,5.4,5.76,5.4,5.76,,Whisper估计时间；原文词时间待MFA步骤
-THoVjtIkeU$_$12,match,17,anything,16,anything,False,5.76,5.98,5.76,5.98,,Whisper估计时间；原文词时间待MFA步骤
-THoVjtIkeU$_$12,match,18,is,17,is,False,5.98,6.24,5.98,6.24,,Whisper估计时间；原文词时间待MFA步骤
-THoVjtIkeU$_$12,match,19,possible,18,possible,False,6.24,6.64,6.24,6.64,,Whisper估计时间；原文词时间待MFA步骤
-THoVjtIkeU$_$12,match,20,if,19,if,False,6.8,6.84,6.8,6.84,,Whisper估计时间；原文词时间待MFA步骤
-THoVjtIkeU$_$12,match,21,we,20,we,False,6.84,7.14,6.84,7.14,,Whisper估计时间；原文词时间待MFA步骤
-THoVjtIkeU$_$12,match,22,believe,21,believe,False,7.14,7.94,7.14,7.94,,Whisper估计时间；原文词时间待MFA步骤
-THoVjtIkeU$_$12,match,23,that,22,that,False,7.94,8.84,7.94,8.84,,Whisper估计时间；原文词时间待MFA步骤
-THoVjtIkeU$_$12,match,24,social,23,social,False,8.84,9.64,8.84,9.64,,Whisper估计时间；原文词时间待MFA步骤
-THoVjtIkeU$_$12,match,25,justice,24,justice,False,9.64,10.04,9.64,10.04,,Whisper估计时间；原文词时间待MFA步骤
-THoVjtIkeU$_$12,match,26,can,25,can,False,10.04,10.32,10.04,10.32,,Whisper估计时间；原文词时间待MFA步骤
-THoVjtIkeU$_$12,match,27,be,26,be,False,10.32,10.5,10.32,10.5,,Whisper估计时间；原文词时间待MFA步骤
-THoVjtIkeU$_$12,match,28,achieved,27,achieved,False,10.5,10.82,10.5,10.82,,Whisper估计时间；原文词时间待MFA步骤
-THoVjtIkeU$_$12,match,29,and,28,and,False,10.96,11.06,10.96,11.06,,Whisper估计时间；原文词时间待MFA步骤
-THoVjtIkeU$_$12,match,30,if,29,if,False,11.06,11.16,11.06,11.16,,Whisper估计时间；原文词时间待MFA步骤
-THoVjtIkeU$_$12,match,31,we,30,we,False,11.16,11.3,11.16,11.3,,Whisper估计时间；原文词时间待MFA步骤
-THoVjtIkeU$_$12,match,32,believe,31,believe,False,11.3,11.72,11.3,11.72,,Whisper估计时间；原文词时间待MFA步骤
-THoVjtIkeU$_$12,match,33,in,32,in,False,11.72,12.02,11.72,12.02,,Whisper估计时间；原文词时间待MFA步骤
-THoVjtIkeU$_$12,match,34,youth,33,youth,False,12.02,12.38,12.02,12.38,,Whisper估计时间；原文词时间待MFA步骤
-THoVjtIkeU$_$12,match,35,they,34,they,False,12.9,13.2,12.9,13.2,,Whisper估计时间；原文词时间待MFA步骤
-THoVjtIkeU$_$12,match,36,will,35,will,False,13.2,13.32,13.2,13.32,,Whisper估计时间；原文词时间待MFA步骤
-THoVjtIkeU$_$12,match,37,believe,36,believe,False,13.32,13.52,13.32,13.52,,Whisper估计时间；原文词时间待MFA步骤
-THoVjtIkeU$_$12,match,38,in,37,in,False,13.52,13.68,13.52,13.68,,Whisper估计时间；原文词时间待MFA步骤
-THoVjtIkeU$_$12,match,39,themselves,38,themselves,False,13.68,13.96,13.68,13.96,,Whisper估计时间；原文词时间待MFA步骤
-THoVjtIkeU$_$2,match,1,I,1,I,False,0.0,0.1,0.0,0.1,,Whisper估计时间；原文词时间待MFA步骤
-THoVjtIkeU$_$2,match,2,think,2,think,False,0.1,0.4,0.1,0.4,,Whisper估计时间；原文词时间待MFA步骤
-THoVjtIkeU$_$2,match,3,social,3,social,False,0.4,1.36,0.4,1.36,,Whisper估计时间；原文词时间待MFA步骤
-THoVjtIkeU$_$2,match,4,justice,4,justice,False,1.36,1.66,1.36,1.66,,Whisper估计时间；原文词时间待MFA步骤
-THoVjtIkeU$_$2,match,5,is,5,is,False,1.66,1.92,1.66,1.92,,Whisper估计时间；原文词时间待MFA步骤
-THoVjtIkeU$_$2,match,6,extremely,6,extremely,False,1.92,2.24,1.92,2.24,,Whisper估计时间；原文词时间待MFA步骤
-THoVjtIkeU$_$2,match,7,important,7,important,False,2.24,2.7,2.24,2.7,,Whisper估计时间；原文词时间待MFA步骤
-THoVjtIkeU$_$2,match,8,for,8,for,False,2.7,2.98,2.7,2.98,,Whisper估计时间；原文词时间待MFA步骤
-THoVjtIkeU$_$2,match,9,young,9,young,False,2.98,3.2,2.98,3.2,,Whisper估计时间；原文词时间待MFA步骤
-THoVjtIkeU$_$2,match,10,people,10,people,False,3.2,3.58,3.2,3.58,,Whisper估计时间；原文词时间待MFA步骤
-THoVjtIkeU$_$6,substitution,1,You,1,I,False,0.0,0.64,0.0,0.64,,Whisper估计时间；原文词时间待MFA步骤
-THoVjtIkeU$_$6,substitution,2,know,2,think,False,0.64,1.08,0.64,1.08,,Whisper估计时间；原文词时间待MFA步骤
-THoVjtIkeU$_$6,match,3,that,3,that,False,1.08,1.36,1.08,1.36,,Whisper估计时间；原文词时间待MFA步骤
-THoVjtIkeU$_$6,deletion_official,4,I,,,False,,,,,,原文词时间待MFA步骤
-THoVjtIkeU$_$6,deletion_official,5,think,,,False,,,,,,原文词时间待MFA步骤
-THoVjtIkeU$_$6,match,6,listening,4,listening,False,1.36,1.76,1.36,1.76,,Whisper估计时间；原文词时间待MFA步骤
-THoVjtIkeU$_$6,match,7,to,5,to,False,1.76,2.02,1.76,2.02,,Whisper估计时间；原文词时间待MFA步骤
-THoVjtIkeU$_$6,match,8,young,6,young,False,2.02,2.18,2.02,2.18,,Whisper估计时间；原文词时间待MFA步骤
-THoVjtIkeU$_$6,match,9,people,7,people,False,2.18,2.56,2.18,2.56,,Whisper估计时间；原文词时间待MFA步骤
-THoVjtIkeU$_$6,match,10,taking,8,taking,False,2.66,2.88,2.66,2.88,,Whisper估计时间；原文词时间待MFA步骤
-THoVjtIkeU$_$6,match,11,in,9,in,False,2.88,3.16,2.88,3.16,,Whisper估计时间；原文词时间待MFA步骤
-THoVjtIkeU$_$6,match,12,what,10,what,False,3.16,3.34,3.16,3.34,,Whisper估计时间；原文词时间待MFA步骤
-THoVjtIkeU$_$6,match,13,they,11,they,False,3.34,3.52,3.34,3.52,,Whisper估计时间；原文词时间待MFA步骤
-THoVjtIkeU$_$6,match,14,have,12,have,False,3.52,3.72,3.52,3.72,,Whisper估计时间；原文词时间待MFA步骤
-THoVjtIkeU$_$6,match,15,to,13,to,False,3.72,3.88,3.72,3.88,,Whisper估计时间；原文词时间待MFA步骤
-THoVjtIkeU$_$6,match,16,say,14,say,False,3.88,4.12,3.88,4.12,,Whisper估计时间；原文词时间待MFA步骤
-THoVjtIkeU$_$6,match,17,because,15,because,False,4.34,4.44,4.34,4.44,,Whisper估计时间；原文词时间待MFA步骤
-THoVjtIkeU$_$6,match,18,what,16,what,False,4.44,4.96,4.44,4.96,,Whisper估计时间；原文词时间待MFA步骤
-THoVjtIkeU$_$6,deletion_official,19,we,,,False,,,,,,原文词时间待MFA步骤
-THoVjtIkeU$_$6,substitution,20,have,17,we've,False,4.96,5.24,4.96,5.24,,Whisper估计时间；原文词时间待MFA步骤
-THoVjtIkeU$_$6,match,21,seen,18,seen,False,5.24,5.4,5.24,5.4,,Whisper估计时间；原文词时间待MFA步骤
-THoVjtIkeU$_$6,match,22,all,19,all,False,5.4,5.68,5.4,5.68,,Whisper估计时间；原文词时间待MFA步骤
-THoVjtIkeU$_$6,match,23,around,20,around,False,5.68,5.9,5.68,5.9,,Whisper估计时间；原文词时间待MFA步骤
-THoVjtIkeU$_$6,match,24,the,21,the,False,5.9,6.04,5.9,6.04,,Whisper估计时间；原文词时间待MFA步骤
-THoVjtIkeU$_$6,match,25,world,22,world,False,6.04,6.28,6.04,6.28,,Whisper估计时间；原文词时间待MFA步骤
-THoVjtIkeU$_$6,match,26,is,23,is,False,6.28,6.56,6.28,6.56,,Whisper估计时间；原文词时间待MFA步骤
-THoVjtIkeU$_$6,match,27,the,24,the,False,6.56,6.7,6.56,6.7,,Whisper估计时间；原文词时间待MFA步骤
-THoVjtIkeU$_$6,match,28,power,25,power,False,6.7,6.96,6.7,6.96,,Whisper估计时间；原文词时间待MFA步骤
-THoVjtIkeU$_$6,match,29,of,26,of,False,6.96,7.24,6.96,7.24,,Whisper估计时间；原文词时间待MFA步骤
-THoVjtIkeU$_$6,match,30,youth,27,youth,False,7.24,7.44,7.24,7.44,,Whisper估计时间；原文词时间待MFA步骤
-UuX1xuaiiE$_$1,match,1,And,1,And,False,0.0,0.54,0.0,0.54,,Whisper估计时间；原文词时间待MFA步骤
-UuX1xuaiiE$_$1,match,2,all,2,all,False,0.54,0.78,0.54,0.78,,Whisper估计时间；原文词时间待MFA步骤
-UuX1xuaiiE$_$1,match,3,of,3,of,False,0.78,0.92,0.78,0.92,,Whisper估计时间；原文词时间待MFA步骤
-UuX1xuaiiE$_$1,match,4,them,4,them,False,0.92,1.06,0.92,1.06,,Whisper估计时间；原文词时间待MFA步骤
-UuX1xuaiiE$_$1,match,5,are,5,are,False,1.06,1.32,1.06,1.32,,Whisper估计时间；原文词时间待MFA步骤
-UuX1xuaiiE$_$1,match,6,really,6,really,False,1.32,1.58,1.32,1.58,,Whisper估计时间；原文词时间待MFA步骤
-UuX1xuaiiE$_$1,match,7,being,7,being,False,1.58,1.84,1.58,1.84,,Whisper估计时间；原文词时间待MFA步骤
-UuX1xuaiiE$_$1,match,8,able,8,able,False,1.84,2.66,1.84,2.66,,Whisper估计时间；原文词时间待MFA步骤
-UuX1xuaiiE$_$1,match,9,to,9,to,False,2.66,2.9,2.66,2.9,,Whisper估计时间；原文词时间待MFA步骤
-UuX1xuaiiE$_$1,match,10,explore,10,explore,False,2.9,3.5,2.9,3.5,,Whisper估计时间；原文词时间待MFA步骤
-UuX1xuaiiE$_$1,match,11,these,11,these,False,3.5,4.22,3.5,4.22,,Whisper估计时间；原文词时间待MFA步骤
-UuX1xuaiiE$_$1,match,12,different,12,different,False,4.22,4.74,4.22,4.74,,Whisper估计时间；原文词时间待MFA步骤
-UuX1xuaiiE$_$1,match,13,areas,13,areas,False,4.74,5.12,4.74,5.12,,Whisper估计时间；原文词时间待MFA步骤
-UuX1xuaiiE$_$1,match,14,in,14,in,False,5.12,5.64,5.12,5.64,,Whisper估计时间；原文词时间待MFA步骤
-UuX1xuaiiE$_$1,match,15,depth,15,depth,False,5.64,6.24,5.64,6.24,,Whisper估计时间；原文词时间待MFA步骤
-UuX1xuaiiE$_$1,match,16,in,16,in,False,6.24,6.62,6.24,6.62,,Whisper估计时间；原文词时间待MFA步骤
-UuX1xuaiiE$_$1,match,17,a,17,a,False,6.62,6.74,6.62,6.74,,Whisper估计时间；原文词时间待MFA步骤
-UuX1xuaiiE$_$1,match,18,way,18,way,False,6.74,6.92,6.74,6.92,,Whisper估计时间；原文词时间待MFA步骤
-UuX1xuaiiE$_$1,match,19,that,19,that,False,6.92,7.2,6.92,7.2,,Whisper估计时间；原文词时间待MFA步骤
-UuX1xuaiiE$_$1,match,20,really,20,really,False,7.2,7.46,7.2,7.46,,Whisper估计时间；原文词时间待MFA步骤
-UuX1xuaiiE$_$1,match,21,wasn't,21,wasn't,False,7.46,7.78,7.46,7.78,,Whisper估计时间；原文词时间待MFA步骤
-UuX1xuaiiE$_$1,match,22,available,22,available,False,7.78,8.12,7.78,8.12,,Whisper估计时间；原文词时间待MFA步骤
-UuX1xuaiiE$_$1,match,23,before,23,before,False,8.12,8.62,8.12,8.62,,Whisper估计时间；原文词时间待MFA步骤
-UuX1xuaiiE$_$1,match,24,the,24,the,False,8.62,8.8,8.62,8.8,,Whisper估计时间；原文词时间待MFA步骤
-UuX1xuaiiE$_$1,match,25,center,25,center,False,8.8,9.04,8.8,9.04,,Whisper估计时间；原文词时间待MFA步骤
-UuX1xuaiiE$_$1,match,26,was,26,was,False,9.04,9.34,9.04,9.34,,Whisper估计时间；原文词时间待MFA步骤
-UuX1xuaiiE$_$1,match,27,here,27,here,False,9.34,9.7,9.34,9.7,,Whisper估计时间；原文词时间待MFA步骤
-UuX1xuaiiE$_$0,match,1,it's,1,It's,False,0.0,0.14,0.0,0.14,,Whisper估计时间；原文词时间待MFA步骤
-UuX1xuaiiE$_$0,match,2,amazing,2,amazing,False,0.14,0.54,0.14,0.54,,Whisper估计时间；原文词时间待MFA步骤
-UuX1xuaiiE$_$0,match,3,to,3,to,False,0.54,1.0,0.54,1.0,,Whisper估计时间；原文词时间待MFA步骤
-UuX1xuaiiE$_$0,match,4,see,4,see,False,1.0,1.24,1.0,1.24,,Whisper估计时间；原文词时间待MFA步骤
-UuX1xuaiiE$_$0,match,5,their,5,their,False,1.24,1.46,1.24,1.46,,Whisper估计时间；原文词时间待MFA步骤
-UuX1xuaiiE$_$0,match,6,enthusiasm,6,enthusiasm,False,1.46,2.0,1.46,2.0,,Whisper估计时间；原文词时间待MFA步骤
-UuX1xuaiiE$_$0,match,7,and,7,and,False,2.0,2.4,2.0,2.4,,Whisper估计时间；原文词时间待MFA步骤
-UuX1xuaiiE$_$0,match,8,their,8,their,False,2.4,2.52,2.4,2.52,,Whisper估计时间；原文词时间待MFA步骤
-UuX1xuaiiE$_$0,match,9,passion,9,passion,False,2.52,2.94,2.52,2.94,,Whisper估计时间；原文词时间待MFA步骤
-UuX1xuaiiE$_$3,match,1,My,1,My,False,0.0,0.64,0.0,0.64,,Whisper估计时间；原文词时间待MFA步骤
-UuX1xuaiiE$_$3,match,2,goal,2,goal,False,0.64,0.9,0.64,0.9,,Whisper估计时间；原文词时间待MFA步骤
-UuX1xuaiiE$_$3,match,3,is,3,is,False,0.9,1.32,0.9,1.32,,Whisper估计时间；原文词时间待MFA步骤
-UuX1xuaiiE$_$3,match,4,to,4,to,False,1.32,1.62,1.32,1.62,,Whisper估计时间；原文词时间待MFA步骤
-UuX1xuaiiE$_$3,match,5,become,5,become,False,1.62,2.0,1.62,2.0,,Whisper估计时间；原文词时间待MFA步骤
-UuX1xuaiiE$_$3,match,6,a,6,a,False,2.0,2.66,2.0,2.66,,Whisper估计时间；原文词时间待MFA步骤
-UuX1xuaiiE$_$3,match,7,human,7,human,False,2.66,2.82,2.66,2.82,,Whisper估计时间；原文词时间待MFA步骤
-UuX1xuaiiE$_$3,match,8,rights,8,rights,False,2.82,3.14,2.82,3.14,,Whisper估计时间；原文词时间待MFA步骤
-UuX1xuaiiE$_$3,match,9,lawyer,9,lawyer,False,3.14,3.52,3.14,3.52,,Whisper估计时间；原文词时间待MFA步骤
-UuX1xuaiiE$_$6,match,1,I,1,I,False,0.0,0.62,0.0,0.62,,Whisper估计时间；原文词时间待MFA步骤
-UuX1xuaiiE$_$6,match,2,ended,2,ended,False,0.62,0.76,0.62,0.76,,Whisper估计时间；原文词时间待MFA步骤
-UuX1xuaiiE$_$6,match,3,up,3,up,False,0.76,0.92,0.76,0.92,,Whisper估计时间；原文词时间待MFA步骤
-UuX1xuaiiE$_$6,match,4,going,4,going,False,0.92,1.06,0.92,1.06,,Whisper估计时间；原文词时间待MFA步骤
-UuX1xuaiiE$_$6,match,5,to,5,to,False,1.06,1.24,1.06,1.24,,Whisper估计时间；原文词时间待MFA步骤
-UuX1xuaiiE$_$6,match,6,work,6,work,False,1.24,1.4,1.24,1.4,,Whisper估计时间；原文词时间待MFA步骤
-UuX1xuaiiE$_$6,match,7,for,7,for,False,1.4,1.78,1.4,1.78,,Whisper估计时间；原文词时间待MFA步骤
-UuX1xuaiiE$_$6,match,8,the,8,the,False,1.78,1.94,1.78,1.94,,Whisper估计时间；原文词时间待MFA步骤
-UuX1xuaiiE$_$6,insertion_whisper,,,9,U,False,1.94,2.04,1.94,2.04,,Whisper估计时间；原文词时间待MFA步骤
-UuX1xuaiiE$_$6,substitution,9,US,10,S,False,2.04,2.2,2.04,2.2,,Whisper估计时间；原文词时间待MFA步骤
-UuX1xuaiiE$_$6,match,10,government,11,government,False,2.38,2.52,2.38,2.52,,Whisper估计时间；原文词时间待MFA步骤
-UuX1xuaiiE$_$6,match,11,as,12,as,False,2.52,2.92,2.52,2.92,,Whisper估计时间；原文词时间待MFA步骤
-UuX1xuaiiE$_$6,match,12,an,13,an,False,2.92,3.08,2.92,3.08,,Whisper估计时间；原文词时间待MFA步骤
-UuX1xuaiiE$_$6,match,13,intelligence,14,intelligence,False,3.08,3.4,3.08,3.4,,Whisper估计时间；原文词时间待MFA步骤
-UuX1xuaiiE$_$6,match,14,analyst,15,analyst,False,3.4,4.04,3.4,4.04,,Whisper估计时间；原文词时间待MFA步骤
-UuX1xuaiiE$_$6,match,15,specializing,16,specializing,False,4.6,5.44,4.6,5.44,,Whisper估计时间；原文词时间待MFA步骤
-UuX1xuaiiE$_$6,match,16,in,17,in,False,5.44,5.84,5.44,5.84,,Whisper估计时间；原文词时间待MFA步骤
-UuX1xuaiiE$_$6,match,17,war,18,war,False,5.84,6.06,5.84,6.06,,Whisper估计时间；原文词时间待MFA步骤
-UuX1xuaiiE$_$6,match,18,crimes,19,crimes,False,6.06,6.34,6.06,6.34,,Whisper估计时间；原文词时间待MFA步骤
-UuX1xuaiiE$_$6,match,19,and,20,and,False,6.34,6.5,6.34,6.5,,Whisper估计时间；原文词时间待MFA步骤
-UuX1xuaiiE$_$6,match,20,human,21,human,False,6.5,6.62,6.5,6.62,,Whisper估计时间；原文词时间待MFA步骤
-UuX1xuaiiE$_$6,match,21,rights,22,rights,False,6.62,6.86,6.62,6.86,,Whisper估计时间；原文词时间待MFA步骤
-UuX1xuaiiE$_$6,match,22,issues,23,issues,False,6.86,7.2,6.86,7.2,,Whisper估计时间；原文词时间待MFA步骤
-a55Q6RWvTA$_$3,match,1,And,1,And,False,0.0,0.84,0.0,0.84,,Whisper估计时间；原文词时间待MFA步骤
-a55Q6RWvTA$_$3,match,2,if,2,if,False,0.84,1.14,0.84,1.14,,Whisper估计时间；原文词时间待MFA步骤
-a55Q6RWvTA$_$3,match,3,you,3,you,False,1.14,1.34,1.14,1.34,,Whisper估计时间；原文词时间待MFA步骤
-a55Q6RWvTA$_$3,match,4,clip,4,clip,False,1.34,1.68,1.34,1.68,,Whisper估计时间；原文词时间待MFA步骤
-a55Q6RWvTA$_$3,match,5,coupons,5,coupons,False,1.68,2.22,1.68,2.22,,Whisper估计时间；原文词时间待MFA步骤
-a55Q6RWvTA$_$3,match,6,if,6,if,False,2.74,2.78,2.74,2.78,,Whisper估计时间；原文词时间待MFA步骤
-a55Q6RWvTA$_$3,match,7,you,7,you,False,2.78,2.92,2.78,2.92,,Whisper估计时间；原文词时间待MFA步骤
-a55Q6RWvTA$_$3,match,8,don't,8,don't,False,2.92,3.24,2.92,3.24,,Whisper估计时间；原文词时间待MFA步骤
-a55Q6RWvTA$_$3,match,9,go,9,go,False,3.24,3.44,3.24,3.44,,Whisper估计时间；原文词时间待MFA步骤
-a55Q6RWvTA$_$3,match,10,out,10,out,False,3.44,3.68,3.44,3.68,,Whisper估计时间；原文词时间待MFA步骤
-a55Q6RWvTA$_$3,match,11,for,11,for,False,3.68,3.88,3.68,3.88,,Whisper估计时间；原文词时间待MFA步骤
-a55Q6RWvTA$_$3,match,12,dinner,12,dinner,False,3.88,4.14,3.88,4.14,,Whisper估计时间；原文词时间待MFA步骤
-a55Q6RWvTA$_$3,match,13,and,13,and,False,4.14,4.54,4.14,4.54,,Whisper估计时间；原文词时间待MFA步骤
-a55Q6RWvTA$_$3,match,14,movies,14,movies,False,4.54,5.06,4.54,5.06,,Whisper估计时间；原文词时间待MFA步骤
-a55Q6RWvTA$_$3,match,15,and,15,and,False,5.06,5.32,5.06,5.32,,Whisper估计时间；原文词时间待MFA步骤
-a55Q6RWvTA$_$3,match,16,things,16,things,False,5.32,5.52,5.32,5.52,,Whisper估计时间；原文词时间待MFA步骤
-a55Q6RWvTA$_$3,match,17,of,17,of,False,5.52,5.66,5.52,5.66,,Whisper估计时间；原文词时间待MFA步骤
-a55Q6RWvTA$_$3,match,18,that,18,that,False,5.66,5.8,5.66,5.8,,Whisper估计时间；原文词时间待MFA步骤
-a55Q6RWvTA$_$3,match,19,nature,19,nature,False,5.8,6.26,5.8,6.26,,Whisper估计时间；原文词时间待MFA步骤
-a55Q6RWvTA$_$3,match,20,and,20,and,False,6.82,7.06,6.82,7.06,,Whisper估计时间；原文词时间待MFA步骤
-a55Q6RWvTA$_$3,match,21,try,21,try,False,7.06,7.32,7.06,7.32,,Whisper估计时间；原文词时间待MFA步骤
-a55Q6RWvTA$_$3,match,22,to,22,to,False,7.32,7.46,7.32,7.46,,Whisper估计时间；原文词时间待MFA步骤
-a55Q6RWvTA$_$3,match,23,take,23,take,False,7.46,7.64,7.46,7.64,,Whisper估计时间；原文词时间待MFA步骤
-a55Q6RWvTA$_$3,match,24,up,24,up,False,7.64,7.8,7.64,7.8,,Whisper估计时间；原文词时间待MFA步骤
-a55Q6RWvTA$_$3,match,25,things,25,things,False,7.8,8.18,7.8,8.18,,Whisper估计时间；原文词时间待MFA步骤
-a55Q6RWvTA$_$3,match,26,in,26,in,False,8.18,8.44,8.18,8.44,,Whisper估计时间；原文词时间待MFA步骤
-a55Q6RWvTA$_$3,match,27,life,27,life,False,8.44,8.76,8.44,8.76,,Whisper估计时间；原文词时间待MFA步骤
-a55Q6RWvTA$_$3,match,28,that,28,that,False,8.76,9.0,8.76,9.0,,Whisper估计时间；原文词时间待MFA步骤
-a55Q6RWvTA$_$3,match,29,well,29,well,False,9.06,9.28,9.06,9.28,,Whisper估计时间；原文词时间待MFA步骤
-a55Q6RWvTA$_$3,match,30,they,30,they,False,9.5,9.58,9.5,9.58,,Whisper估计时间；原文词时间待MFA步骤
-a55Q6RWvTA$_$3,match,31,always,31,always,False,9.58,9.86,9.58,9.86,,Whisper估计时间；原文词时间待MFA步骤
-a55Q6RWvTA$_$3,match,32,say,32,say,False,9.86,10.14,9.86,10.14,,Whisper估计时间；原文词时间待MFA步骤
-a55Q6RWvTA$_$3,match,33,the,33,the,False,10.22,10.32,10.22,10.32,,Whisper估计时间；原文词时间待MFA步骤
-a55Q6RWvTA$_$3,match,34,best,34,best,False,10.32,10.5,10.32,10.5,,Whisper估计时间；原文词时间待MFA步骤
-a55Q6RWvTA$_$3,match,35,things,35,things,False,10.5,10.72,10.5,10.72,,Whisper估计时间；原文词时间待MFA步骤
-a55Q6RWvTA$_$3,match,36,in,36,in,False,10.72,10.9,10.72,10.9,,Whisper估计时间；原文词时间待MFA步骤
-a55Q6RWvTA$_$3,match,37,life,37,life,False,10.9,11.12,10.9,11.12,,Whisper估计时间；原文词时间待MFA步骤
-a55Q6RWvTA$_$3,match,38,are,38,are,False,11.12,11.32,11.12,11.32,,Whisper估计时间；原文词时间待MFA步骤
-a55Q6RWvTA$_$3,match,39,free,39,free,False,11.32,11.7,11.32,11.7,,Whisper估计时间；原文词时间待MFA步骤
-a55Q6RWvTA$_$3,match,40,Reading,40,Reading,False,12.42,12.62,12.42,12.62,,Whisper估计时间；原文词时间待MFA步骤
-a55Q6RWvTA$_$3,match,41,a,41,a,False,12.62,12.86,12.62,12.86,,Whisper估计时间；原文词时间待MFA步骤
-a55Q6RWvTA$_$3,match,42,book,42,book,False,12.86,13.18,12.86,13.18,,Whisper估计时间；原文词时间待MFA步骤
-a55Q6RWvTA$_$3,match,43,going,43,going,False,13.8,14.54,13.8,14.54,,Whisper估计时间；原文词时间待MFA步骤
-a55Q6RWvTA$_$3,match,44,for,44,for,False,14.54,14.76,14.54,14.76,,Whisper估计时间；原文词时间待MFA步骤
-a55Q6RWvTA$_$3,match,45,a,45,a,False,14.76,14.86,14.76,14.86,,Whisper估计时间；原文词时间待MFA步骤
-a55Q6RWvTA$_$3,match,46,nice,46,nice,False,14.86,15.04,14.86,15.04,,Whisper估计时间；原文词时间待MFA步骤
-a55Q6RWvTA$_$3,match,47,walk,47,walk,False,15.04,15.46,15.04,15.46,,Whisper估计时间；原文词时间待MFA步骤
-a55Q6RWvTA$_$3,match,48,and,48,and,False,15.54,15.62,15.54,15.62,,Whisper估计时间；原文词时间待MFA步骤
-a55Q6RWvTA$_$3,match,49,of,49,of,False,15.62,15.68,15.62,15.68,,Whisper估计时间；原文词时间待MFA步骤
-a55Q6RWvTA$_$3,match,50,course,50,course,False,15.68,15.84,15.68,15.84,,Whisper估计时间；原文词时间待MFA步骤
-a55Q6RWvTA$_$3,match,51,combining,51,combining,False,15.84,16.36,15.84,16.36,,Whisper估计时间；原文词时间待MFA步骤
-a55Q6RWvTA$_$3,match,52,exercise,52,exercise,False,16.36,17.02,16.36,17.02,,Whisper估计时间；原文词时间待MFA步骤
-a55Q6RWvTA$_$3,match,53,and,53,and,False,17.02,17.3,17.02,17.3,,Whisper估计时间；原文词时间待MFA步骤
-a55Q6RWvTA$_$3,match,54,various,54,various,False,17.3,17.54,17.3,17.54,,Whisper估计时间；原文词时间待MFA步骤
-a55Q6RWvTA$_$3,match,55,things,55,things,False,17.54,17.82,17.54,17.82,,Whisper估计时间；原文词时间待MFA步骤
-a55Q6RWvTA$_$3,match,56,of,56,of,False,17.82,17.98,17.82,17.98,,Whisper估计时间；原文词时间待MFA步骤
-a55Q6RWvTA$_$3,match,57,that,57,that,False,17.98,18.06,17.98,18.06,,Whisper估计时间；原文词时间待MFA步骤
-a55Q6RWvTA$_$3,match,58,nature,58,nature,False,18.06,18.5,18.06,18.5,,Whisper估计时间；原文词时间待MFA步骤
-a55Q6RWvTA$_$3,match,59,where,59,where,False,18.88,19.06,18.88,19.06,,Whisper估计时间；原文词时间待MFA步骤
-a55Q6RWvTA$_$3,match,60,you're,60,you're,False,19.06,19.22,19.06,19.22,,Whisper估计时间；原文词时间待MFA步骤
-a55Q6RWvTA$_$3,match,61,not,61,not,False,19.22,19.4,19.22,19.4,,Whisper估计时间；原文词时间待MFA步骤
-a55Q6RWvTA$_$3,match,62,spending,62,spending,False,19.4,19.9,19.4,19.9,,Whisper估计时间；原文词时间待MFA步骤
-a55Q6RWvTA$_$3,match,63,money,63,money,False,19.9,20.58,19.9,20.58,,Whisper估计时间；原文词时间待MFA步骤
-a55Q6RWvTA$_$3,match,64,per,64,per,False,20.58,21.06,20.58,21.06,,Whisper估计时间；原文词时间待MFA步骤
-a55Q6RWvTA$_$3,match,65,se,65,se,False,21.06,21.46,21.06,21.46,,Whisper估计时间；原文词时间待MFA步骤
-aNfi7CP8vM$_$7,match,1,Maybe,1,Maybe,False,0.0,0.68,0.0,0.68,,Whisper估计时间；原文词时间待MFA步骤
-aNfi7CP8vM$_$7,match,2,they,2,they,False,0.68,0.9,0.68,0.9,,Whisper估计时间；原文词时间待MFA步骤
-aNfi7CP8vM$_$7,match,3,have,3,have,False,0.9,1.04,0.9,1.04,,Whisper估计时间；原文词时间待MFA步骤
-aNfi7CP8vM$_$7,match,4,no,4,no,False,1.04,2.06,1.04,2.06,,Whisper估计时间；原文词时间待MFA步骤
-aNfi7CP8vM$_$7,match,5,political,5,political,False,2.06,2.44,2.06,2.44,,Whisper估计时间；原文词时间待MFA步骤
-aNfi7CP8vM$_$7,match,6,party,6,party,False,2.44,2.92,2.44,2.92,,Whisper估计时间；原文词时间待MFA步骤
-aNfi7CP8vM$_$7,match,7,affiliation,7,affiliation,False,2.92,3.56,2.92,3.56,,Whisper估计时间；原文词时间待MFA步骤
-aNfi7CP8vM$_$7,match,8,they're,8,they're,False,4.22,4.42,4.22,4.42,,Whisper估计时间；原文词时间待MFA步骤
-aNfi7CP8vM$_$7,match,9,not,9,not,False,4.42,4.62,4.42,4.62,,Whisper估计时间；原文词时间待MFA步骤
-aNfi7CP8vM$_$7,match,10,interested,10,interested,False,4.62,5.0,4.62,5.0,,Whisper估计时间；原文词时间待MFA步骤
-aNfi7CP8vM$_$7,match,11,in,11,in,False,5.0,5.34,5.0,5.34,,Whisper估计时间；原文词时间待MFA步骤
-aNfi7CP8vM$_$7,match,12,politics,12,politics,False,5.34,5.64,5.34,5.64,,Whisper估计时间；原文词时间待MFA步骤
-aNfi7CP8vM$_$7,match,13,they,13,they,False,6.0,6.12,6.0,6.12,,Whisper估计时间；原文词时间待MFA步骤
-aNfi7CP8vM$_$7,match,14,could,14,could,False,6.12,6.28,6.12,6.28,,Whisper估计时间；原文词时间待MFA步骤
-aNfi7CP8vM$_$7,match,15,care,15,care,False,6.28,6.48,6.28,6.48,,Whisper估计时间；原文词时间待MFA步骤
-aNfi7CP8vM$_$7,match,16,less,16,less,False,6.48,6.76,6.48,6.76,,Whisper估计时间；原文词时间待MFA步骤
-aNfi7CP8vM$_$7,match,17,about,17,about,False,6.76,7.08,6.76,7.08,,Whisper估计时间；原文词时间待MFA步骤
-aNfi7CP8vM$_$7,match,18,politics,18,politics,False,7.08,7.72,7.08,7.72,,Whisper估计时间；原文词时间待MFA步骤
-aqamKhZ1Ec$_$0,match,1,In,1,In,False,0.0,0.36,0.0,0.36,,Whisper估计时间；原文词时间待MFA步骤
-aqamKhZ1Ec$_$0,match,2,2008,2,2008,False,0.36,1.42,0.36,1.42,,Whisper估计时间；原文词时间待MFA步骤
-aqamKhZ1Ec$_$0,match,3,there,3,there,False,1.92,3.0,1.92,3.0,,Whisper估计时间；原文词时间待MFA步骤
-aqamKhZ1Ec$_$0,match,4,were,4,were,False,3.0,3.14,3.0,3.14,,Whisper估计时间；原文词时间待MFA步骤
-aqamKhZ1Ec$_$0,match,5,very,5,very,False,3.14,3.5,3.14,3.5,,Whisper估计时间；原文词时间待MFA步骤
-aqamKhZ1Ec$_$0,match,6,serious,6,serious,False,3.5,4.06,3.5,4.06,,Whisper估计时间；原文词时间待MFA步骤
-aqamKhZ1Ec$_$0,match,7,tribal,7,tribal,False,4.06,4.48,4.06,4.48,,Whisper估计时间；原文词时间待MFA步骤
-aqamKhZ1Ec$_$0,match,8,warfare,8,warfare,False,4.48,5.14,4.48,5.14,,Whisper估计时间；原文词时间待MFA步骤
-aqamKhZ1Ec$_$0,match,9,in,9,in,False,5.14,5.6,5.14,5.6,,Whisper估计时间；原文词时间待MFA步骤
-aqamKhZ1Ec$_$0,match,10,Kenya,10,Kenya,False,5.6,6.3,5.6,6.3,,Whisper估计时间；原文词时间待MFA步骤
-aqamKhZ1Ec$_$0,insertion_whisper,,,11,and,False,6.3,7.18,6.3,7.18,,Whisper估计时间；原文词时间待MFA步骤
-aqamKhZ1Ec$_$0,insertion_whisper,,,12,even,False,7.18,7.84,7.18,7.84,,Whisper估计时间；原文词时间待MFA步骤
-aqamKhZ1Ec$_$0,match,11,following,13,following,False,7.84,9.16,7.84,9.16,,Whisper估计时间；原文词时间待MFA步骤
-aqamKhZ1Ec$_$0,match,12,a,14,a,False,9.16,9.48,9.16,9.48,,Whisper估计时间；原文词时间待MFA步骤
-aqamKhZ1Ec$_$0,match,13,disputed,15,disputed,False,9.48,9.82,9.48,9.82,,Whisper估计时间；原文词时间待MFA步骤
-aqamKhZ1Ec$_$0,match,14,election,16,election,False,9.82,10.38,9.82,10.38,,Whisper估计时间；原文词时间待MFA步骤
-dxfTGcXJoc$_$1,match,1,For,1,For,False,0.0,0.6,0.0,0.6,,Whisper估计时间；原文词时间待MFA步骤
-dxfTGcXJoc$_$1,match,2,the,2,the,False,0.6,0.76,0.6,0.76,,Whisper估计时间；原文词时间待MFA步骤
-dxfTGcXJoc$_$1,substitution,3,10th,3,tenth,True,0.76,0.98,0.76,0.98,,Whisper估计时间；原文词时间待MFA步骤
-dxfTGcXJoc$_$1,match,4,straight,4,straight,False,0.98,1.36,0.98,1.36,,Whisper估计时间；原文词时间待MFA步骤
-dxfTGcXJoc$_$1,match,5,year,5,year,False,1.36,1.84,1.36,1.84,,Whisper估计时间；原文词时间待MFA步骤
-dxfTGcXJoc$_$1,match,6,some,6,some,False,2.28,2.52,2.28,2.52,,Whisper估计时间；原文词时间待MFA步骤
-dxfTGcXJoc$_$1,match,7,of,7,of,False,2.52,2.72,2.52,2.72,,Whisper估计时间；原文词时间待MFA步骤
-dxfTGcXJoc$_$1,match,8,Kentucky's,8,Kentucky's,False,2.72,3.28,2.72,3.28,,Whisper估计时间；原文词时间待MFA步骤
-dxfTGcXJoc$_$1,match,9,best,9,best,False,3.28,3.64,3.28,3.64,,Whisper估计时间；原文词时间待MFA步骤
-dxfTGcXJoc$_$1,match,10,and,10,and,False,3.64,4.0,3.64,4.0,,Whisper估计时间；原文词时间待MFA步骤
-dxfTGcXJoc$_$1,match,11,most,11,most,False,4.0,4.26,4.0,4.26,,Whisper估计时间；原文词时间待MFA步骤
-dxfTGcXJoc$_$1,match,12,innovative,12,innovative,False,4.26,4.86,4.26,4.86,,Whisper估计时间；原文词时间待MFA步骤
-dxfTGcXJoc$_$1,match,13,biotech,13,biotech,False,4.86,5.28,4.86,5.28,,Whisper估计时间；原文词时间待MFA步骤
-dxfTGcXJoc$_$1,match,14,companies,14,companies,False,5.28,5.9,5.28,5.9,,Whisper估计时间；原文词时间待MFA步骤
-dxfTGcXJoc$_$1,match,15,and,15,and,False,5.9,6.16,5.9,6.16,,Whisper估计时间；原文词时间待MFA步骤
-dxfTGcXJoc$_$1,match,16,technologies,16,technologies,False,6.16,6.84,6.16,6.84,,Whisper估计时间；原文词时间待MFA步骤
-dxfTGcXJoc$_$1,match,17,were,17,were,False,6.84,7.46,6.84,7.46,,Whisper估计时间；原文词时间待MFA步骤
-dxfTGcXJoc$_$1,match,18,on,18,on,False,7.46,7.76,7.46,7.76,,Whisper估计时间；原文词时间待MFA步骤
-dxfTGcXJoc$_$1,match,19,display,19,display,False,7.76,8.32,7.76,8.32,,Whisper估计时间；原文词时间待MFA步骤
-dxfTGcXJoc$_$1,match,20,at,20,at,False,8.32,8.74,8.32,8.74,,Whisper估计时间；原文词时间待MFA步骤
-dxfTGcXJoc$_$1,match,21,the,21,the,False,8.74,8.94,8.74,8.94,,Whisper估计时间；原文词时间待MFA步骤
-dxfTGcXJoc$_$1,match,22,annual,22,annual,False,8.94,9.4,8.94,9.4,,Whisper估计时间；原文词时间待MFA步骤
-dxfTGcXJoc$_$1,match,23,BIO,23,Bio,False,9.4,9.92,9.4,9.92,,Whisper估计时间；原文词时间待MFA步骤
-dxfTGcXJoc$_$1,match,24,International,24,International,False,9.92,10.62,9.92,10.62,,Whisper估计时间；原文词时间待MFA步骤
-dxfTGcXJoc$_$1,match,25,Convention,25,Convention,False,10.62,11.14,10.62,11.14,,Whisper估计时间；原文词时间待MFA步骤
-dxfTGcXJoc$_$1,match,26,which,26,which,False,11.74,12.04,11.74,12.04,,Whisper估计时间；原文词时间待MFA步骤
-dxfTGcXJoc$_$1,match,27,I,27,I,False,12.04,12.44,12.04,12.44,,Whisper估计时间；原文词时间待MFA步骤
-dxfTGcXJoc$_$1,match,28,and,28,and,False,12.44,12.66,12.44,12.66,,Whisper估计时间；原文词时间待MFA步骤
-dxfTGcXJoc$_$1,match,29,other,29,other,False,12.66,12.94,12.66,12.94,,Whisper估计时间；原文词时间待MFA步骤
-dxfTGcXJoc$_$1,match,30,state,30,state,False,12.94,13.18,12.94,13.18,,Whisper估计时间；原文词时间待MFA步骤
-dxfTGcXJoc$_$1,match,31,officials,31,officials,False,13.18,13.58,13.18,13.58,,Whisper估计时间；原文词时间待MFA步骤
-dxfTGcXJoc$_$1,match,32,attended,32,attended,False,13.58,14.02,13.58,14.02,,Whisper估计时间；原文词时间待MFA步骤
-dxfTGcXJoc$_$1,match,33,this,33,this,False,14.02,14.32,14.02,14.32,,Whisper估计时间；原文词时间待MFA步骤
-dxfTGcXJoc$_$1,match,34,week,34,week,False,14.32,14.6,14.32,14.6,,Whisper估计时间；原文词时间待MFA步骤
-dxfTGcXJoc$_$1,match,35,in,35,in,False,14.6,14.94,14.6,14.94,,Whisper估计时间；原文词时间待MFA步骤
-dxfTGcXJoc$_$1,match,36,Chicago,36,Chicago,False,14.94,15.28,14.94,15.28,,Whisper估计时间；原文词时间待MFA步骤
-dxfTGcXJoc$_$0,match,1,This,1,This,False,0.0,0.68,0.0,0.68,,Whisper估计时间；原文词时间待MFA步骤
-dxfTGcXJoc$_$0,match,2,is,2,is,False,0.68,0.9,0.68,0.9,,Whisper估计时间；原文词时间待MFA步骤
-dxfTGcXJoc$_$0,match,3,Governor,3,Governor,False,0.9,1.14,0.9,1.14,,Whisper估计时间；原文词时间待MFA步骤
-dxfTGcXJoc$_$0,match,4,Steve,4,Steve,False,1.14,1.52,1.14,1.52,,Whisper估计时间；原文词时间待MFA步骤
-dxfTGcXJoc$_$0,match,5,Beshear,5,Beshear,False,1.52,2.08,1.52,2.08,,Whisper估计时间；原文词时间待MFA步骤
-dxfTGcXJoc$_$0,match,6,About,6,About,False,2.56,2.82,2.56,2.82,,Whisper估计时间；原文词时间待MFA步骤
-dxfTGcXJoc$_$0,match,7,Kentucky,7,Kentucky,False,2.82,3.4,2.82,3.4,,Whisper估计时间；原文词时间待MFA步骤
-dxfTGcXJoc$_$0,match,8,Our,8,Our,False,4.36,4.54,4.36,4.54,,Whisper估计时间；原文词时间待MFA步骤
-dxfTGcXJoc$_$0,match,9,state,9,state,False,4.54,4.84,4.54,4.84,,Whisper估计时间；原文词时间待MFA步骤
-dxfTGcXJoc$_$0,match,10,is,10,is,False,4.84,5.08,4.84,5.08,,Whisper估计时间；原文词时间待MFA步骤
-dxfTGcXJoc$_$0,match,11,home,11,home,False,5.08,5.36,5.08,5.36,,Whisper估计时间；原文词时间待MFA步骤
-dxfTGcXJoc$_$0,match,12,to,12,to,False,5.36,5.64,5.36,5.64,,Whisper估计时间；原文词时间待MFA步骤
-dxfTGcXJoc$_$0,match,13,more,13,more,False,5.64,5.84,5.64,5.84,,Whisper估计时间；原文词时间待MFA步骤
-dxfTGcXJoc$_$0,match,14,than,14,than,False,5.84,6.1,5.84,6.1,,Whisper估计时间；原文词时间待MFA步骤
-dxfTGcXJoc$_$0,match,15,1,15,1,False,6.1,6.32,6.1,6.32,,Whisper估计时间；原文词时间待MFA步骤
-dxfTGcXJoc$_$0,match,16,500,16,500,False,6.32,6.8,6.32,6.8,,Whisper估计时间；原文词时间待MFA步骤
-dxfTGcXJoc$_$0,match,17,bioscience,17,bioscience,False,6.8,8.02,6.8,8.02,,Whisper估计时间；原文词时间待MFA步骤
-dxfTGcXJoc$_$0,match,18,and,18,and,False,8.02,8.34,8.02,8.34,,Whisper估计时间；原文词时间待MFA步骤
-dxfTGcXJoc$_$0,insertion_whisper,,,19,life,False,8.34,8.64,8.34,8.64,,Whisper估计时间；原文词时间待MFA步骤
-dxfTGcXJoc$_$0,substitution,19,lifescience,20,science,False,8.64,9.02,8.64,9.02,,Whisper估计时间；原文词时间待MFA步骤
-dxfTGcXJoc$_$0,match,20,companies,21,companies,False,9.02,9.4,9.02,9.4,,Whisper估计时间；原文词时间待MFA步骤
-dxfTGcXJoc$_$0,match,21,and,22,and,False,10.0,10.16,10.0,10.16,,Whisper估计时间；原文词时间待MFA步骤
-dxfTGcXJoc$_$0,match,22,more,23,more,False,10.16,10.34,10.16,10.34,,Whisper估计时间；原文词时间待MFA步骤
-dxfTGcXJoc$_$0,match,23,than,24,than,False,10.34,10.54,10.34,10.54,,Whisper估计时间；原文词时间待MFA步骤
-dxfTGcXJoc$_$0,match,24,100,25,100,False,10.54,10.98,10.54,10.98,,Whisper估计时间；原文词时间待MFA步骤
-dxfTGcXJoc$_$0,match,25,000,26,000,False,10.98,11.46,10.98,11.46,,Whisper估计时间；原文词时间待MFA步骤
-dxfTGcXJoc$_$0,match,26,people,27,people,False,11.46,11.82,11.46,11.82,,Whisper估计时间；原文词时间待MFA步骤
-dxfTGcXJoc$_$0,match,27,who,28,who,False,11.82,12.18,11.82,12.18,,Whisper估计时间；原文词时间待MFA步骤
-dxfTGcXJoc$_$0,match,28,work,29,work,False,12.18,12.38,12.18,12.38,,Whisper估计时间；原文词时间待MFA步骤
-dxfTGcXJoc$_$0,match,29,for,30,for,False,12.38,12.58,12.38,12.58,,Whisper估计时间；原文词时间待MFA步骤
-dxfTGcXJoc$_$0,match,30,these,31,these,False,12.58,12.78,12.58,12.78,,Whisper估计时间；原文词时间待MFA步骤
-dxfTGcXJoc$_$0,match,31,firms,32,firms,False,12.78,13.08,12.78,13.08,,Whisper估计时间；原文词时间待MFA步骤
-dxfTGcXJoc$_$0,match,32,in,33,in,False,13.8,14.02,13.8,14.02,,Whisper估计时间；原文词时间待MFA步骤
-dxfTGcXJoc$_$0,match,33,areas,34,areas,False,14.02,14.44,14.02,14.44,,Whisper估计时间；原文词时间待MFA步骤
-dxfTGcXJoc$_$0,match,34,from,35,from,False,14.44,14.9,14.44,14.9,,Whisper估计时间；原文词时间待MFA步骤
-dxfTGcXJoc$_$0,match,35,nutrigenomics,36,nutrigenomics,False,14.9,16.0,14.9,16.0,,Whisper估计时间；原文词时间待MFA步骤
-dxfTGcXJoc$_$0,match,36,and,37,and,False,16.0,16.36,16.0,16.36,,Whisper估计时间；原文词时间待MFA步骤
-dxfTGcXJoc$_$0,match,37,pharmaceuticals,38,pharmaceuticals,False,16.36,17.46,16.36,17.46,,Whisper估计时间；原文词时间待MFA步骤
-dxfTGcXJoc$_$0,match,38,to,39,to,False,17.46,17.74,17.46,17.74,,Whisper估计时间；原文词时间待MFA步骤
-dxfTGcXJoc$_$0,match,39,nanotechnology,40,nanotechnology,False,17.74,18.52,17.74,18.52,,Whisper估计时间；原文词时间待MFA步骤
-dxfTGcXJoc$_$0,match,40,and,41,and,False,18.52,18.9,18.52,18.9,,Whisper估计时间；原文词时间待MFA步骤
-dxfTGcXJoc$_$0,match,41,medical,42,medical,False,18.9,19.2,18.9,19.2,,Whisper估计时间；原文词时间待MFA步骤
-dxfTGcXJoc$_$0,match,42,devices,43,devices,False,19.2,19.7,19.2,19.7,,Whisper估计时间；原文词时间待MFA步骤
-dxfTGcXJoc$_$0,insertion_whisper,,,44,For,False,19.7,20.02,19.7,20.02,,Whisper估计时间；原文词时间待MFA步骤
-dxfTGcXJoc$_$0,insertion_whisper,,,45,more,False,20.02,20.02,20.02,20.02,nonpositive_duration,Whisper估计时间；原文词时间待MFA步骤
-dxfTGcXJoc$_$0,insertion_whisper,,,46,information,False,20.02,20.02,20.02,20.02,nonpositive_duration,Whisper估计时间；原文词时间待MFA步骤
-dxfTGcXJoc$_$0,insertion_whisper,,,47,visit,False,20.02,20.34,20.02,20.34,,Whisper估计时间；原文词时间待MFA步骤
-dxfTGcXJoc$_$0,insertion_whisper,,,48,www,False,20.34,20.34,20.34,20.34,nonpositive_duration,Whisper估计时间；原文词时间待MFA步骤
-dxfTGcXJoc$_$0,insertion_whisper,,,49,fema,False,20.34,20.34,20.34,20.34,nonpositive_duration,Whisper估计时间；原文词时间待MFA步骤
-dxfTGcXJoc$_$0,insertion_whisper,,,50,gov,False,20.34,20.38,20.34,20.38,,Whisper估计时间；原文词时间待MFA步骤
-dxfTGcXJoc$_$2,match,1,An,1,An,False,0.0,0.62,0.0,0.62,,Whisper估计时间；原文词时间待MFA步骤
-dxfTGcXJoc$_$2,match,2,estimated,2,estimated,False,0.62,1.16,0.62,1.16,,Whisper估计时间；原文词时间待MFA步骤
-dxfTGcXJoc$_$2,match,3,20,3,20,False,1.16,1.64,1.16,1.64,,Whisper估计时间；原文词时间待MFA步骤
-dxfTGcXJoc$_$2,match,4,000,4,000,False,1.64,2.28,1.64,2.28,,Whisper估计时间；原文词时间待MFA步骤
-dxfTGcXJoc$_$2,match,5,biotech,5,biotech,False,2.28,2.82,2.28,2.82,,Whisper估计时间；原文词时间待MFA步骤
-dxfTGcXJoc$_$2,match,6,scientists,6,scientists,False,2.82,3.52,2.82,3.52,,Whisper估计时间；原文词时间待MFA步骤
-dxfTGcXJoc$_$2,match,7,executives,7,executives,False,3.9,4.28,3.9,4.28,,Whisper估计时间；原文词时间待MFA步骤
-dxfTGcXJoc$_$2,match,8,and,8,and,False,4.82,4.88,4.82,4.88,,Whisper估计时间；原文词时间待MFA步骤
-dxfTGcXJoc$_$2,match,9,industry,9,industry,False,4.88,5.42,4.88,5.42,,Whisper估计时间；原文词时间待MFA步骤
-dxfTGcXJoc$_$2,match,10,experts,10,experts,False,5.42,5.92,5.42,5.92,,Whisper估计时间；原文词时间待MFA步骤
-dxfTGcXJoc$_$2,match,11,from,11,from,False,5.92,6.54,5.92,6.54,,Whisper估计时间；原文词时间待MFA步骤
-dxfTGcXJoc$_$2,match,12,more,12,more,False,6.54,6.74,6.54,6.74,,Whisper估计时间；原文词时间待MFA步骤
-dxfTGcXJoc$_$2,match,13,than,13,than,False,6.74,6.94,6.74,6.94,,Whisper估计时间；原文词时间待MFA步骤
-dxfTGcXJoc$_$2,match,14,50,14,50,False,6.94,7.22,6.94,7.22,,Whisper估计时间；原文词时间待MFA步骤
-dxfTGcXJoc$_$2,match,15,nations,15,nations,False,7.22,7.7,7.22,7.7,,Whisper估计时间；原文词时间待MFA步骤
-dxfTGcXJoc$_$2,match,16,were,16,were,False,7.7,8.2,7.7,8.2,,Whisper估计时间；原文词时间待MFA步骤
-dxfTGcXJoc$_$2,match,17,at,17,at,False,8.2,8.48,8.2,8.48,,Whisper估计时间；原文词时间待MFA步骤
-dxfTGcXJoc$_$2,match,18,the,18,the,False,8.48,8.66,8.48,8.66,,Whisper估计时间；原文词时间待MFA步骤
-dxfTGcXJoc$_$2,match,19,BIO,19,bio,False,8.66,8.9,8.66,8.9,,Whisper估计时间；原文词时间待MFA步骤
-dxfTGcXJoc$_$2,match,20,conference,20,conference,False,8.9,9.4,8.9,9.4,,Whisper估计时间；原文词时间待MFA步骤
-dxfTGcXJoc$_$2,match,21,to,21,to,False,9.4,9.74,9.4,9.74,,Whisper估计时间；原文词时间待MFA步骤
-dxfTGcXJoc$_$2,match,22,learn,22,learn,False,9.74,10.0,9.74,10.0,,Whisper估计时间；原文词时间待MFA步骤
-dxfTGcXJoc$_$2,match,23,about,23,about,False,10.0,10.38,10.0,10.38,,Whisper估计时间；原文词时间待MFA步骤
-dxfTGcXJoc$_$2,match,24,the,24,the,False,10.38,10.56,10.38,10.56,,Whisper估计时间；原文词时间待MFA步骤
-dxfTGcXJoc$_$2,match,25,latest,25,latest,False,10.56,10.84,10.56,10.84,,Whisper估计时间；原文词时间待MFA步骤
-dxfTGcXJoc$_$2,match,26,scientific,26,scientific,False,10.84,11.38,10.84,11.38,,Whisper估计时间；原文词时间待MFA步骤
-dxfTGcXJoc$_$2,match,27,advances,27,advances,False,11.38,11.98,11.38,11.98,,Whisper估计时间；原文词时间待MFA步骤
-dxfTGcXJoc$_$2,match,28,and,28,and,False,11.98,12.64,11.98,12.64,,Whisper估计时间；原文词时间待MFA步骤
-dxfTGcXJoc$_$2,match,29,to,29,to,False,12.64,12.76,12.64,12.76,,Whisper估计时间；原文词时间待MFA步骤
-dxfTGcXJoc$_$2,match,30,exchange,30,exchange,False,12.76,13.26,12.76,13.26,,Whisper估计时间；原文词时间待MFA步骤
-dxfTGcXJoc$_$2,match,31,ideas,31,ideas,False,13.26,13.78,13.26,13.78,,Whisper估计时间；原文词时间待MFA步骤
-dxfTGcXJoc$_$2,match,32,and,32,and,False,13.78,14.3,13.78,14.3,,Whisper估计时间；原文词时间待MFA步骤
-dxfTGcXJoc$_$2,match,33,establish,33,establish,False,14.3,14.7,14.3,14.7,,Whisper估计时间；原文词时间待MFA步骤
-dxfTGcXJoc$_$2,match,34,business,34,business,False,14.7,15.18,14.7,15.18,,Whisper估计时间；原文词时间待MFA步骤
-dxfTGcXJoc$_$2,match,35,relationships,35,relationships,False,15.18,15.84,15.18,15.84,,Whisper估计时间；原文词时间待MFA步骤
-dxfTGcXJoc$_$6,match,1,Kentucky's,1,Kentucky's,False,0.0,0.94,0.0,0.94,,Whisper估计时间；原文词时间待MFA步骤
-dxfTGcXJoc$_$6,match,2,participation,2,participation,False,0.94,1.54,0.94,1.54,,Whisper估计时间；原文词时间待MFA步骤
-dxfTGcXJoc$_$6,match,3,at,3,at,False,1.54,1.98,1.54,1.98,,Whisper估计时间；原文词时间待MFA步骤
-dxfTGcXJoc$_$6,match,4,the,4,the,False,1.98,2.16,1.98,2.16,,Whisper估计时间；原文词时间待MFA步骤
-dxfTGcXJoc$_$6,match,5,annual,5,annual,False,2.16,2.62,2.16,2.62,,Whisper估计时间；原文词时间待MFA步骤
-dxfTGcXJoc$_$6,match,6,BIO,6,Bio,False,2.62,2.98,2.62,2.98,,Whisper估计时间；原文词时间待MFA步骤
-dxfTGcXJoc$_$6,match,7,International,7,International,False,2.98,3.6,2.98,3.6,,Whisper估计时间；原文词时间待MFA步骤
-dxfTGcXJoc$_$6,match,8,Convention,8,Convention,False,3.6,4.08,3.6,4.08,,Whisper估计时间；原文词时间待MFA步骤
-dxfTGcXJoc$_$6,match,9,is,9,is,False,4.08,4.9,4.08,4.9,,Whisper估计时间；原文词时间待MFA步骤
-dxfTGcXJoc$_$6,match,10,the,10,the,False,4.9,5.14,4.9,5.14,,Whisper估计时间；原文词时间待MFA步骤
-dxfTGcXJoc$_$6,match,11,primary,11,primary,False,5.14,5.56,5.14,5.56,,Whisper估计时间；原文词时间待MFA步骤
-dxfTGcXJoc$_$6,match,12,means,12,means,False,5.56,6.1,5.56,6.1,,Whisper估计时间；原文词时间待MFA步骤
-dxfTGcXJoc$_$6,match,13,by,13,by,False,6.1,6.4,6.1,6.4,,Whisper估计时间；原文词时间待MFA步骤
-dxfTGcXJoc$_$6,match,14,which,14,which,False,6.4,6.72,6.4,6.72,,Whisper估计时间；原文词时间待MFA步骤
-dxfTGcXJoc$_$6,match,15,our,15,our,False,6.72,7.12,6.72,7.12,,Whisper估计时间；原文词时间待MFA步骤
-dxfTGcXJoc$_$6,match,16,high,16,high,False,7.12,7.38,7.12,7.38,,Whisper估计时间；原文词时间待MFA步骤
-dxfTGcXJoc$_$6,match,17,tech,17,tech,False,7.38,7.62,7.38,7.62,,Whisper估计时间；原文词时间待MFA步骤
-dxfTGcXJoc$_$6,match,18,companies,18,companies,False,7.62,8.1,7.62,8.1,,Whisper估计时间；原文词时间待MFA步骤
-dxfTGcXJoc$_$6,match,19,and,19,and,False,8.1,8.36,8.1,8.36,,Whisper估计时间；原文词时间待MFA步骤
-dxfTGcXJoc$_$6,match,20,institutions,20,institutions,False,8.36,8.9,8.36,8.9,,Whisper估计时间；原文词时间待MFA步骤
-dxfTGcXJoc$_$6,match,21,can,21,can,False,8.9,9.52,8.9,9.52,,Whisper估计时间；原文词时间待MFA步骤
-dxfTGcXJoc$_$6,match,22,reach,22,reach,False,9.52,9.8,9.52,9.8,,Whisper估计时间；原文词时间待MFA步骤
-dxfTGcXJoc$_$6,match,23,out,23,out,False,9.8,10.12,9.8,10.12,,Whisper估计时间；原文词时间待MFA步骤
-dxfTGcXJoc$_$6,match,24,to,24,to,False,10.12,10.38,10.12,10.38,,Whisper估计时间；原文词时间待MFA步骤
-dxfTGcXJoc$_$6,match,25,the,25,the,False,10.38,10.52,10.38,10.52,,Whisper估计时间；原文词时间待MFA步骤
-dxfTGcXJoc$_$6,match,26,global,26,global,False,10.52,10.82,10.52,10.82,,Whisper估计时间；原文词时间待MFA步骤
-dxfTGcXJoc$_$6,match,27,scientific,27,scientific,False,10.82,11.4,10.82,11.4,,Whisper估计时间；原文词时间待MFA步骤
-dxfTGcXJoc$_$6,match,28,community,28,community,False,11.4,11.9,11.4,11.9,,Whisper估计时间；原文词时间待MFA步骤
-egA8-b7-3M$_$26,insertion_whisper,,,1,We,False,0.0,0.6,0.0,0.6,,Whisper估计时间；原文词时间待MFA步骤
-egA8-b7-3M$_$26,substitution,1,We're,2,are,False,0.6,0.7,0.6,0.7,,Whisper估计时间；原文词时间待MFA步骤
-egA8-b7-3M$_$26,match,2,updating,3,updating,False,0.7,1.08,0.7,1.08,,Whisper估计时间；原文词时间待MFA步骤
-egA8-b7-3M$_$26,match,3,it,4,it,False,1.08,1.3,1.08,1.3,,Whisper估计时间；原文词时间待MFA步骤
-egA8-b7-3M$_$26,match,4,all,5,all,False,1.3,1.52,1.3,1.52,,Whisper估计时间；原文词时间待MFA步骤
-egA8-b7-3M$_$26,match,5,the,6,the,False,1.52,1.68,1.52,1.68,,Whisper估计时间；原文词时间待MFA步骤
-egA8-b7-3M$_$26,match,6,time,7,time,False,1.68,2.04,1.68,2.04,,Whisper估计时间；原文词时间待MFA步骤
-egA8-b7-3M$_$26,match,7,and,8,and,False,2.04,2.58,2.04,2.58,,Whisper估计时间；原文词时间待MFA步骤
-egA8-b7-3M$_$26,match,8,looking,9,looking,False,2.58,2.86,2.58,2.86,,Whisper估计时间；原文词时间待MFA步骤
-egA8-b7-3M$_$26,match,9,forward,10,forward,False,2.86,3.18,2.86,3.18,,Whisper估计时间；原文词时间待MFA步骤
-egA8-b7-3M$_$26,match,10,to,11,to,False,3.18,3.48,3.18,3.48,,Whisper估计时间；原文词时间待MFA步骤
-egA8-b7-3M$_$26,match,11,your,12,your,False,3.48,3.7,3.48,3.7,,Whisper估计时间；原文词时间待MFA步骤
-egA8-b7-3M$_$26,match,12,comments,13,comments,False,3.7,4.12,3.7,4.12,,Whisper估计时间；原文词时间待MFA步骤
-egA8-b7-3M$_$26,match,13,on,14,on,False,4.12,4.54,4.12,4.54,,Whisper估计时间；原文词时间待MFA步骤
-egA8-b7-3M$_$26,match,14,our,15,our,False,4.54,4.68,4.54,4.68,,Whisper估计时间；原文词时间待MFA步骤
-egA8-b7-3M$_$26,match,15,videos,16,videos,False,4.68,5.06,4.68,5.06,,Whisper估计时间；原文词时间待MFA步骤
-egA8-b7-3M$_$17,match,1,As,1,As,False,0.0,0.7,0.0,0.7,,Whisper估计时间；原文词时间待MFA步骤
-egA8-b7-3M$_$17,match,2,you,2,you,False,0.7,0.88,0.7,0.88,,Whisper估计时间；原文词时间待MFA步骤
-egA8-b7-3M$_$17,match,3,have,3,have,False,0.88,1.1,0.88,1.1,,Whisper估计时间；原文词时间待MFA步骤
-egA8-b7-3M$_$17,match,4,more,4,more,False,1.1,1.34,1.1,1.34,,Whisper估计时间；原文词时间待MFA步骤
-egA8-b7-3M$_$17,match,5,experience,5,experience,False,1.34,2.02,1.34,2.02,,Whisper估计时间；原文词时间待MFA步骤
-egA8-b7-3M$_$17,match,6,you,6,you,False,3.24,3.32,3.24,3.32,,Whisper估计时间；原文词时间待MFA步骤
-egA8-b7-3M$_$17,match,7,have,7,have,False,3.32,3.5,3.32,3.5,,Whisper估计时间；原文词时间待MFA步骤
-egA8-b7-3M$_$17,match,8,more,8,more,False,3.5,3.76,3.5,3.76,,Whisper估计时间；原文词时间待MFA步骤
-egA8-b7-3M$_$17,match,9,times,9,times,False,3.76,4.14,3.76,4.14,,Whisper估计时间；原文词时间待MFA步骤
-egA8-b7-3M$_$17,match,10,exhibiting,10,exhibiting,False,4.14,4.7,4.14,4.7,,Whisper估计时间；原文词时间待MFA步骤
-egA8-b7-3M$_$17,match,11,you,11,you,False,5.16,5.36,5.16,5.36,,Whisper估计时间；原文词时间待MFA步骤
-egA8-b7-3M$_$17,match,12,get,12,get,False,5.36,5.52,5.36,5.52,,Whisper估计时间；原文词时间待MFA步骤
-egA8-b7-3M$_$17,match,13,to,13,to,False,5.52,5.66,5.52,5.66,,Whisper估计时间；原文词时间待MFA步骤
-egA8-b7-3M$_$17,match,14,know,14,know,False,5.66,5.86,5.66,5.86,,Whisper估计时间；原文词时间待MFA步骤
-egA8-b7-3M$_$17,match,15,more,15,more,False,5.86,6.08,5.86,6.08,,Whisper估计时间；原文词时间待MFA步骤
-egA8-b7-3M$_$17,match,16,people,16,people,False,6.08,6.42,6.08,6.42,,Whisper估计时间；原文词时间待MFA步骤
-egA8-b7-3M$_$18,match,1,It,1,It,False,0.0,0.62,0.0,0.62,,Whisper估计时间；原文词时间待MFA步骤
-egA8-b7-3M$_$18,match,2,becomes,2,becomes,False,0.62,1.04,0.62,1.04,,Whisper估计时间；原文词时间待MFA步骤
-egA8-b7-3M$_$18,match,3,easier,3,easier,False,1.04,1.7,1.04,1.7,,Whisper估计时间；原文词时间待MFA步骤
-egA8-b7-3M$_$18,match,4,at,4,at,False,1.7,2.04,1.7,2.04,,Whisper估计时间；原文词时间待MFA步骤
-egA8-b7-3M$_$18,match,5,each,5,each,False,2.04,2.28,2.04,2.28,,Whisper估计时间；原文词时间待MFA步骤
-egA8-b7-3M$_$18,match,6,one,6,one,False,2.28,2.54,2.28,2.54,,Whisper估计时间；原文词时间待MFA步骤
-egA8-b7-3M$_$18,match,7,of,7,of,False,2.54,2.68,2.54,2.68,,Whisper估计时间；原文词时间待MFA步骤
-egA8-b7-3M$_$18,match,8,these,8,these,False,2.68,2.86,2.68,2.86,,Whisper估计时间；原文词时间待MFA步骤
-egA8-b7-3M$_$18,match,9,conferences,9,conferences,False,2.86,3.42,2.86,3.42,,Whisper估计时间；原文词时间待MFA步骤
-egA8-b7-3M$_$18,match,10,to,10,to,False,3.42,4.22,3.42,4.22,,Whisper估计时间；原文词时间待MFA步骤
-egA8-b7-3M$_$18,match,11,connect,11,connect,False,4.22,4.54,4.22,4.54,,Whisper估计时间；原文词时间待MFA步骤
-egA8-b7-3M$_$18,match,12,with,12,with,False,4.54,4.78,4.54,4.78,,Whisper估计时间；原文词时间待MFA步骤
-egA8-b7-3M$_$18,match,13,people,13,people,False,4.78,5.12,4.78,5.12,,Whisper估计时间；原文词时间待MFA步骤
-egA8-b7-3M$_$18,match,14,that,14,that,False,5.12,5.36,5.12,5.36,,Whisper估计时间；原文词时间待MFA步骤
-egA8-b7-3M$_$18,match,15,you've,15,you've,False,5.36,5.62,5.36,5.62,,Whisper估计时间；原文词时间待MFA步骤
-egA8-b7-3M$_$18,match,16,met,16,met,False,5.62,5.88,5.62,5.88,,Whisper估计时间；原文词时间待MFA步骤
-egA8-b7-3M$_$18,match,17,or,17,or,False,5.88,6.5,5.88,6.5,,Whisper估计时间；原文词时间待MFA步骤
-egA8-b7-3M$_$18,match,18,that,18,that,False,6.5,6.68,6.5,6.68,,Whisper估计时间；原文词时间待MFA步骤
-egA8-b7-3M$_$18,match,19,you're,19,you're,False,6.68,6.84,6.68,6.84,,Whisper估计时间；原文词时间待MFA步骤
-egA8-b7-3M$_$18,match,20,doing,20,doing,False,6.84,7.06,6.84,7.06,,Whisper估计时间；原文词时间待MFA步骤
-egA8-b7-3M$_$18,match,21,business,21,business,False,7.06,7.44,7.06,7.44,,Whisper估计时间；原文词时间待MFA步骤
-egA8-b7-3M$_$18,match,22,with,22,with,False,7.44,7.78,7.44,7.78,,Whisper估计时间；原文词时间待MFA步骤
-egA8-b7-3M$_$16,match,1,Third,1,Third,False,0.0,0.74,0.0,0.74,,Whisper估计时间；原文词时间待MFA步骤
-egA8-b7-3M$_$16,match,2,another,2,another,False,0.98,1.16,0.98,1.16,,Whisper估计时间；原文词时间待MFA步骤
-egA8-b7-3M$_$16,match,3,big,3,big,False,1.16,1.48,1.16,1.48,,Whisper估计时间；原文词时间待MFA步骤
-egA8-b7-3M$_$16,match,4,benefit,4,benefit,False,1.48,1.9,1.48,1.9,,Whisper估计时间；原文词时间待MFA步骤
-egA8-b7-3M$_$16,match,5,of,5,of,False,1.9,2.1,1.9,2.1,,Whisper估计时间；原文词时间待MFA步骤
-egA8-b7-3M$_$16,match,6,exhibiting,6,exhibiting,False,2.1,2.52,2.1,2.52,,Whisper估计时间；原文词时间待MFA步骤
-egA8-b7-3M$_$16,match,7,is,7,is,False,2.52,2.9,2.52,2.9,,Whisper估计时间；原文词时间待MFA步骤
-egA8-b7-3M$_$16,match,8,connecting,8,connecting,False,2.9,3.32,2.9,3.32,,Whisper估计时间；原文词时间待MFA步骤
-egA8-b7-3M$_$16,match,9,with,9,with,False,3.32,3.68,3.32,3.68,,Whisper估计时间；原文词时间待MFA步骤
-egA8-b7-3M$_$16,match,10,existing,10,existing,False,3.68,4.1,3.68,4.1,,Whisper估计时间；原文词时间待MFA步骤
-egA8-b7-3M$_$16,match,11,clients,11,clients,False,4.1,4.64,4.1,4.64,,Whisper估计时间；原文词时间待MFA步骤
-egA8-b7-3M$_$13,match,1,What,1,What,False,0.0,0.64,0.0,0.64,,Whisper估计时间；原文词时间待MFA步骤
-egA8-b7-3M$_$13,match,2,are,2,are,False,0.64,0.74,0.64,0.74,,Whisper估计时间；原文词时间待MFA步骤
-egA8-b7-3M$_$13,match,3,you,3,you,False,0.74,0.86,0.74,0.86,,Whisper估计时间；原文词时间待MFA步骤
-egA8-b7-3M$_$13,match,4,doing,4,doing,False,0.86,1.1,0.86,1.1,,Whisper估计时间；原文词时间待MFA步骤
-egA8-b7-3M$_$13,match,5,that's,5,that's,False,1.1,1.38,1.1,1.38,,Whisper估计时间；原文词时间待MFA步骤
-egA8-b7-3M$_$13,match,6,different,6,different,False,1.38,1.66,1.38,1.66,,Whisper估计时间；原文词时间待MFA步骤
-egA8-b7-3M$_$13,match,7,They,7,They,False,2.22,2.46,2.22,2.46,,Whisper估计时间；原文词时间待MFA步骤
-egA8-b7-3M$_$13,match,8,always,8,always,False,2.46,2.7,2.46,2.7,,Whisper估计时间；原文词时间待MFA步骤
-egA8-b7-3M$_$13,match,9,want,9,want,False,2.7,2.96,2.7,2.96,,Whisper估计时间；原文词时间待MFA步骤
-egA8-b7-3M$_$13,match,10,an,10,an,False,2.96,3.1,2.96,3.1,,Whisper估计时间；原文词时间待MFA步骤
-egA8-b7-3M$_$13,match,11,answer,11,answer,False,3.1,3.42,3.1,3.42,,Whisper估计时间；原文词时间待MFA步骤
-egA8-b7-3M$_$1,match,1,I,1,I,False,0.0,0.66,0.0,0.66,,Whisper估计时间；原文词时间待MFA步骤
-egA8-b7-3M$_$1,insertion_whisper,,,2,have,False,0.66,0.9,0.66,0.9,,Whisper估计时间；原文词时间待MFA步骤
-egA8-b7-3M$_$1,match,2,started,3,started,False,0.9,1.56,0.9,1.56,,Whisper估计时间；原文词时间待MFA步骤
-egA8-b7-3M$_$1,match,3,a,4,a,False,1.56,1.84,1.56,1.84,,Whisper估计时间；原文词时间待MFA步骤
-egA8-b7-3M$_$1,match,4,successful,5,successful,False,1.84,2.3,1.84,2.3,,Whisper估计时间；原文词时间待MFA步骤
-egA8-b7-3M$_$1,match,5,Legal,6,legal,False,2.3,2.64,2.3,2.64,,Whisper估计时间；原文词时间待MFA步骤
-egA8-b7-3M$_$1,match,6,Nurse,7,nurse,False,2.64,2.96,2.64,2.96,,Whisper估计时间；原文词时间待MFA步骤
-egA8-b7-3M$_$1,match,7,Consulting,8,consulting,False,2.96,3.46,2.96,3.46,,Whisper估计时间；原文词时间待MFA步骤
-egA8-b7-3M$_$1,match,8,Business,9,business,False,3.46,3.92,3.46,3.92,,Whisper估计时间；原文词时间待MFA步骤
-egA8-b7-3M$_$1,match,9,in,10,in,False,3.92,4.62,3.92,4.62,,Whisper估计时间；原文词时间待MFA步骤
-egA8-b7-3M$_$1,match,10,1989,11,1989,False,4.62,5.44,4.62,5.44,,Whisper估计时间；原文词时间待MFA步骤
-egA8-b7-3M$_$1,match,11,I,12,I,False,6.24,6.46,6.24,6.46,,Whisper估计时间；原文词时间待MFA步骤
-egA8-b7-3M$_$1,match,12,mentor,13,mentor,False,6.46,6.76,6.46,6.76,,Whisper估计时间；原文词时间待MFA步骤
-egA8-b7-3M$_$1,match,13,nurses,14,nurses,False,6.76,7.22,6.76,7.22,,Whisper估计时间；原文词时间待MFA步骤
-egA8-b7-3M$_$1,match,14,who,15,who,False,7.22,7.5,7.22,7.5,,Whisper估计时间；原文词时间待MFA步骤
-egA8-b7-3M$_$1,match,15,want,16,want,False,7.5,7.76,7.5,7.76,,Whisper估计时间；原文词时间待MFA步骤
-egA8-b7-3M$_$1,match,16,to,17,to,False,7.76,7.94,7.76,7.94,,Whisper估计时间；原文词时间待MFA步骤
-egA8-b7-3M$_$1,match,17,become,18,become,False,7.94,8.22,7.94,8.22,,Whisper估计时间；原文词时间待MFA步骤
-egA8-b7-3M$_$1,match,18,Legal,19,legal,False,8.22,8.46,8.22,8.46,,Whisper估计时间；原文词时间待MFA步骤
-egA8-b7-3M$_$1,match,19,Nurse,20,nurse,False,8.46,8.8,8.46,8.8,,Whisper估计时间；原文词时间待MFA步骤
-egA8-b7-3M$_$1,match,20,Consultants,21,consultants,False,8.8,9.22,8.8,9.22,,Whisper估计时间；原文词时间待MFA步骤
-egA8-b7-3M$_$6,match,1,First,1,First,False,0.0,0.8,0.0,0.8,,Whisper估计时间；原文词时间待MFA步骤
-egA8-b7-3M$_$6,match,2,exhibiting,2,exhibiting,False,1.06,1.42,1.06,1.42,,Whisper估计时间；原文词时间待MFA步骤
-egA8-b7-3M$_$6,match,3,is,3,is,False,1.42,1.72,1.42,1.72,,Whisper估计时间；原文词时间待MFA步骤
-egA8-b7-3M$_$6,match,4,a,4,a,False,1.72,1.88,1.72,1.88,,Whisper估计时间；原文词时间待MFA步骤
-egA8-b7-3M$_$6,match,5,wonderful,5,wonderful,False,1.88,2.3,1.88,2.3,,Whisper估计时间；原文词时间待MFA步骤
-egA8-b7-3M$_$6,match,6,opportunity,6,opportunity,False,2.3,2.9,2.3,2.9,,Whisper估计时间；原文词时间待MFA步骤
-egA8-b7-3M$_$6,match,7,to,7,to,False,2.9,3.4,2.9,3.4,,Whisper估计时间；原文词时间待MFA步骤
-egA8-b7-3M$_$6,match,8,network,8,network,False,3.4,3.7,3.4,3.7,,Whisper估计时间；原文词时间待MFA步骤
-egA8-b7-3M$_$6,match,9,with,9,with,False,3.7,4.08,3.7,4.08,,Whisper估计时间；原文词时间待MFA步骤
-egA8-b7-3M$_$6,match,10,other,10,other,False,4.08,4.44,4.08,4.44,,Whisper估计时间；原文词时间待MFA步骤
-egA8-b7-3M$_$6,match,11,legal,11,legal,False,4.44,4.82,4.44,4.82,,Whisper估计时间；原文词时间待MFA步骤
-egA8-b7-3M$_$6,match,12,vendors,12,vendors,False,4.82,5.24,4.82,5.24,,Whisper估计时间；原文词时间待MFA步骤
-egA8-b7-3M$_$9,match,1,Secondly,1,Secondly,False,0.0,0.96,0.0,0.96,,Whisper估计时间；原文词时间待MFA步骤
-egA8-b7-3M$_$9,match,2,another,2,another,False,1.28,1.52,1.28,1.52,,Whisper估计时间；原文词时间待MFA步骤
-egA8-b7-3M$_$9,match,3,goal,3,goal,False,1.52,1.86,1.52,1.86,,Whisper估计时间；原文词时间待MFA步骤
-egA8-b7-3M$_$9,match,4,of,4,of,False,1.86,2.02,1.86,2.02,,Whisper估计时间；原文词时间待MFA步骤
-egA8-b7-3M$_$9,match,5,exhibiting,5,exhibiting,False,2.02,2.42,2.02,2.42,,Whisper估计时间；原文词时间待MFA步骤
-egA8-b7-3M$_$9,match,6,is,6,is,False,2.42,2.82,2.42,2.82,,Whisper估计时间；原文词时间待MFA步骤
-egA8-b7-3M$_$9,match,7,building,7,building,False,2.82,3.1,2.82,3.1,,Whisper估计时间；原文词时间待MFA步骤
-egA8-b7-3M$_$9,match,8,your,8,your,False,3.1,3.46,3.1,3.46,,Whisper估计时间；原文词时间待MFA步骤
-egA8-b7-3M$_$9,match,9,company,9,company,False,3.46,3.82,3.46,3.82,,Whisper估计时间；原文词时间待MFA步骤
-egA8-b7-3M$_$9,match,10,image,10,image,False,3.82,4.3,3.82,4.3,,Whisper估计时间；原文词时间待MFA步骤
-egA8-b7-3M$_$20,match,1,Now,1,Now,False,0.0,0.72,0.0,0.72,,Whisper估计时间；原文词时间待MFA步骤
-egA8-b7-3M$_$20,match,2,you've,2,you've,False,0.72,0.98,0.72,0.98,,Whisper估计时间；原文词时间待MFA步骤
-egA8-b7-3M$_$20,match,3,got,3,got,False,0.98,1.12,0.98,1.12,,Whisper估计时间；原文词时间待MFA步骤
-egA8-b7-3M$_$20,match,4,a,4,a,False,1.12,1.26,1.12,1.26,,Whisper估计时间；原文词时间待MFA步骤
-egA8-b7-3M$_$20,match,5,face,5,face,False,1.26,1.52,1.26,1.52,,Whisper估计时间；原文词时间待MFA步骤
-egA8-b7-3M$_$20,match,6,that,6,that,False,1.52,1.76,1.52,1.76,,Whisper估计时间；原文词时间待MFA步骤
-egA8-b7-3M$_$20,match,7,you,7,you,False,1.76,1.9,1.76,1.9,,Whisper估计时间；原文词时间待MFA步骤
-egA8-b7-3M$_$20,match,8,can,8,can,False,1.9,2.1,1.9,2.1,,Whisper估计时间；原文词时间待MFA步骤
-egA8-b7-3M$_$20,match,9,connect,9,connect,False,2.1,2.42,2.1,2.42,,Whisper估计时间；原文词时间待MFA步骤
-egA8-b7-3M$_$20,match,10,with,10,with,False,2.42,2.68,2.42,2.68,,Whisper估计时间；原文词时间待MFA步骤
-egA8-b7-3M$_$20,match,11,a,11,a,False,2.68,2.84,2.68,2.84,,Whisper估计时间；原文词时间待MFA步骤
-egA8-b7-3M$_$20,match,12,voice,12,voice,False,2.84,3.14,2.84,3.14,,Whisper估计时间；原文词时间待MFA步骤
-egA8-b7-3M$_$20,match,13,and,13,and,False,3.14,4.04,3.14,4.04,,Whisper估计时间；原文词时间待MFA步骤
-egA8-b7-3M$_$20,match,14,that,14,that,False,4.04,4.24,4.04,4.24,,Whisper估计时间；原文词时间待MFA步骤
-egA8-b7-3M$_$20,match,15,makes,15,makes,False,4.24,4.46,4.24,4.46,,Whisper估计时间；原文词时间待MFA步骤
-egA8-b7-3M$_$20,match,16,you,16,you,False,4.46,4.68,4.46,4.68,,Whisper估计时间；原文词时间待MFA步骤
-egA8-b7-3M$_$20,match,17,closer,17,closer,False,4.68,4.98,4.68,4.98,,Whisper估计时间；原文词时间待MFA步骤
-egA8-b7-3M$_$20,match,18,to,18,to,False,4.98,5.3,4.98,5.3,,Whisper估计时间；原文词时间待MFA步骤
-egA8-b7-3M$_$20,match,19,that,19,that,False,5.3,5.52,5.3,5.52,,Whisper估计时间；原文词时间待MFA步骤
-egA8-b7-3M$_$20,match,20,client,20,client,False,5.52,5.84,5.52,5.84,,Whisper估计时间；原文词时间待MFA步骤
-iRBcNs9oI8$_$3,insertion_whisper,,,1,is,False,0.0,0.48,0.0,0.48,,Whisper估计时间；原文词时间待MFA步骤
-iRBcNs9oI8$_$3,insertion_whisper,,,2,going,False,0.48,0.68,0.48,0.68,,Whisper估计时间；原文词时间待MFA步骤
-iRBcNs9oI8$_$3,insertion_whisper,,,3,to,False,0.68,0.84,0.68,0.84,,Whisper估计时间；原文词时间待MFA步骤
-iRBcNs9oI8$_$3,insertion_whisper,,,4,help,False,0.84,1.06,0.84,1.06,,Whisper估计时间；原文词时间待MFA步骤
-iRBcNs9oI8$_$3,insertion_whisper,,,5,you,False,1.06,1.32,1.06,1.32,,Whisper估计时间；原文词时间待MFA步骤
-iRBcNs9oI8$_$3,insertion_whisper,,,6,on,False,1.32,2.04,1.32,2.04,,Whisper估计时间；原文词时间待MFA步骤
-iRBcNs9oI8$_$3,substitution,1,Well,7,your,False,2.04,2.22,2.04,2.22,,Whisper估计时间；原文词时间待MFA步骤
-iRBcNs9oI8$_$3,substitution,2,it,8,tests,False,2.22,2.66,2.22,2.66,,Whisper估计时间；原文词时间待MFA步骤
-iRBcNs9oI8$_$3,substitution,3,is,9,such,False,3.22,3.48,3.22,3.48,,Whisper估计时间；原文词时间待MFA步骤
-iRBcNs9oI8$_$3,substitution,4,the,10,as,False,3.48,3.7,3.48,3.7,,Whisper估计时间；原文词时间待MFA步骤
-iRBcNs9oI8$_$3,substitution,5,secret,11,TOEFL,False,3.7,4.16,3.7,4.16,,Whisper估计时间；原文词时间待MFA步骤
-iRBcNs9oI8$_$3,substitution,6,of,12,IELTS,False,4.4,4.78,4.4,4.78,,Whisper估计时间；原文词时间待MFA步骤
-iRBcNs9oI8$_$3,substitution,7,power,13,or,False,4.84,4.96,4.84,4.96,,Whisper估计时间；原文词时间待MFA步骤
-iRBcNs9oI8$_$3,substitution,8,pose,14,university,False,4.96,5.3,4.96,5.3,,Whisper估计时间；原文词时间待MFA步骤
-iRBcNs9oI8$_$7,insertion_whisper,,,1,interview,False,0.0,0.38,0.0,0.38,,Whisper估计时间；原文词时间待MFA步骤
-iRBcNs9oI8$_$7,insertion_whisper,,,2,And,False,1.16,1.44,1.16,1.44,,Whisper估计时间；原文词时间待MFA步骤
-iRBcNs9oI8$_$7,substitution,1,Well,3,this,False,1.44,1.56,1.44,1.56,,Whisper估计时间；原文词时间待MFA步骤
-iRBcNs9oI8$_$7,substitution,2,for,4,secret,False,1.56,1.92,1.56,1.92,,Whisper估计时间；原文词时间待MFA步骤
-iRBcNs9oI8$_$7,substitution,3,starters,5,will,False,1.92,2.52,1.92,2.52,,Whisper估计时间；原文词时间待MFA步骤
-iRBcNs9oI8$_$7,substitution,4,let's,6,also,False,2.52,2.84,2.52,2.84,,Whisper估计时间；原文词时间待MFA步骤
-iRBcNs9oI8$_$7,substitution,5,look,7,help,False,2.84,3.08,2.84,3.08,,Whisper估计时间；原文词时间待MFA步骤
-iRBcNs9oI8$_$7,substitution,6,at,8,you,False,3.08,3.34,3.08,3.34,,Whisper估计时间；原文词时间待MFA步骤
-iRBcNs9oI8$_$7,substitution,7,the,9,if,False,3.34,3.68,3.34,3.68,,Whisper估计时间；原文词时间待MFA步骤
-iRBcNs9oI8$_$7,substitution,8,word,10,you,False,3.68,3.82,3.68,3.82,,Whisper估计时间；原文词时间待MFA步骤
-iRBcNs9oI8$_$7,substitution,9,power,11,ever,False,3.82,3.98,3.82,3.98,,Whisper估计时间；原文词时间待MFA步骤
-iRBcNs9oI8$_$6,insertion_whisper,,,1,help,False,0.0,0.18,0.0,0.18,,Whisper估计时间；原文词时间待MFA步骤
-iRBcNs9oI8$_$6,insertion_whisper,,,2,you,False,0.18,0.32,0.18,0.32,,Whisper估计时间；原文词时间待MFA步骤
-iRBcNs9oI8$_$6,insertion_whisper,,,3,if,False,0.32,0.52,0.32,0.52,,Whisper估计时间；原文词时间待MFA步骤
-iRBcNs9oI8$_$6,insertion_whisper,,,4,you,False,0.52,0.64,0.52,0.64,,Whisper估计时间；原文词时间待MFA步骤
-iRBcNs9oI8$_$6,substitution,1,What,5,have,False,0.64,0.76,0.64,0.76,,Whisper估计时间；原文词时间待MFA步骤
-iRBcNs9oI8$_$6,substitution,2,is,6,an,False,0.76,0.88,0.76,0.88,,Whisper估计时间；原文词时间待MFA步骤
-iRBcNs9oI8$_$6,substitution,3,a,7,English,False,0.88,1.24,0.88,1.24,,Whisper估计时间；原文词时间待MFA步骤
-iRBcNs9oI8$_$6,substitution,4,power,8,job,False,1.24,1.7,1.24,1.7,,Whisper估计时间；原文词时间待MFA步骤
-iRBcNs9oI8$_$6,substitution,5,pose,9,interview,False,1.7,2.38,1.7,2.38,,Whisper估计时间；原文词时间待MFA步骤
-iRBcNs9oI8$_$9,deletion_official,1,Power,,,False,,,,,,原文词时间待MFA步骤
-iRBcNs9oI8$_$9,deletion_official,2,is,,,False,,,,,,原文词时间待MFA步骤
-iRBcNs9oI8$_$9,substitution,3,similar,1,of,False,0.0,0.36,0.0,0.36,,Whisper估计时间；原文词时间待MFA步骤
-iRBcNs9oI8$_$9,substitution,4,to,2,Power,False,0.36,1.66,0.36,1.66,,Whisper估计时间；原文词时间待MFA步骤
-iRBcNs9oI8$_$9,substitution,5,strength,3,Pose,False,1.66,2.3,1.66,2.3,,Whisper估计时间；原文词时间待MFA步骤
-iRBcNs9oI8$_$8,insertion_whisper,,,1,ever,False,0.0,0.22,0.0,0.22,,Whisper估计时间；原文词时间待MFA步骤
-iRBcNs9oI8$_$8,substitution,1,I've,2,decide,False,0.22,0.62,0.22,0.62,,Whisper估计时间；原文词时间待MFA步骤
-iRBcNs9oI8$_$8,substitution,2,drawn,3,to,False,0.62,1.06,0.62,1.06,,Whisper估计时间；原文词时间待MFA步骤
-iRBcNs9oI8$_$8,substitution,3,this,4,ask,False,1.06,1.34,1.06,1.34,,Whisper估计时间；原文词时间待MFA步骤
-iRBcNs9oI8$_$8,substitution,4,man,5,out,False,1.34,1.66,1.34,1.66,,Whisper估计时间；原文词时间待MFA步骤
-iRBcNs9oI8$_$8,substitution,5,here,6,that,False,1.66,2.04,1.66,2.04,,Whisper估计时间；原文词时间待MFA步骤
-iRBcNs9oI8$_$8,substitution,6,and,7,special,False,2.04,2.4,2.04,2.4,,Whisper估计时间；原文词时间待MFA步骤
-iRBcNs9oI8$_$8,substitution,7,if,8,someone,False,2.4,2.78,2.4,2.78,,Whisper估计时间；原文词时间待MFA步骤
-iRBcNs9oI8$_$8,substitution,8,you,9,So,False,3.64,4.06,3.64,4.06,,Whisper估计时间；原文词时间待MFA步骤
-iRBcNs9oI8$_$8,substitution,9,can,10,what,False,4.06,4.2,4.06,4.2,,Whisper估计时间；原文词时间待MFA步骤
-iRBcNs9oI8$_$8,substitution,10,tell,11,is,False,4.2,4.34,4.2,4.34,,Whisper估计时间；原文词时间待MFA步骤
-iRBcNs9oI8$_$8,substitution,11,he,12,the,False,4.34,4.48,4.34,4.48,,Whisper估计时间；原文词时间待MFA步骤
-iRBcNs9oI8$_$8,substitution,12,has,13,secret,False,4.48,4.72,4.48,4.72,,Whisper估计时间；原文词时间待MFA步骤
-iRBcNs9oI8$_$8,substitution,13,a,14,I'm,False,4.72,5.04,4.72,5.04,,Whisper估计时间；原文词时间待MFA步骤
-iRBcNs9oI8$_$8,substitution,14,lot,15,telling,False,5.04,5.24,5.04,5.24,,Whisper估计时间；原文词时间待MFA步骤
-iRBcNs9oI8$_$8,substitution,15,of,16,you,False,5.24,5.5,5.24,5.5,,Whisper估计时间；原文词时间待MFA步骤
-iRBcNs9oI8$_$8,substitution,16,big,17,about,False,5.5,5.82,5.5,5.82,,Whisper估计时间；原文词时间待MFA步骤
-iRBcNs9oI8$_$8,substitution,17,muscles,18,Well,False,6.44,6.7,6.44,6.7,,Whisper估计时间；原文词时间待MFA步骤
-iRBcNs9oI8$_$8,substitution,18,he,19,it,False,7.08,7.26,7.08,7.26,,Whisper估计时间；原文词时间待MFA步骤
-iRBcNs9oI8$_$8,substitution,19,looks,20,is,False,7.26,7.44,7.26,7.44,,Whisper估计时间；原文词时间待MFA步骤
-iRBcNs9oI8$_$8,substitution,20,very,21,the,False,7.44,7.68,7.44,7.68,,Whisper估计时间；原文词时间待MFA步骤
-iRBcNs9oI8$_$8,substitution,21,strong,22,secret,False,7.68,8.0,7.68,8.0,,Whisper估计时间；原文词时间待MFA步骤
-lzEya4AM_4$_$5,match,1,If,1,If,False,0.0,0.6,0.0,0.6,,Whisper估计时间；原文词时间待MFA步骤
-lzEya4AM_4$_$5,match,2,it,2,it,False,0.6,0.72,0.6,0.72,,Whisper估计时间；原文词时间待MFA步骤
-lzEya4AM_4$_$5,match,3,falls,3,falls,False,0.72,0.94,0.72,0.94,,Whisper估计时间；原文词时间待MFA步骤
-lzEya4AM_4$_$5,match,4,into,4,into,False,0.94,1.24,0.94,1.24,,Whisper估计时间；原文词时间待MFA步骤
-lzEya4AM_4$_$5,deletion_official,5,oh,,,False,,,,,,原文词时间待MFA步骤
-lzEya4AM_4$_$5,match,6,any,5,any,False,1.24,1.7,1.24,1.7,,Whisper估计时间；原文词时间待MFA步骤
-lzEya4AM_4$_$5,match,7,of,6,of,False,1.7,1.9,1.7,1.9,,Whisper估计时间；原文词时间待MFA步骤
-lzEya4AM_4$_$5,match,8,those,7,those,False,1.9,2.06,1.9,2.06,,Whisper估计时间；原文词时间待MFA步骤
-lzEya4AM_4$_$5,match,9,three,8,three,False,2.06,2.28,2.06,2.28,,Whisper估计时间；原文词时间待MFA步骤
-lzEya4AM_4$_$5,match,10,categories,9,categories,False,2.28,2.88,2.28,2.88,,Whisper估计时间；原文词时间待MFA步骤
-lzEya4AM_4$_$5,match,11,inducing,10,inducing,False,4.16,4.76,4.16,4.76,,Whisper估计时间；原文词时间待MFA步骤
-lzEya4AM_4$_$5,match,12,nausea,11,nausea,False,4.76,5.36,4.76,5.36,,Whisper估计时间；原文词时间待MFA步骤
-lzEya4AM_4$_$5,match,13,and,12,and,False,5.36,5.56,5.36,5.56,,Whisper估计时间；原文词时间待MFA步骤
-lzEya4AM_4$_$5,match,14,vomiting,13,vomiting,False,5.56,5.9,5.56,5.9,,Whisper估计时间；原文词时间待MFA步骤
-lzEya4AM_4$_$5,match,15,would,14,would,False,5.9,6.34,5.9,6.34,,Whisper估计时间；原文词时间待MFA步骤
-lzEya4AM_4$_$5,match,16,be,15,be,False,6.34,6.48,6.34,6.48,,Whisper估计时间；原文词时间待MFA步骤
-lzEya4AM_4$_$5,match,17,your,16,your,False,6.48,6.58,6.48,6.58,,Whisper估计时间；原文词时间待MFA步骤
-lzEya4AM_4$_$5,match,18,next,17,next,False,6.58,6.78,6.58,6.78,,Whisper估计时间；原文词时间待MFA步骤
-lzEya4AM_4$_$5,match,19,step,18,step,False,6.78,7.04,6.78,7.04,,Whisper估计时间；原文词时间待MFA步骤
-lzEya4AM_4$_$6,match,1,If,1,If,False,0.0,0.66,0.0,0.66,,Whisper估计时间；原文词时间待MFA步骤
-lzEya4AM_4$_$6,match,2,the,2,the,False,0.66,0.84,0.66,0.84,,Whisper估计时间；原文词时间待MFA步骤
-lzEya4AM_4$_$6,match,3,product,3,product,False,0.84,1.2,0.84,1.2,,Whisper估计时间；原文词时间待MFA步骤
-lzEya4AM_4$_$6,match,4,or,4,or,False,1.2,1.66,1.2,1.66,,Whisper估计时间；原文词时间待MFA步骤
-lzEya4AM_4$_$6,match,5,poison,5,poison,False,1.66,2.0,1.66,2.0,,Whisper估计时间；原文词时间待MFA步骤
-lzEya4AM_4$_$6,match,6,is,6,is,False,2.0,2.26,2.0,2.26,,Whisper估计时间；原文词时间待MFA步骤
-lzEya4AM_4$_$6,match,7,some,7,some,False,2.26,2.42,2.26,2.42,,Whisper估计时间；原文词时间待MFA步骤
-lzEya4AM_4$_$6,match,8,type,8,type,False,2.42,2.6,2.42,2.6,,Whisper估计时间；原文词时间待MFA步骤
-lzEya4AM_4$_$6,match,9,of,9,of,False,2.6,2.82,2.6,2.82,,Whisper估计时间；原文词时间待MFA步骤
-lzEya4AM_4$_$6,match,10,petroleum,10,petroleum,False,2.82,3.26,2.82,3.26,,Whisper估计时间；原文词时间待MFA步骤
-lzEya4AM_4$_$6,match,11,product,11,product,False,3.26,3.74,3.26,3.74,,Whisper估计时间；原文词时间待MFA步骤
-lzEya4AM_4$_$6,match,12,or,12,or,False,3.74,4.28,3.74,4.28,,Whisper估计时间；原文词时间待MFA步骤
-lzEya4AM_4$_$6,match,13,corrosive,13,corrosive,False,4.28,4.82,4.28,4.82,,Whisper估计时间；原文词时间待MFA步骤
-lzEya4AM_4$_$6,match,14,product,14,product,False,4.82,5.2,4.82,5.2,,Whisper估计时间；原文词时间待MFA步骤
-lzEya4AM_4$_$6,match,15,you,15,you,False,5.56,5.9,5.56,5.9,,Whisper估计时间；原文词时间待MFA步骤
-lzEya4AM_4$_$6,match,16,would,16,would,False,5.9,6.06,5.9,6.06,,Whisper估计时间；原文词时间待MFA步骤
-lzEya4AM_4$_$6,match,17,not,17,not,False,6.06,6.26,6.06,6.26,,Whisper估计时间；原文词时间待MFA步骤
-lzEya4AM_4$_$6,match,18,attempt,18,attempt,False,6.26,6.78,6.26,6.78,,Whisper估计时间；原文词时间待MFA步骤
-lzEya4AM_4$_$6,match,19,to,19,to,False,6.78,7.34,6.78,7.34,,Whisper估计时间；原文词时间待MFA步骤
-lzEya4AM_4$_$6,match,20,induce,20,induce,False,7.34,7.86,7.34,7.86,,Whisper估计时间；原文词时间待MFA步骤
-lzEya4AM_4$_$6,match,21,vomiting,21,vomiting,False,7.86,8.28,7.86,8.28,,Whisper估计时间；原文词时间待MFA步骤
-lzEya4AM_4$_$6,match,22,and,22,and,False,8.28,8.68,8.28,8.68,,Whisper估计时间；原文词时间待MFA步骤
-lzEya4AM_4$_$6,match,23,nausea,23,nausea,False,8.68,9.02,8.68,9.02,,Whisper估计时间；原文词时间待MFA步骤
-lzEya4AM_4$_$6,deletion_official,24,as,,,False,,,,,,原文词时间待MFA步骤
-lzEya4AM_4$_$6,match,25,as,24,As,False,9.5,9.74,9.5,9.74,,Whisper估计时间；原文词时间待MFA步骤
-lzEya4AM_4$_$6,match,26,the,25,the,False,9.74,9.94,9.74,9.94,,Whisper估计时间；原文词时间待MFA步骤
-lzEya4AM_4$_$6,match,27,product,26,product,False,9.94,10.26,9.94,10.26,,Whisper估计时间；原文词时间待MFA步骤
-lzEya4AM_4$_$6,match,28,burned,27,burned,False,10.26,10.6,10.26,10.6,,Whisper估计时间；原文词时间待MFA步骤
-lzEya4AM_4$_$6,match,29,on,28,on,False,10.6,10.82,10.6,10.82,,Whisper估计时间；原文词时间待MFA步骤
-lzEya4AM_4$_$6,match,30,the,29,the,False,10.82,10.92,10.82,10.92,,Whisper估计时间；原文词时间待MFA步骤
-lzEya4AM_4$_$6,match,31,way,30,way,False,10.92,11.06,10.92,11.06,,Whisper估计时间；原文词时间待MFA步骤
-lzEya4AM_4$_$6,match,32,down,31,down,False,11.06,11.4,11.06,11.4,,Whisper估计时间；原文词时间待MFA步骤
-lzEya4AM_4$_$6,match,33,it,32,it,False,11.7,11.88,11.7,11.88,,Whisper估计时间；原文词时间待MFA步骤
-lzEya4AM_4$_$6,match,34,could,33,could,False,11.88,12.0,11.88,12.0,,Whisper估计时间；原文词时间待MFA步骤
-lzEya4AM_4$_$6,match,35,cause,34,cause,False,12.0,12.26,12.0,12.26,,Whisper估计时间；原文词时间待MFA步骤
-lzEya4AM_4$_$6,match,36,damage,35,damage,False,12.26,12.58,12.26,12.58,,Whisper估计时间；原文词时间待MFA步骤
-lzEya4AM_4$_$6,substitution,37,and,36,in,False,12.58,12.84,12.58,12.84,,Whisper估计时间；原文词时间待MFA步骤
-lzEya4AM_4$_$6,match,38,burning,37,burning,False,12.84,13.1,12.84,13.1,,Whisper估计时间；原文词时间待MFA步骤
-lzEya4AM_4$_$6,match,39,on,38,on,False,13.1,13.54,13.1,13.54,,Whisper估计时间；原文词时间待MFA步骤
-lzEya4AM_4$_$6,match,40,the,39,the,False,13.54,13.64,13.54,13.64,,Whisper估计时间；原文词时间待MFA步骤
-lzEya4AM_4$_$6,match,41,way,40,way,False,13.64,13.76,13.64,13.76,,Whisper估计时间；原文词时间待MFA步骤
-lzEya4AM_4$_$6,match,42,back,41,back,False,13.76,13.98,13.76,13.98,,Whisper估计时间；原文词时间待MFA步骤
-lzEya4AM_4$_$6,match,43,up,42,up,False,13.98,14.2,13.98,14.2,,Whisper估计时间；原文词时间待MFA步骤
-mJ2ud6oKI8$_$1,deletion_official,1,There,,,False,,,,,,原文词时间待MFA步骤
-mJ2ud6oKI8$_$1,deletion_official,2,are,,,False,,,,,,原文词时间待MFA步骤
-mJ2ud6oKI8$_$1,deletion_official,3,a,,,False,,,,,,原文词时间待MFA步骤
-mJ2ud6oKI8$_$1,deletion_official,4,dozen,,,False,,,,,,原文词时间待MFA步骤
-mJ2ud6oKI8$_$1,deletion_official,5,or,,,False,,,,,,原文词时间待MFA步骤
-mJ2ud6oKI8$_$1,deletion_official,6,more,,,False,,,,,,原文词时间待MFA步骤
-mJ2ud6oKI8$_$1,deletion_official,7,hands,,,False,,,,,,原文词时间待MFA步骤
-mJ2ud6oKI8$_$1,deletion_official,8,on,,,False,,,,,,原文词时间待MFA步骤
-mJ2ud6oKI8$_$1,deletion_official,9,techniques,,,False,,,,,,原文词时间待MFA步骤
-mJ2ud6oKI8$_$1,deletion_official,10,that,,,False,,,,,,原文词时间待MFA步骤
-mJ2ud6oKI8$_$1,deletion_official,11,we,,,False,,,,,,原文词时间待MFA步骤
-mJ2ud6oKI8$_$1,deletion_official,12,can,,,False,,,,,,原文词时间待MFA步骤
-mJ2ud6oKI8$_$1,substitution,13,do,1,You,False,1.58,2.2800000000000002,1.58,2.2800000000000002,,Whisper估计时间；原文词时间待MFA步骤
-mJ2ud6oKI8$_$2,deletion_official,1,So,,,False,,,,,,原文词时间待MFA步骤
-mJ2ud6oKI8$_$2,deletion_official,2,physical,,,False,,,,,,原文词时间待MFA步骤
-mJ2ud6oKI8$_$2,deletion_official,3,therapists,,,False,,,,,,原文词时间待MFA步骤
-mJ2ud6oKI8$_$2,deletion_official,4,and,,,False,,,,,,原文词时间待MFA步骤
-mJ2ud6oKI8$_$2,deletion_official,5,chiropractors,,,False,,,,,,原文词时间待MFA步骤
-mJ2ud6oKI8$_$2,deletion_official,6,will,,,False,,,,,,原文词时间待MFA步骤
-mJ2ud6oKI8$_$2,deletion_official,7,do,,,False,,,,,,原文词时间待MFA步骤
-mJ2ud6oKI8$_$2,deletion_official,8,joint,,,False,,,,,,原文词时间待MFA步骤
-mJ2ud6oKI8$_$2,deletion_official,9,manipulations,,,False,,,,,,原文词时间待MFA步骤
-mJ2ud6oKI8$_$2,deletion_official,10,and,,,False,,,,,,原文词时间待MFA步骤
-mJ2ud6oKI8$_$2,substitution,11,mobilizations,1,You,False,0.0,2.0,0.0,2.0,very_long_duration_review,Whisper估计时间；原文词时间待MFA步骤
-mJ2ud6oKI8$_$6,substitution,1,They,1,that,False,0.0,0.14,0.0,0.14,,Whisper估计时间；原文词时间待MFA步骤
-mJ2ud6oKI8$_$6,substitution,2,are,2,we,False,0.14,0.4,0.14,0.4,,Whisper估计时间；原文词时间待MFA步骤
-mJ2ud6oKI8$_$6,match,3,all,3,all,False,0.4,0.68,0.4,0.68,,Whisper估计时间；原文词时间待MFA步骤
-mJ2ud6oKI8$_$6,insertion_whisper,,,4,want,False,0.68,0.92,0.68,0.92,,Whisper估计时间；原文词时间待MFA步骤
-mJ2ud6oKI8$_$6,insertion_whisper,,,5,to,False,0.92,1.04,0.92,1.04,,Whisper估计时间；原文词时间待MFA步骤
-mJ2ud6oKI8$_$6,insertion_whisper,,,6,approach,False,1.04,1.4,1.04,1.4,,Whisper估计时间；原文词时间待MFA步骤
-mJ2ud6oKI8$_$6,substitution,4,very,7,really,False,1.4,1.94,1.4,1.94,,Whisper估计时间；原文词时间待MFA步骤
-mJ2ud6oKI8$_$6,substitution,5,safe,8,any,False,1.94,2.12,1.94,2.12,,Whisper估计时间；原文词时间待MFA步骤
-mJ2ud6oKI8$_$9,deletion_official,1,It's,,,False,,,,,,原文词时间待MFA步骤
-mJ2ud6oKI8$_$9,substitution,2,safe,1,to,False,0.0,0.42,0.0,0.42,,Whisper估计时间；原文词时间待MFA步骤
-mJ2ud6oKI8$_$9,substitution,3,and,2,find,False,0.42,0.66,0.42,0.66,,Whisper估计时间；原文词时间待MFA步骤
-mJ2ud6oKI8$_$9,substitution,4,the,3,out,False,0.66,0.92,0.66,0.92,,Whisper估计时间；原文词时间待MFA步骤
-mJ2ud6oKI8$_$9,substitution,5,person,4,because,False,0.92,1.28,0.92,1.28,,Whisper估计时间；原文词时间待MFA步骤
-mJ2ud6oKI8$_$9,substitution,6,will,5,you,False,1.28,1.42,1.28,1.42,,Whisper估计时间；原文词时间待MFA步骤
-mJ2ud6oKI8$_$9,substitution,7,feel,6,might,False,1.42,1.58,1.42,1.58,,Whisper估计时间；原文词时间待MFA步骤
-mJ2ud6oKI8$_$9,substitution,8,better,7,have,False,1.58,1.76,1.58,1.76,,Whisper估计时间；原文词时间待MFA步骤
-mJ2ud6oKI8$_$9,substitution,9,later,8,hip,False,1.76,1.96,1.76,1.96,,Whisper估计时间；原文词时间待MFA步骤
-mJ2ud6oKI8$_$9,substitution,10,on,9,osteoarthritis,False,1.96,2.66,1.96,2.66,,Whisper估计时间；原文词时间待MFA步骤
-mJ2ud6oKI8$_$9,match,11,but,10,but,False,2.66,3.04,2.66,3.04,,Whisper估计时间；原文词时间待MFA步骤
-mJ2ud6oKI8$_$9,substitution,12,it's,11,that,False,3.04,3.14,3.04,3.14,,Whisper估计时间；原文词时间待MFA步骤
-mJ2ud6oKI8$_$9,substitution,13,sort,12,you,False,3.14,3.26,3.14,3.26,,Whisper估计时间；原文词时间待MFA步骤
-mJ2ud6oKI8$_$9,substitution,14,of,13,could,False,3.26,3.38,3.26,3.38,,Whisper估计时间；原文词时间待MFA步骤
-mJ2ud6oKI8$_$9,substitution,15,like,14,also,False,3.38,3.6,3.38,3.6,,Whisper估计时间；原文词时间待MFA步骤
-mJ2ud6oKI8$_$9,substitution,16,flossing,15,have,False,3.6,3.86,3.6,3.86,,Whisper估计时间；原文词时间待MFA步骤
-mJ2ud6oKI8$_$9,substitution,17,your,16,other,False,3.86,4.32,3.86,4.32,,Whisper估计时间；原文词时间待MFA步骤
-mJ2ud6oKI8$_$9,substitution,18,teeth,17,you,False,4.32,5.4,4.32,5.4,,Whisper估计时间；原文词时间待MFA步骤
-mJ2ud6oKI8$_$9,substitution,19,for,18,know,False,5.4,6.02,5.4,6.02,,Whisper估计时间；原文词时间待MFA步骤
-mJ2ud6oKI8$_$9,substitution,20,the,19,dysfunctions,False,6.02,6.54,6.02,6.54,,Whisper估计时间；原文词时间待MFA步骤
-mJ2ud6oKI8$_$9,substitution,21,first,20,around,True,6.54,6.74,6.54,6.74,,Whisper估计时间；原文词时间待MFA步骤
-mJ2ud6oKI8$_$9,substitution,22,time,21,your,False,6.74,6.88,6.74,6.88,,Whisper估计时间；原文词时间待MFA步骤
-mJ2ud6oKI8$_$8,deletion_official,1,Sometimes,,,False,,,,,,原文词时间待MFA步骤
-mJ2ud6oKI8$_$8,match,2,we,1,We,False,0.52,0.88,0.52,0.88,,Whisper估计时间；原文词时间待MFA步骤
-mJ2ud6oKI8$_$8,substitution,3,have,2,want,False,0.88,1.04,0.88,1.04,,Whisper估计时间；原文词时间待MFA步骤
-mJ2ud6oKI8$_$8,match,4,to,3,to,False,1.04,1.14,1.04,1.14,,Whisper估计时间；原文词时间待MFA步骤
-mJ2ud6oKI8$_$8,insertion_whisper,,,4,evaluate,False,1.14,1.48,1.14,1.48,,Whisper估计时间；原文词时间待MFA步骤
-mJ2ud6oKI8$_$8,insertion_whisper,,,5,them,False,1.48,1.84,1.48,1.84,,Whisper估计时间；原文词时间待MFA步骤
-mJ2ud6oKI8$_$8,insertion_whisper,,,6,you,False,2.04,2.06,2.04,2.06,,Whisper估计时间；原文词时间待MFA步骤
-mJ2ud6oKI8$_$8,insertion_whisper,,,7,know,False,2.06,2.16,2.06,2.16,,Whisper估计时间；原文词时间待MFA步骤
-mJ2ud6oKI8$_$8,insertion_whisper,,,8,give,False,2.26,2.26,2.26,2.26,nonpositive_duration,Whisper估计时间；原文词时间待MFA步骤
-mJ2ud6oKI8$_$8,substitution,5,stretch,9,them,False,2.26,2.36,2.26,2.36,,Whisper估计时间；原文词时间待MFA步骤
-mJ2ud6oKI8$_$8,substitution,6,that,10,a,False,2.36,2.48,2.36,2.48,,Whisper估计时间；原文词时间待MFA步骤
-mJ2ud6oKI8$_$8,substitution,7,joint,11,full,False,2.48,2.78,2.48,2.78,,Whisper估计时间；原文词时间待MFA步骤
-mJ2ud6oKI8$_$8,substitution,8,that,12,thorough,False,2.78,3.1,2.78,3.1,,Whisper估计时间；原文词时间待MFA步骤
-mJ2ud6oKI8$_$8,substitution,9,is,13,evaluation,False,3.1,3.76,3.1,3.76,,Whisper估计时间；原文词时间待MFA步骤
-mJ2ud6oKI8$_$8,substitution,10,already,14,to,False,3.76,3.98,3.76,3.98,,Whisper估计时间；原文词时间待MFA步骤
-mJ2ud6oKI8$_$8,substitution,11,irritated,15,find,False,3.98,4.14,3.98,4.14,,Whisper估计时间；原文词时间待MFA步骤
-mqbVkbCndg$_$0,match,1,How,1,How,False,0.0,0.38,0.0,0.38,,Whisper估计时间；原文词时间待MFA步骤
-mqbVkbCndg$_$0,match,2,at,2,at,False,0.38,0.94,0.38,0.94,,Whisper估计时间；原文词时间待MFA步骤
-mqbVkbCndg$_$0,match,3,a,3,a,False,0.94,1.06,0.94,1.06,,Whisper估计时间；原文词时间待MFA步骤
-mqbVkbCndg$_$0,match,4,particular,4,particular,False,1.06,1.34,1.06,1.34,,Whisper估计时间；原文词时间待MFA步骤
-mqbVkbCndg$_$0,match,5,moment,5,moment,False,1.34,1.84,1.34,1.84,,Whisper估计时间；原文词时间待MFA步骤
-mqbVkbCndg$_$0,match,6,in,6,in,False,1.84,2.18,1.84,2.18,,Whisper估计时间；原文词时间待MFA步骤
-mqbVkbCndg$_$0,match,7,time,7,time,False,2.18,2.52,2.18,2.52,,Whisper估计时间；原文词时间待MFA步骤
-mqbVkbCndg$_$0,match,8,our,8,our,False,2.7,2.92,2.7,2.92,,Whisper估计时间；原文词时间待MFA步骤
-mqbVkbCndg$_$0,match,9,moment,9,moment,False,2.92,3.24,2.92,3.24,,Whisper估计时间；原文词时间待MFA步骤
-mqbVkbCndg$_$0,match,10,in,10,in,False,3.24,3.6,3.24,3.6,,Whisper估计时间；原文词时间待MFA步骤
-mqbVkbCndg$_$0,match,11,time,11,time,False,3.6,4.0,3.6,4.0,,Whisper估计时间；原文词时间待MFA步骤
-mqbVkbCndg$_$0,match,12,are,12,are,False,4.32,4.62,4.32,4.62,,Whisper估计时间；原文词时间待MFA步骤
-mqbVkbCndg$_$0,match,13,they,13,they,False,4.62,4.94,4.62,4.94,,Whisper估计时间；原文词时间待MFA步骤
-mqbVkbCndg$_$0,match,14,limited,14,limited,False,4.94,5.64,4.94,5.64,,Whisper估计时间；原文词时间待MFA步骤
-t217m2on-s$_$2,match,1,But,1,But,False,0.0,0.68,0.0,0.68,,Whisper估计时间；原文词时间待MFA步骤
-t217m2on-s$_$2,match,2,a,2,a,False,0.68,1.38,0.68,1.38,,Whisper估计时间；原文词时间待MFA步骤
-t217m2on-s$_$2,match,3,good,3,good,False,1.38,1.54,1.38,1.54,,Whisper估计时间；原文词时间待MFA步骤
-t217m2on-s$_$2,match,4,thing,4,thing,False,1.54,1.74,1.54,1.74,,Whisper估计时间；原文词时间待MFA步骤
-t217m2on-s$_$2,match,5,to,5,to,False,1.74,1.86,1.74,1.86,,Whisper估计时间；原文词时间待MFA步骤
-t217m2on-s$_$2,match,6,do,6,do,False,1.86,1.96,1.86,1.96,,Whisper估计时间；原文词时间待MFA步骤
-t217m2on-s$_$2,match,7,is,7,is,False,1.96,2.08,1.96,2.08,,Whisper估计时间；原文词时间待MFA步骤
-t217m2on-s$_$2,match,8,yawning,8,yawning,False,2.08,3.08,2.08,3.08,,Whisper估计时间；原文词时间待MFA步骤
-t217m2on-s$_$2,match,9,chewing,9,Chewing,False,3.62,3.88,3.62,3.88,,Whisper估计时间；原文词时间待MFA步骤
-t217m2on-s$_$2,match,10,gum,10,gum,False,3.88,4.18,3.88,4.18,,Whisper估计时间；原文词时间待MFA步骤
-t217m2on-s$_$2,match,11,is,11,is,False,4.18,4.4,4.18,4.4,,Whisper估计时间；原文词时间待MFA步骤
-t217m2on-s$_$2,match,12,effective,12,effective,False,4.4,4.86,4.4,4.86,,Whisper估计时间；原文词时间待MFA步骤
-t217m2on-s$_$7,match,1,If,1,If,False,0.0,0.62,0.0,0.62,,Whisper估计时间；原文词时间待MFA步骤
-t217m2on-s$_$7,match,2,you,2,you,False,0.62,0.78,0.62,0.78,,Whisper估计时间；原文词时间待MFA步骤
-t217m2on-s$_$7,match,3,find,3,find,False,0.78,1.06,0.78,1.06,,Whisper估计时间；原文词时间待MFA步骤
-t217m2on-s$_$7,match,4,that,4,that,False,1.06,1.32,1.06,1.32,,Whisper估计时间；原文词时间待MFA步骤
-t217m2on-s$_$7,match,5,your,5,your,False,1.32,1.56,1.32,1.56,,Whisper估计时间；原文词时间待MFA步骤
-t217m2on-s$_$7,match,6,ears,6,ears,False,1.56,1.96,1.56,1.96,,Whisper估计时间；原文词时间待MFA步骤
-t217m2on-s$_$7,match,7,consistently,7,consistently,False,1.96,3.6,1.96,3.6,very_long_duration_review,Whisper估计时间；原文词时间待MFA步骤
-t217m2on-s$_$7,match,8,do,8,do,False,3.6,4.42,3.6,4.42,,Whisper估计时间；原文词时间待MFA步骤
-t217m2on-s$_$7,match,9,this,9,this,False,4.42,4.66,4.42,4.66,,Whisper估计时间；原文词时间待MFA步骤
-t217m2on-s$_$7,match,10,and,10,and,False,4.66,4.86,4.66,4.86,,Whisper估计时间；原文词时间待MFA步骤
-t217m2on-s$_$7,match,11,you,11,you,False,4.86,5.0,4.86,5.0,,Whisper估计时间；原文词时间待MFA步骤
-t217m2on-s$_$7,match,12,can't,12,can't,False,5.0,5.44,5.0,5.44,,Whisper估计时间；原文词时间待MFA步骤
-t217m2on-s$_$7,match,13,pop,13,pop,False,5.44,5.78,5.44,5.78,,Whisper估计时间；原文词时间待MFA步骤
-t217m2on-s$_$7,match,14,them,14,them,False,5.78,6.02,5.78,6.02,,Whisper估计时间；原文词时间待MFA步骤
-t217m2on-s$_$7,match,15,often,15,often,False,6.02,6.44,6.02,6.44,,Whisper估计时间；原文词时间待MFA步骤
-t217m2on-s$_$7,match,16,you'll,16,you'll,False,6.9,7.1,6.9,7.1,,Whisper估计时间；原文词时间待MFA步骤
-t217m2on-s$_$7,match,17,definitely,17,definitely,False,7.1,7.3,7.1,7.3,,Whisper估计时间；原文词时间待MFA步骤
-t217m2on-s$_$7,match,18,need,18,need,False,7.3,7.86,7.3,7.86,,Whisper估计时间；原文词时间待MFA步骤
-t217m2on-s$_$7,match,19,to,19,to,False,7.86,8.02,7.86,8.02,,Whisper估计时间；原文词时间待MFA步骤
-t217m2on-s$_$7,match,20,see,20,see,False,8.02,8.2,8.02,8.2,,Whisper估计时间；原文词时间待MFA步骤
-t217m2on-s$_$7,match,21,a,21,a,False,8.2,8.34,8.2,8.34,,Whisper估计时间；原文词时间待MFA步骤
-t217m2on-s$_$7,match,22,physician,22,physician,False,8.34,8.78,8.34,8.78,,Whisper估计时间；原文词时间待MFA步骤
-t217m2on-s$_$7,match,23,regarding,23,regarding,False,8.78,9.76,8.78,9.76,,Whisper估计时间；原文词时间待MFA步骤
-t217m2on-s$_$7,match,24,those,24,those,False,9.76,10.1,9.76,10.1,,Whisper估计时间；原文词时间待MFA步骤
-t217m2on-s$_$7,match,25,things,25,things,False,10.1,10.44,10.1,10.44,,Whisper估计时间；原文词时间待MFA步骤
-t217m2on-s$_$7,match,26,it,26,It,False,10.86,10.98,10.86,10.98,,Whisper估计时间；原文词时间待MFA步骤
-t217m2on-s$_$7,match,27,could,27,could,False,10.98,11.14,10.98,11.14,,Whisper估计时间；原文词时间待MFA步骤
-t217m2on-s$_$7,match,28,be,28,be,False,11.14,11.36,11.14,11.36,,Whisper估计时间；原文词时间待MFA步骤
-t217m2on-s$_$7,match,29,something,29,something,False,11.36,11.56,11.36,11.56,,Whisper估计时间；原文词时间待MFA步骤
-t217m2on-s$_$7,match,30,more,30,more,False,11.56,11.94,11.56,11.94,,Whisper估计时间；原文词时间待MFA步骤
-t217m2on-s$_$7,match,31,of,31,of,False,11.94,12.08,11.94,12.08,,Whisper估计时间；原文词时间待MFA步骤
-t217m2on-s$_$7,match,32,a,32,a,False,12.08,12.16,12.08,12.16,,Whisper估计时间；原文词时间待MFA步骤
-t217m2on-s$_$7,match,33,nasal,33,nasal,False,12.16,12.46,12.16,12.46,,Whisper估计时间；原文词时间待MFA步骤
-t217m2on-s$_$7,match,34,infection,34,infection,False,12.46,12.94,12.46,12.94,,Whisper估计时间；原文词时间待MFA步骤
-t217m2on-s$_$7,match,35,or,35,or,False,12.94,13.4,12.94,13.4,,Whisper估计时间；原文词时间待MFA步骤
-t217m2on-s$_$7,match,36,a,36,a,False,13.4,13.52,13.4,13.52,,Whisper估计时间；原文词时间待MFA步骤
-t217m2on-s$_$7,match,37,sinus,37,sinus,False,13.52,13.92,13.52,13.92,,Whisper估计时间；原文词时间待MFA步骤
-t217m2on-s$_$7,match,38,infection,38,infection,False,13.92,14.5,13.92,14.5,,Whisper估计时间；原文词时间待MFA步骤
-t217m2on-s$_$7,match,39,that,39,that,False,14.5,15.28,14.5,15.28,,Whisper估计时间；原文词时间待MFA步骤
-t217m2on-s$_$7,match,40,he,40,he,False,15.28,15.5,15.28,15.5,,Whisper估计时间；原文词时间待MFA步骤
-t217m2on-s$_$7,match,41,would,41,would,False,15.5,15.72,15.5,15.72,,Whisper估计时间；原文词时间待MFA步骤
-t217m2on-s$_$7,match,42,need,42,need,False,15.72,15.92,15.72,15.92,,Whisper估计时间；原文词时间待MFA步骤
-t217m2on-s$_$7,match,43,to,43,to,False,15.92,16.08,15.92,16.08,,Whisper估计时间；原文词时间待MFA步骤
-t217m2on-s$_$7,match,44,deal,44,deal,False,16.08,16.24,16.08,16.24,,Whisper估计时间；原文词时间待MFA步骤
-t217m2on-s$_$7,match,45,with,45,with,False,16.24,16.48,16.24,16.48,,Whisper估计时间；原文词时间待MFA步骤
-tANM6ETl_M$_$3,match,1,The,1,The,False,0.0,0.62,0.0,0.62,,Whisper估计时间；原文词时间待MFA步骤
-tANM6ETl_M$_$3,match,2,first,2,first,False,0.62,0.88,0.62,0.88,,Whisper估计时间；原文词时间待MFA步骤
-tANM6ETl_M$_$3,match,3,place,3,place,False,0.88,1.22,0.88,1.22,,Whisper估计时间；原文词时间待MFA步骤
-tANM6ETl_M$_$3,match,4,is,4,is,False,1.22,1.46,1.22,1.46,,Whisper估计时间；原文词时间待MFA步骤
-tANM6ETl_M$_$3,match,5,either,5,either,False,1.46,1.7,1.46,1.7,,Whisper估计时间；原文词时间待MFA步骤
-tANM6ETl_M$_$3,match,6,you,6,you,False,1.7,1.96,1.7,1.96,,Whisper估计时间；原文词时间待MFA步骤
-tANM6ETl_M$_$3,match,7,have,7,have,False,1.96,2.18,1.96,2.18,,Whisper估计时间；原文词时间待MFA步骤
-tANM6ETl_M$_$3,match,8,a,8,a,False,2.18,2.36,2.18,2.36,,Whisper估计时间；原文词时间待MFA步骤
-tANM6ETl_M$_$3,match,9,prospect,9,prospect,False,2.36,2.76,2.36,2.76,,Whisper估计时间；原文词时间待MFA步骤
-tANM6ETl_M$_$3,match,10,or,10,or,False,2.76,3.02,2.76,3.02,,Whisper估计时间；原文词时间待MFA步骤
-tANM6ETl_M$_$3,match,11,a,11,a,False,3.02,3.12,3.02,3.12,,Whisper估计时间；原文词时间待MFA步骤
-tANM6ETl_M$_$3,match,12,customer,12,customer,False,3.12,3.44,3.12,3.44,,Whisper估计时间；原文词时间待MFA步骤
-tANM6ETl_M$_$3,match,13,who's,13,who's,False,3.44,3.7,3.44,3.7,,Whisper估计时间；原文词时间待MFA步骤
-tANM6ETl_M$_$3,match,14,never,14,never,False,3.7,4.1,3.7,4.1,,Whisper估计时间；原文词时间待MFA步骤
-tANM6ETl_M$_$3,match,15,done,15,done,False,4.1,4.42,4.1,4.42,,Whisper估计时间；原文词时间待MFA步骤
-tANM6ETl_M$_$3,match,16,it,16,it,False,4.42,4.62,4.42,4.62,,Whisper估计时间；原文词时间待MFA步骤
-tANM6ETl_M$_$3,match,17,before,17,before,False,4.62,5.0,4.62,5.0,,Whisper估计时间；原文词时间待MFA步骤
-tANM6ETl_M$_$3,deletion_official,18,or,,,False,,,,,,原文词时间待MFA步骤
-tANM6ETl_M$_$3,match,19,they've,18,They've,False,5.14,5.38,5.14,5.38,,Whisper估计时间；原文词时间待MFA步骤
-tANM6ETl_M$_$3,match,20,never,19,never,False,5.38,5.6,5.38,5.6,,Whisper估计时间；原文词时间待MFA步骤
-tANM6ETl_M$_$3,match,21,tried,20,tried,False,5.6,5.9,5.6,5.9,,Whisper估计时间；原文词时间待MFA步骤
-tANM6ETl_M$_$3,match,22,it,21,it,False,5.9,6.16,5.9,6.16,,Whisper估计时间；原文词时间待MFA步骤
-tPCytz4rww$_$11,insertion_whisper,,,1,So,False,0.0,0.2,0.0,0.2,,Whisper估计时间；原文词时间待MFA步骤
-tPCytz4rww$_$11,match,1,Make,2,make,False,0.2,0.62,0.2,0.62,,Whisper估计时间；原文词时间待MFA步骤
-tPCytz4rww$_$11,match,2,sure,3,sure,False,0.62,0.82,0.62,0.82,,Whisper估计时间；原文词时间待MFA步骤
-tPCytz4rww$_$11,match,3,that,4,that,False,0.82,1.0,0.82,1.0,,Whisper估计时间；原文词时间待MFA步骤
-tPCytz4rww$_$11,substitution,4,your,5,you're,False,1.0,1.18,1.0,1.18,,Whisper估计时间；原文词时间待MFA步骤
-tPCytz4rww$_$11,match,5,using,6,using,False,1.18,1.48,1.18,1.48,,Whisper估计时间；原文词时间待MFA步骤
-tPCytz4rww$_$11,match,6,comps,7,comps,False,1.48,1.94,1.48,1.94,,Whisper估计时间；原文词时间待MFA步骤
-tPCytz4rww$_$11,match,7,that,8,that,False,1.94,2.06,1.94,2.06,,Whisper估计时间；原文词时间待MFA步骤
-tPCytz4rww$_$11,match,8,are,9,are,False,2.06,2.14,2.06,2.14,,Whisper估计时间；原文词时间待MFA步骤
-tPCytz4rww$_$11,deletion_official,9,not,,,True,,,,,,原文词时间待MFA步骤
-tPCytz4rww$_$11,deletion_official,10,larger,,,False,,,,,,原文词时间待MFA步骤
-tPCytz4rww$_$11,match,11,no,10,no,False,2.14,2.32,2.14,2.32,,Whisper估计时间；原文词时间待MFA步骤
-tPCytz4rww$_$11,match,12,larger,11,larger,False,2.32,2.76,2.32,2.76,,Whisper估计时间；原文词时间待MFA步骤
-tPCytz4rww$_$11,match,13,than,12,than,False,2.76,3.84,2.76,3.84,,Whisper估计时间；原文词时间待MFA步骤
-tPCytz4rww$_$11,substitution,14,twelve,13,1,True,3.84,4.06,3.84,4.06,,Whisper估计时间；原文词时间待MFA步骤
-tPCytz4rww$_$11,substitution,15,hundred,14,200,True,4.06,4.32,4.06,4.32,,Whisper估计时间；原文词时间待MFA步骤
-tPCytz4rww$_$11,match,16,square,15,square,False,4.32,4.56,4.32,4.56,,Whisper估计时间；原文词时间待MFA步骤
-tPCytz4rww$_$11,match,17,feet,16,feet,False,4.56,4.82,4.56,4.82,,Whisper估计时间；原文词时间待MFA步骤
-tPCytz4rww$_$11,insertion_whisper,,,17,no,True,4.92,5.0,4.92,5.0,,Whisper估计时间；原文词时间待MFA步骤
-tPCytz4rww$_$11,insertion_whisper,,,18,less,False,5.0,5.2,5.0,5.2,,Whisper估计时间；原文词时间待MFA步骤
-tPCytz4rww$_$10,substitution,1,Say,1,footage,False,0.0,0.34,0.0,0.34,,Whisper估计时间；原文词时间待MFA步骤
-tPCytz4rww$_$10,substitution,2,twenty,2,say,True,0.48,0.72,0.48,0.72,,Whisper估计时间；原文词时间待MFA步骤
-tPCytz4rww$_$10,substitution,3,percent,3,20,True,0.72,1.38,0.72,1.38,,Whisper估计时间；原文词时间待MFA步骤
-tPCytz4rww$_$10,match,4,so,4,So,False,1.38,1.74,1.38,1.74,,Whisper估计时间；原文词时间待MFA步骤
-tPCytz4rww$_$10,match,5,if,5,if,False,1.74,2.02,1.74,2.02,,Whisper估计时间；原文词时间待MFA步骤
-tPCytz4rww$_$10,match,6,you've,6,you've,False,2.02,2.22,2.02,2.22,,Whisper估计时间；原文词时间待MFA步骤
-tPCytz4rww$_$10,match,7,got,7,got,False,2.22,2.34,2.22,2.34,,Whisper估计时间；原文词时间待MFA步骤
-tPCytz4rww$_$10,match,8,a,8,a,False,2.34,2.44,2.34,2.44,,Whisper估计时间；原文词时间待MFA步骤
-tPCytz4rww$_$10,match,9,thousand,9,thousand,False,2.44,2.72,2.44,2.72,,Whisper估计时间；原文词时间待MFA步骤
-tPCytz4rww$_$10,match,10,square,10,square,False,2.72,2.98,2.72,2.98,,Whisper估计时间；原文词时间待MFA步骤
-tPCytz4rww$_$10,match,11,foot,11,foot,False,2.98,3.32,2.98,3.32,,Whisper估计时间；原文词时间待MFA步骤
-tPCytz4rww$_$10,match,12,condo,12,condo,False,3.32,4.02,3.32,4.02,,Whisper估计时间；原文词时间待MFA步骤
-tPCytz4rww$_$10,insertion_whisper,,,13,make,False,4.5,4.54,4.5,4.54,,Whisper估计时间；原文词时间待MFA步骤
-tPCytz4rww$_$10,insertion_whisper,,,14,sure,False,4.54,4.64,4.54,4.64,,Whisper估计时间；原文词时间待MFA步骤
-tPCytz4rww$_$12,insertion_whisper,,,1,square,False,0.0,0.2,0.0,0.2,,Whisper估计时间；原文词时间待MFA步骤
-tPCytz4rww$_$12,insertion_whisper,,,2,feet,False,0.2,0.44,0.2,0.44,,Whisper估计时间；原文词时间待MFA步骤
-tPCytz4rww$_$12,match,1,No,3,no,False,0.6,0.64,0.6,0.64,,Whisper估计时间；原文词时间待MFA步骤
-tPCytz4rww$_$12,match,2,less,4,less,False,0.64,0.84,0.64,0.84,,Whisper估计时间；原文词时间待MFA步骤
-tPCytz4rww$_$12,match,3,than,5,than,False,0.84,1.24,0.84,1.24,,Whisper估计时间；原文词时间待MFA步骤
-tPCytz4rww$_$12,deletion_official,4,eight,,,True,,,,,,原文词时间待MFA步骤
-tPCytz4rww$_$12,substitution,5,hundred,6,800,True,1.24,1.52,1.24,1.52,,Whisper估计时间；原文词时间待MFA步骤
-tPCytz4rww$_$12,substitution,6,squire,7,square,False,1.52,1.94,1.52,1.94,,Whisper估计时间；原文词时间待MFA步骤
-tPCytz4rww$_$12,match,7,feet,8,feet,False,1.94,2.3,1.94,2.3,,Whisper估计时间；原文词时间待MFA步骤
-tPCytz4rww$_$12,match,8,and,9,and,False,2.64,2.68,2.64,2.68,,Whisper估计时间；原文词时间待MFA步骤
-tPCytz4rww$_$12,match,9,going,10,going,False,2.68,2.74,2.68,2.74,,Whisper估计时间；原文词时间待MFA步骤
-tPCytz4rww$_$12,match,10,to,11,to,False,2.74,2.82,2.74,2.82,,Whisper估计时间；原文词时间待MFA步骤
-tPCytz4rww$_$12,deletion_official,11,similar,,,False,,,,,,原文词时间待MFA步骤
-tPCytz4rww$_$12,substitution,12,in,12,be,False,2.82,2.92,2.82,2.92,,Whisper估计时间；原文词时间待MFA步骤
-tPCytz4rww$_$12,match,13,similar,13,similar,False,2.92,3.38,2.92,3.38,,Whisper估计时间；原文词时间待MFA步骤
-tPCytz4rww$_$12,match,14,with,14,with,False,3.38,5.68,3.38,5.68,very_long_duration_review,Whisper估计时间；原文词时间待MFA步骤
-tPCytz4rww$_$12,match,15,bedrooms,15,bedrooms,False,5.68,6.14,5.68,6.14,,Whisper估计时间；原文词时间待MFA步骤
-tPCytz4rww$_$12,match,16,and,16,and,False,6.14,6.38,6.14,6.38,,Whisper估计时间；原文词时间待MFA步骤
-tPCytz4rww$_$12,match,17,bathrooms,17,bathrooms,False,6.38,6.74,6.38,6.74,,Whisper估计时间；原文词时间待MFA步骤
-tPCytz4rww$_$12,match,18,as,18,as,False,6.74,7.0,6.74,7.0,,Whisper估计时间；原文词时间待MFA步骤
-tPCytz4rww$_$12,match,19,well,19,well,False,7.0,7.28,7.0,7.28,,Whisper估计时间；原文词时间待MFA步骤
-tPCytz4rww$_$12,match,20,and,20,and,False,7.92,8.1,7.92,8.1,,Whisper估计时间；原文词时间待MFA步骤
-tPCytz4rww$_$12,match,21,hopefully,21,hopefully,False,8.1,8.68,8.1,8.68,,Whisper估计时间；原文词时间待MFA步骤
-tPCytz4rww$_$12,match,22,the,22,the,False,8.68,9.24,8.68,9.24,,Whisper估计时间；原文词时间待MFA步骤
-tPCytz4rww$_$12,match,23,complexes,23,complexes,False,9.24,9.74,9.24,9.74,,Whisper估计时间；原文词时间待MFA步骤
-tPCytz4rww$_$12,match,24,have,24,have,False,9.74,10.04,9.74,10.04,,Whisper估计时间；原文词时间待MFA步骤
-tPCytz4rww$_$12,match,25,similar,25,similar,False,10.04,10.5,10.04,10.5,,Whisper估计时间；原文词时间待MFA步骤
-tPCytz4rww$_$12,match,26,amenities,26,amenities,False,10.5,11.02,10.5,11.02,,Whisper估计时间；原文词时间待MFA步骤
-tPCytz4rww$_$16,match,1,So,1,So,False,0.0,0.72,0.0,0.72,,Whisper估计时间；原文词时间待MFA步骤
-tPCytz4rww$_$16,match,2,make,2,make,False,0.78,1.08,0.78,1.08,,Whisper估计时间；原文词时间待MFA步骤
-tPCytz4rww$_$16,match,3,sure,3,sure,False,1.08,1.34,1.08,1.34,,Whisper估计时间；原文词时间待MFA步骤
-tPCytz4rww$_$16,match,4,to,4,to,False,1.34,1.74,1.34,1.74,,Whisper估计时间；原文词时间待MFA步骤
-tPCytz4rww$_$16,match,5,get,5,get,False,1.74,2.02,1.74,2.02,,Whisper估计时间；原文词时间待MFA步骤
-tPCytz4rww$_$16,match,6,a,6,a,False,2.02,2.16,2.02,2.16,,Whisper估计时间；原文词时间待MFA步骤
-tPCytz4rww$_$16,substitution,7,through,7,thorough,False,2.16,2.52,2.16,2.52,,Whisper估计时间；原文词时间待MFA步骤
-tPCytz4rww$_$16,match,8,or,8,or,False,3.72,3.96,3.72,3.96,,Whisper估计时间；原文词时间待MFA步骤
-tPCytz4rww$_$16,match,9,to,9,to,False,3.96,4.34,3.96,4.34,,Whisper估计时间；原文词时间待MFA步骤
-tPCytz4rww$_$16,match,10,do,10,do,False,4.34,4.54,4.34,4.54,,Whisper估计时间；原文词时间待MFA步骤
-tPCytz4rww$_$16,match,11,a,11,a,False,4.54,4.7,4.54,4.7,,Whisper估计时间；原文词时间待MFA步骤
-tPCytz4rww$_$16,substitution,12,through,12,thorough,False,4.7,5.02,4.7,5.02,,Whisper估计时间；原文词时间待MFA步骤
-tPCytz4rww$_$16,match,13,cleaning,13,cleaning,False,5.02,5.44,5.02,5.44,,Whisper估计时间；原文词时间待MFA步骤
-tPCytz4rww$_$16,match,14,of,14,of,False,5.44,5.92,5.44,5.92,,Whisper估计时间；原文词时间待MFA步骤
-tPCytz4rww$_$16,match,15,the,15,the,False,5.92,6.08,5.92,6.08,,Whisper估计时间；原文词时间待MFA步骤
-tPCytz4rww$_$16,match,16,property,16,property,False,6.08,6.48,6.08,6.48,,Whisper估计时间；原文词时间待MFA步骤
-tPCytz4rww$_$16,insertion_whisper,,,17,if,False,6.48,6.92,6.48,6.92,,Whisper估计时间；原文词时间待MFA步骤
-tPCytz4rww$_$16,insertion_whisper,,,18,you,False,6.92,7.02,6.92,7.02,,Whisper估计时间；原文词时间待MFA步骤
-tPCytz4rww$_$16,insertion_whisper,,,19,need,False,7.02,7.1,7.02,7.1,,Whisper估计时间；原文词时间待MFA步骤
-tPCytz4rww$_$18,insertion_whisper,,,1,out,False,0.0,0.2,0.0,0.2,,Whisper估计时间；原文词时间待MFA步骤
-tPCytz4rww$_$18,match,1,Do,2,do,False,0.42,0.66,0.42,0.66,,Whisper估计时间；原文词时间待MFA步骤
-tPCytz4rww$_$18,match,2,so,3,so,False,0.66,0.98,0.66,0.98,,Whisper估计时间；原文词时间待MFA步骤
-tPCytz4rww$_$18,match,3,and,4,and,False,1.34,1.62,1.34,1.62,,Whisper估计时间；原文词时间待MFA步骤
-tPCytz4rww$_$18,match,4,as,5,as,False,1.62,1.76,1.62,1.76,,Whisper估计时间；原文词时间待MFA步骤
-tPCytz4rww$_$18,match,5,well,6,well,False,1.76,2.06,1.76,2.06,,Whisper估计时间；原文词时间待MFA步骤
-tPCytz4rww$_$18,match,6,you'll,7,you'll,False,2.28,2.76,2.28,2.76,,Whisper估计时间；原文词时间待MFA步骤
-tPCytz4rww$_$18,match,7,also,8,also,False,2.76,3.02,2.76,3.02,,Whisper估计时间；原文词时间待MFA步骤
-tPCytz4rww$_$18,match,8,want,9,want,False,3.02,3.3,3.02,3.3,,Whisper估计时间；原文词时间待MFA步骤
-tPCytz4rww$_$18,match,9,to,10,to,False,3.3,3.56,3.3,3.56,,Whisper估计时间；原文词时间待MFA步骤
-tPCytz4rww$_$18,match,10,remove,11,remove,False,3.56,3.88,3.56,3.88,,Whisper估计时间；原文词时间待MFA步骤
-tPCytz4rww$_$18,match,11,any,12,any,False,3.88,4.1,3.88,4.1,,Whisper估计时间；原文词时间待MFA步骤
-tPCytz4rww$_$18,match,12,clutter,13,clutter,False,4.1,4.44,4.1,4.44,,Whisper估计时间；原文词时间待MFA步骤
-tPCytz4rww$_$18,match,13,from,14,from,False,4.44,4.68,4.44,4.68,,Whisper估计时间；原文词时间待MFA步骤
-tPCytz4rww$_$18,insertion_whisper,,,15,the,False,4.68,4.8,4.68,4.8,,Whisper估计时间；原文词时间待MFA步骤
-tPCytz4rww$_$18,insertion_whisper,,,16,home,False,4.8,4.96,4.8,4.96,,Whisper估计时间；原文词时间待MFA步骤
-tPCytz4rww$_$18,match,14,that,17,that,False,4.96,5.14,4.96,5.14,,Whisper估计时间；原文词时间待MFA步骤
-tPCytz4rww$_$18,match,15,you've,18,you've,False,5.14,5.34,5.14,5.34,,Whisper估计时间；原文词时间待MFA步骤
-tPCytz4rww$_$18,match,16,accumulated,19,accumulated,False,5.34,5.86,5.34,5.86,,Whisper估计时间；原文词时间待MFA步骤
-tPCytz4rww$_$18,insertion_whisper,,,20,over,False,5.86,6.54,5.86,6.54,,Whisper估计时间；原文词时间待MFA步骤
-tPCytz4rww$_$18,insertion_whisper,,,21,a,False,6.54,6.54,6.54,6.54,nonpositive_duration,Whisper估计时间；原文词时间待MFA步骤
-tPCytz4rww$_$18,insertion_whisper,,,22,period,False,6.54,6.54,6.54,6.54,nonpositive_duration,Whisper估计时间；原文词时间待MFA步骤
-tPCytz4rww$_$18,insertion_whisper,,,23,of,False,6.54,6.54,6.54,6.54,nonpositive_duration,Whisper估计时间；原文词时间待MFA步骤
-tPCytz4rww$_$18,insertion_whisper,,,24,time,False,6.54,6.54,6.54,6.54,nonpositive_duration,Whisper估计时间；原文词时间待MFA步骤
-vxjVxOeScU$_$4,match,1,You're,1,You're,False,0.0,0.68,0.0,0.68,,Whisper估计时间；原文词时间待MFA步骤
-vxjVxOeScU$_$4,match,2,going,2,going,False,0.68,0.7,0.68,0.7,very_short_duration_review,Whisper估计时间；原文词时间待MFA步骤
-vxjVxOeScU$_$4,match,3,to,3,to,False,0.7,0.82,0.7,0.82,,Whisper估计时间；原文词时间待MFA步骤
-vxjVxOeScU$_$4,match,4,talk,4,talk,False,0.82,1.04,0.82,1.04,,Whisper估计时间；原文词时间待MFA步骤
-vxjVxOeScU$_$4,match,5,about,5,about,False,1.04,1.5,1.04,1.5,,Whisper估计时间；原文词时间待MFA步骤
-vxjVxOeScU$_$4,match,6,their,6,their,False,1.5,2.02,1.5,2.02,,Whisper估计时间；原文词时间待MFA步骤
-vxjVxOeScU$_$4,match,7,life,7,life,False,2.02,2.56,2.02,2.56,,Whisper估计时间；原文词时间待MFA步骤
-vxjVxOeScU$_$4,match,8,their,8,their,False,3.0,3.1,3.0,3.1,,Whisper估计时间；原文词时间待MFA步骤
-vxjVxOeScU$_$4,match,9,marriage,9,marriage,False,3.1,3.78,3.1,3.78,,Whisper估计时间；原文词时间待MFA步骤
-vxjVxOeScU$_$4,match,10,and,10,and,False,4.52,4.82,4.52,4.82,,Whisper估计时间；原文词时间待MFA步骤
-vxjVxOeScU$_$4,match,11,usually,11,usually,False,4.82,5.28,4.82,5.28,,Whisper估计时间；原文词时间待MFA步骤
-vxjVxOeScU$_$4,match,12,how,12,how,False,5.28,5.78,5.28,5.78,,Whisper估计时间；原文词时间待MFA步骤
-vxjVxOeScU$_$4,match,13,amazing,13,amazing,False,5.78,6.2,5.78,6.2,,Whisper估计时间；原文词时间待MFA步骤
-vxjVxOeScU$_$4,match,14,it,14,it,False,6.2,6.52,6.2,6.52,,Whisper估计时间；原文词时间待MFA步骤
-vxjVxOeScU$_$4,match,15,is,15,is,False,6.52,6.74,6.52,6.74,,Whisper估计时间；原文词时间待MFA步骤
-vxjVxOeScU$_$4,match,16,that,16,that,False,6.74,6.94,6.74,6.94,,Whisper估计时间；原文词时间待MFA步骤
-vxjVxOeScU$_$4,match,17,they've,17,they've,False,6.94,7.18,6.94,7.18,,Whisper估计时间；原文词时间待MFA步骤
-vxjVxOeScU$_$4,match,18,stayed,18,stayed,False,7.18,7.4,7.18,7.4,,Whisper估计时间；原文词时间待MFA步骤
-vxjVxOeScU$_$4,match,19,together,19,together,False,7.4,7.84,7.4,7.84,,Whisper估计时间；原文词时间待MFA步骤
-vxjVxOeScU$_$4,match,20,this,20,this,False,7.84,8.1,7.84,8.1,,Whisper估计时间；原文词时间待MFA步骤
-vxjVxOeScU$_$4,match,21,long,21,long,False,8.1,8.46,8.1,8.46,,Whisper估计时间；原文词时间待MFA步骤
-wMB_hJL-3o$_$7,match,1,So,1,So,False,0.4600000000000011,0.8200000000000005,0.4600000000000011,0.8200000000000005,,Whisper估计时间；原文词时间待MFA步骤
-wMB_hJL-3o$_$7,match,2,if,2,if,False,0.8200000000000005,1.18,0.8200000000000005,1.18,,Whisper估计时间；原文词时间待MFA步骤
-wMB_hJL-3o$_$7,match,3,you,3,you,False,1.18,1.3,1.18,1.3,,Whisper估计时间；原文词时间待MFA步骤
-wMB_hJL-3o$_$7,match,4,have,4,have,False,1.3,1.46,1.3,1.46,,Whisper估计时间；原文词时间待MFA步骤
-wMB_hJL-3o$_$7,match,5,a,5,a,False,1.46,1.58,1.46,1.58,,Whisper估计时间；原文词时间待MFA步骤
-wMB_hJL-3o$_$7,match,6,loved,6,loved,False,1.58,1.72,1.58,1.72,,Whisper估计时间；原文词时间待MFA步骤
-wMB_hJL-3o$_$7,match,7,one,7,one,False,1.72,1.96,1.72,1.96,,Whisper估计时间；原文词时间待MFA步骤
-wMB_hJL-3o$_$7,match,8,who,8,who,False,1.96,2.16,1.96,2.16,,Whisper估计时间；原文词时间待MFA步骤
-wMB_hJL-3o$_$7,match,9,is,9,is,False,2.16,2.26,2.16,2.26,,Whisper估计时间；原文词时间待MFA步骤
-wMB_hJL-3o$_$7,match,10,depressed,10,depressed,False,2.26,2.74,2.26,2.74,,Whisper估计时间；原文词时间待MFA步骤
-wMB_hJL-3o$_$7,match,11,those,11,those,False,3.2,3.42,3.2,3.42,,Whisper估计时间；原文词时间待MFA步骤
-wMB_hJL-3o$_$7,match,12,are,12,are,False,3.42,3.56,3.42,3.56,,Whisper估计时间；原文词时间待MFA步骤
-wMB_hJL-3o$_$7,match,13,some,13,some,False,3.56,3.72,3.56,3.72,,Whisper估计时间；原文词时间待MFA步骤
-wMB_hJL-3o$_$7,match,14,of,14,of,False,3.72,3.84,3.72,3.84,,Whisper估计时间；原文词时间待MFA步骤
-wMB_hJL-3o$_$7,match,15,the,15,the,False,3.84,3.96,3.84,3.96,,Whisper估计时间；原文词时间待MFA步骤
-wMB_hJL-3o$_$7,match,16,things,16,things,False,3.96,4.16,3.96,4.16,,Whisper估计时间；原文词时间待MFA步骤
-wMB_hJL-3o$_$7,match,17,that,17,that,False,4.16,4.34,4.16,4.34,,Whisper估计时间；原文词时间待MFA步骤
-wMB_hJL-3o$_$7,match,18,you,18,you,False,4.34,4.5,4.34,4.5,,Whisper估计时间；原文词时间待MFA步骤
-wMB_hJL-3o$_$7,match,19,should,19,should,False,4.5,4.66,4.5,4.66,,Whisper估计时间；原文词时间待MFA步骤
-wMB_hJL-3o$_$7,match,20,think,20,think,False,4.66,4.84,4.66,4.84,,Whisper估计时间；原文词时间待MFA步骤
-wMB_hJL-3o$_$7,match,21,about,21,about,False,4.84,5.08,4.84,5.08,,Whisper估计时间；原文词时间待MFA步骤
-wMB_hJL-3o$_$7,match,22,doing,22,doing,False,5.08,5.42,5.08,5.42,,Whisper估计时间；原文词时间待MFA步骤
-wny0OAz3g8$_$1,insertion_whisper,,,1,to,False,0.0,0.18,0.0,0.18,,Whisper估计时间；原文词时间待MFA步骤
-wny0OAz3g8$_$1,insertion_whisper,,,2,join,False,0.18,0.42,0.18,0.42,,Whisper估计时间；原文词时间待MFA步骤
-wny0OAz3g8$_$1,match,1,And,3,And,False,0.54,0.64,0.54,0.64,,Whisper估计时间；原文词时间待MFA步骤
-wny0OAz3g8$_$1,match,2,because,4,because,False,0.64,0.92,0.64,0.92,,Whisper估计时间；原文词时间待MFA步骤
-wny0OAz3g8$_$1,match,3,they,5,they,False,0.92,1.08,0.92,1.08,,Whisper估计时间；原文词时间待MFA步骤
-wny0OAz3g8$_$1,match,4,couldn't,6,couldn't,False,1.08,1.34,1.08,1.34,,Whisper估计时间；原文词时间待MFA步骤
-wny0OAz3g8$_$1,match,5,join,7,join,False,1.34,1.54,1.34,1.54,,Whisper估计时间；原文词时间待MFA步骤
-wny0OAz3g8$_$1,match,6,unions,8,unions,False,1.54,1.9,1.54,1.9,,Whisper估计时间；原文词时间待MFA步骤
-wny0OAz3g8$_$1,match,7,many,9,many,False,2.18,2.32,2.18,2.32,,Whisper估计时间；原文词时间待MFA步骤
-wny0OAz3g8$_$1,match,8,Black,10,black,False,2.32,2.54,2.32,2.54,,Whisper估计时间；原文词时间待MFA步骤
-wny0OAz3g8$_$1,match,9,workers,11,workers,False,2.54,2.82,2.54,2.82,,Whisper估计时间；原文词时间待MFA步骤
-wny0OAz3g8$_$1,match,10,couldn't,12,couldn't,False,2.82,3.2,2.82,3.2,,Whisper估计时间；原文词时间待MFA步骤
-wny0OAz3g8$_$1,match,11,get,13,get,False,3.2,3.34,3.2,3.34,,Whisper估计时间；原文词时间待MFA步骤
-wny0OAz3g8$_$1,match,12,manufacturing,14,manufacturing,False,3.34,3.88,3.34,3.88,,Whisper估计时间；原文词时间待MFA步骤
-wny0OAz3g8$_$1,match,13,or,15,or,False,3.88,4.12,3.88,4.12,,Whisper估计时间；原文词时间待MFA步骤
-wny0OAz3g8$_$1,match,14,trade,16,trade,False,4.12,4.32,4.12,4.32,,Whisper估计时间；原文词时间待MFA步骤
-wny0OAz3g8$_$1,match,15,work,17,work,False,4.32,4.56,4.32,4.56,,Whisper估计时间；原文词时间待MFA步骤
-wny0OAz3g8$_$1,match,16,which,18,which,False,4.68,4.8,4.68,4.8,,Whisper估计时间；原文词时间待MFA步骤
-wny0OAz3g8$_$1,match,17,paid,19,paid,False,4.8,5.02,4.8,5.02,,Whisper估计时间；原文词时间待MFA步骤
-wny0OAz3g8$_$1,match,18,much,20,much,False,5.02,5.26,5.02,5.26,,Whisper估计时间；原文词时间待MFA步骤
-wny0OAz3g8$_$1,match,19,better,21,better,False,5.26,5.52,5.26,5.52,,Whisper估计时间；原文词时间待MFA步骤
-wny0OAz3g8$_$1,match,20,than,22,than,False,5.52,5.74,5.52,5.74,,Whisper估计时间；原文词时间待MFA步骤
-wny0OAz3g8$_$1,match,21,service,23,service,False,5.74,6.0,5.74,6.0,,Whisper估计时间；原文词时间待MFA步骤
-wny0OAz3g8$_$1,match,22,work,24,work,False,6.0,6.22,6.0,6.22,,Whisper估计时间；原文词时间待MFA步骤
-wny0OAz3g8$_$1,insertion_whisper,,,25,And,False,6.32,6.4,6.32,6.4,,Whisper估计时间；原文词时间待MFA步骤
-wny0OAz3g8$_$1,insertion_whisper,,,26,because,False,6.4,6.68,6.4,6.68,,Whisper估计时间；原文词时间待MFA步骤
-wny0OAz3g8$_$0,deletion_official,1,trade,,,False,,,,,,原文词时间待MFA步骤
-wny0OAz3g8$_$0,deletion_official,2,labor,,,False,,,,,,原文词时间待MFA步骤
-wny0OAz3g8$_$0,deletion_official,3,unions,,,False,,,,,,原文词时间待MFA步骤
-wny0OAz3g8$_$0,deletion_official,4,didn't,,,True,,,,,,原文词时间待MFA步骤
-wny0OAz3g8$_$0,match,5,allow,1,allow,False,1.08,1.62,1.08,1.62,,Whisper估计时间；原文词时间待MFA步骤
-wny0OAz3g8$_$0,match,6,Black,2,black,False,1.62,1.92,1.62,1.92,,Whisper估计时间；原文词时间待MFA步骤
-wny0OAz3g8$_$0,match,7,workers,3,workers,False,1.92,2.22,1.92,2.22,,Whisper估计时间；原文词时间待MFA步骤
-wny0OAz3g8$_$0,match,8,to,4,to,False,2.22,2.44,2.22,2.44,,Whisper估计时间；原文词时间待MFA步骤
-wny0OAz3g8$_$0,match,9,join,5,join,False,2.44,2.68,2.44,2.68,,Whisper估计时间；原文词时间待MFA步骤
-wny0OAz3g8$_$3,match,1,Which,1,which,False,0.0,0.58,0.0,0.58,,Whisper估计时间；原文词时间待MFA步骤
-wny0OAz3g8$_$3,match,2,then,2,then,False,0.58,0.88,0.58,0.88,,Whisper估计时间；原文词时间待MFA步骤
-wny0OAz3g8$_$3,match,3,allowed,3,allowed,False,0.88,1.1,0.88,1.1,,Whisper估计时间；原文词时间待MFA步骤
-wny0OAz3g8$_$3,match,4,the,4,the,False,1.1,1.26,1.1,1.26,,Whisper估计时间；原文词时间待MFA步骤
-wny0OAz3g8$_$3,match,5,white,5,white,False,1.26,1.4,1.26,1.4,,Whisper估计时间；原文词时间待MFA步骤
-wny0OAz3g8$_$3,match,6,workers,6,workers,False,1.4,1.7,1.4,1.7,,Whisper估计时间；原文词时间待MFA步骤
-wny0OAz3g8$_$3,match,7,and,7,and,False,1.7,1.86,1.7,1.86,,Whisper估计时间；原文词时间待MFA步骤
-wny0OAz3g8$_$3,match,8,unions,8,unions,False,1.86,2.1,1.86,2.1,,Whisper估计时间；原文词时间待MFA步骤
-wny0OAz3g8$_$3,match,9,to,9,to,False,2.1,2.36,2.1,2.36,,Whisper估计时间；原文词时间待MFA步骤
-wny0OAz3g8$_$3,match,10,justify,10,justify,False,2.36,2.76,2.36,2.76,,Whisper估计时间；原文词时间待MFA步骤
-wny0OAz3g8$_$3,match,11,their,11,their,False,2.76,2.98,2.76,2.98,,Whisper估计时间；原文词时间待MFA步骤
-wny0OAz3g8$_$3,match,12,decision,12,decision,False,2.98,3.22,2.98,3.22,,Whisper估计时间；原文词时间待MFA步骤
-wny0OAz3g8$_$3,match,13,to,13,to,False,3.22,3.46,3.22,3.46,,Whisper估计时间；原文词时间待MFA步骤
-wny0OAz3g8$_$3,match,14,not,14,not,False,3.46,3.66,3.46,3.66,,Whisper估计时间；原文词时间待MFA步骤
-wny0OAz3g8$_$3,match,15,allow,15,allow,False,3.66,3.98,3.66,3.98,,Whisper估计时间；原文词时间待MFA步骤
-wny0OAz3g8$_$3,match,16,black,16,black,False,3.98,4.2,3.98,4.2,,Whisper估计时间；原文词时间待MFA步骤
-wny0OAz3g8$_$3,match,17,workers,17,workers,False,4.2,4.6,4.2,4.6,,Whisper估计时间；原文词时间待MFA步骤
-wny0OAz3g8$_$3,match,18,into,18,into,False,4.6,4.96,4.6,4.96,,Whisper估计时间；原文词时间待MFA步骤
-wny0OAz3g8$_$3,match,19,their,19,their,False,4.96,5.16,4.96,5.16,,Whisper估计时间；原文词时间待MFA步骤
-wny0OAz3g8$_$3,match,20,union,20,union,False,5.16,5.52,5.16,5.52,,Whisper估计时间；原文词时间待MFA步骤
-wny0OAz3g8$_$3,insertion_whisper,,,21,The,False,5.7,5.76,5.7,5.76,,Whisper估计时间；原文词时间待MFA步骤
-wny0OAz3g8$_$3,insertion_whisper,,,22,prevailing,False,5.76,6.06,5.76,6.06,,Whisper估计时间；原文词时间待MFA步骤
-wny0OAz3g8$_$2,insertion_whisper,,,1,service,False,0.0,0.22,0.0,0.22,,Whisper估计时间；原文词时间待MFA步骤
-wny0OAz3g8$_$2,insertion_whisper,,,2,work,False,0.22,0.48,0.22,0.48,,Whisper估计时间；原文词时间待MFA步骤
-wny0OAz3g8$_$2,match,1,And,3,And,False,0.56,0.64,0.56,0.64,,Whisper估计时间；原文词时间待MFA步骤
-wny0OAz3g8$_$2,match,2,because,4,because,False,0.64,0.94,0.64,0.94,,Whisper估计时间；原文词时间待MFA步骤
-wny0OAz3g8$_$2,match,3,they,5,they,False,0.94,1.12,0.94,1.12,,Whisper估计时间；原文词时间待MFA步骤
-wny0OAz3g8$_$2,match,4,couldn't,6,couldn't,False,1.12,1.32,1.12,1.32,,Whisper估计时间；原文词时间待MFA步骤
-wny0OAz3g8$_$2,match,5,get,7,get,False,1.32,1.44,1.32,1.44,,Whisper估计时间；原文词时间待MFA步骤
-wny0OAz3g8$_$2,match,6,these,8,these,False,1.44,1.62,1.44,1.62,,Whisper估计时间；原文词时间待MFA步骤
-wny0OAz3g8$_$2,match,7,jobs,9,jobs,False,1.62,1.96,1.62,1.96,,Whisper估计时间；原文词时间待MFA步骤
-wny0OAz3g8$_$2,match,8,Black,10,black,False,2.34,2.36,2.34,2.36,,Whisper估计时间；原文词时间待MFA步骤
-wny0OAz3g8$_$2,match,9,communities,11,communities,False,2.36,2.64,2.36,2.64,,Whisper估计时间；原文词时间待MFA步骤
-wny0OAz3g8$_$2,match,10,had,12,had,False,2.64,2.9,2.64,2.9,,Whisper估计时间；原文词时间待MFA步骤
-wny0OAz3g8$_$2,match,11,more,13,more,False,2.9,3.08,2.9,3.08,,Whisper估计时间；原文词时间待MFA步骤
-wny0OAz3g8$_$2,match,12,men,14,men,False,3.08,3.24,3.08,3.24,,Whisper估计时间；原文词时间待MFA步骤
-wny0OAz3g8$_$2,match,13,out,15,out,False,3.24,3.38,3.24,3.38,,Whisper估计时间；原文词时间待MFA步骤
-wny0OAz3g8$_$2,match,14,of,16,of,False,3.38,3.48,3.38,3.48,,Whisper估计时间；原文词时间待MFA步骤
-wny0OAz3g8$_$2,match,15,work,17,work,False,3.48,3.68,3.48,3.68,,Whisper估计时间；原文词时间待MFA步骤
-wny0OAz3g8$_$2,match,16,higher,18,higher,False,4.02,4.16,4.02,4.16,,Whisper估计时间；原文词时间待MFA步骤
-wny0OAz3g8$_$2,match,17,rates,19,rates,False,4.16,4.36,4.16,4.36,,Whisper估计时间；原文词时间待MFA步骤
-wny0OAz3g8$_$2,match,18,of,20,of,False,4.36,4.48,4.36,4.48,,Whisper估计时间；原文词时间待MFA步骤
-wny0OAz3g8$_$2,match,19,poverty,21,poverty,False,4.48,4.78,4.48,4.78,,Whisper估计时间；原文词时间待MFA步骤
-wny0OAz3g8$_$2,match,20,and,22,and,False,4.96,5.06,4.96,5.06,,Whisper估计时间；原文词时间待MFA步骤
-wny0OAz3g8$_$2,match,21,more,23,more,False,5.06,5.22,5.06,5.22,,Whisper估计时间；原文词时间待MFA步骤
-wny0OAz3g8$_$2,match,22,criminal,24,criminal,False,5.22,5.52,5.22,5.52,,Whisper估计时间；原文词时间待MFA步骤
-wny0OAz3g8$_$2,match,23,behavior,25,behavior,False,5.52,5.88,5.52,5.88,,Whisper估计时间；原文词时间待MFA步骤
-wny0OAz3g8$_$5,match,1,This,1,This,False,0.0,0.68,0.0,0.68,,Whisper估计时间；原文词时间待MFA步骤
-wny0OAz3g8$_$5,match,2,is,2,is,False,0.68,0.84,0.68,0.84,,Whisper估计时间；原文词时间待MFA步骤
-wny0OAz3g8$_$5,match,3,what's,3,what's,False,0.84,1.1,0.84,1.1,,Whisper估计时间；原文词时间待MFA步骤
-wny0OAz3g8$_$5,match,4,now,4,now,False,1.1,1.24,1.1,1.24,,Whisper估计时间；原文词时间待MFA步骤
-wny0OAz3g8$_$5,match,5,known,5,known,False,1.24,1.44,1.24,1.44,,Whisper估计时间；原文词时间待MFA步骤
-wny0OAz3g8$_$5,match,6,as,6,as,False,1.44,1.66,1.44,1.66,,Whisper估计时间；原文词时间待MFA步骤
-wny0OAz3g8$_$5,match,7,racial,7,racial,False,1.66,1.92,1.66,1.92,,Whisper估计时间；原文词时间待MFA步骤
-wny0OAz3g8$_$5,match,8,formation,8,formation,False,1.92,2.28,1.92,2.28,,Whisper估计时间；原文词时间待MFA步骤
-wny0OAz3g8$_$5,match,9,theory,9,theory,False,2.28,2.76,2.28,2.76,,Whisper估计时间；原文词时间待MFA步骤
-wny0OAz3g8$_$5,match,10,a,10,a,False,3.12,3.16,3.12,3.16,,Whisper估计时间；原文词时间待MFA步骤
-wny0OAz3g8$_$5,match,11,theory,11,theory,False,3.16,3.3,3.16,3.3,,Whisper估计时间；原文词时间待MFA步骤
-wny0OAz3g8$_$5,match,12,formalized,12,formalized,False,3.3,3.86,3.3,3.86,,Whisper估计时间；原文词时间待MFA步骤
-wny0OAz3g8$_$5,match,13,by,13,by,False,3.86,4.04,3.86,4.04,,Whisper估计时间；原文词时间待MFA步骤
-wny0OAz3g8$_$5,match,14,modern,14,modern,False,4.04,4.3,4.04,4.3,,Whisper估计时间；原文词时间待MFA步骤
-wny0OAz3g8$_$5,match,15,sociologists,15,sociologists,False,4.3,4.86,4.3,4.86,,Whisper估计时间；原文词时间待MFA步骤
-wny0OAz3g8$_$5,match,16,Michael,16,Michael,False,4.86,5.1,4.86,5.1,,Whisper估计时间；原文词时间待MFA步骤
-wny0OAz3g8$_$5,match,17,Omi,17,Omi,False,5.1,5.44,5.1,5.44,,Whisper估计时间；原文词时间待MFA步骤
-wny0OAz3g8$_$5,match,18,and,18,and,False,5.44,5.62,5.44,5.62,,Whisper估计时间；原文词时间待MFA步骤
-wny0OAz3g8$_$5,match,19,Howard,19,Howard,False,5.62,5.88,5.62,5.88,,Whisper估计时间；原文词时间待MFA步骤
-wny0OAz3g8$_$5,match,20,Winant,20,Winant,False,5.88,6.16,5.88,6.16,,Whisper估计时间；原文词时间待MFA步骤
-wny0OAz3g8$_$7,insertion_whisper,,,1,forces,False,0.0,0.44,0.0,0.44,,Whisper估计时间；原文词时间待MFA步骤
-wny0OAz3g8$_$7,match,1,Omi,2,Omi,False,0.62,0.72,0.62,0.72,,Whisper估计时间；原文词时间待MFA步骤
-wny0OAz3g8$_$7,match,2,and,3,and,False,0.72,0.84,0.72,0.84,,Whisper估计时间；原文词时间待MFA步骤
-wny0OAz3g8$_$7,match,3,Winant,4,Winant,False,0.84,1.0,0.84,1.0,,Whisper估计时间；原文词时间待MFA步骤
-wny0OAz3g8$_$7,match,4,argue,5,argue,False,1.0,1.26,1.0,1.26,,Whisper估计时间；原文词时间待MFA步骤
-wny0OAz3g8$_$7,match,5,that,6,that,False,1.26,1.44,1.26,1.44,,Whisper估计时间；原文词时间待MFA步骤
-wny0OAz3g8$_$7,match,6,the,7,the,False,1.44,1.54,1.44,1.54,,Whisper估计时间；原文词时间待MFA步骤
-wny0OAz3g8$_$7,match,7,concept,8,concept,False,1.54,1.84,1.54,1.84,,Whisper估计时间；原文词时间待MFA步骤
-wny0OAz3g8$_$7,match,8,of,9,of,False,1.84,2.02,1.84,2.02,,Whisper估计时间；原文词时间待MFA步骤
-wny0OAz3g8$_$7,match,9,race,10,race,False,2.02,2.2,2.02,2.2,,Whisper估计时间；原文词时间待MFA步骤
-wny0OAz3g8$_$7,match,10,came,11,came,False,2.2,2.44,2.2,2.44,,Whisper估计时间；原文词时间待MFA步骤
-wny0OAz3g8$_$7,match,11,about,12,about,False,2.44,2.64,2.44,2.64,,Whisper估计时间；原文词时间待MFA步骤
-wny0OAz3g8$_$7,match,12,as,13,as,False,2.64,2.84,2.64,2.84,,Whisper估计时间；原文词时间待MFA步骤
-wny0OAz3g8$_$7,match,13,a,14,a,False,2.84,2.9,2.84,2.9,,Whisper估计时间；原文词时间待MFA步骤
-wny0OAz3g8$_$7,match,14,tool,15,tool,False,2.9,3.1,2.9,3.1,,Whisper估计时间；原文词时间待MFA步骤
-wny0OAz3g8$_$7,match,15,to,16,to,False,3.1,3.28,3.1,3.28,,Whisper估计时间；原文词时间待MFA步骤
-wny0OAz3g8$_$7,match,16,justify,17,justify,False,3.28,3.72,3.28,3.72,,Whisper估计时间；原文词时间待MFA步骤
-wny0OAz3g8$_$7,match,17,and,18,and,False,3.72,3.96,3.72,3.96,,Whisper估计时间；原文词时间待MFA步骤
-wny0OAz3g8$_$7,match,18,maintain,19,maintain,False,3.96,4.36,3.96,4.36,,Whisper估计时间；原文词时间待MFA步骤
-wny0OAz3g8$_$7,match,19,the,20,the,False,4.36,4.6,4.36,4.6,,Whisper估计时间；原文词时间待MFA步骤
-wny0OAz3g8$_$7,match,20,economic,21,economic,False,4.6,4.98,4.6,4.98,,Whisper估计时间；原文词时间待MFA步骤
-wny0OAz3g8$_$7,match,21,and,22,and,False,4.98,5.2,4.98,5.2,,Whisper估计时间；原文词时间待MFA步骤
-wny0OAz3g8$_$7,match,22,political,23,political,False,5.2,5.5,5.2,5.5,,Whisper估计时间；原文词时间待MFA步骤
-wny0OAz3g8$_$7,match,23,power,24,power,False,5.5,5.9,5.5,5.9,,Whisper估计时间；原文词时间待MFA步骤
-wny0OAz3g8$_$7,match,24,held,25,held,False,5.9,6.18,5.9,6.18,,Whisper估计时间；原文词时间待MFA步骤
-wny0OAz3g8$_$7,match,25,by,26,by,False,6.18,6.38,6.18,6.38,,Whisper估计时间；原文词时间待MFA步骤
-wny0OAz3g8$_$7,match,26,those,27,those,False,6.38,6.5,6.38,6.5,,Whisper估计时间；原文词时间待MFA步骤
-wny0OAz3g8$_$7,match,27,of,28,of,False,6.5,6.66,6.5,6.66,,Whisper估计时间；原文词时间待MFA步骤
-wny0OAz3g8$_$7,match,28,European,29,European,False,6.66,7.0,6.66,7.0,,Whisper估计时间；原文词时间待MFA步骤
-wny0OAz3g8$_$7,match,29,descent,30,descent,False,7.0,7.4,7.0,7.4,,Whisper估计时间；原文词时间待MFA步骤
-wny0OAz3g8$_$7,insertion_whisper,,,31,Another,False,7.64,7.78,7.64,7.78,,Whisper估计时间；原文词时间待MFA步骤
-wny0OAz3g8$_$9,insertion_whisper,,,1,Wilson,False,0.0,0.38,0.0,0.38,,Whisper估计时间；原文词时间待MFA步骤
-wny0OAz3g8$_$9,match,1,He,2,He,False,0.54,0.62,0.54,0.62,,Whisper估计时间；原文词时间待MFA步骤
-wny0OAz3g8$_$9,match,2,explores,3,explores,False,0.62,0.92,0.62,0.92,,Whisper估计时间；原文词时间待MFA步骤
-wny0OAz3g8$_$9,match,3,why,4,why,False,0.92,1.16,0.92,1.16,,Whisper估计时间；原文词时间待MFA步骤
-wny0OAz3g8$_$9,match,4,Black,5,black,False,1.16,1.32,1.16,1.32,,Whisper估计时间；原文词时间待MFA步骤
-wny0OAz3g8$_$9,match,5,and,6,and,False,1.32,1.46,1.32,1.46,,Whisper估计时间；原文词时间待MFA步骤
-wny0OAz3g8$_$9,match,6,White,7,white,False,1.46,1.6,1.46,1.6,,Whisper估计时间；原文词时间待MFA步骤
-wny0OAz3g8$_$9,match,7,Americans,8,Americans,False,1.6,1.96,1.6,1.96,,Whisper估计时间；原文词时间待MFA步骤
-wny0OAz3g8$_$9,match,8,tend,9,tend,False,1.96,2.22,1.96,2.22,,Whisper估计时间；原文词时间待MFA步骤
-wny0OAz3g8$_$9,match,9,to,10,to,False,2.22,2.36,2.22,2.36,,Whisper估计时间；原文词时间待MFA步骤
-wny0OAz3g8$_$9,match,10,have,11,have,False,2.36,2.52,2.36,2.52,,Whisper估计时间；原文词时间待MFA步骤
-wny0OAz3g8$_$9,match,11,such,12,such,False,2.52,2.68,2.52,2.68,,Whisper估计时间；原文词时间待MFA步骤
-wny0OAz3g8$_$9,match,12,different,13,different,False,2.68,3.08,2.68,3.08,,Whisper估计时间；原文词时间待MFA步骤
-wny0OAz3g8$_$9,match,13,outcomes,14,outcomes,False,3.08,3.54,3.08,3.54,,Whisper估计时间；原文词时间待MFA步骤
-wny0OAz3g8$_$9,match,14,in,15,in,False,3.54,3.8,3.54,3.8,,Whisper估计时间；原文词时间待MFA步骤
-wny0OAz3g8$_$9,match,15,terms,16,terms,False,3.8,3.92,3.8,3.92,,Whisper估计时间；原文词时间待MFA步骤
-wny0OAz3g8$_$9,match,16,of,17,of,False,3.92,4.06,3.92,4.06,,Whisper估计时间；原文词时间待MFA步骤
-wny0OAz3g8$_$9,match,17,income,18,income,False,4.06,4.44,4.06,4.44,,Whisper估计时间；原文词时间待MFA步骤
-wny0OAz3g8$_$9,match,18,education,19,education,False,4.62,4.98,4.62,4.98,,Whisper估计时间；原文词时间待MFA步骤
-wny0OAz3g8$_$9,match,19,and,20,and,False,5.2,5.26,5.2,5.26,,Whisper估计时间；原文词时间待MFA步骤
-wny0OAz3g8$_$9,match,20,more,21,more,False,5.26,5.48,5.26,5.48,,Whisper估计时间；原文词时间待MFA步骤
-571d8cVauQ$_$0,match,1,This,1,This,False,0.6999999999999995,1.18,0.6999999999999995,1.18,,Whisper估计时间；原文词时间待MFA步骤
-571d8cVauQ$_$0,match,2,is,2,is,False,1.18,1.3,1.18,1.3,,Whisper估计时间；原文词时间待MFA步骤
-571d8cVauQ$_$0,match,3,Rhett,3,Rhett,False,1.3,1.52,1.3,1.52,,Whisper估计时间；原文词时间待MFA步骤
-571d8cVauQ$_$0,match,4,Reiger,4,Reiger,False,1.52,1.84,1.52,1.84,,Whisper估计时间；原文词时间待MFA步骤
-571d8cVauQ$_$0,match,5,White,5,White,False,2.02,2.12,2.02,2.12,,Whisper估计时间；原文词时间待MFA步骤
-571d8cVauQ$_$0,match,6,Caspian,6,Caspian,False,2.12,2.56,2.12,2.56,,Whisper估计时间；原文词时间待MFA步骤
-571d8cVauQ$_$0,match,7,Studios,7,Studios,False,2.56,2.9,2.56,2.9,,Whisper估计时间；原文词时间待MFA步骤
-571d8cVauQ$_$0,match,8,on,8,on,False,3.14,3.24,3.14,3.24,,Whisper估计时间；原文词时间待MFA步骤
-571d8cVauQ$_$0,match,9,behalf,9,behalf,False,3.24,3.46,3.24,3.46,,Whisper估计时间；原文词时间待MFA步骤
-571d8cVauQ$_$0,match,10,of,10,of,False,3.46,3.68,3.46,3.68,,Whisper估计时间；原文词时间待MFA步骤
-571d8cVauQ$_$0,match,11,Expert,11,Expert,False,3.68,3.96,3.68,3.96,,Whisper估计时间；原文词时间待MFA步骤
-571d8cVauQ$_$0,match,12,Village,12,Village,False,3.96,4.38,3.96,4.38,,Whisper估计时间；原文词时间待MFA步骤
-571d8cVauQ$_$5,match,1,So,1,So,False,0.0,0.64,0.0,0.64,,Whisper估计时间；原文词时间待MFA步骤
-571d8cVauQ$_$5,match,2,very,2,very,False,0.64,0.94,0.64,0.94,,Whisper估计时间；原文词时间待MFA步骤
-571d8cVauQ$_$5,match,3,important,3,important,False,0.94,1.26,0.94,1.26,,Whisper估计时间；原文词时间待MFA步骤
-571d8cVauQ$_$5,match,4,to,4,to,False,1.26,1.48,1.26,1.48,,Whisper估计时间；原文词时间待MFA步骤
-571d8cVauQ$_$5,match,5,go,5,go,False,1.48,1.74,1.48,1.74,,Whisper估计时间；原文词时间待MFA步骤
-571d8cVauQ$_$5,match,6,out,6,out,False,1.74,2.04,1.74,2.04,,Whisper估计时间；原文词时间待MFA步骤
-571d8cVauQ$_$5,match,7,to,7,to,False,2.04,2.6,2.04,2.6,,Whisper估计时间；原文词时间待MFA步骤
-571d8cVauQ$_$5,match,8,the,8,the,False,2.6,2.74,2.6,2.74,,Whisper估计时间；原文词时间待MFA步骤
-571d8cVauQ$_$5,match,9,locations,9,locations,False,2.74,3.3,2.74,3.3,,Whisper估计时间；原文词时间待MFA步骤
-571d8cVauQ$_$5,match,10,walk,10,walk,False,3.3,4.0,3.3,4.0,,Whisper估计时间；原文词时间待MFA步骤
-571d8cVauQ$_$5,match,11,around,11,around,False,4.0,4.4,4.0,4.4,,Whisper估计时间；原文词时间待MFA步骤
-571d8cVauQ$_$5,match,12,talk,12,talk,False,4.66,4.9,4.66,4.9,,Whisper估计时间；原文词时间待MFA步骤
-571d8cVauQ$_$5,match,13,with,13,with,False,4.9,5.1,4.9,5.1,,Whisper估计时间；原文词时间待MFA步骤
-571d8cVauQ$_$5,match,14,the,14,the,False,5.1,5.24,5.1,5.24,,Whisper估计时间；原文词时间待MFA步骤
-571d8cVauQ$_$5,match,15,owners,15,owners,False,5.24,5.48,5.24,5.48,,Whisper估计时间；原文词时间待MFA步骤
-571d8cVauQ$_$5,match,16,if,16,if,False,5.48,5.7,5.48,5.7,,Whisper估计时间；原文词时间待MFA步骤
-571d8cVauQ$_$5,match,17,you,17,you,False,5.7,5.86,5.7,5.86,,Whisper估计时间；原文词时间待MFA步骤
-571d8cVauQ$_$5,match,18,can,18,can,False,5.86,6.14,5.86,6.14,,Whisper估计时间；原文词时间待MFA步骤
-571d8cVauQ$_$5,match,19,tell,19,tell,False,6.4,6.62,6.4,6.62,,Whisper估计时间；原文词时间待MFA步骤
-571d8cVauQ$_$5,match,20,them,20,them,False,6.62,6.8,6.62,6.8,,Whisper估计时间；原文词时间待MFA步骤
-571d8cVauQ$_$5,match,21,what,21,what,False,6.8,6.94,6.8,6.94,,Whisper估计时间；原文词时间待MFA步骤
-571d8cVauQ$_$5,match,22,you're,22,you're,False,6.94,7.12,6.94,7.12,,Whisper估计时间；原文词时间待MFA步骤
-571d8cVauQ$_$5,match,23,doing,23,doing,False,7.12,7.4,7.12,7.4,,Whisper估计时间；原文词时间待MFA步骤
-571d8cVauQ$_$5,match,24,build,24,build,False,7.52,7.86,7.52,7.86,,Whisper估计时间；原文词时间待MFA步骤
-571d8cVauQ$_$5,match,25,a,25,a,False,7.86,8.02,7.86,8.02,,Whisper估计时间；原文词时间待MFA步骤
-571d8cVauQ$_$5,match,26,little,26,little,False,8.02,8.2,8.02,8.2,,Whisper估计时间；原文词时间待MFA步骤
-571d8cVauQ$_$5,match,27,excitement,27,excitement,False,8.2,8.7,8.2,8.7,,Whisper估计时间；原文词时间待MFA步骤
-571d8cVauQ$_$5,match,28,put,28,put,False,9.12,9.52,9.12,9.52,,Whisper估计时间；原文词时间待MFA步骤
-571d8cVauQ$_$5,match,29,a,29,a,False,9.52,9.62,9.52,9.62,,Whisper估计时间；原文词时间待MFA步骤
-571d8cVauQ$_$5,match,30,little,30,little,False,9.62,9.8,9.62,9.8,,Whisper估计时间；原文词时间待MFA步骤
-571d8cVauQ$_$5,match,31,glitz,31,glitz,False,9.8,10.1,9.8,10.1,,Whisper估计时间；原文词时间待MFA步骤
-571d8cVauQ$_$5,match,32,on,32,on,False,10.1,10.32,10.1,10.32,,Whisper估计时间；原文词时间待MFA步骤
-571d8cVauQ$_$5,match,33,there,33,there,False,10.32,10.6,10.32,10.6,,Whisper估计时间；原文词时间待MFA步骤
-571d8cVauQ$_$5,match,34,and,34,and,False,10.88,11.36,10.88,11.36,,Whisper估计时间；原文词时间待MFA步骤
-571d8cVauQ$_$5,match,35,let,35,let,False,11.36,11.66,11.36,11.66,,Whisper估计时间；原文词时间待MFA步骤
-571d8cVauQ$_$5,match,36,everybody,36,everybody,False,11.66,11.9,11.66,11.9,,Whisper估计时间；原文词时间待MFA步骤
-571d8cVauQ$_$5,substitution,37,knows,37,know,False,11.9,12.3,11.9,12.3,,Whisper估计时间；原文词时间待MFA步骤
-571d8cVauQ$_$5,match,38,this,38,this,False,12.3,12.86,12.3,12.86,,Whisper估计时间；原文词时间待MFA步骤
-571d8cVauQ$_$5,match,39,is,39,is,False,12.86,13.04,12.86,13.04,,Whisper估计时间；原文词时间待MFA步骤
-571d8cVauQ$_$5,match,40,a,40,a,False,13.04,13.22,13.04,13.22,,Whisper估计时间；原文词时间待MFA步骤
-571d8cVauQ$_$5,match,41,very,41,very,False,13.22,13.54,13.22,13.54,,Whisper估计时间；原文词时间待MFA步骤
-571d8cVauQ$_$5,match,42,valuable,42,valuable,False,13.54,14.04,13.54,14.04,,Whisper估计时间；原文词时间待MFA步骤
-571d8cVauQ$_$5,match,43,spot,43,spot,False,14.04,14.48,14.04,14.48,,Whisper估计时间；原文词时间待MFA步骤
-571d8cVauQ$_$5,insertion_whisper,,,44,This,False,14.68,14.78,14.68,14.78,,Whisper估计时间；原文词时间待MFA步骤
-571d8cVauQ$_$5,insertion_whisper,,,45,is,False,14.78,14.98,14.78,14.98,,Whisper估计时间；原文词时间待MFA步骤
-571d8cVauQ$_$5,insertion_whisper,,,46,going,False,14.98,15.08,14.98,15.08,,Whisper估计时间；原文词时间待MFA步骤
-571d8cVauQ$_$5,insertion_whisper,,,47,to,False,15.08,15.08,15.08,15.08,nonpositive_duration,Whisper估计时间；原文词时间待MFA步骤
-I_e4mIh0yE$_$1,match,1,In,1,In,False,0.0,0.86,0.0,0.86,,Whisper估计时间；原文词时间待MFA步骤
-I_e4mIh0yE$_$1,match,2,the,2,the,False,0.86,1.0,0.86,1.0,,Whisper估计时间；原文词时间待MFA步骤
-I_e4mIh0yE$_$1,match,3,United,3,United,False,1.0,1.18,1.0,1.18,,Whisper估计时间；原文词时间待MFA步骤
-I_e4mIh0yE$_$1,match,4,States,4,States,False,1.18,1.54,1.18,1.54,,Whisper估计时间；原文词时间待MFA步骤
-I_e4mIh0yE$_$1,match,5,we,5,we,False,1.54,1.76,1.54,1.76,,Whisper估计时间；原文词时间待MFA步骤
-I_e4mIh0yE$_$1,match,6,don't,6,don't,False,1.76,2.2,1.76,2.2,,Whisper估计时间；原文词时间待MFA步骤
-I_e4mIh0yE$_$1,match,7,punish,7,punish,False,2.2,2.54,2.2,2.54,,Whisper估计时间；原文词时间待MFA步骤
-I_e4mIh0yE$_$1,match,8,failure,8,failure,False,2.54,3.08,2.54,3.08,,Whisper估计时间；原文词时间待MFA步骤
-I_e4mIh0yE$_$1,match,9,to,9,to,False,3.08,3.64,3.08,3.64,,Whisper估计时间；原文词时间待MFA步骤
-I_e4mIh0yE$_$1,match,10,the,10,the,False,3.64,3.76,3.64,3.76,,Whisper估计时间；原文词时间待MFA步骤
-I_e4mIh0yE$_$1,match,11,degree,11,degree,False,3.76,4.08,3.76,4.08,,Whisper估计时间；原文词时间待MFA步骤
-I_e4mIh0yE$_$1,match,12,to,12,to,False,4.08,4.34,4.08,4.34,,Whisper估计时间；原文词时间待MFA步骤
-I_e4mIh0yE$_$1,match,13,which,13,which,False,4.34,4.68,4.34,4.68,,Whisper估计时间；原文词时间待MFA步骤
-I_e4mIh0yE$_$1,match,14,failure,14,failure,False,4.68,5.16,4.68,5.16,,Whisper估计时间；原文词时间待MFA步骤
-I_e4mIh0yE$_$1,match,15,is,15,is,False,5.16,5.42,5.16,5.42,,Whisper估计时间；原文词时间待MFA步骤
-I_e4mIh0yE$_$1,match,16,punished,16,punished,False,5.42,5.74,5.42,5.74,,Whisper估计时间；原文词时间待MFA步骤
-I_e4mIh0yE$_$1,match,17,in,17,in,False,5.74,6.42,5.74,6.42,,Whisper估计时间；原文词时间待MFA步骤
-I_e4mIh0yE$_$1,match,18,Europe,18,Europe,False,6.42,6.8,6.42,6.8,,Whisper估计时间；原文词时间待MFA步骤
-I_e4mIh0yE$_$3,match,1,It's,1,It's,False,0.0,0.84,0.0,0.84,,Whisper估计时间；原文词时间待MFA步骤
-I_e4mIh0yE$_$3,match,2,perceived,2,perceived,False,0.84,1.32,0.84,1.32,,Whisper估计时间；原文词时间待MFA步骤
-I_e4mIh0yE$_$3,match,3,that,3,that,False,1.32,3.18,1.32,3.18,very_long_duration_review,Whisper估计时间；原文词时间待MFA步骤
-I_e4mIh0yE$_$3,deletion_official,4,you,,,False,,,,,,原文词时间待MFA步骤
-I_e4mIh0yE$_$3,substitution,5,have,4,you've,False,3.18,3.36,3.18,3.36,,Whisper估计时间；原文词时间待MFA步骤
-I_e4mIh0yE$_$3,match,6,actually,5,actually,False,3.36,3.64,3.36,3.64,,Whisper估计时间；原文词时间待MFA步骤
-I_e4mIh0yE$_$3,match,7,learned,6,learned,False,3.64,3.96,3.64,3.96,,Whisper估计时间；原文词时间待MFA步骤
-I_e4mIh0yE$_$3,match,8,something,7,something,False,3.96,4.66,3.96,4.66,,Whisper估计时间；原文词时间待MFA步骤
-I_e4mIh0yE$_$3,match,9,over,8,over,False,4.66,5.58,4.66,5.58,,Whisper估计时间；原文词时间待MFA步骤
-I_e4mIh0yE$_$3,match,10,the,9,the,False,5.58,5.72,5.58,5.72,,Whisper估计时间；原文词时间待MFA步骤
-I_e4mIh0yE$_$3,match,11,course,10,course,False,5.72,5.86,5.72,5.86,,Whisper估计时间；原文词时间待MFA步骤
-I_e4mIh0yE$_$3,match,12,of,11,of,False,5.86,6.06,5.86,6.06,,Whisper估计时间；原文词时间待MFA步骤
-I_e4mIh0yE$_$3,match,13,your,12,your,False,6.06,6.16,6.06,6.16,,Whisper估计时间；原文词时间待MFA步骤
-I_e4mIh0yE$_$3,substitution,14,carreer,13,career,False,6.16,6.42,6.16,6.42,,Whisper估计时间；原文词时间待MFA步骤
-I_e4mIh0yE$_$3,match,15,and,14,and,False,6.42,6.54,6.42,6.54,,Whisper估计时间；原文词时间待MFA步骤
-I_e4mIh0yE$_$3,match,16,that,15,that,False,6.54,6.66,6.54,6.66,,Whisper估计时间；原文词时间待MFA步骤
-I_e4mIh0yE$_$3,match,17,you,16,you,False,6.66,6.8,6.66,6.8,,Whisper估计时间；原文词时间待MFA步骤
-I_e4mIh0yE$_$3,match,18,won't,17,won't,False,6.8,7.04,6.8,7.04,,Whisper估计时间；原文词时间待MFA步骤
-I_e4mIh0yE$_$3,match,19,make,18,make,False,7.04,7.44,7.04,7.44,,Whisper估计时间；原文词时间待MFA步骤
-I_e4mIh0yE$_$3,match,20,the,19,the,False,7.44,7.62,7.44,7.62,,Whisper估计时间；原文词时间待MFA步骤
-I_e4mIh0yE$_$3,match,21,mistake,20,mistake,False,7.62,7.9,7.62,7.9,,Whisper估计时间；原文词时间待MFA步骤
-I_e4mIh0yE$_$3,match,22,twice,21,twice,False,7.9,8.34,7.9,8.34,,Whisper估计时间；原文词时间待MFA步骤
-UacrmKiTn4$_$10,match,1,Because,1,because,False,0.0,0.58,0.0,0.58,,Whisper估计时间；原文词时间待MFA步骤
-UacrmKiTn4$_$10,match,2,if,2,if,False,0.58,0.96,0.58,0.96,,Whisper估计时间；原文词时间待MFA步骤
-UacrmKiTn4$_$10,match,3,they,3,they,False,0.96,1.16,0.96,1.16,,Whisper估计时间；原文词时间待MFA步骤
-UacrmKiTn4$_$10,match,4,are,4,are,False,1.16,1.3,1.16,1.3,,Whisper估计时间；原文词时间待MFA步骤
-UacrmKiTn4$_$10,match,5,not,5,not,False,1.3,1.66,1.3,1.66,,Whisper估计时间；原文词时间待MFA步骤
-UacrmKiTn4$_$10,match,6,in,6,in,False,1.66,2.28,1.66,2.28,,Whisper估计时间；原文词时间待MFA步骤
-UacrmKiTn4$_$10,match,7,any,7,any,False,2.28,2.58,2.28,2.58,,Whisper估计时间；原文词时间待MFA步骤
-UacrmKiTn4$_$10,match,8,way,8,way,False,2.58,2.76,2.58,2.76,,Whisper估计时间；原文词时间待MFA步骤
-UacrmKiTn4$_$10,match,9,held,9,held,False,2.76,3.04,2.76,3.04,,Whisper估计时间；原文词时间待MFA步骤
-UacrmKiTn4$_$10,match,10,accountable,10,accountable,False,3.04,3.68,3.04,3.68,,Whisper估计时间；原文词时间待MFA步骤
-UacrmKiTn4$_$10,match,11,for,11,for,False,3.68,4.16,3.68,4.16,,Whisper估计时间；原文词时间待MFA步骤
-UacrmKiTn4$_$10,match,12,reading,12,reading,False,4.16,4.46,4.16,4.46,,Whisper估计时间；原文词时间待MFA步骤
-UacrmKiTn4$_$10,match,13,the,13,the,False,4.46,4.68,4.46,4.68,,Whisper估计时间；原文词时间待MFA步骤
-UacrmKiTn4$_$10,match,14,material,14,material,False,4.68,5.16,4.68,5.16,,Whisper估计时间；原文词时间待MFA步骤
-UacrmKiTn4$_$10,match,15,they,15,they,False,5.74,6.08,5.74,6.08,,Whisper估计时间；原文词时间待MFA步骤
-UacrmKiTn4$_$10,match,16,won't,16,won't,False,6.08,6.4,6.08,6.4,,Whisper估计时间；原文词时间待MFA步骤
-UacrmKiTn4$_$10,match,17,do,17,do,False,6.4,6.52,6.4,6.52,,Whisper估计时间；原文词时间待MFA步骤
-UacrmKiTn4$_$10,match,18,it,18,it,False,6.52,6.72,6.52,6.72,,Whisper估计时间；原文词时间待MFA步骤
-UacrmKiTn4$_$4,insertion_whisper,,,1,it,False,0.0,0.14,0.0,0.14,,Whisper估计时间；原文词时间待MFA步骤
-UacrmKiTn4$_$4,match,1,Just,2,just,False,0.44,0.68,0.44,0.68,,Whisper估计时间；原文词时间待MFA步骤
-UacrmKiTn4$_$4,match,2,given,3,given,False,0.68,0.94,0.68,0.94,,Whisper估计时间；原文词时间待MFA步骤
-UacrmKiTn4$_$4,match,3,to,4,to,False,0.94,1.12,0.94,1.12,,Whisper估计时间；原文词时间待MFA步骤
-UacrmKiTn4$_$4,match,4,their,5,their,False,1.12,1.26,1.12,1.26,,Whisper估计时间；原文词时间待MFA步骤
-UacrmKiTn4$_$4,match,5,own,6,own,False,1.26,1.46,1.26,1.46,,Whisper估计时间；原文词时间待MFA步骤
-UacrmKiTn4$_$4,match,6,devices,7,devices,False,1.46,1.96,1.46,1.96,,Whisper估计时间；原文词时间待MFA步骤
-UacrmKiTn4$_$4,match,7,they,8,They,False,2.3,2.3,2.3,2.3,nonpositive_duration,Whisper估计时间；原文词时间待MFA步骤
-UacrmKiTn4$_$4,match,8,are,9,are,False,2.3,2.44,2.3,2.44,,Whisper估计时间；原文词时间待MFA步骤
-UacrmKiTn4$_$4,match,9,not,10,not,False,2.44,2.66,2.44,2.66,,Whisper估计时间；原文词时间待MFA步骤
-UacrmKiTn4$_$4,match,10,going,11,going,False,2.66,2.94,2.66,2.94,,Whisper估计时间；原文词时间待MFA步骤
-UacrmKiTn4$_$4,match,11,to,12,to,False,2.94,3.16,2.94,3.16,,Whisper估计时间；原文词时间待MFA步骤
-UacrmKiTn4$_$4,match,12,read,13,read,False,3.16,3.36,3.16,3.36,,Whisper估计时间；原文词时间待MFA步骤
-UacrmKiTn4$_$4,match,13,the,14,the,False,3.36,3.54,3.36,3.54,,Whisper估计时间；原文词时间待MFA步骤
-UacrmKiTn4$_$4,match,14,textbook,15,textbook,False,3.54,4.02,3.54,4.02,,Whisper估计时间；原文词时间待MFA步骤
-hnBHBN8p5A$_$7,insertion_whisper,,,1,the,False,0.0,0.2,0.0,0.2,,Whisper估计时间；原文词时间待MFA步骤
-hnBHBN8p5A$_$7,substitution,1,Picture,2,majority,False,0.2,0.66,0.2,0.66,,Whisper估计时间；原文词时间待MFA步骤
-hnBHBN8p5A$_$7,substitution,2,this,3,of,False,0.66,1.06,0.66,1.06,,Whisper估计时间；原文词时间待MFA步骤
-hnBHBN8p5A$_$7,substitution,3,before,4,an,False,1.06,1.16,1.06,1.16,,Whisper估计时间；原文词时间待MFA步骤
-hnBHBN8p5A$_$7,substitution,4,we,5,entire,False,1.16,1.72,1.16,1.72,,Whisper估计时间；原文词时间待MFA步骤
-hnBHBN8p5A$_$7,substitution,5,actually,6,nation,False,1.72,2.36,1.72,2.36,,Whisper估计时间；原文词时间待MFA步骤
-hnBHBN8p5A$_$7,substitution,6,start,7,to,False,2.36,3.64,2.36,3.64,,Whisper估计时间；原文词时间待MFA步骤
-hnBHBN8p5A$_$7,substitution,7,hacking,8,believe,False,3.64,4.06,3.64,4.06,,Whisper估计时间；原文词时间待MFA步骤
-hnBHBN8p5A$_$7,substitution,8,we're,9,and,False,4.06,4.3,4.06,4.3,,Whisper估计时间；原文词时间待MFA步骤
-hnBHBN8p5A$_$7,substitution,9,in,10,trust,False,4.3,4.68,4.3,4.68,,Whisper估计时间；原文词时间待MFA步骤
-hnBHBN8p5A$_$7,substitution,10,a,11,his,False,4.68,5.1,4.68,5.1,,Whisper估计时间；原文词时间待MFA步骤
-hnBHBN8p5A$_$7,substitution,11,room,12,or,False,5.1,5.28,5.1,5.28,,Whisper估计时间；原文词时间待MFA步骤
-hnBHBN8p5A$_$7,substitution,12,formal,13,her,False,5.28,5.46,5.28,5.46,,Whisper估计时间；原文词时间待MFA步骤
-hnBHBN8p5A$_$7,substitution,13,setting,14,words,False,5.46,5.86,5.46,5.86,,Whisper估计时间；原文词时间待MFA步骤
-hnBHBN8p5A$_$6,substitution,1,Discussion,1,to,False,0.0,0.62,0.0,0.62,,Whisper估计时间；原文词时间待MFA步骤
-hnBHBN8p5A$_$6,substitution,2,how,2,follow,False,0.62,0.92,0.62,0.92,,Whisper估计时间；原文词时间待MFA步骤
-hnBHBN8p5A$_$6,substitution,3,to,3,just,False,0.92,1.2,0.92,1.2,,Whisper估计时间；原文词时间待MFA步骤
-hnBHBN8p5A$_$6,substitution,4,discuss,4,one,True,1.2,1.68,1.2,1.68,,Whisper估计时间；原文词时间待MFA步骤
-hnBHBN8p5A$_$6,substitution,5,ideas,5,vision,False,1.68,2.18,1.68,2.18,,Whisper估计时间；原文词时间待MFA步骤
-hnBHBN8p5A$_$6,substitution,6,and,6,Have,False,3.82,3.92,3.82,3.92,,Whisper估计时间；原文词时间待MFA步骤
-hnBHBN8p5A$_$6,substitution,7,opinions,7,you,False,3.92,4.04,3.92,4.04,,Whisper估计时间；原文词时间待MFA步骤
-hnBHBN8p5A$_$6,substitution,8,more,8,ever,False,4.04,4.2,4.04,4.2,,Whisper估计时间；原文词时间待MFA步骤
-hnBHBN8p5A$_$6,substitution,9,effectively,9,wondered,False,4.2,4.5,4.2,4.5,,Whisper估计时间；原文词时间待MFA步骤
-hnBHBN8p5A$_$6,substitution,10,than,10,how,False,4.5,4.94,4.5,4.94,,Whisper估计时间；原文词时间待MFA步骤
-hnBHBN8p5A$_$6,match,11,a,11,a,False,4.94,5.8,4.94,5.8,,Whisper估计时间；原文词时间待MFA步骤
-hnBHBN8p5A$_$6,substitution,12,native,12,single,False,5.8,6.1,5.8,6.1,,Whisper估计时间；原文词时间待MFA步骤
-hnBHBN8p5A$_$6,substitution,13,speaker,13,person,False,6.1,6.3,6.1,6.3,,Whisper估计时间；原文词时间待MFA步骤
-qDkUB0GgYY$_$6,insertion_whisper,,,1,with,False,0.0,0.2,0.0,0.2,,Whisper估计时间；原文词时间待MFA步骤
-qDkUB0GgYY$_$6,insertion_whisper,,,2,us,False,0.2,0.4,0.2,0.4,,Whisper估计时间；原文词时间待MFA步骤
-qDkUB0GgYY$_$6,match,1,We,3,We,False,0.6,0.6,0.6,0.6,nonpositive_duration,Whisper估计时间；原文词时间待MFA步骤
-qDkUB0GgYY$_$6,match,2,always,4,always,False,0.6,0.82,0.6,0.82,,Whisper估计时间；原文词时间待MFA步骤
-qDkUB0GgYY$_$6,match,3,love,5,love,False,0.82,1.12,0.82,1.12,,Whisper估计时间；原文词时间待MFA步骤
-qDkUB0GgYY$_$6,match,4,to,6,to,False,1.12,1.28,1.12,1.28,,Whisper估计时间；原文词时间待MFA步骤
-qDkUB0GgYY$_$6,match,5,hear,7,hear,False,1.28,1.4,1.28,1.4,,Whisper估计时间；原文词时间待MFA步骤
-qDkUB0GgYY$_$6,match,6,what,8,what,False,1.4,1.54,1.4,1.54,,Whisper估计时间；原文词时间待MFA步骤
-qDkUB0GgYY$_$6,match,7,you,9,you,False,1.54,1.66,1.54,1.66,,Whisper估计时间；原文词时间待MFA步骤
-qDkUB0GgYY$_$6,insertion_whisper,,,10,have,False,1.66,1.76,1.66,1.76,,Whisper估计时间；原文词时间待MFA步骤
-qDkUB0GgYY$_$6,insertion_whisper,,,11,to,False,1.76,1.88,1.76,1.88,,Whisper估计时间；原文词时间待MFA步骤
-qDkUB0GgYY$_$6,match,8,say,12,say,False,1.88,2.2,1.88,2.2,,Whisper估计时间；原文词时间待MFA步骤
-qDkUB0GgYY$_$6,match,9,and,13,and,False,2.2,2.68,2.2,2.68,,Whisper估计时间；原文词时间待MFA步骤
-qDkUB0GgYY$_$6,match,10,like,14,like,False,2.68,2.86,2.68,2.86,,Whisper估计时间；原文词时间待MFA步骤
-qDkUB0GgYY$_$6,match,11,and,15,and,False,2.86,3.0,2.86,3.0,,Whisper估计时间；原文词时间待MFA步骤
-qDkUB0GgYY$_$6,match,12,share,16,share,False,3.0,3.14,3.0,3.14,,Whisper估计时间；原文词时间待MFA步骤
-qDkUB0GgYY$_$6,match,13,this,17,this,False,3.14,3.32,3.14,3.32,,Whisper估计时间；原文词时间待MFA步骤
-qDkUB0GgYY$_$6,match,14,video,18,video,False,3.32,3.5,3.32,3.5,,Whisper估计时间；原文词时间待MFA步骤
-qDkUB0GgYY$_$6,match,15,as,19,as,False,3.5,3.68,3.5,3.68,,Whisper估计时间；原文词时间待MFA步骤
-qDkUB0GgYY$_$6,match,16,well,20,well,False,3.68,4.06,3.68,4.06,,Whisper估计时间；原文词时间待MFA步骤
-qDkUB0GgYY$_$6,insertion_whisper,,,21,and,False,4.06,4.48,4.06,4.48,,Whisper估计时间；原文词时间待MFA步骤
-uywlfIYOS8$_$4,match,1,And,1,And,False,0.5600000000000005,0.96,0.5600000000000005,0.96,,Whisper估计时间；原文词时间待MFA步骤
-uywlfIYOS8$_$4,match,2,then,2,then,False,0.96,1.28,0.96,1.28,,Whisper估计时间；原文词时间待MFA步骤
-uywlfIYOS8$_$4,match,3,from,3,from,False,1.28,1.46,1.28,1.46,,Whisper估计时间；原文词时间待MFA步骤
-uywlfIYOS8$_$4,match,4,a,4,a,False,1.46,1.62,1.46,1.62,,Whisper估计时间；原文词时间待MFA步骤
-uywlfIYOS8$_$4,match,5,brand,5,brand,False,1.62,2.0,1.62,2.0,,Whisper估计时间；原文词时间待MFA步骤
-uywlfIYOS8$_$4,match,6,point,6,point,False,2.0,2.24,2.0,2.24,,Whisper估计时间；原文词时间待MFA步骤
-uywlfIYOS8$_$4,match,7,of,7,of,False,2.24,2.44,2.24,2.44,,Whisper估计时间；原文词时间待MFA步骤
-uywlfIYOS8$_$4,match,8,view,8,view,False,2.44,2.58,2.44,2.58,,Whisper估计时间；原文词时间待MFA步骤
-uywlfIYOS8$_$4,match,9,we,9,we,False,2.72,2.74,2.72,2.74,,Whisper估计时间；原文词时间待MFA步骤
-uywlfIYOS8$_$4,match,10,need,10,need,False,2.74,3.0,2.74,3.0,,Whisper估计时间；原文词时间待MFA步骤
-uywlfIYOS8$_$4,match,11,to,11,to,False,3.0,3.14,3.0,3.14,,Whisper估计时间；原文词时间待MFA步骤
-uywlfIYOS8$_$4,match,12,make,12,make,False,3.14,3.32,3.14,3.32,,Whisper估计时间；原文词时间待MFA步骤
-uywlfIYOS8$_$4,match,13,sure,13,sure,False,3.32,3.5,3.32,3.5,,Whisper估计时间；原文词时间待MFA步骤
-uywlfIYOS8$_$4,insertion_whisper,,,14,that,False,3.5,3.66,3.5,3.66,,Whisper估计时间；原文词时间待MFA步骤
-uywlfIYOS8$_$4,match,14,we're,15,we're,False,3.66,3.86,3.66,3.86,,Whisper估计时间；原文词时间待MFA步骤
-uywlfIYOS8$_$4,match,15,driving,16,driving,False,3.86,4.16,3.86,4.16,,Whisper估计时间；原文词时间待MFA步骤
-uywlfIYOS8$_$4,match,16,the,17,the,False,4.16,4.32,4.16,4.32,,Whisper估计时间；原文词时间待MFA步骤
-uywlfIYOS8$_$4,match,17,relevant,18,relevant,False,4.32,4.64,4.32,4.64,,Whisper估计时间；原文词时间待MFA步骤
-uywlfIYOS8$_$4,substitution,18,insight,19,insights,False,4.64,5.24,4.64,5.24,,Whisper估计时间；原文词时间待MFA步骤
-6rXp3zJ3kc$_$8,insertion_whisper,,,1,aware,False,0.0,0.26,0.0,0.26,,Whisper估计时间；原文词时间待MFA步骤
-6rXp3zJ3kc$_$8,insertion_whisper,,,2,of,False,0.26,0.46,0.26,0.46,,Whisper估计时间；原文词时间待MFA步骤
-6rXp3zJ3kc$_$8,match,1,Many,3,many,False,0.54,0.66,0.54,0.66,,Whisper估计时间；原文词时间待MFA步骤
-6rXp3zJ3kc$_$8,match,2,people,4,people,False,0.66,0.96,0.66,0.96,,Whisper估计时间；原文词时间待MFA步骤
-6rXp3zJ3kc$_$8,match,3,are,5,are,False,0.96,1.16,0.96,1.16,,Whisper估计时间；原文词时间待MFA步骤
-6rXp3zJ3kc$_$8,match,4,not,6,not,False,1.16,1.46,1.16,1.46,,Whisper估计时间；原文词时间待MFA步骤
-6rXp3zJ3kc$_$8,match,5,until,7,until,False,1.46,1.82,1.46,1.82,,Whisper估计时间；原文词时间待MFA步骤
-6rXp3zJ3kc$_$8,match,6,they,8,they,False,1.82,1.98,1.82,1.98,,Whisper估计时间；原文词时间待MFA步骤
-6rXp3zJ3kc$_$8,match,7,get,9,get,False,1.98,2.16,1.98,2.16,,Whisper估计时间；原文词时间待MFA步骤
-6rXp3zJ3kc$_$8,match,8,to,10,to,False,2.16,2.36,2.16,2.36,,Whisper估计时间；原文词时间待MFA步骤
-6rXp3zJ3kc$_$8,match,9,be,11,be,False,2.36,2.54,2.36,2.54,,Whisper估计时间；原文词时间待MFA步骤
-6rXp3zJ3kc$_$8,substitution,10,a,12,an,False,2.54,2.72,2.54,2.72,,Whisper估计时间；原文词时间待MFA步骤
-6rXp3zJ3kc$_$8,match,11,older,13,older,False,2.72,3.46,2.72,3.46,,Whisper估计时间；原文词时间待MFA步骤
-6rXp3zJ3kc$_$8,match,12,age,14,age,False,3.46,3.88,3.46,3.88,,Whisper估计时间；原文词时间待MFA步骤
-6rXp3zJ3kc$_$8,match,13,and,15,and,False,3.88,4.1,3.88,4.1,,Whisper估计时间；原文词时间待MFA步骤
-6rXp3zJ3kc$_$8,match,14,they,16,they,False,4.1,4.26,4.1,4.26,,Whisper估计时间；原文词时间待MFA步骤
-6rXp3zJ3kc$_$8,match,15,realize,17,realize,False,4.26,4.68,4.26,4.68,,Whisper估计时间；原文词时间待MFA步骤
-6rXp3zJ3kc$_$8,match,16,that,18,that,False,4.68,5.02,4.68,5.02,,Whisper估计时间；原文词时间待MFA步骤
-6rXp3zJ3kc$_$8,match,17,gosh,19,gosh,False,5.02,5.32,5.02,5.32,,Whisper估计时间；原文词时间待MFA步骤
-6rXp3zJ3kc$_$8,substitution,18,they,20,they've,False,5.42,5.94,5.42,5.94,,Whisper估计时间；原文词时间待MFA步骤
-6rXp3zJ3kc$_$8,match,19,wasted,21,wasted,False,5.94,6.18,5.94,6.18,,Whisper估计时间；原文词时间待MFA步骤
-6rXp3zJ3kc$_$8,match,20,a,22,a,False,6.18,6.38,6.18,6.38,,Whisper估计时间；原文词时间待MFA步骤
-6rXp3zJ3kc$_$8,match,21,lot,23,lot,False,6.38,6.56,6.38,6.56,,Whisper估计时间；原文词时间待MFA步骤
-6rXp3zJ3kc$_$8,match,22,of,24,of,False,6.56,6.68,6.56,6.68,,Whisper估计时间；原文词时间待MFA步骤
-6rXp3zJ3kc$_$8,match,23,time,25,time,False,6.68,7.02,6.68,7.02,,Whisper估计时间；原文词时间待MFA步骤
-6rXp3zJ3kc$_$8,match,24,and,26,and,False,7.02,7.26,7.02,7.26,,Whisper估计时间；原文词时间待MFA步骤
-6rXp3zJ3kc$_$8,match,25,money,27,money,False,7.26,7.58,7.26,7.58,,Whisper估计时间；原文词时间待MFA步骤
-6rXp3zJ3kc$_$8,match,26,in,28,in,False,7.58,8.74,7.58,8.74,,Whisper估计时间；原文词时间待MFA步骤
-6rXp3zJ3kc$_$8,match,27,placing,29,placing,False,8.74,9.54,8.74,9.54,,Whisper估计时间；原文词时间待MFA步骤
-6rXp3zJ3kc$_$8,match,28,bets,30,bets,False,9.54,9.86,9.54,9.86,,Whisper估计时间；原文词时间待MFA步骤
-6rXp3zJ3kc$_$8,match,29,on,31,on,False,9.86,10.08,9.86,10.08,,Whisper估计时间；原文词时间待MFA步骤
-6rXp3zJ3kc$_$8,match,30,stock,32,stock,False,10.08,10.4,10.08,10.4,,Whisper估计时间；原文词时间待MFA步骤
-6rXp3zJ3kc$_$8,match,31,that's,33,that's,False,10.4,10.76,10.4,10.76,,Whisper估计时间；原文词时间待MFA步骤
-6rXp3zJ3kc$_$8,match,32,ultimately,34,ultimately,False,10.76,11.16,10.76,11.16,,Whisper估计时间；原文词时间待MFA步骤
-6rXp3zJ3kc$_$8,match,33,lost,35,lost,False,11.16,11.66,11.16,11.66,,Whisper估计时间；原文词时间待MFA步骤
-6rXp3zJ3kc$_$8,match,34,value,36,value,False,11.66,12.16,11.66,12.16,,Whisper估计时间；原文词时间待MFA步骤
-9y-fZ3swSY$_$0,deletion_official,1,is,,,False,,,,,,原文词时间待MFA步骤
-9y-fZ3swSY$_$0,match,2,you,1,you,False,0.0,0.22,0.0,0.22,,Whisper估计时间；原文词时间待MFA步骤
-9y-fZ3swSY$_$0,match,3,can,2,can,False,0.22,0.36,0.22,0.36,,Whisper估计时间；原文词时间待MFA步骤
-9y-fZ3swSY$_$0,match,4,say,3,say,False,0.36,0.62,0.36,0.62,,Whisper估计时间；原文词时间待MFA步骤
-9y-fZ3swSY$_$0,match,5,hey,4,hey,False,0.62,1.04,0.62,1.04,,Whisper估计时间；原文词时间待MFA步骤
-9y-fZ3swSY$_$0,insertion_whisper,,,5,you,False,1.04,1.56,1.04,1.56,,Whisper估计时间；原文词时间待MFA步骤
-9y-fZ3swSY$_$0,insertion_whisper,,,6,know,False,1.56,1.66,1.56,1.66,,Whisper估计时间；原文词时间待MFA步骤
-9y-fZ3swSY$_$0,insertion_whisper,,,7,what,False,1.66,1.76,1.66,1.76,,Whisper估计时间；原文词时间待MFA步骤
-9y-fZ3swSY$_$0,match,6,I,8,I,False,1.76,1.98,1.76,1.98,,Whisper估计时间；原文词时间待MFA步骤
-9y-fZ3swSY$_$0,match,7,really,9,really,False,1.98,2.22,1.98,2.22,,Whisper估计时间；原文词时间待MFA步骤
-9y-fZ3swSY$_$0,match,8,like,10,like,False,2.22,2.74,2.22,2.74,,Whisper估计时间；原文词时间待MFA步骤
-9y-fZ3swSY$_$0,deletion_official,9,baby,,,False,,,,,,原文词时间待MFA步骤
-9y-fZ3swSY$_$0,substitution,10,skin,11,baby's,False,2.74,3.42,2.74,3.42,,Whisper估计时间；原文词时间待MFA步骤
-9y-fZ3swSY$_$0,substitution,11,they,12,kid,False,3.42,3.62,3.42,3.62,,Whisper估计时间；原文词时间待MFA步骤
-9y-fZ3swSY$_$0,substitution,12,are,13,they're,False,3.62,3.86,3.62,3.86,,Whisper估计时间；原文词时间待MFA步骤
-9y-fZ3swSY$_$0,match,13,so,14,so,False,3.86,4.04,3.86,4.04,,Whisper估计时间；原文词时间待MFA步骤
-9y-fZ3swSY$_$0,match,14,soft,15,soft,False,4.04,4.56,4.04,4.56,,Whisper估计时间；原文词时间待MFA步骤
-9y-fZ3swSY$_$0,match,15,they,16,they,False,4.56,4.74,4.56,4.74,,Whisper估计时间；原文词时间待MFA步骤
-9y-fZ3swSY$_$0,match,16,don't,17,don't,False,4.74,4.94,4.74,4.94,,Whisper估计时间；原文词时间待MFA步骤
-9y-fZ3swSY$_$0,match,17,have,18,have,False,4.94,5.22,4.94,5.22,,Whisper估计时间；原文词时间待MFA步骤
-9y-fZ3swSY$_$0,match,18,any,19,any,False,5.22,5.42,5.22,5.42,,Whisper估计时间；原文词时间待MFA步骤
-9y-fZ3swSY$_$0,match,19,hair,20,hair,False,5.42,5.68,5.42,5.68,,Whisper估计时间；原文词时间待MFA步骤
-9y-fZ3swSY$_$0,match,20,on,21,on,False,5.68,5.84,5.68,5.84,,Whisper估计时间；原文词时间待MFA步骤
-9y-fZ3swSY$_$0,match,21,their,22,their,False,5.84,5.98,5.84,5.98,,Whisper估计时间；原文词时间待MFA步骤
-9y-fZ3swSY$_$0,match,22,face,23,face,False,5.98,6.22,5.98,6.22,,Whisper估计时间；原文词时间待MFA步骤
-9y-fZ3swSY$_$0,insertion_whisper,,,24,it's,False,6.22,6.5,6.22,6.5,,Whisper估计时间；原文词时间待MFA步骤
-9y-fZ3swSY$_$0,insertion_whisper,,,25,so,False,6.5,6.68,6.5,6.68,,Whisper估计时间；原文词时间待MFA步骤
-9y-fZ3swSY$_$4,match,1,I've,1,I've,False,0.0,0.52,0.0,0.52,,Whisper估计时间；原文词时间待MFA步骤
-9y-fZ3swSY$_$4,match,2,seen,2,seen,False,0.52,0.68,0.52,0.68,,Whisper估计时间；原文词时间待MFA步骤
-9y-fZ3swSY$_$4,match,3,this,3,this,False,0.68,0.9,0.68,0.9,,Whisper估计时间；原文词时间待MFA步骤
-9y-fZ3swSY$_$4,match,4,in,4,in,False,0.9,1.12,0.9,1.12,,Whisper估计时间；原文词时间待MFA步骤
-9y-fZ3swSY$_$4,match,5,US,5,US,False,1.12,1.4,1.12,1.4,,Whisper估计时间；原文词时间待MFA步骤
-9y-fZ3swSY$_$4,match,6,or,6,or,False,1.4,1.88,1.4,1.88,,Whisper估计时间；原文词时间待MFA步骤
-9y-fZ3swSY$_$4,match,7,in,7,in,False,1.88,2.02,1.88,2.02,,Whisper估计时间；原文词时间待MFA步骤
-9y-fZ3swSY$_$4,match,8,the,8,the,False,2.02,2.16,2.02,2.16,,Whisper估计时间；原文词时间待MFA步骤
-9y-fZ3swSY$_$4,match,9,US,9,US,False,2.16,2.42,2.16,2.42,,Whisper估计时间；原文词时间待MFA步骤
-9y-fZ3swSY$_$8,insertion_whisper,,,1,man,False,0.0,0.18,0.0,0.18,,Whisper估计时间；原文词时间待MFA步骤
-9y-fZ3swSY$_$8,match,1,That's,2,that's,False,0.34,0.52,0.34,0.52,,Whisper估计时间；原文词时间待MFA步骤
-9y-fZ3swSY$_$8,match,2,a,3,a,False,0.52,0.62,0.52,0.62,,Whisper估计时间；原文词时间待MFA步骤
-9y-fZ3swSY$_$8,match,3,more,4,more,False,0.62,1.12,0.62,1.12,,Whisper估计时间；原文词时间待MFA步骤
-9y-fZ3swSY$_$8,match,4,decent,5,decent,False,1.12,1.74,1.12,1.74,,Whisper估计时间；原文词时间待MFA步骤
-9y-fZ3swSY$_$8,match,5,and,6,and,False,1.74,2.2,1.74,2.2,,Whisper估计时间；原文词时间待MFA步骤
-9y-fZ3swSY$_$8,match,6,more,7,more,False,2.2,2.34,2.2,2.34,,Whisper估计时间；原文词时间待MFA步骤
-9y-fZ3swSY$_$8,match,7,polite,8,polite,False,2.34,2.72,2.34,2.72,,Whisper估计时间；原文词时间待MFA步骤
-9y-fZ3swSY$_$8,match,8,way,9,way,False,2.72,3.04,2.72,3.04,,Whisper估计时间；原文词时间待MFA步骤
-9y-fZ3swSY$_$8,match,9,to,10,to,False,3.04,3.28,3.04,3.28,,Whisper估计时间；原文词时间待MFA步骤
-9y-fZ3swSY$_$8,match,10,call,11,call,False,3.28,3.62,3.28,3.62,,Whisper估计时间；原文词时间待MFA步骤
-9y-fZ3swSY$_$8,match,11,a,12,a,False,3.62,4.06,3.62,4.06,,Whisper估计时间；原文词时间待MFA步骤
-9y-fZ3swSY$_$8,match,12,lady,13,lady,False,4.06,4.3,4.06,4.3,,Whisper估计时间；原文词时间待MFA步骤
-AUZQgSxyPQ$_$2,match,1,The,1,The,False,0.0,0.58,0.0,0.58,,Whisper估计时间；原文词时间待MFA步骤
-AUZQgSxyPQ$_$2,match,2,perfect,2,perfect,False,0.58,0.92,0.58,0.92,,Whisper估计时间；原文词时间待MFA步骤
-AUZQgSxyPQ$_$2,substitution,3,soul,3,soulmate,False,0.92,1.5,0.92,1.5,,Whisper估计时间；原文词时间待MFA步骤
-AUZQgSxyPQ$_$2,substitution,4,mate,4,to,False,1.5,1.72,1.5,1.72,,Whisper估计时间；原文词时间待MFA步骤
-AUZQgSxyPQ$_$2,substitution,5,to,5,declare,False,1.72,2.02,1.72,2.02,,Whisper估计时间；原文词时间待MFA步骤
-AUZQgSxyPQ$_$2,substitution,6,the,6,a,False,2.02,2.22,2.02,2.22,,Whisper估计时间；原文词时间待MFA步骤
-AUZQgSxyPQ$_$2,substitution,7,Clarisonic,7,cynic,False,2.22,2.7,2.22,2.7,,Whisper估计时间；原文词时间待MFA步骤
-AUZQgSxyPQ$_$2,match,8,Spot,8,spot,False,2.7,3.36,2.7,3.36,,Whisper估计时间；原文词时间待MFA步骤
-AUZQgSxyPQ$_$2,match,9,Therapy,9,therapy,False,3.36,3.9,3.36,3.9,,Whisper估计时间；原文词时间待MFA步骤
-AUZQgSxyPQ$_$2,match,10,Brush,10,brush,False,3.9,4.3,3.9,4.3,,Whisper估计时间；原文词时间待MFA步骤
-AUZQgSxyPQ$_$2,match,11,this,11,This,False,4.98,5.12,4.98,5.12,,Whisper估计时间；原文词时间待MFA步骤
-AUZQgSxyPQ$_$2,match,12,gentle,12,gentle,False,5.12,5.56,5.12,5.56,,Whisper估计时间；原文词时间待MFA步骤
-AUZQgSxyPQ$_$2,match,13,Ph,13,pH,False,5.56,6.02,5.56,6.02,,Whisper估计时间；原文词时间待MFA步骤
-AUZQgSxyPQ$_$2,match,14,balanced,14,balanced,False,6.02,6.52,6.02,6.52,,Whisper估计时间；原文词时间待MFA步骤
-AUZQgSxyPQ$_$2,match,15,and,15,and,False,6.52,6.82,6.52,6.82,,Whisper估计时间；原文词时间待MFA步骤
-AUZQgSxyPQ$_$2,match,16,hydrating,16,hydrating,False,6.82,7.48,6.82,7.48,,Whisper估计时间；原文词时间待MFA步骤
-AUZQgSxyPQ$_$2,match,17,exfoliant,17,exfoliant,False,7.48,8.34,7.48,8.34,,Whisper估计时间；原文词时间待MFA步骤
-AUZQgSxyPQ$_$2,substitution,18,containing,18,contains,False,8.34,9.18,8.34,9.18,,Whisper估计时间；原文词时间待MFA步骤
-AUZQgSxyPQ$_$2,match,19,jojoba,19,jojoba,False,9.18,9.86,9.18,9.86,,Whisper估计时间；原文词时间待MFA步骤
-AUZQgSxyPQ$_$2,match,20,and,20,and,False,9.86,10.4,9.86,10.4,,Whisper估计时间；原文词时间待MFA步骤
-AUZQgSxyPQ$_$2,match,21,acai,21,acai,False,10.4,10.84,10.4,10.84,,Whisper估计时间；原文词时间待MFA步骤
-AUZQgSxyPQ$_$2,match,22,fruit,22,fruit,False,10.84,11.3,10.84,11.3,,Whisper估计时间；原文词时间待MFA步骤
-AUZQgSxyPQ$_$2,match,23,oils,23,oils,False,11.3,11.74,11.3,11.74,,Whisper估计时间；原文词时间待MFA步骤
-AUZQgSxyPQ$_$2,substitution,24,and,24,with,False,11.74,12.54,11.74,12.54,,Whisper估计时间；原文词时间待MFA步骤
-AUZQgSxyPQ$_$2,match,25,bamboo,25,bamboo,False,12.54,13.1,12.54,13.1,,Whisper估计时间；原文词时间待MFA步骤
-AUZQgSxyPQ$_$2,match,26,and,26,and,False,13.1,13.68,13.1,13.68,,Whisper估计时间；原文词时间待MFA步骤
-AUZQgSxyPQ$_$2,match,27,prickly,27,prickly,False,13.68,14.1,13.68,14.1,,Whisper估计时间；原文词时间待MFA步骤
-AUZQgSxyPQ$_$2,match,28,bear,28,bear,False,14.1,14.36,14.1,14.36,,Whisper估计时间；原文词时间待MFA步骤
-AUZQgSxyPQ$_$2,match,29,extracts,29,extracts,False,14.36,15.02,14.36,15.02,,Whisper估计时间；原文词时间待MFA步骤
-AUZQgSxyPQ$_$2,insertion_whisper,,,30,These,False,15.62,15.86,15.62,15.86,,Whisper估计时间；原文词时间待MFA步骤
-AUZQgSxyPQ$_$2,match,30,deliver,31,deliver,False,15.86,16.28,15.86,16.28,,Whisper估计时间；原文词时间待MFA步骤
-AUZQgSxyPQ$_$2,match,31,intense,32,intense,False,16.28,16.78,16.28,16.78,,Whisper估计时间；原文词时间待MFA步骤
-AUZQgSxyPQ$_$2,match,32,healing,33,healing,False,16.78,17.3,16.78,17.3,,Whisper估计时间；原文词时间待MFA步骤
-AUZQgSxyPQ$_$2,match,33,while,34,while,False,17.3,17.98,17.3,17.98,,Whisper估计时间；原文词时间待MFA步骤
-AUZQgSxyPQ$_$2,match,34,smooth,35,smooth,False,17.98,18.34,17.98,18.34,,Whisper估计时间；原文词时间待MFA步骤
-AUZQgSxyPQ$_$2,match,35,granules,36,granules,False,18.34,18.9,18.34,18.9,,Whisper估计时间；原文词时间待MFA步骤
-AUZQgSxyPQ$_$2,match,36,buff,37,buff,False,18.9,19.22,18.9,19.22,,Whisper估计时间；原文词时间待MFA步骤
-AUZQgSxyPQ$_$2,match,37,away,38,away,False,19.22,19.64,19.22,19.64,,Whisper估计时间；原文词时间待MFA步骤
-AUZQgSxyPQ$_$2,match,38,dead,39,dead,False,19.64,20.36,19.64,20.36,,Whisper估计时间；原文词时间待MFA步骤
-AUZQgSxyPQ$_$2,match,39,dry,40,dry,False,20.36,20.96,20.36,20.96,,Whisper估计时间；原文词时间待MFA步骤
-AUZQgSxyPQ$_$2,match,40,skin,41,skin,False,20.96,21.42,20.96,21.42,,Whisper估计时间；原文词时间待MFA步骤
-AUZQgSxyPQ$_$2,match,41,cells,42,cells,False,21.42,21.72,21.42,21.72,,Whisper估计时间；原文词时间待MFA步骤
-HeZS2-Prhc$_$2,insertion_whisper,,,1,today,False,0.0,0.4,0.0,0.4,,Whisper估计时间；原文词时间待MFA步骤
-HeZS2-Prhc$_$2,match,1,The,2,The,False,1.54,1.84,1.54,1.84,,Whisper估计时间；原文词时间待MFA步骤
-HeZS2-Prhc$_$2,match,2,August,3,August,False,1.84,2.14,1.84,2.14,,Whisper估计时间；原文词时间待MFA步骤
-HeZS2-Prhc$_$2,match,3,jobs,4,jobs,False,2.14,2.54,2.14,2.54,,Whisper估计时间；原文词时间待MFA步骤
-HeZS2-Prhc$_$2,match,4,report,5,report,False,2.54,2.92,2.54,2.92,,Whisper估计时间；原文词时间待MFA步骤
-HeZS2-Prhc$_$2,match,5,is,6,is,False,2.92,3.12,2.92,3.12,,Whisper估计时间；原文词时间待MFA步骤
-HeZS2-Prhc$_$2,match,6,out,7,out,False,3.12,3.42,3.12,3.42,,Whisper估计时间；原文词时间待MFA步骤
-HeZS2-Prhc$_$2,match,7,and,8,and,False,3.42,4.02,3.42,4.02,,Whisper估计时间；原文词时间待MFA步骤
-HeZS2-Prhc$_$2,match,8,it,9,it,False,4.02,4.26,4.02,4.26,,Whisper估计时间；原文词时间待MFA步骤
-HeZS2-Prhc$_$2,match,9,was,10,was,False,4.26,4.42,4.26,4.42,,Whisper估计时间；原文词时间待MFA步骤
-HeZS2-Prhc$_$2,match,10,seen,11,seen,False,4.42,4.8,4.42,4.8,,Whisper估计时间；原文词时间待MFA步骤
-HeZS2-Prhc$_$2,match,11,overall,12,overall,False,4.8,5.64,4.8,5.64,,Whisper估计时间；原文词时间待MFA步骤
-HeZS2-Prhc$_$2,substitution,12,as,13,a,False,5.64,6.26,5.64,6.26,,Whisper估计时间；原文词时间待MFA步骤
-HeZS2-Prhc$_$2,match,13,solid,14,solid,False,6.26,6.66,6.26,6.66,,Whisper估计时间；原文词时间待MFA步骤
-HeZS2-Prhc$_$2,match,14,but,15,but,False,6.66,6.92,6.66,6.92,,Whisper估计时间；原文词时间待MFA步骤
-HeZS2-Prhc$_$2,match,15,not,16,not,False,6.92,7.18,6.92,7.18,,Whisper估计时间；原文词时间待MFA步骤
-HeZS2-Prhc$_$2,match,16,great,17,great,False,7.18,7.56,7.18,7.56,,Whisper估计时间；原文词时间待MFA步骤
-HeZS2-Prhc$_$2,insertion_whisper,,,18,The,False,7.78,7.84,7.78,7.84,,Whisper估计时间；原文词时间待MFA步骤
-HeZS2-Prhc$_$2,insertion_whisper,,,19,report,False,7.84,8.06,7.84,8.06,,Whisper估计时间；原文词时间待MFA步骤
-MeTTeMJBNc$_$0,match,1,Okay,1,Okay,False,0.0,1.2,0.0,1.2,,Whisper估计时间；原文词时间待MFA步骤
-MeTTeMJBNc$_$0,match,2,what,2,what,False,1.36,1.52,1.36,1.52,,Whisper估计时间；原文词时间待MFA步骤
-MeTTeMJBNc$_$0,match,3,happens,3,happens,False,1.52,2.0,1.52,2.0,,Whisper估计时间；原文词时间待MFA步骤
-MeTTeMJBNc$_$0,match,4,at,4,at,False,2.0,2.26,2.0,2.26,,Whisper估计时间；原文词时间待MFA步骤
-MeTTeMJBNc$_$0,match,5,this,5,this,False,2.26,2.52,2.26,2.52,,Whisper估计时间；原文词时间待MFA步骤
-MeTTeMJBNc$_$0,match,6,point,6,point,False,2.52,2.88,2.52,2.88,,Whisper估计时间；原文词时间待MFA步骤
-MeTTeMJBNc$_$0,match,7,after,7,after,False,2.88,3.36,2.88,3.36,,Whisper估计时间；原文词时间待MFA步骤
-MeTTeMJBNc$_$0,match,8,we've,8,we've,False,3.36,3.68,3.36,3.68,,Whisper估计时间；原文词时间待MFA步骤
-MeTTeMJBNc$_$0,match,9,taken,9,taken,False,3.68,3.92,3.68,3.92,,Whisper估计时间；原文词时间待MFA步骤
-MeTTeMJBNc$_$0,match,10,this,10,this,False,3.92,4.26,3.92,4.26,,Whisper估计时间；原文词时间待MFA步骤
-MeTTeMJBNc$_$0,match,11,brief,11,brief,False,4.26,4.66,4.26,4.66,,Whisper估计时间；原文词时间待MFA步骤
-MeTTeMJBNc$_$0,match,12,walk,12,walk,False,4.66,5.1,4.66,5.1,,Whisper估计时间；原文词时间待MFA步骤
-MeTTeMJBNc$_$0,match,13,down,13,down,False,5.1,5.46,5.1,5.46,,Whisper估计时间；原文词时间待MFA步骤
-MeTTeMJBNc$_$0,match,14,memory,14,memory,False,5.46,5.84,5.46,5.84,,Whisper估计时间；原文词时间待MFA步骤
-MeTTeMJBNc$_$0,match,15,lane,15,lane,False,5.84,6.32,5.84,6.32,,Whisper估计时间；原文词时间待MFA步骤
-MeTTeMJBNc$_$0,match,16,is,16,is,False,6.32,6.9,6.32,6.9,,Whisper估计时间；原文词时间待MFA步骤
-MeTTeMJBNc$_$0,match,17,the,17,the,False,6.9,7.1,6.9,7.1,,Whisper估计时间；原文词时间待MFA步骤
-MeTTeMJBNc$_$0,match,18,presentation,18,presentation,False,7.1,7.54,7.1,7.54,,Whisper估计时间；原文词时间待MFA步骤
-MeTTeMJBNc$_$0,match,19,of,19,of,False,7.54,8.0,7.54,8.0,,Whisper估计时间；原文词时间待MFA步骤
-MeTTeMJBNc$_$0,match,20,the,20,the,False,8.0,8.18,8.0,8.18,,Whisper估计时间；原文词时间待MFA步骤
-MeTTeMJBNc$_$0,match,21,gift,21,gift,False,8.18,8.44,8.18,8.44,,Whisper估计时间；原文词时间待MFA步骤
-MeTTeMJBNc$_$13,insertion_whisper,,,1,Whatever,False,0.0,0.06,0.0,0.06,,Whisper估计时间；原文词时间待MFA步骤
-MeTTeMJBNc$_$13,match,1,It,2,it,False,0.06,0.18,0.06,0.18,,Whisper估计时间；原文词时间待MFA步骤
-MeTTeMJBNc$_$13,insertion_whisper,,,3,is,False,0.18,0.54,0.18,0.54,,Whisper估计时间；原文词时间待MFA步骤
-MeTTeMJBNc$_$13,match,2,just,4,just,False,0.54,1.26,0.54,1.26,,Whisper估计时间；原文词时间待MFA步骤
-MeTTeMJBNc$_$13,match,3,needs,5,needs,False,1.26,1.58,1.26,1.58,,Whisper估计时间；原文词时间待MFA步骤
-MeTTeMJBNc$_$13,match,4,to,6,to,False,1.58,1.8,1.58,1.8,,Whisper估计时间；原文词时间待MFA步骤
-MeTTeMJBNc$_$13,match,5,be,7,be,False,1.8,1.94,1.8,1.94,,Whisper估计时间；原文词时间待MFA步骤
-MeTTeMJBNc$_$13,match,6,a,8,a,False,1.94,2.1,1.94,2.1,,Whisper估计时间；原文词时间待MFA步骤
-MeTTeMJBNc$_$13,match,7,simple,9,simple,False,2.1,2.5,2.1,2.5,,Whisper估计时间；原文词时间待MFA步骤
-MeTTeMJBNc$_$13,match,8,statement,10,statement,False,2.5,3.12,2.5,3.12,,Whisper估计时间；原文词时间待MFA步骤
-MeTTeMJBNc$_$13,match,9,and,11,and,False,3.12,3.68,3.12,3.68,,Whisper估计时间；原文词时间待MFA步骤
-MeTTeMJBNc$_$13,match,10,then,12,then,False,3.68,3.78,3.68,3.78,,Whisper估计时间；原文词时间待MFA步骤
-MeTTeMJBNc$_$13,match,11,you,13,you,False,3.78,3.92,3.78,3.92,,Whisper估计时间；原文词时间待MFA步骤
-MeTTeMJBNc$_$13,match,12,present,14,present,False,3.92,4.26,3.92,4.26,,Whisper估计时间；原文词时间待MFA步骤
-MeTTeMJBNc$_$13,match,13,the,15,the,False,4.26,4.5,4.26,4.5,,Whisper估计时间；原文词时间待MFA步骤
-MeTTeMJBNc$_$13,match,14,gift,16,gift,False,4.5,4.72,4.5,4.72,,Whisper估计时间；原文词时间待MFA步骤
-MeTTeMJBNc$_$7,match,1,Maybe,1,Maybe,False,0.0,0.66,0.0,0.66,,Whisper估计时间；原文词时间待MFA步骤
-MeTTeMJBNc$_$7,match,2,you,2,you,False,0.66,0.9,0.66,0.9,,Whisper估计时间；原文词时间待MFA步骤
-MeTTeMJBNc$_$7,match,3,could,3,could,False,0.9,1.16,0.9,1.16,,Whisper估计时间；原文词时间待MFA步骤
-MeTTeMJBNc$_$7,match,4,find,4,find,False,1.16,1.8,1.16,1.8,,Whisper估计时间；原文词时间待MFA步骤
-MeTTeMJBNc$_$7,match,5,a,5,a,False,1.8,2.0,1.8,2.0,,Whisper估计时间；原文词时间待MFA步骤
-MeTTeMJBNc$_$7,match,6,picture,6,picture,False,2.0,2.2,2.0,2.2,,Whisper估计时间；原文词时间待MFA步骤
-MeTTeMJBNc$_$7,match,7,of,7,of,False,2.2,2.54,2.2,2.54,,Whisper估计时间；原文词时间待MFA步骤
-MeTTeMJBNc$_$7,match,8,the,8,the,False,2.54,2.66,2.54,2.66,,Whisper估计时间；原文词时间待MFA步骤
-MeTTeMJBNc$_$7,match,9,couple,9,couple,False,2.66,2.94,2.66,2.94,,Whisper估计时间；原文词时间待MFA步骤
-MeTTeMJBNc$_$7,match,10,from,10,from,False,2.94,3.36,2.94,3.36,,Whisper估计时间；原文词时间待MFA步骤
-MeTTeMJBNc$_$7,match,11,their,11,their,False,3.36,3.86,3.36,3.86,,Whisper估计时间；原文词时间待MFA步骤
-MeTTeMJBNc$_$7,match,12,wedding,12,wedding,False,3.86,4.26,3.86,4.26,,Whisper估计时间；原文词时间待MFA步骤
-MeTTeMJBNc$_$7,match,13,or,13,or,False,4.26,4.74,4.26,4.74,,Whisper估计时间；原文词时间待MFA步骤
-MeTTeMJBNc$_$7,insertion_whisper,,,14,some,False,4.74,5.04,4.74,5.04,,Whisper估计时间；原文词时间待MFA步骤
-MeTTeMJBNc$_$7,substitution,14,sometime,15,time,False,5.04,5.3,5.04,5.3,,Whisper估计时间；原文词时间待MFA步骤
-MeTTeMJBNc$_$7,match,15,in,16,in,False,5.3,5.48,5.3,5.48,,Whisper估计时间；原文词时间待MFA步骤
-MeTTeMJBNc$_$7,match,16,their,17,their,False,5.48,5.6,5.48,5.6,,Whisper估计时间；原文词时间待MFA步骤
-MeTTeMJBNc$_$7,match,17,life,18,life,False,5.6,6.02,5.6,6.02,,Whisper估计时间；原文词时间待MFA步骤
-MeTTeMJBNc$_$7,match,18,or,19,or,False,6.02,6.22,6.02,6.22,,Whisper估计时间；原文词时间待MFA步骤
-MeTTeMJBNc$_$7,match,19,maybe,20,maybe,False,6.22,6.4,6.22,6.4,,Whisper估计时间；原文词时间待MFA步骤
-MeTTeMJBNc$_$7,match,20,even,21,even,False,6.4,6.68,6.4,6.68,,Whisper估计时间；原文词时间待MFA步骤
-MeTTeMJBNc$_$7,match,21,a,22,a,False,6.68,6.88,6.68,6.88,,Whisper估计时间；原文词时间待MFA步骤
-MeTTeMJBNc$_$7,match,22,current,23,current,False,6.88,7.22,6.88,7.22,,Whisper估计时间；原文词时间待MFA步骤
-MeTTeMJBNc$_$7,match,23,picture,24,picture,False,7.22,7.72,7.22,7.72,,Whisper估计时间；原文词时间待MFA步骤
-MeTTeMJBNc$_$7,match,24,and,25,and,False,7.72,8.26,7.72,8.26,,Whisper估计时间；原文词时间待MFA步骤
-MeTTeMJBNc$_$7,match,25,have,26,have,False,8.26,8.42,8.26,8.42,,Whisper估计时间；原文词时间待MFA步骤
-MeTTeMJBNc$_$7,match,26,it,27,it,False,8.42,8.56,8.42,8.56,,Whisper估计时间；原文词时间待MFA步骤
-MeTTeMJBNc$_$7,match,27,put,28,put,False,8.56,8.7,8.56,8.7,,Whisper估计时间；原文词时间待MFA步骤
-MeTTeMJBNc$_$7,match,28,in,29,in,False,8.7,8.82,8.7,8.82,,Whisper估计时间；原文词时间待MFA步骤
-MeTTeMJBNc$_$7,match,29,a,30,a,False,8.82,8.94,8.82,8.94,,Whisper估计时间；原文词时间待MFA步骤
-MeTTeMJBNc$_$7,match,30,beautiful,31,beautiful,False,8.94,9.2,8.94,9.2,,Whisper估计时间；原文词时间待MFA步骤
-MeTTeMJBNc$_$7,match,31,frame,32,frame,False,9.2,9.7,9.2,9.7,,Whisper估计时间；原文词时间待MFA步骤
-RfYyzHpjk4$_$11,match,1,So,1,So,False,0.0,0.74,0.0,0.74,,Whisper估计时间；原文词时间待MFA步骤
-RfYyzHpjk4$_$11,match,2,get,2,get,False,0.74,1.46,0.74,1.46,,Whisper估计时间；原文词时间待MFA步骤
-RfYyzHpjk4$_$11,match,3,your,3,your,False,1.46,1.62,1.46,1.62,,Whisper估计时间；原文词时间待MFA步骤
-RfYyzHpjk4$_$11,match,4,friends,4,friends,False,1.62,1.8,1.62,1.8,,Whisper估计时间；原文词时间待MFA步骤
-RfYyzHpjk4$_$11,match,5,lined,5,lined,False,1.8,2.08,1.8,2.08,,Whisper估计时间；原文词时间待MFA步骤
-RfYyzHpjk4$_$11,match,6,up,6,up,False,2.08,2.32,2.08,2.32,,Whisper估计时间；原文词时间待MFA步骤
-RfYyzHpjk4$_$11,match,7,get,7,get,False,2.48,2.52,2.48,2.52,,Whisper估计时间；原文词时间待MFA步骤
-RfYyzHpjk4$_$11,match,8,your,8,your,False,2.52,2.7,2.52,2.7,,Whisper估计时间；原文词时间待MFA步骤
-RfYyzHpjk4$_$11,match,9,business,9,business,False,2.7,2.9,2.7,2.9,,Whisper估计时间；原文词时间待MFA步骤
-RfYyzHpjk4$_$11,match,10,colleagues,10,colleagues,False,2.9,3.2,2.9,3.2,,Whisper估计时间；原文词时间待MFA步骤
-RfYyzHpjk4$_$11,match,11,lined,11,lined,False,3.2,3.5,3.2,3.5,,Whisper估计时间；原文词时间待MFA步骤
-RfYyzHpjk4$_$11,match,12,up,12,up,False,3.5,3.72,3.5,3.72,,Whisper估计时间；原文词时间待MFA步骤
-RfYyzHpjk4$_$11,match,13,and,13,and,False,3.72,3.86,3.72,3.86,,Whisper估计时间；原文词时间待MFA步骤
-RfYyzHpjk4$_$11,match,14,have,14,have,False,3.86,4.0,3.86,4.0,,Whisper估计时间；原文词时间待MFA步骤
-RfYyzHpjk4$_$11,match,15,a,15,a,False,4.0,4.12,4.0,4.12,,Whisper估计时间；原文词时间待MFA步骤
-RfYyzHpjk4$_$11,match,16,good,16,good,False,4.12,4.24,4.12,4.24,,Whisper估计时间；原文词时间待MFA步骤
-RfYyzHpjk4$_$11,match,17,time,17,time,False,4.24,4.5,4.24,4.5,,Whisper估计时间；原文词时间待MFA步骤
-RfYyzHpjk4$_$8,match,1,It's,1,It's,False,0.0,0.64,0.0,0.64,,Whisper估计时间；原文词时间待MFA步骤
-RfYyzHpjk4$_$8,match,2,pretty,2,pretty,False,0.64,0.94,0.64,0.94,,Whisper估计时间；原文词时间待MFA步骤
-RfYyzHpjk4$_$8,match,3,pretty,3,pretty,False,0.94,1.16,0.94,1.16,,Whisper估计时间；原文词时间待MFA步骤
-RfYyzHpjk4$_$8,match,4,easy,4,easy,False,1.16,1.48,1.16,1.48,,Whisper估计时间；原文词时间待MFA步骤
-RfYyzHpjk4$_$8,match,5,to,5,to,False,1.48,1.66,1.48,1.66,,Whisper估计时间；原文词时间待MFA步骤
-RfYyzHpjk4$_$8,match,6,do,6,do,False,1.66,1.86,1.66,1.86,,Whisper估计时间；原文词时间待MFA步骤
-RfYyzHpjk4$_$8,match,7,but,7,but,False,1.86,2.02,1.86,2.02,,Whisper估计时间；原文词时间待MFA步骤
-RfYyzHpjk4$_$8,substitution,8,you,8,you've,False,2.02,2.24,2.02,2.24,,Whisper估计时间；原文词时间待MFA步骤
-RfYyzHpjk4$_$8,match,9,got,9,got,False,2.24,2.3,2.24,2.3,,Whisper估计时间；原文词时间待MFA步骤
-RfYyzHpjk4$_$8,match,10,to,10,to,False,2.3,2.42,2.3,2.42,,Whisper估计时间；原文词时间待MFA步骤
-RfYyzHpjk4$_$8,match,11,set,11,set,False,2.42,2.6,2.42,2.6,,Whisper估计时间；原文词时间待MFA步骤
-RfYyzHpjk4$_$8,match,12,up,12,up,False,2.6,2.78,2.6,2.78,,Whisper估计时间；原文词时间待MFA步骤
-RfYyzHpjk4$_$8,match,13,those,13,those,False,2.78,2.98,2.78,2.98,,Whisper估计时间；原文词时间待MFA步骤
-RfYyzHpjk4$_$8,match,14,numbers,14,numbers,False,2.98,3.26,2.98,3.26,,Whisper估计时间；原文词时间待MFA步骤
-RfYyzHpjk4$_$8,match,15,ahead,15,ahead,False,3.26,3.5,3.26,3.5,,Whisper估计时间；原文词时间待MFA步骤
-RfYyzHpjk4$_$8,match,16,of,16,of,False,3.5,3.66,3.5,3.66,,Whisper估计时间；原文词时间待MFA步骤
-RfYyzHpjk4$_$8,match,17,time,17,time,False,3.66,4.12,3.66,4.12,,Whisper估计时间；原文词时间待MFA步骤
-RfYyzHpjk4$_$2,substitution,1,You,1,It,False,0.3000000000000004,0.58,0.3000000000000004,0.58,,Whisper估计时间；原文词时间待MFA步骤
-RfYyzHpjk4$_$2,match,2,can,2,can,False,0.58,0.72,0.58,0.72,,Whisper估计时间；原文词时间待MFA步骤
-RfYyzHpjk4$_$2,match,3,make,3,make,False,0.72,0.88,0.72,0.88,,Whisper估计时间；原文词时间待MFA步骤
-RfYyzHpjk4$_$2,match,4,a,4,a,False,0.88,1.0,0.88,1.0,,Whisper估计时间；原文词时间待MFA步骤
-RfYyzHpjk4$_$2,match,5,conference,5,conference,False,1.0,1.28,1.0,1.28,,Whisper估计时间；原文词时间待MFA步骤
-RfYyzHpjk4$_$2,match,6,call,6,call,False,1.28,1.52,1.28,1.52,,Whisper估计时间；原文词时间待MFA步骤
-RfYyzHpjk4$_$2,match,7,but,7,but,False,1.64,1.64,1.64,1.64,nonpositive_duration,Whisper估计时间；原文词时间待MFA步骤
-RfYyzHpjk4$_$2,match,8,it,8,it,False,1.64,1.74,1.64,1.74,,Whisper估计时间；原文词时间待MFA步骤
-RfYyzHpjk4$_$2,match,9,takes,9,takes,False,1.74,1.88,1.74,1.88,,Whisper估计时间；原文词时间待MFA步骤
-RfYyzHpjk4$_$2,match,10,quite,10,quite,False,1.88,2.18,1.88,2.18,,Whisper估计时间；原文词时间待MFA步骤
-RfYyzHpjk4$_$2,match,11,a,11,a,False,2.18,2.3,2.18,2.3,,Whisper估计时间；原文词时间待MFA步骤
-RfYyzHpjk4$_$2,match,12,bit,12,bit,False,2.3,2.4,2.3,2.4,,Whisper估计时间；原文词时间待MFA步骤
-RfYyzHpjk4$_$2,match,13,of,13,of,False,2.4,2.54,2.4,2.54,,Whisper估计时间；原文词时间待MFA步骤
-RfYyzHpjk4$_$2,match,14,planning,14,planning,False,2.54,2.8,2.54,2.8,,Whisper估计时间；原文词时间待MFA步骤
-RfYyzHpjk4$_$2,match,15,well,15,Well,False,2.9,2.94,2.9,2.94,,Whisper估计时间；原文词时间待MFA步骤
-RfYyzHpjk4$_$2,match,16,not,16,not,False,2.98,3.06,2.98,3.06,,Whisper估计时间；原文词时间待MFA步骤
-RfYyzHpjk4$_$2,match,17,a,17,a,False,3.06,3.16,3.06,3.16,,Whisper估计时间；原文词时间待MFA步骤
-RfYyzHpjk4$_$2,match,18,lot,18,lot,False,3.16,3.3,3.16,3.3,,Whisper估计时间；原文词时间待MFA步骤
-RfYyzHpjk4$_$2,match,19,of,19,of,False,3.3,3.42,3.3,3.42,,Whisper估计时间；原文词时间待MFA步骤
-RfYyzHpjk4$_$2,match,20,planning,20,planning,False,3.42,3.7,3.42,3.7,,Whisper估计时间；原文词时间待MFA步骤
-RfYyzHpjk4$_$2,match,21,it's,21,It's,False,3.84,3.96,3.84,3.96,,Whisper估计时间；原文词时间待MFA步骤
-RfYyzHpjk4$_$2,match,22,pretty,22,pretty,False,3.96,4.12,3.96,4.12,,Whisper估计时间；原文词时间待MFA步骤
-RfYyzHpjk4$_$2,match,23,easy,23,easy,False,4.12,4.4,4.12,4.4,,Whisper估计时间；原文词时间待MFA步骤
-RfYyzHpjk4$_$2,match,24,to,24,to,False,4.4,4.62,4.4,4.62,,Whisper估计时间；原文词时间待MFA步骤
-RfYyzHpjk4$_$2,match,25,do,25,do,False,4.62,4.86,4.62,4.86,,Whisper估计时间；原文词时间待MFA步骤
-UUCSKoHeMA$_$0,insertion_whisper,,,1,Okay,False,0.9000000000000004,1.4,0.9000000000000004,1.4,,Whisper估计时间；原文词时间待MFA步骤
-UUCSKoHeMA$_$0,match,1,I,2,I,False,1.5,1.6,1.5,1.6,,Whisper估计时间；原文词时间待MFA步骤
-UUCSKoHeMA$_$0,match,2,mentioned,3,mentioned,False,1.6,1.94,1.6,1.94,,Whisper估计时间；原文词时间待MFA步骤
-UUCSKoHeMA$_$0,match,3,a,4,a,False,1.94,2.16,1.94,2.16,,Whisper估计时间；原文词时间待MFA步骤
-UUCSKoHeMA$_$0,match,4,word,5,word,False,2.16,2.36,2.16,2.36,,Whisper估计时间；原文词时间待MFA步骤
-UUCSKoHeMA$_$0,match,5,in,6,in,False,2.36,2.76,2.36,2.76,,Whisper估计时间；原文词时间待MFA步骤
-UUCSKoHeMA$_$0,match,6,the,7,the,False,2.76,2.9,2.76,2.9,,Whisper估计时间；原文词时间待MFA步骤
-UUCSKoHeMA$_$0,match,7,last,8,last,False,2.9,3.2,2.9,3.2,,Whisper估计时间；原文词时间待MFA步骤
-UUCSKoHeMA$_$0,match,8,clip,9,clip,False,3.2,3.58,3.2,3.58,,Whisper估计时间；原文词时间待MFA步骤
-UUCSKoHeMA$_$0,match,9,called,10,called,False,3.58,4.0,3.58,4.0,,Whisper估计时间；原文词时间待MFA步骤
-UUCSKoHeMA$_$0,match,10,monotone,11,monotone,False,4.0,5.06,4.0,5.06,,Whisper估计时间；原文词时间待MFA步骤
-UUCSKoHeMA$_$0,match,11,and,12,and,False,5.16,5.54,5.16,5.54,,Whisper估计时间；原文词时间待MFA步骤
-UUCSKoHeMA$_$0,match,12,I,13,I,False,5.54,5.66,5.54,5.66,,Whisper估计时间；原文词时间待MFA步骤
-UUCSKoHeMA$_$0,match,13,want,14,want,False,5.66,5.74,5.66,5.74,,Whisper估计时间；原文词时间待MFA步骤
-UUCSKoHeMA$_$0,match,14,to,15,to,False,5.74,5.88,5.74,5.88,,Whisper估计时间；原文词时间待MFA步骤
-UUCSKoHeMA$_$0,match,15,talk,16,talk,False,5.88,6.08,5.88,6.08,,Whisper估计时间；原文词时间待MFA步骤
-UUCSKoHeMA$_$0,match,16,about,17,about,False,6.08,6.36,6.08,6.36,,Whisper估计时间；原文词时间待MFA步骤
-UUCSKoHeMA$_$0,match,17,that,18,that,False,6.36,6.64,6.36,6.64,,Whisper估计时间；原文词时间待MFA步骤
-UUCSKoHeMA$_$0,match,18,briefly,19,briefly,False,6.64,7.12,6.64,7.12,,Whisper估计时间；原文词时间待MFA步骤
-ri04Z7vwnc$_$0,deletion_official,1,going,,,False,,,,,,原文词时间待MFA步骤
-ri04Z7vwnc$_$0,deletion_official,2,to,,,False,,,,,,原文词时间待MFA步骤
-ri04Z7vwnc$_$0,deletion_official,3,get,,,False,,,,,,原文词时间待MFA步骤
-ri04Z7vwnc$_$0,deletion_official,4,married,,,False,,,,,,原文词时间待MFA步骤
-ri04Z7vwnc$_$0,deletion_official,5,or,,,False,,,,,,原文词时间待MFA步骤
-ri04Z7vwnc$_$0,substitution,6,are,1,Thanks,False,0.0,1.26,0.0,1.26,,Whisper估计时间；原文词时间待MFA步骤
-ri04Z7vwnc$_$0,substitution,7,already,2,for,False,1.26,1.84,1.26,1.84,,Whisper估计时间；原文词时间待MFA步骤
-ri04Z7vwnc$_$0,substitution,8,married,3,watching,False,1.84,2.54,1.84,2.54,,Whisper估计时间；原文词时间待MFA步骤
-ri04Z7vwnc$_$2,deletion_official,1,most,,,False,,,,,,原文词时间待MFA步骤
-ri04Z7vwnc$_$2,deletion_official,2,people,,,False,,,,,,原文词时间待MFA步骤
-ri04Z7vwnc$_$2,deletion_official,3,think,,,False,,,,,,原文词时间待MFA步骤
-ri04Z7vwnc$_$2,deletion_official,4,it'll,,,False,,,,,,原文词时间待MFA步骤
-ri04Z7vwnc$_$2,deletion_official,5,sort,,,False,,,,,,原文词时间待MFA步骤
-ri04Z7vwnc$_$2,deletion_official,6,itself,,,False,,,,,,原文词时间待MFA步骤
-ri04Z7vwnc$_$2,deletion_official,7,out,,,False,,,,,,原文词时间待MFA步骤
-ri04Z7vwnc$_$2,deletion_official,8,we'll,,,False,,,,,,原文词时间待MFA步骤
-ri04Z7vwnc$_$2,deletion_official,9,discuss,,,False,,,,,,原文词时间待MFA步骤
-ri04Z7vwnc$_$2,deletion_official,10,it,,,False,,,,,,原文词时间待MFA步骤
-ri04Z7vwnc$_$2,deletion_official,11,later,,,False,,,,,,原文词时间待MFA步骤
-ri04Z7vwnc$_$2,deletion_official,12,it's,,,False,,,,,,原文词时间待MFA步骤
-ri04Z7vwnc$_$2,deletion_official,13,not,,,True,,,,,,原文词时间待MFA步骤
-ri04Z7vwnc$_$2,substitution,14,something,1,Hi,False,3.6400000000000006,4.4,3.6400000000000006,4.4,,Whisper估计时间；原文词时间待MFA步骤
-ri04Z7vwnc$_$2,substitution,15,too,2,I'm,False,4.66,5.04,4.66,5.04,,Whisper估计时间；原文词时间待MFA步骤
-ri04Z7vwnc$_$2,substitution,16,important,3,Ajanta,False,5.04,5.36,5.04,5.36,,Whisper估计时间；原文词时间待MFA步骤
-ri04Z7vwnc$_$5,insertion_whisper,,,1,and,False,0.0,0.34,0.0,0.34,,Whisper估计时间；原文词时间待MFA步骤
-ri04Z7vwnc$_$5,insertion_whisper,,,2,a,False,0.34,0.62,0.34,0.62,,Whisper估计时间；原文词时间待MFA步骤
-ri04Z7vwnc$_$5,insertion_whisper,,,3,lot,False,0.62,0.72,0.62,0.72,,Whisper估计时间；原文词时间待MFA步骤
-ri04Z7vwnc$_$5,insertion_whisper,,,4,of,False,0.72,0.86,0.72,0.86,,Whisper估计时间；原文词时间待MFA步骤
-ri04Z7vwnc$_$5,insertion_whisper,,,5,people,False,0.86,1.06,0.86,1.06,,Whisper估计时间；原文词时间待MFA步骤
-ri04Z7vwnc$_$5,insertion_whisper,,,6,who,False,1.06,1.2,1.06,1.2,,Whisper估计时间；原文词时间待MFA步骤
-ri04Z7vwnc$_$5,substitution,1,So,7,are,False,1.2,1.3,1.2,1.3,,Whisper估计时间；原文词时间待MFA步骤
-ri04Z7vwnc$_$5,substitution,2,I,8,working,False,1.3,1.68,1.3,1.68,,Whisper估计时间；原文词时间待MFA步骤
-ri04Z7vwnc$_$5,substitution,3,think,9,you,False,2.36,2.38,2.36,2.38,,Whisper估计时间；原文词时间待MFA步骤
-ri04Z7vwnc$_$5,substitution,4,it's,10,know,False,2.38,2.48,2.38,2.48,,Whisper估计时间；原文词时间待MFA步骤
-ri04Z7vwnc$_$5,substitution,5,important,11,money,False,2.52,2.62,2.52,2.62,,Whisper估计时间；原文词时间待MFA步骤
-ri04Z7vwnc$_$5,substitution,6,to,12,is,False,2.62,2.84,2.62,2.84,,Whisper估计时间；原文词时间待MFA步骤
-ri04Z7vwnc$_$5,substitution,7,discuss,13,very,False,2.84,3.02,2.84,3.02,,Whisper估计时间；原文词时间待MFA步骤
-ri04Z7vwnc$_$5,substitution,8,finances,14,important,False,3.02,3.34,3.02,3.34,,Whisper估计时间；原文词时间待MFA步骤
-s9qJ7ATP7w$_$1,deletion_official,1,But,,,False,,,,,,原文词时间待MFA步骤
-s9qJ7ATP7w$_$1,match,2,the,1,The,False,0.0,0.64,0.0,0.64,,Whisper估计时间；原文词时间待MFA步骤
-s9qJ7ATP7w$_$1,match,3,hardest,2,hardest,False,0.64,1.66,0.64,1.66,,Whisper估计时间；原文词时间待MFA步骤
-s9qJ7ATP7w$_$1,match,4,thing,3,thing,False,1.66,1.88,1.66,1.88,,Whisper估计时间；原文词时间待MFA步骤
-s9qJ7ATP7w$_$1,match,5,in,4,in,False,1.88,2.02,1.88,2.02,,Whisper估计时间；原文词时间待MFA步骤
-s9qJ7ATP7w$_$1,match,6,life,5,life,False,2.02,2.12,2.02,2.12,,Whisper估计时间；原文词时间待MFA步骤
-s9qJ7ATP7w$_$1,match,7,to,6,to,False,2.12,2.3,2.12,2.3,,Whisper估计时间；原文词时间待MFA步骤
-s9qJ7ATP7w$_$1,match,8,learn,7,learn,False,2.3,2.54,2.3,2.54,,Whisper估计时间；原文词时间待MFA步骤
-s9qJ7ATP7w$_$1,match,9,is,8,is,False,2.54,3.18,2.54,3.18,,Whisper估计时间；原文词时间待MFA步骤
-s9qJ7ATP7w$_$1,match,10,to,9,to,False,3.18,3.38,3.18,3.38,,Whisper估计时间；原文词时间待MFA步骤
-s9qJ7ATP7w$_$1,match,11,lose,10,lose,False,3.38,3.58,3.38,3.58,,Whisper估计时间；原文词时间待MFA步骤
-s9qJ7ATP7w$_$1,insertion_whisper,,,11,Winning,False,3.92,3.94,3.92,3.94,,Whisper估计时间；原文词时间待MFA步骤
-s9qJ7ATP7w$_$1,insertion_whisper,,,12,is,False,3.94,4.18,3.94,4.18,,Whisper估计时间；原文词时间待MFA步骤
-s9qJ7ATP7w$_$1,insertion_whisper,,,13,easy,False,4.18,4.32,4.18,4.32,,Whisper估计时间；原文词时间待MFA步骤
-s9qJ7ATP7w$_$0,match,1,they,1,They,False,0.0,0.16,0.0,0.16,,Whisper估计时间；原文词时间待MFA步骤
-s9qJ7ATP7w$_$0,match,2,have,2,have,False,0.16,0.28,0.16,0.28,,Whisper估计时间；原文词时间待MFA步骤
-s9qJ7ATP7w$_$0,match,3,doubt,3,doubt,False,0.28,0.5,0.28,0.5,,Whisper估计时间；原文词时间待MFA步骤
-s9qJ7ATP7w$_$0,match,4,they,4,they,False,0.82,0.82,0.82,0.82,nonpositive_duration,Whisper估计时间；原文词时间待MFA步骤
-s9qJ7ATP7w$_$0,match,5,have,5,have,False,0.82,0.96,0.82,0.96,,Whisper估计时间；原文词时间待MFA步骤
-s9qJ7ATP7w$_$0,match,6,fear,6,fear,False,0.96,1.32,0.96,1.32,,Whisper估计时间；原文词时间待MFA步骤
-s9qJ7ATP7w$_$0,deletion_official,7,they,,,False,,,,,,原文词时间待MFA步骤
-s9qJ7ATP7w$_$0,substitution,8,lose,7,they're,False,1.76,1.92,1.76,1.92,,Whisper估计时间；原文词时间待MFA步骤
-s9qJ7ATP7w$_$0,substitution,9,in,8,losing,False,1.92,2.12,1.92,2.12,,Whisper估计时间；原文词时间待MFA步骤
-s9qJ7ATP7w$_$0,match,10,a,9,a,False,2.12,2.34,2.12,2.34,,Whisper估计时间；原文词时间待MFA步骤
-s9qJ7ATP7w$_$0,match,11,Ferrari,10,Ferrari,False,2.34,2.62,2.34,2.62,,Whisper估计时间；原文词时间待MFA步骤
-s9qJ7ATP7w$_$0,match,12,race,11,race,False,2.62,3.06,2.62,3.06,,Whisper估计时间；原文词时间待MFA步骤
-s9qJ7ATP7w$_$0,match,13,or,12,or,False,3.06,3.22,3.06,3.22,,Whisper估计时间；原文词时间待MFA步骤
-s9qJ7ATP7w$_$0,deletion_official,14,they,,,False,,,,,,原文词时间待MFA步骤
-s9qJ7ATP7w$_$0,substitution,15,lose,13,they're,False,3.22,3.4,3.22,3.4,,Whisper估计时间；原文词时间待MFA步骤
-s9qJ7ATP7w$_$0,substitution,16,in,14,losing,False,3.4,3.74,3.4,3.74,,Whisper估计时间；原文词时间待MFA步骤
-s9qJ7ATP7w$_$0,match,17,a,15,a,False,3.74,4.22,3.74,4.22,,Whisper估计时间；原文词时间待MFA步骤
-s9qJ7ATP7w$_$0,match,18,race,16,race,False,4.22,4.74,4.22,4.74,,Whisper估计时间；原文词时间待MFA步骤
-s9qJ7ATP7w$_$0,match,19,and,17,and,False,4.74,5.26,4.74,5.26,,Whisper估计时间；原文词时间待MFA步骤
-s9qJ7ATP7w$_$0,match,20,then,18,then,False,5.26,5.4,5.26,5.4,,Whisper估计时间；原文词时间待MFA步骤
-s9qJ7ATP7w$_$0,match,21,they,19,they,False,5.4,5.52,5.4,5.52,,Whisper估计时间；原文词时间待MFA步骤
-s9qJ7ATP7w$_$0,match,22,just,20,just,False,5.52,5.72,5.52,5.72,,Whisper估计时间；原文词时间待MFA步骤
-s9qJ7ATP7w$_$0,match,23,give,21,give,False,5.72,5.88,5.72,5.88,,Whisper估计时间；原文词时间待MFA步骤
-s9qJ7ATP7w$_$0,match,24,up,22,up,False,5.88,6.22,5.88,6.22,,Whisper估计时间；原文词时间待MFA步骤
-s9qJ7ATP7w$_$5,insertion_whisper,,,1,We,False,0.0,0.4,0.0,0.4,,Whisper估计时间；原文词时间待MFA步骤
-s9qJ7ATP7w$_$5,insertion_whisper,,,2,have,False,0.4,0.76,0.4,0.76,,Whisper估计时间；原文词时间待MFA步骤
-s9qJ7ATP7w$_$5,match,1,I,3,I,False,1.04,1.28,1.04,1.28,,Whisper估计时间；原文词时间待MFA步骤
-s9qJ7ATP7w$_$5,match,2,have,4,have,False,1.28,1.42,1.28,1.42,,Whisper估计时间；原文词时间待MFA步骤
-s9qJ7ATP7w$_$5,match,3,been,5,been,False,1.42,1.64,1.42,1.64,,Whisper估计时间；原文词时间待MFA步骤
-s9qJ7ATP7w$_$5,match,4,beat,6,beat,False,1.64,1.96,1.64,1.96,,Whisper估计时间；原文词时间待MFA步骤
-s9qJ7ATP7w$_$5,match,5,up,7,up,False,1.96,2.38,1.96,2.38,,Whisper估计时间；原文词时间待MFA步骤
-s9qJ7ATP7w$_$5,match,6,and,8,and,False,2.38,2.7,2.38,2.7,,Whisper估计时间；原文词时间待MFA步骤
-s9qJ7ATP7w$_$5,match,7,put,9,put,False,2.7,2.98,2.7,2.98,,Whisper估计时间；原文词时间待MFA步骤
-s9qJ7ATP7w$_$5,match,8,down,10,down,False,2.98,3.48,2.98,3.48,,Whisper估计时间；原文词时间待MFA步骤
-s9qJ7ATP7w$_$5,match,9,and,11,and,False,3.48,4.06,3.48,4.06,,Whisper估计时间；原文词时间待MFA步骤
-s9qJ7ATP7w$_$5,match,10,everything,12,everything,False,4.06,5.1,4.06,5.1,,Whisper估计时间；原文词时间待MFA步骤
-s9qJ7ATP7w$_$5,match,11,that,13,that,False,5.1,5.38,5.1,5.38,,Whisper估计时间；原文词时间待MFA步骤
-s9qJ7ATP7w$_$5,match,12,can,14,can,False,5.38,5.54,5.38,5.54,,Whisper估计时间；原文词时间待MFA步骤
-s9qJ7ATP7w$_$5,match,13,go,15,go,False,5.54,5.78,5.54,5.78,,Whisper估计时间；原文词时间待MFA步骤
-s9qJ7ATP7w$_$5,match,14,wrong,16,wrong,False,5.78,6.24,5.78,6.24,,Whisper估计时间；原文词时间待MFA步骤
-s9qJ7ATP7w$_$5,match,15,has,17,has,False,6.24,6.8,6.24,6.8,,Whisper估计时间；原文词时间待MFA步骤
-s9qJ7ATP7w$_$5,match,16,gone,18,gone,False,6.8,7.06,6.8,7.06,,Whisper估计时间；原文词时间待MFA步骤
-s9qJ7ATP7w$_$5,match,17,wrong,19,wrong,False,7.06,7.34,7.06,7.34,,Whisper估计时间；原文词时间待MFA步骤
-s9qJ7ATP7w$_$5,match,18,for,20,for,False,7.34,7.62,7.34,7.62,,Whisper估计时间；原文词时间待MFA步骤
-s9qJ7ATP7w$_$5,match,19,me,21,me,False,7.62,7.88,7.62,7.88,,Whisper估计时间；原文词时间待MFA步骤
-s9qJ7ATP7w$_$5,insertion_whisper,,,22,but,False,7.9,8.2,7.9,8.2,,Whisper估计时间；原文词时间待MFA步骤
-s9qJ7ATP7w$_$4,insertion_whisper,,,1,keep,False,0.0,0.14,0.0,0.14,,Whisper估计时间；原文词时间待MFA步骤
-s9qJ7ATP7w$_$4,insertion_whisper,,,2,going,False,0.14,0.42,0.14,0.42,,Whisper估计时间；原文词时间待MFA步骤
-s9qJ7ATP7w$_$4,match,1,I,3,I,False,0.42,0.7,0.42,0.7,,Whisper估计时间；原文词时间待MFA步骤
-s9qJ7ATP7w$_$4,match,2,have,4,have,False,0.7,0.84,0.7,0.84,,Whisper估计时间；原文词时间待MFA步骤
-s9qJ7ATP7w$_$4,match,3,lost,5,lost,False,0.84,1.14,0.84,1.14,,Whisper估计时间；原文词时间待MFA步骤
-s9qJ7ATP7w$_$4,substitution,4,at,6,that,False,1.14,1.4,1.14,1.4,,Whisper估计时间；原文词时间待MFA步骤
-s9qJ7ATP7w$_$4,match,5,everything,7,everything,False,1.4,1.88,1.4,1.88,,Whisper估计时间；原文词时间待MFA步骤
-s9qJ7ATP7w$_$4,match,6,you,8,you,False,1.88,2.24,1.88,2.24,,Whisper估计时间；原文词时间待MFA步骤
-s9qJ7ATP7w$_$4,match,7,can,9,can,False,2.24,2.4,2.24,2.4,,Whisper估计时间；原文词时间待MFA步骤
-s9qJ7ATP7w$_$4,match,8,imagine,10,imagine,False,2.4,2.8,2.4,2.8,,Whisper估计时间；原文词时间待MFA步骤
-s9qJ7ATP7w$_$4,match,9,seriously,11,seriously,False,2.8,3.2,2.8,3.2,,Whisper估计时间；原文词时间待MFA步骤
-s9qJ7ATP7w$_$4,insertion_whisper,,,12,we,False,3.2,3.68,3.2,3.68,,Whisper估计时间；原文词时间待MFA步骤
-s9qJ7ATP7w$_$4,insertion_whisper,,,13,have,False,3.68,3.98,3.68,3.98,,Whisper估计时间；原文词时间待MFA步骤
-s9qJ7ATP7w$_$7,match,1,I,1,I,False,0.0,0.6,0.0,0.6,,Whisper估计时间；原文词时间待MFA步骤
-s9qJ7ATP7w$_$7,match,2,used,2,used,False,0.6,0.74,0.6,0.74,,Whisper估计时间；原文词时间待MFA步骤
-s9qJ7ATP7w$_$7,match,3,to,3,to,False,0.74,0.88,0.74,0.88,,Whisper估计时间；原文词时间待MFA步骤
-s9qJ7ATP7w$_$7,match,4,work,4,work,False,0.88,0.98,0.88,0.98,,Whisper估计时间；原文词时间待MFA步骤
-s9qJ7ATP7w$_$7,match,5,for,5,for,False,0.98,1.16,0.98,1.16,,Whisper估计时间；原文词时间待MFA步骤
-s9qJ7ATP7w$_$7,match,6,Warren,6,Warren,False,1.16,1.36,1.16,1.36,,Whisper估计时间；原文词时间待MFA步骤
-s9qJ7ATP7w$_$7,match,7,Avis,7,Avis,False,1.36,1.64,1.36,1.64,,Whisper估计时间；原文词时间待MFA步骤
-s9qJ7ATP7w$_$7,match,8,the,8,the,False,1.64,1.98,1.64,1.98,,Whisper估计时间；原文词时间待MFA步骤
-s9qJ7ATP7w$_$7,match,9,guy,9,guy,False,1.98,2.14,1.98,2.14,,Whisper估计时间；原文词时间待MFA步骤
-s9qJ7ATP7w$_$7,match,10,who,10,who,False,2.14,2.24,2.14,2.24,,Whisper估计时间；原文词时间待MFA步骤
-s9qJ7ATP7w$_$7,match,11,started,11,started,False,2.24,2.46,2.24,2.46,,Whisper估计时间；原文词时间待MFA步骤
-s9qJ7ATP7w$_$7,match,12,Avis,12,Avis,False,2.46,2.74,2.46,2.74,,Whisper估计时间；原文词时间待MFA步骤
-s9qJ7ATP7w$_$7,match,13,Rent,13,rent,False,2.74,2.9,2.74,2.9,,Whisper估计时间；原文词时间待MFA步骤
-s9qJ7ATP7w$_$7,match,14,a,14,a,False,2.9,3.04,2.9,3.04,,Whisper估计时间；原文词时间待MFA步骤
-s9qJ7ATP7w$_$7,match,15,Car,15,car,False,3.04,3.18,3.04,3.18,,Whisper估计时间；原文词时间待MFA步骤
-s9qJ7ATP7w$_$7,match,16,and,16,and,False,3.18,3.3,3.18,3.3,,Whisper估计时间；原文词时间待MFA步骤
-s9qJ7ATP7w$_$7,match,17,he,17,he,False,3.3,3.4,3.3,3.4,,Whisper估计时间；原文词时间待MFA步骤
-s9qJ7ATP7w$_$7,match,18,said,18,said,False,3.4,3.56,3.4,3.56,,Whisper估计时间；原文词时间待MFA步骤
-s9qJ7ATP7w$_$7,match,19,to,19,to,False,3.56,3.68,3.56,3.68,,Whisper估计时间；原文词时间待MFA步骤
-s9qJ7ATP7w$_$7,match,20,me,20,me,False,3.68,3.8,3.68,3.8,,Whisper估计时间；原文词时间待MFA步骤
-s9qJ7ATP7w$_$7,match,21,one,21,one,False,3.8,3.94,3.8,3.94,,Whisper估计时间；原文词时间待MFA步骤
-s9qJ7ATP7w$_$7,match,22,day,22,day,False,3.94,4.28,3.94,4.28,,Whisper估计时间；原文词时间待MFA步骤
-s9qJ7ATP7w$_$7,match,23,Robert,23,Robert,False,4.72,5.04,4.72,5.04,,Whisper估计时间；原文词时间待MFA步骤
-s9qJ7ATP7w$_$7,match,24,what's,24,what's,False,5.04,5.34,5.04,5.34,,Whisper估计时间；原文词时间待MFA步骤
-s9qJ7ATP7w$_$7,match,25,the,25,the,False,5.34,5.46,5.34,5.46,,Whisper估计时间；原文词时间待MFA步骤
-s9qJ7ATP7w$_$7,match,26,purpose,26,purpose,False,5.46,5.68,5.46,5.68,,Whisper估计时间；原文词时间待MFA步骤
-s9qJ7ATP7w$_$7,match,27,of,27,of,False,5.68,5.92,5.68,5.92,,Whisper估计时间；原文词时间待MFA步骤
-s9qJ7ATP7w$_$7,match,28,business,28,business,False,5.92,6.24,5.92,6.24,,Whisper估计时间；原文词时间待MFA步骤
-s9qJ7ATP7w$_$7,insertion_whisper,,,29,and,False,6.24,6.42,6.24,6.42,,Whisper估计时间；原文词时间待MFA步骤
-s9qJ7ATP7w$_$7,insertion_whisper,,,30,I,False,6.42,6.54,6.42,6.54,,Whisper估计时间；原文词时间待MFA步骤
-s9qJ7ATP7w$_$7,insertion_whisper,,,31,said,False,6.54,6.7,6.54,6.7,,Whisper估计时间；原文词时间待MFA步骤
-s9qJ7ATP7w$_$6,insertion_whisper,,,1,for,False,0.0,0.16,0.0,0.16,,Whisper估计时间；原文词时间待MFA步骤
-s9qJ7ATP7w$_$6,insertion_whisper,,,2,me,False,0.16,0.38,0.16,0.38,,Whisper估计时间；原文词时间待MFA步骤
-s9qJ7ATP7w$_$6,match,1,But,3,but,False,0.6,0.76,0.6,0.76,,Whisper估计时间；原文词时间待MFA步骤
-s9qJ7ATP7w$_$6,match,2,I,4,I,False,0.76,1.02,0.76,1.02,,Whisper估计时间；原文词时间待MFA步骤
-s9qJ7ATP7w$_$6,match,3,just,5,just,False,1.02,1.42,1.02,1.42,,Whisper估计时间；原文词时间待MFA步骤
-s9qJ7ATP7w$_$6,match,4,kept,6,kept,False,1.42,1.58,1.42,1.58,,Whisper估计时间；原文词时间待MFA步骤
-s9qJ7ATP7w$_$6,match,5,going,7,going,False,1.58,1.8,1.58,1.8,,Whisper估计时间；原文词时间待MFA步骤
-s9qJ7ATP7w$_$8,insertion_whisper,,,1,business,False,0.0,0.26,0.0,0.26,,Whisper估计时间；原文词时间待MFA步骤
-s9qJ7ATP7w$_$8,match,1,And,2,and,False,0.26,0.6,0.26,0.6,,Whisper估计时间；原文词时间待MFA步骤
-s9qJ7ATP7w$_$8,match,2,I,3,I,False,0.6,0.7,0.6,0.7,,Whisper估计时间；原文词时间待MFA步骤
-s9qJ7ATP7w$_$8,match,3,said,4,said,False,0.7,0.88,0.7,0.88,,Whisper估计时间；原文词时间待MFA步骤
-s9qJ7ATP7w$_$8,match,4,Oh,5,oh,False,0.88,1.06,0.88,1.06,,Whisper估计时间；原文词时间待MFA步骤
-s9qJ7ATP7w$_$8,match,5,make,6,make,False,1.06,1.26,1.06,1.26,,Whisper估计时间；原文词时间待MFA步骤
-s9qJ7ATP7w$_$8,match,6,a,7,a,False,1.26,1.4,1.26,1.4,,Whisper估计时间；原文词时间待MFA步骤
-s9qJ7ATP7w$_$8,match,7,profit,8,profit,False,1.4,1.8,1.4,1.8,,Whisper估计时间；原文词时间待MFA步骤
-s9qJ7ATP7w$_$8,match,8,and,9,and,False,1.8,1.96,1.8,1.96,,Whisper估计时间；原文词时间待MFA步骤
-s9qJ7ATP7w$_$8,match,9,all,10,all,False,1.96,2.04,1.96,2.04,,Whisper估计时间；原文词时间待MFA步骤
-s9qJ7ATP7w$_$8,match,10,these,11,these,False,2.04,2.16,2.04,2.16,,Whisper估计时间；原文词时间待MFA步骤
-s9qJ7ATP7w$_$8,match,11,other,12,other,False,2.16,2.36,2.16,2.36,,Whisper估计时间；原文词时间待MFA步骤
-s9qJ7ATP7w$_$8,match,12,things,13,things,False,2.36,2.62,2.36,2.62,,Whisper估计时间；原文词时间待MFA步骤
-s9qJ7ATP7w$_$8,insertion_whisper,,,14,they,False,2.62,2.78,2.62,2.78,,Whisper估计时间；原文词时间待MFA步骤
-s9qJ7ATP7w$_$8,insertion_whisper,,,15,said,False,2.78,2.94,2.78,2.94,,Whisper估计时间；原文词时间待MFA步骤
-s9qJ7ATP7w$_$8,insertion_whisper,,,16,no,True,2.94,3.16,2.94,3.16,,Whisper估计时间；原文词时间待MFA步骤
-yRb-Jum7EQ$_$1,deletion_official,1,it,,,False,,,,,,原文词时间待MFA步骤
-yRb-Jum7EQ$_$1,deletion_official,2,comes,,,False,,,,,,原文词时间待MFA步骤
-yRb-Jum7EQ$_$1,deletion_official,3,with,,,False,,,,,,原文词时间待MFA步骤
-yRb-Jum7EQ$_$1,deletion_official,4,the,,,False,,,,,,原文词时间待MFA步骤
-yRb-Jum7EQ$_$1,deletion_official,5,assistance,,,False,,,,,,原文词时间待MFA步骤
-yRb-Jum7EQ$_$1,deletion_official,6,and,,,False,,,,,,原文词时间待MFA步骤
-yRb-Jum7EQ$_$1,deletion_official,7,agitation,,,False,,,,,,原文词时间待MFA步骤
-yRb-Jum7EQ$_$1,deletion_official,8,of,,,False,,,,,,原文词时间待MFA步骤
-yRb-Jum7EQ$_$1,deletion_official,9,states,,,False,,,,,,原文词时间待MFA步骤
-yRb-Jum7EQ$_$1,deletion_official,10,and,,,False,,,,,,原文词时间待MFA步骤
-yRb-Jum7EQ$_$1,deletion_official,11,regimes,,,False,,,,,,原文词时间待MFA步骤
-yRb-Jum7EQ$_$1,deletion_official,12,Yesterday,,,False,,,,,,原文词时间待MFA步骤
-yRb-Jum7EQ$_$1,deletion_official,13,Iran,,,False,,,,,,原文词时间待MFA步骤
-yRb-Jum7EQ$_$1,deletion_official,14,announced,,,False,,,,,,原文词时间待MFA步骤
-yRb-Jum7EQ$_$1,deletion_official,15,that,,,False,,,,,,原文词时间待MFA步骤
-yRb-Jum7EQ$_$1,deletion_official,16,it,,,False,,,,,,原文词时间待MFA步骤
-yRb-Jum7EQ$_$1,deletion_official,17,will,,,False,,,,,,原文词时间待MFA步骤
-yRb-Jum7EQ$_$1,deletion_official,18,finance,,,False,,,,,,原文词时间待MFA步骤
-yRb-Jum7EQ$_$1,deletion_official,19,the,,,False,,,,,,原文词时间待MFA步骤
-yRb-Jum7EQ$_$1,deletion_official,20,families,,,False,,,,,,原文词时间待MFA步骤
-yRb-Jum7EQ$_$1,deletion_official,21,of,,,False,,,,,,原文词时间待MFA步骤
-yRb-Jum7EQ$_$1,deletion_official,22,the,,,False,,,,,,原文词时间待MFA步骤
-yRb-Jum7EQ$_$1,deletion_official,23,terrorists,,,False,,,,,,原文词时间待MFA步骤
-yRb-Jum7EQ$_$1,deletion_official,24,and,,,False,,,,,,原文词时间待MFA步骤
-yRb-Jum7EQ$_$1,deletion_official,25,murderers,,,False,,,,,,原文词时间待MFA步骤
-yRb-Jum7EQ$_$1,deletion_official,26,this,,,False,,,,,,原文词时间待MFA步骤
-yRb-Jum7EQ$_$1,deletion_official,27,shows,,,False,,,,,,原文词时间待MFA步骤
-yRb-Jum7EQ$_$1,deletion_official,28,that,,,False,,,,,,原文词时间待MFA步骤
-yRb-Jum7EQ$_$1,deletion_official,29,Iran,,,False,,,,,,原文词时间待MFA步骤
-yRb-Jum7EQ$_$1,deletion_official,30,even,,,False,,,,,,原文词时间待MFA步骤
-yRb-Jum7EQ$_$1,deletion_official,31,after,,,False,,,,,,原文词时间待MFA步骤
-yRb-Jum7EQ$_$1,deletion_official,32,the,,,False,,,,,,原文词时间待MFA步骤
-yRb-Jum7EQ$_$1,deletion_official,33,nuclear,,,False,,,,,,原文词时间待MFA步骤
-yRb-Jum7EQ$_$1,deletion_official,34,agreement,,,False,,,,,,原文词时间待MFA步骤
-yRb-Jum7EQ$_$1,deletion_official,35,is,,,False,,,,,,原文词时间待MFA步骤
-yRb-Jum7EQ$_$1,deletion_official,36,continuing,,,False,,,,,,原文词时间待MFA步骤
-yRb-Jum7EQ$_$1,deletion_official,37,to,,,False,,,,,,原文词时间待MFA步骤
-yRb-Jum7EQ$_$1,deletion_official,38,aid,,,False,,,,,,原文词时间待MFA步骤
-yRb-Jum7EQ$_$1,deletion_official,39,terrorism,,,False,,,,,,原文词时间待MFA步骤
-yRb-Jum7EQ$_$1,deletion_official,40,including,,,False,,,,,,原文词时间待MFA步骤
-yRb-Jum7EQ$_$1,deletion_official,41,Palestinian,,,False,,,,,,原文词时间待MFA步骤
-yRb-Jum7EQ$_$1,deletion_official,42,terrorism,,,False,,,,,,原文词时间待MFA步骤
-yRb-Jum7EQ$_$1,deletion_official,43,Hezbollah,,,False,,,,,,原文词时间待MFA步骤
-yRb-Jum7EQ$_$1,deletion_official,44,terrorism,,,False,,,,,,原文词时间待MFA步骤
-yRb-Jum7EQ$_$1,deletion_official,45,and,,,False,,,,,,原文词时间待MFA步骤
-yRb-Jum7EQ$_$1,deletion_official,46,its,,,False,,,,,,原文词时间待MFA步骤
-yRb-Jum7EQ$_$1,deletion_official,47,assistance,,,False,,,,,,原文词时间待MFA步骤
-yRb-Jum7EQ$_$1,deletion_official,48,to,,,False,,,,,,原文词时间待MFA步骤
-yRb-Jum7EQ$_$1,deletion_official,49,Hamas,,,False,,,,,,原文词时间待MFA步骤
-yRb-Jum7EQ$_$5,insertion_whisper,,,1,We,False,0.0,0.54,0.0,0.54,,Whisper估计时间；原文词时间待MFA步骤
-yRb-Jum7EQ$_$5,insertion_whisper,,,2,have,False,0.54,0.54,0.54,0.54,nonpositive_duration,Whisper估计时间；原文词时间待MFA步骤
-yRb-Jum7EQ$_$5,insertion_whisper,,,3,to,False,0.54,0.54,0.54,0.54,nonpositive_duration,Whisper估计时间；原文词时间待MFA步骤
-yRb-Jum7EQ$_$5,insertion_whisper,,,4,make,False,0.54,0.62,0.54,0.62,,Whisper估计时间；原文词时间待MFA步骤
-yRb-Jum7EQ$_$5,substitution,1,Yesterday,5,sure,False,0.62,0.66,0.62,0.66,,Whisper估计时间；原文词时间待MFA步骤
-yRb-Jum7EQ$_$5,substitution,2,Eliav,6,that,False,0.66,0.72,0.66,0.72,,Whisper估计时间；原文词时间待MFA步骤
-yRb-Jum7EQ$_$5,substitution,3,Gelman,7,all,False,0.72,0.72,0.72,0.72,nonpositive_duration,Whisper估计时间；原文词时间待MFA步骤
-yRb-Jum7EQ$_$5,substitution,4,lost,8,of,False,0.72,0.86,0.72,0.86,,Whisper估计时间；原文词时间待MFA步骤
-yRb-Jum7EQ$_$5,substitution,5,his,9,the,False,0.86,1.36,0.86,1.36,,Whisper估计时间；原文词时间待MFA步骤
-yRb-Jum7EQ$_$5,substitution,6,life,10,people,False,1.36,1.36,1.36,1.36,nonpositive_duration,Whisper估计时间；原文词时间待MFA步骤
-yRb-Jum7EQ$_$5,match,7,in,11,in,False,1.36,3.08,1.36,3.08,very_long_duration_review,Whisper估计时间；原文词时间待MFA步骤
-yRb-Jum7EQ$_$5,insertion_whisper,,,12,the,False,3.08,3.24,3.08,3.24,,Whisper估计时间；原文词时间待MFA步骤
-yRb-Jum7EQ$_$5,insertion_whisper,,,13,region,False,3.24,3.6,3.24,3.6,,Whisper估计时间；原文词时间待MFA步骤
-yRb-Jum7EQ$_$5,insertion_whisper,,,14,have,False,3.6,3.8,3.6,3.8,,Whisper估计时间；原文词时间待MFA步骤
-yRb-Jum7EQ$_$5,insertion_whisper,,,15,the,False,3.8,3.96,3.8,3.96,,Whisper估计时间；原文词时间待MFA步骤
-yRb-Jum7EQ$_$5,insertion_whisper,,,16,right,False,3.96,3.96,3.96,3.96,nonpositive_duration,Whisper估计时间；原文词时间待MFA步骤
-yRb-Jum7EQ$_$5,insertion_whisper,,,17,to,False,3.96,4.2,3.96,4.2,,Whisper估计时间；原文词时间待MFA步骤
-yRb-Jum7EQ$_$5,insertion_whisper,,,18,do,False,4.2,6.36,4.2,6.36,very_long_duration_review,Whisper估计时间；原文词时间待MFA步骤
-yRb-Jum7EQ$_$5,insertion_whisper,,,19,so,False,6.36,6.54,6.36,6.54,,Whisper估计时间；原文词时间待MFA步骤
-yRb-Jum7EQ$_$5,substitution,8,another,20,We,False,7.14,7.52,7.14,7.52,,Whisper估计时间；原文词时间待MFA步骤
-yRb-Jum7EQ$_$5,substitution,9,terrorist,21,have,False,7.52,7.64,7.52,7.64,,Whisper估计时间；原文词时间待MFA步骤
-yRb-Jum7EQ$_$5,substitution,10,attack,22,to,False,7.64,7.82,7.64,7.82,,Whisper估计时间；原文词时间待MFA步骤
-yRb-Jum7EQ$_$5,substitution,11,not,23,make,True,7.82,8.12,7.82,8.12,,Whisper估计时间；原文词时间待MFA步骤
-yRb-Jum7EQ$_$5,substitution,12,by,24,sure,False,8.12,8.18,8.12,8.18,,Whisper估计时间；原文词时间待MFA步骤
-yRb-Jum7EQ$_$5,substitution,13,the,25,that,False,8.18,8.48,8.18,8.48,,Whisper估计时间；原文词时间待MFA步骤
-yRb-Jum7EQ$_$5,substitution,14,students,26,all,False,8.48,8.6,8.48,8.6,,Whisper估计时间；原文词时间待MFA步骤
-yRb-Jum7EQ$_$5,match,15,of,27,of,False,8.6,8.68,8.6,8.68,,Whisper估计时间；原文词时间待MFA步骤
-yRb-Jum7EQ$_$5,insertion_whisper,,,28,the,False,8.68,8.74,8.68,8.74,,Whisper估计时间；原文词时间待MFA步骤
-yRb-Jum7EQ$_$5,substitution,16,terrorism,29,people,False,8.74,8.98,8.74,8.98,,Whisper估计时间；原文词时间待MFA步骤
-yRb-Jum7EQ$_$5,substitution,17,but,30,in,False,8.98,9.5,8.98,9.5,,Whisper估计时间；原文词时间待MFA步骤
-yRb-Jum7EQ$_$5,substitution,18,by,31,the,False,9.5,9.64,9.5,9.64,,Whisper估计时间；原文词时间待MFA步骤
-yRb-Jum7EQ$_$5,substitution,19,those,32,region,False,9.64,9.64,9.64,9.64,nonpositive_duration,Whisper估计时间；原文词时间待MFA步骤
-yRb-Jum7EQ$_$5,substitution,20,who,33,have,False,9.64,9.64,9.64,9.64,nonpositive_duration,Whisper估计时间；原文词时间待MFA步骤
-yRb-Jum7EQ$_$5,substitution,21,teach,34,the,False,9.64,10.34,9.64,10.34,,Whisper估计时间；原文词时间待MFA步骤
-yRb-Jum7EQ$_$5,substitution,22,terrorism,35,right,False,10.34,10.34,10.34,10.34,nonpositive_duration,Whisper估计时间；原文词时间待MFA步骤
-yRb-Jum7EQ$_$5,substitution,23,a,36,to,False,10.34,10.52,10.34,10.52,,Whisper估计时间；原文词时间待MFA步骤
-yRb-Jum7EQ$_$5,substitution,24,Palestinian,37,do,False,10.52,11.72,10.52,11.72,,Whisper估计时间；原文词时间待MFA步骤
-yRb-Jum7EQ$_$5,substitution,25,teacher,38,so,False,11.72,11.74,11.72,11.74,very_short_duration_review,Whisper估计时间；原文词时间待MFA步骤
-yRb-Jum7EQ$_$6,substitution,1,Therefore,1,We,False,0.0,0.52,0.0,0.52,,Whisper估计时间；原文词时间待MFA步骤
-yRb-Jum7EQ$_$6,substitution,2,the,2,will,False,0.52,0.58,0.52,0.58,,Whisper估计时间；原文词时间待MFA步骤
-yRb-Jum7EQ$_$6,substitution,3,world,3,be,False,0.58,0.86,0.58,0.86,,Whisper估计时间；原文词时间待MFA步骤
-yRb-Jum7EQ$_$6,substitution,4,needs,4,able,False,0.86,0.86,0.86,0.86,nonpositive_duration,Whisper估计时间；原文词时间待MFA步骤
-yRb-Jum7EQ$_$6,match,5,to,5,to,False,0.86,1.4,0.86,1.4,,Whisper估计时间；原文词时间待MFA步骤
-yRb-Jum7EQ$_$6,insertion_whisper,,,6,make,False,1.4,1.4,1.4,1.4,nonpositive_duration,Whisper估计时间；原文词时间待MFA步骤
-yRb-Jum7EQ$_$6,insertion_whisper,,,7,sure,False,1.4,1.4,1.4,1.4,nonpositive_duration,Whisper估计时间；原文词时间待MFA步骤
-yRb-Jum7EQ$_$6,insertion_whisper,,,8,that,False,1.4,1.4,1.4,1.4,nonpositive_duration,Whisper估计时间；原文词时间待MFA步骤
-yRb-Jum7EQ$_$6,insertion_whisper,,,9,our,False,1.4,1.4,1.4,1.4,nonpositive_duration,Whisper估计时间；原文词时间待MFA步骤
-yRb-Jum7EQ$_$6,insertion_whisper,,,10,country,False,1.4,1.4,1.4,1.4,nonpositive_duration,Whisper估计时间；原文词时间待MFA步骤
-yRb-Jum7EQ$_$6,insertion_whisper,,,11,is,False,1.4,1.7,1.4,1.7,,Whisper估计时间；原文词时间待MFA步骤
-yRb-Jum7EQ$_$6,substitution,6,stand,12,safe,False,1.7,2.02,1.7,2.02,,Whisper估计时间；原文词时间待MFA步骤
-yRb-Jum7EQ$_$6,substitution,7,with,13,in,False,2.02,2.36,2.02,2.36,,Whisper估计时间；原文词时间待MFA步骤
-yRb-Jum7EQ$_$6,match,8,Israel,14,Israel,False,2.36,2.84,2.36,2.84,,Whisper估计时间；原文词时间待MFA步骤
-yRb-Jum7EQ$_$6,insertion_whisper,,,15,and,False,3.68,3.82,3.68,3.82,,Whisper估计时间；原文词时间待MFA步骤
-yRb-Jum7EQ$_$6,insertion_whisper,,,16,that,False,3.82,3.92,3.82,3.92,,Whisper估计时间；原文词时间待MFA步骤
-yRb-Jum7EQ$_$6,insertion_whisper,,,17,we,False,3.92,4.68,3.92,4.68,,Whisper估计时间；原文词时间待MFA步骤
-yRb-Jum7EQ$_$6,insertion_whisper,,,18,will,False,4.68,5.1,4.68,5.1,,Whisper估计时间；原文词时间待MFA步骤
-yRb-Jum7EQ$_$6,insertion_whisper,,,19,be,False,5.1,5.28,5.1,5.28,,Whisper估计时间；原文词时间待MFA步骤
-yRb-Jum7EQ$_$6,insertion_whisper,,,20,able,False,5.28,5.38,5.28,5.38,,Whisper估计时间；原文词时间待MFA步骤
-yRb-Jum7EQ$_$6,insertion_whisper,,,21,to,False,5.38,5.54,5.38,5.54,,Whisper估计时间；原文词时间待MFA步骤
-yRb-Jum7EQ$_$6,insertion_whisper,,,22,make,False,5.54,5.54,5.54,5.54,nonpositive_duration,Whisper估计时间；原文词时间待MFA步骤
-yRb-Jum7EQ$_$6,substitution,9,against,23,sure,False,5.54,5.54,5.54,5.54,nonpositive_duration,Whisper估计时间；原文词时间待MFA步骤
-yRb-Jum7EQ$_$6,substitution,10,this,24,that,False,5.54,6.58,5.54,6.58,,Whisper估计时间；原文词时间待MFA步骤
-yRb-Jum7EQ$_$6,substitution,11,incitement,25,our,False,6.58,6.58,6.58,6.58,nonpositive_duration,Whisper估计时间；原文词时间待MFA步骤
-yRb-Jum7EQ$_$6,substitution,12,which,26,country,False,6.58,6.96,6.58,6.96,,Whisper估计时间；原文词时间待MFA步骤
-yRb-Jum7EQ$_$6,match,13,is,27,is,False,6.96,7.22,6.96,7.22,,Whisper估计时间；原文词时间待MFA步骤
-yRb-Jum7EQ$_$6,insertion_whisper,,,28,safe,False,7.22,7.22,7.22,7.22,nonpositive_duration,Whisper估计时间；原文词时间待MFA步骤
-yRb-Jum7EQ$_$6,insertion_whisper,,,29,in,False,7.22,7.48,7.22,7.48,,Whisper估计时间；原文词时间待MFA步骤
-yRb-Jum7EQ$_$6,insertion_whisper,,,30,Israel,False,7.48,7.8,7.48,7.8,,Whisper估计时间；原文词时间待MFA步骤
-yRb-Jum7EQ$_$6,substitution,14,the,31,Thank,False,8.36,8.48,8.36,8.48,,Whisper估计时间；原文词时间待MFA步骤
-yRb-Jum7EQ$_$6,substitution,15,number,32,you,False,8.48,8.48,8.48,8.48,nonpositive_duration,Whisper估计时间；原文词时间待MFA步骤
-yRb-Jum7EQ$_$6,substitution,16,one,33,very,True,8.48,8.48,8.48,8.48,nonpositive_duration,Whisper估计时间；原文词时间待MFA步骤
-yRb-Jum7EQ$_$6,substitution,17,cause,34,much,False,8.48,8.48,8.48,8.48,nonpositive_duration,Whisper估计时间；原文词时间待MFA步骤
-yRb-Jum7EQ$_$6,substitution,18,of,35,Thank,False,8.48,8.48,8.48,8.48,nonpositive_duration,Whisper估计时间；原文词时间待MFA步骤
-yRb-Jum7EQ$_$6,substitution,19,terrorism,36,you,False,8.48,9.92,8.48,9.92,,Whisper估计时间；原文词时间待MFA步骤
